Issue key,Issue id,Issue Type,Summary,Epic Link,Parent,Fix versions,Story Points,Status,Resolution,Target start,Target end,Outward issue link (Blocks),Inward issue link (Blocks)
INIT-100,100000,Initiative,Customer Identity And Access,,,Portfolio 2026,,In Progress,,2026-01-05,2026-07-04,,
INIT-200,100001,Initiative,Revenue And Billing Modernization,,,Portfolio 2026,,In Progress,,2026-01-19,2026-07-18,,
INIT-300,100002,Initiative,Data Foundations,,,Portfolio 2026,,In Progress,,2026-02-02,2026-08-01,,
INIT-400,100003,Initiative,Operational Readiness,,,Portfolio 2026,,In Progress,,2026-02-16,2026-08-15,,
INIT-500,100004,Initiative,Web Experience Refresh,,,Portfolio 2026,,In Progress,,2026-03-02,2026-08-29,,
INIT-600,100005,Initiative,Program Reporting,,,Portfolio 2026,,In Progress,,2026-03-16,2026-09-12,,
INIT-700,100006,Initiative,Security Hardening,,,Portfolio 2026,,In Progress,,2026-03-30,2026-09-26,,
INIT-800,100007,Initiative,Integrations Roadmap,,,Portfolio 2026,,In Progress,,2026-04-13,2026-10-10,,
INIT-900,100008,Initiative,Planning Backlog,,,Portfolio 2026,,In Progress,,2026-04-27,2026-10-24,,
INIT-1000,100009,Initiative,Partner Enablement,,,Portfolio 2026,,In Progress,,2026-05-11,2026-11-07,,
INIT-1100,100010,Initiative,Compliance Controls,,,Portfolio 2026,,In Progress,,2026-05-25,2026-11-21,,
INIT-1200,100011,Initiative,Search And Discovery,,,Portfolio 2026,,In Progress,,2026-06-08,2026-12-05,,
INIT-1300,100012,Initiative,Mobile Architecture,,,Portfolio 2026,,In Progress,,2026-06-22,2026-12-19,,
INIT-1400,100013,Initiative,Release Governance,,,Portfolio 2026,,In Progress,,2026-07-06,2027-01-02,,
INIT-1500,100014,Initiative,Forecasting Program,,,Portfolio 2026,,In Progress,,2026-07-20,2027-01-16,,
CORE-1000,200000,Epic,Core platform green changed name,,INIT-100,Portfolio 2026,,To Do,,2026-02-02,2026-03-02,,
CORE-1001,200001,Epic,Core platform green percent/date changes,,INIT-200,Portfolio 2026,,In Progress,,2026-02-09,2026-03-16,,
CORE-1002,200002,Epic,Core platform completed since last update,,INIT-700,Portfolio 2026,,In Progress,,2026-02-16,2026-03-30,,
CORE-1003,200003,Epic,Core platform rollup move,,INIT-100,Portfolio 2026,,To Do,,2026-02-23,2026-04-13,,
CORE-1004,200004,Epic,Core platform intended red schedule cascade root when run through Microsoft Project,,INIT-100,Portfolio 2026,,In Progress,,2026-03-02,2026-04-27,CORE-1005,
CORE-1005,200005,Epic,Core platform intended downstream schedule cascade item,,INIT-200,Portfolio 2026,,In Progress,,2026-03-09,2026-04-06,,
CORE-1006,200006,Epic,Core platform blue missing dependency target,,INIT-700,Portfolio 2026,,To Do,,2026-03-16,2026-04-20,,
CORE-1007,200007,Epic,Core platform green dependency change,,INIT-800,Portfolio 2026,,In Progress,,2026-03-23,2026-05-04,,
CORE-1008,200008,Epic,Core platform epic 09,,INIT-100,Portfolio 2026,,In Progress,,2026-03-30,2026-05-18,,
CORE-1009,200009,Epic,Core platform epic 10,,INIT-200,Portfolio 2026,,To Do,,2026-04-06,2026-06-01,,
CORE-1010,200010,Epic,Core platform epic 11,,INIT-700,Portfolio 2026,,In Progress,,2026-04-13,2026-05-11,,
CORE-1011,200011,Epic,Core platform epic 12,,INIT-800,Portfolio 2026,,In Progress,,2026-04-20,2026-05-25,,
CORE-1012,200012,Epic,Core platform epic 13,,INIT-100,Portfolio 2026,,To Do,,2026-04-27,2026-06-08,,
CORE-1013,200013,Epic,Core platform epic 14,,INIT-200,Portfolio 2026,,In Progress,,2026-05-04,2026-06-22,,
CORE-1014,200014,Epic,Core platform epic 15,,INIT-700,Portfolio 2026,,In Progress,,2026-05-11,2026-07-06,,
CORE-1015,200015,Epic,Core platform epic 16,,INIT-800,Portfolio 2026,,To Do,,2026-05-18,2026-06-15,,
CORE-1016,200016,Epic,Core platform epic 17,,INIT-100,Portfolio 2026,,In Progress,,2026-05-25,2026-06-29,,
CORE-1017,200017,Epic,Core platform epic 18,,INIT-200,Portfolio 2026,,In Progress,,2026-06-01,2026-07-13,,
CORE-1018,200018,Epic,Core platform epic 19,,INIT-700,Portfolio 2026,,To Do,,2026-06-08,2026-07-27,,
CORE-1019,200019,Epic,Core platform epic 20,,INIT-800,Portfolio 2026,,In Progress,,2026-06-15,2026-08-10,,
CORE-1020,200020,Epic,Core platform epic 21,,INIT-100,Portfolio 2026,,In Progress,,2026-06-22,2026-07-20,,
CORE-1021,200021,Epic,Core platform epic 22,,INIT-200,Portfolio 2026,,To Do,,2026-06-29,2026-08-03,,
CORE-1022,200022,Epic,Core platform epic 23,,INIT-700,Portfolio 2026,,In Progress,,2026-07-06,2026-08-17,,
CORE-1023,200023,Epic,Core platform epic 24,,INIT-800,Portfolio 2026,,In Progress,,2026-07-13,2026-08-31,,
CORE-1024,200024,Epic,Core platform epic 25,,INIT-100,Portfolio 2026,,To Do,,2026-07-20,2026-09-14,,
CORE-1025,200025,Epic,Core platform epic 26,,INIT-200,Portfolio 2026,,In Progress,,2026-07-27,2026-08-24,,
CORE-1026,200026,Epic,Core platform epic 27,,INIT-700,Portfolio 2026,,In Progress,,2026-08-03,2026-09-07,,
CORE-1027,200027,Epic,Core platform epic 28,,INIT-800,Portfolio 2026,,To Do,,2026-08-10,2026-09-21,,
CORE-1028,200028,Epic,Core platform epic 29,,INIT-100,Portfolio 2026,,In Progress,,2026-02-23,2026-04-13,,
CORE-1029,200029,Epic,Core platform epic 30,,INIT-200,Portfolio 2026,,In Progress,,2026-03-02,2026-04-27,,
CORE-1030,200030,Epic,Core platform epic 31,,INIT-700,Portfolio 2026,,To Do,,2026-03-09,2026-04-06,,
CORE-1031,200031,Epic,Core platform epic 32,,INIT-800,Portfolio 2026,,In Progress,,2026-03-16,2026-04-20,,
CORE-1032,200032,Epic,Core platform epic 33,,INIT-100,Portfolio 2026,,In Progress,,2026-03-23,2026-05-04,,
CORE-1033,200033,Epic,Core platform epic 34,,INIT-200,Portfolio 2026,,To Do,,2026-03-30,2026-05-18,,
CORE-1034,200034,Epic,Core platform epic 35,,INIT-700,Portfolio 2026,,In Progress,,2026-04-06,2026-06-01,,
CORE-1035,200035,Epic,Core platform epic 36,,INIT-800,Portfolio 2026,,In Progress,,2026-04-13,2026-05-11,,
CORE-1036,200036,Epic,Core platform epic 37,,INIT-100,Portfolio 2026,,To Do,,2026-04-20,2026-05-25,,
CORE-1037,200037,Epic,Core platform epic 38,,INIT-200,Portfolio 2026,,In Progress,,2026-04-27,2026-06-08,,
CORE-1038,200038,Epic,Core platform epic 39,,INIT-700,Portfolio 2026,,In Progress,,2026-05-04,2026-06-22,,
CORE-1039,200039,Epic,Core platform epic 40,,INIT-800,Portfolio 2026,,To Do,,2026-05-11,2026-07-06,,
CORE-1040,200040,Epic,Core platform epic 41,,INIT-100,Portfolio 2026,,In Progress,,2026-05-18,2026-06-15,,
CORE-1041,200041,Epic,Core platform epic 42,,INIT-200,Portfolio 2026,,In Progress,,2026-05-25,2026-06-29,,
CORE-1042,200042,Epic,Core platform epic 43,,INIT-700,Portfolio 2026,,To Do,,2026-06-01,2026-07-13,,
CORE-1043,200043,Epic,Core platform epic 44,,INIT-800,Portfolio 2026,,In Progress,,2026-06-08,2026-07-27,,
CORE-1044,200044,Epic,Core platform epic 45,,INIT-100,Portfolio 2026,,In Progress,,2026-06-15,2026-08-10,,
CORE-1045,200045,Epic,Core platform epic 46,,INIT-200,Portfolio 2026,,To Do,,2026-06-22,2026-07-20,,
CORE-1046,200046,Epic,Core platform epic 47,,INIT-700,Portfolio 2026,,In Progress,,2026-06-29,2026-08-03,,
CORE-1047,200047,Epic,Core platform epic 48,,INIT-800,Portfolio 2026,,In Progress,,2026-07-06,2026-08-17,,
CORE-1048,200048,Epic,Core platform baseline-only unmatched Project task,,INIT-100,Portfolio 2026,,To Do,,2026-07-13,2026-08-31,,
CORE-1049,200049,Epic,Core platform yellow missing initiative rollup in updated CSV,,INIT-200,Portfolio 2026,,In Progress,,2026-07-20,2026-09-14,,
WEB-2000,200050,Epic,Web experience epic 01,,INIT-500,Portfolio 2026,,To Do,,2026-07-27,2026-08-24,,
WEB-2001,200051,Epic,Web experience epic 02,,INIT-100,Portfolio 2026,,In Progress,,2026-08-03,2026-09-07,,
WEB-2002,200052,Epic,Web experience epic 03,,INIT-1200,Portfolio 2026,,In Progress,,2026-08-10,2026-09-21,,
WEB-2003,200053,Epic,Web experience epic 04,,INIT-500,Portfolio 2026,,To Do,,2026-08-17,2026-10-05,,
WEB-2004,200054,Epic,Web experience epic 05,,INIT-100,Portfolio 2026,,In Progress,,2026-08-24,2026-10-19,,
WEB-2005,200055,Epic,Web experience epic 06,,INIT-1200,Portfolio 2026,,In Progress,,2026-08-31,2026-09-28,,
WEB-2006,200056,Epic,Web experience epic 07,,INIT-500,Portfolio 2026,,To Do,,2026-03-16,2026-04-20,,
WEB-2007,200057,Epic,Web experience epic 08,,INIT-100,Portfolio 2026,,In Progress,,2026-03-23,2026-05-04,,
WEB-2008,200058,Epic,Web experience blue self dependency,,INIT-1200,Portfolio 2026,,In Progress,,2026-03-30,2026-05-18,,
WEB-2009,200059,Epic,Web experience epic 10,,INIT-500,Portfolio 2026,,To Do,,2026-04-06,2026-06-01,,
WEB-2010,200060,Epic,Web experience green-gray in planning,,INIT-100,Portfolio 2026,,To Do,,2026-04-13,2026-05-11,,
WEB-2011,200061,Epic,Web experience epic 12,,INIT-1200,Portfolio 2026,,In Progress,,2026-04-20,2026-05-25,,
WEB-2012,200062,Epic,Web experience epic 13,,INIT-500,Portfolio 2026,,To Do,,2026-04-27,2026-06-08,,
WEB-2013,200063,Epic,Web experience epic 14,,INIT-100,Portfolio 2026,,In Progress,,2026-05-04,2026-06-22,,
WEB-2014,200064,Epic,Web experience epic 15,,INIT-1200,Portfolio 2026,,In Progress,,2026-05-11,2026-07-06,,
WEB-2015,200065,Epic,Web experience epic 16,,INIT-500,Portfolio 2026,,To Do,,2026-05-18,2026-06-15,,
WEB-2016,200066,Epic,Web experience epic 17,,INIT-100,Portfolio 2026,,In Progress,,2026-05-25,2026-06-29,,
WEB-2017,200067,Epic,Web experience epic 18,,INIT-1200,Portfolio 2026,,In Progress,,2026-06-01,2026-07-13,,
WEB-2018,200068,Epic,Web experience epic 19,,INIT-500,Portfolio 2026,,To Do,,2026-06-08,2026-07-27,,
WEB-2019,200069,Epic,Web experience epic 20,,INIT-100,Portfolio 2026,,In Progress,,2026-06-15,2026-08-10,,
WEB-2020,200070,Epic,Web experience epic 21,,INIT-1200,Portfolio 2026,,In Progress,,2026-06-22,2026-07-20,,
WEB-2021,200071,Epic,Web experience epic 22,,INIT-500,Portfolio 2026,,To Do,,2026-06-29,2026-08-03,,
WEB-2022,200072,Epic,Web experience epic 23,,INIT-100,Portfolio 2026,,In Progress,,2026-07-06,2026-08-17,,
WEB-2023,200073,Epic,Web experience epic 24,,INIT-1200,Portfolio 2026,,In Progress,,2026-07-13,2026-08-31,,
WEB-2024,200074,Epic,Web experience epic 25,,INIT-500,Portfolio 2026,,To Do,,2026-07-20,2026-09-14,,
WEB-2025,200075,Epic,Web experience epic 26,,INIT-100,Portfolio 2026,,In Progress,,2026-07-27,2026-08-24,,
WEB-2026,200076,Epic,Web experience epic 27,,INIT-1200,Portfolio 2026,,In Progress,,2026-08-03,2026-09-07,,
WEB-2027,200077,Epic,Web experience epic 28,,INIT-500,Portfolio 2026,,To Do,,2026-08-10,2026-09-21,,
WEB-2028,200078,Epic,Web experience epic 29,,INIT-100,Portfolio 2026,,In Progress,,2026-08-17,2026-10-05,,
WEB-2029,200079,Epic,Web experience epic 30,,INIT-1200,Portfolio 2026,,In Progress,,2026-08-24,2026-10-19,,
WEB-2030,200080,Epic,Web experience epic 31,,INIT-500,Portfolio 2026,,To Do,,2026-08-31,2026-09-28,,
WEB-2031,200081,Epic,Web experience epic 32,,INIT-100,Portfolio 2026,,In Progress,,2026-09-07,2026-10-12,,
WEB-2032,200082,Epic,Web experience epic 33,,INIT-1200,Portfolio 2026,,In Progress,,2026-09-14,2026-10-26,,
WEB-2033,200083,Epic,Web experience epic 34,,INIT-500,Portfolio 2026,,To Do,,2026-09-21,2026-11-09,,
WEB-2034,200084,Epic,Web experience epic 35,,INIT-100,Portfolio 2026,,In Progress,,2026-04-06,2026-06-01,,
WEB-2035,200085,Epic,Web experience epic 36,,INIT-1200,Portfolio 2026,,In Progress,,2026-04-13,2026-05-11,,
WEB-2036,200086,Epic,Web experience epic 37,,INIT-500,Portfolio 2026,,To Do,,2026-04-20,2026-05-25,,
WEB-2037,200087,Epic,Web experience epic 38,,INIT-100,Portfolio 2026,,In Progress,,2026-04-27,2026-06-08,,
WEB-2038,200088,Epic,Web experience epic 39,,INIT-1200,Portfolio 2026,,In Progress,,2026-05-04,2026-06-22,,
WEB-2039,200089,Epic,Web experience epic 40,,INIT-500,Portfolio 2026,,To Do,,2026-05-11,2026-07-06,,
WEB-2040,200090,Epic,Web experience epic 41,,INIT-100,Portfolio 2026,,In Progress,,2026-05-18,2026-06-15,,
WEB-2041,200091,Epic,Web experience epic 42,,INIT-1200,Portfolio 2026,,In Progress,,2026-05-25,2026-06-29,,
WEB-2042,200092,Epic,Web experience epic 43,,INIT-500,Portfolio 2026,,To Do,,2026-06-01,2026-07-13,,
WEB-2043,200093,Epic,Web experience epic 44,,INIT-100,Portfolio 2026,,In Progress,,2026-06-08,2026-07-27,,
WEB-2044,200094,Epic,Web experience epic 45,,INIT-1200,Portfolio 2026,,In Progress,,2026-06-15,2026-08-10,,
DATA-3000,200095,Epic,Data platform epic 01,,INIT-300,Portfolio 2026,,To Do,,2026-06-22,2026-07-20,,
DATA-3001,200096,Epic,Data platform epic 02,,INIT-600,Portfolio 2026,,In Progress,,2026-06-29,2026-08-03,,
DATA-3002,200097,Epic,Data platform epic 03,,INIT-1500,Portfolio 2026,,In Progress,,2026-07-06,2026-08-17,,
DATA-3003,200098,Epic,Data platform epic 04,,INIT-300,Portfolio 2026,,To Do,,2026-07-13,2026-08-31,,
DATA-3004,200099,Epic,Data platform epic 05,,INIT-600,Portfolio 2026,,In Progress,,2026-07-20,2026-09-14,,
DATA-3005,200100,Epic,Data platform epic 06,,INIT-1500,Portfolio 2026,,In Progress,,2026-07-27,2026-08-24,,
DATA-3006,200101,Epic,Data platform epic 07,,INIT-300,Portfolio 2026,,To Do,,2026-08-03,2026-09-07,,
DATA-3007,200102,Epic,Data platform epic 08,,INIT-600,Portfolio 2026,,In Progress,,2026-08-10,2026-09-21,,
DATA-3008,200103,Epic,Data platform blue circular dependency pair,,INIT-1500,Portfolio 2026,,In Progress,,2026-08-17,2026-10-05,,
DATA-3009,200104,Epic,Data platform blue circular dependency pair,,INIT-300,Portfolio 2026,,To Do,,2026-08-24,2026-10-19,,
DATA-3010,200105,Epic,Data platform epic 11,,INIT-600,Portfolio 2026,,In Progress,,2026-08-31,2026-09-28,,
DATA-3011,200106,Epic,Data platform epic 12,,INIT-1500,Portfolio 2026,,In Progress,,2026-09-07,2026-10-12,,
DATA-3012,200107,Epic,Data platform epic 13,,INIT-300,Portfolio 2026,,To Do,,2026-09-14,2026-10-26,,
DATA-3013,200108,Epic,Data platform epic 14,,INIT-600,Portfolio 2026,,In Progress,,2026-09-21,2026-11-09,,
DATA-3014,200109,Epic,Data platform epic 15,,INIT-1500,Portfolio 2026,,In Progress,,2026-09-28,2026-11-23,,
DATA-3015,200110,Epic,Data platform epic 16,,INIT-300,Portfolio 2026,,To Do,,2026-10-05,2026-11-02,,
DATA-3016,200111,Epic,Data platform epic 17,,INIT-600,Portfolio 2026,,In Progress,,2026-10-12,2026-11-16,,
DATA-3017,200112,Epic,Data platform epic 18,,INIT-1500,Portfolio 2026,,In Progress,,2026-04-27,2026-06-08,,
DATA-3018,200113,Epic,Data platform epic 19,,INIT-300,Portfolio 2026,,To Do,,2026-05-04,2026-06-22,,
DATA-3019,200114,Epic,Data platform epic 20,,INIT-600,Portfolio 2026,,In Progress,,2026-05-11,2026-07-06,,
DATA-3020,200115,Epic,Data platform epic 21,,INIT-1500,Portfolio 2026,,In Progress,,2026-05-18,2026-06-15,,
DATA-3021,200116,Epic,Data platform epic 22,,INIT-300,Portfolio 2026,,To Do,,2026-05-25,2026-06-29,,
DATA-3022,200117,Epic,Data platform epic 23,,INIT-600,Portfolio 2026,,In Progress,,2026-06-01,2026-07-13,,
DATA-3023,200118,Epic,Data platform epic 24,,INIT-1500,Portfolio 2026,,In Progress,,2026-06-08,2026-07-27,,
DATA-3024,200119,Epic,Data platform epic 25,,INIT-300,Portfolio 2026,,To Do,,2026-06-15,2026-08-10,,
DATA-3025,200120,Epic,Data platform epic 26,,INIT-600,Portfolio 2026,,In Progress,,2026-06-22,2026-07-20,,
DATA-3026,200121,Epic,Data platform epic 27,,INIT-1500,Portfolio 2026,,In Progress,,2026-06-29,2026-08-03,,
DATA-3027,200122,Epic,Data platform epic 28,,INIT-300,Portfolio 2026,,To Do,,2026-07-06,2026-08-17,,
DATA-3028,200123,Epic,Data platform epic 29,,INIT-600,Portfolio 2026,,In Progress,,2026-07-13,2026-08-31,,
DATA-3029,200124,Epic,Data platform epic 30,,INIT-1500,Portfolio 2026,,In Progress,,2026-07-20,2026-09-14,,
DATA-3030,200125,Epic,Data platform epic 31,,INIT-300,Portfolio 2026,,To Do,,2026-07-27,2026-08-24,,
DATA-3031,200126,Epic,Data platform epic 32,,INIT-600,Portfolio 2026,,In Progress,,2026-08-03,2026-09-07,,
DATA-3032,200127,Epic,Data platform epic 33,,INIT-1500,Portfolio 2026,,In Progress,,2026-08-10,2026-09-21,,
DATA-3033,200128,Epic,Data platform epic 34,,INIT-300,Portfolio 2026,,To Do,,2026-08-17,2026-10-05,,
DATA-3034,200129,Epic,Data platform unparsed date warning,,INIT-600,Portfolio 2026,,In Progress,,2026-08-24,2026-10-19,,
PLAT-4000,200130,Epic,Platform services epic 01,,INIT-400,Platform Q1,,To Do,,2026-08-31,2026-09-28,,
PLAT-4001,200131,Epic,Platform services epic 02,,INIT-400,Platform Q2,,In Progress,,2026-09-07,2026-10-12,,
PLAT-4002,200132,Epic,Platform services epic 03,,INIT-400,Shared Services 2026,,In Progress,,2026-09-14,2026-10-26,,
PLAT-4003,200133,Epic,Platform services epic 04,,INIT-400,Platform Q1,,To Do,,2026-09-21,2026-11-09,,
PLAT-4004,200134,Epic,Platform services epic 05,,INIT-400,Platform Q2,,In Progress,,2026-09-28,2026-11-23,,
PLAT-4005,200135,Epic,Platform services epic 06,,INIT-400,Shared Services 2026,,In Progress,,2026-10-05,2026-11-02,,
PLAT-4006,200136,Epic,Platform services epic 07,,INIT-400,Platform Q1,,To Do,,2026-10-12,2026-11-16,,
PLAT-4007,200137,Epic,Platform services epic 08,,INIT-400,Platform Q2,,In Progress,,2026-10-19,2026-11-30,,
PLAT-4008,200138,Epic,Platform services epic 09,,INIT-400,Shared Services 2026,,In Progress,,2026-10-26,2026-12-14,,
PLAT-4009,200139,Epic,Platform services epic 10,,INIT-400,Platform Q1,,To Do,,2026-11-02,2026-12-28,,
PLAT-4010,200140,Epic,Platform services epic 11,,INIT-400,Platform Q2,,In Progress,,2026-05-18,2026-06-15,,
PLAT-4011,200141,Epic,Platform services epic 12,,INIT-400,Shared Services 2026,,In Progress,,2026-05-25,2026-06-29,,
PLAT-4012,200142,Epic,Platform services epic 13,,INIT-400,Platform Q1,,To Do,,2026-06-01,2026-07-13,,
PLAT-4013,200143,Epic,Platform services epic 14,,INIT-400,Platform Q2,,In Progress,,2026-06-08,2026-07-27,,
PLAT-4014,200144,Epic,Platform services epic 15,,INIT-400,Shared Services 2026,,In Progress,,2026-06-15,2026-08-10,,
PLAT-4015,200145,Epic,Platform services epic 16,,INIT-400,Platform Q1,,To Do,,2026-06-22,2026-07-20,,
PLAT-4016,200146,Epic,Platform services epic 17,,INIT-400,Platform Q2,,In Progress,,2026-06-29,2026-08-03,,
PLAT-4017,200147,Epic,Platform services epic 18,,INIT-400,Shared Services 2026,,In Progress,,2026-07-06,2026-08-17,,
PLAT-4018,200148,Epic,Platform services epic 19,,INIT-400,Platform Q1,,To Do,,2026-07-13,2026-08-31,,
PLAT-4019,200149,Epic,Platform services epic 20,,INIT-400,Platform Q2,,In Progress,,2026-07-20,2026-09-14,,
PLAT-4020,200150,Epic,Platform services epic 21,,INIT-400,Shared Services 2026,,In Progress,,2026-07-27,2026-08-24,,
PLAT-4021,200151,Epic,Platform services epic 22,,INIT-400,Platform Q1,,To Do,,2026-08-03,2026-09-07,,
PLAT-4022,200152,Epic,Platform services epic 23,,INIT-400,Platform Q2,,In Progress,,2026-08-10,2026-09-21,,
PLAT-4023,200153,Epic,Platform services epic 24,,INIT-400,Shared Services 2026,,In Progress,,2026-08-17,2026-10-05,,
PLAT-4024,200154,Epic,Platform services epic 25,,INIT-400,Platform Q1,,To Do,,2026-08-24,2026-10-19,,
PLAT-4025,200155,Epic,Platform services epic 26,,INIT-400,Platform Q2,,In Progress,,2026-08-31,2026-09-28,,
PLAT-4026,200156,Epic,Platform services epic 27,,INIT-400,Shared Services 2026,,In Progress,,2026-09-07,2026-10-12,,
PLAT-4027,200157,Epic,Platform services epic 28,,INIT-400,Platform Q1,,To Do,,2026-09-14,2026-10-26,,
PLAT-4028,200158,Epic,Platform services epic 29,,INIT-400,Platform Q2,,In Progress,,2026-09-21,2026-11-09,,
PLAT-4029,200159,Epic,Platform services yellow missing fixVersion in updated CSV,,INIT-400,Shared Services 2026,,In Progress,,2026-09-28,2026-11-23,,
OPS-5000,200160,Epic,Operations epic 01,,INIT-400,Operations Q1,,To Do,,2026-10-05,2026-11-02,,
OPS-5001,200161,Epic,Operations epic 02,,INIT-400,Operations Q2,,In Progress,,2026-10-12,2026-11-16,,
OPS-5002,200162,Epic,Operations epic 03,,INIT-400,Operations Q1,,In Progress,,2026-10-19,2026-11-30,,
OPS-5003,200163,Epic,Operations epic 04,,INIT-400,Operations Q2,,To Do,,2026-10-26,2026-12-14,,
OPS-5004,200164,Epic,Operations epic 05,,INIT-400,Operations Q1,,In Progress,,2026-11-02,2026-12-28,,
OPS-5005,200165,Epic,Operations epic 06,,INIT-400,Operations Q2,,In Progress,,2026-11-09,2026-12-07,,
OPS-5006,200166,Epic,Operations epic 07,,INIT-400,Operations Q1,,To Do,,2026-11-16,2026-12-21,,
OPS-5007,200167,Epic,Operations epic 08,,INIT-400,Operations Q2,,In Progress,,2026-11-23,2027-01-04,,
OPS-5008,200168,Epic,Operations epic 09,,INIT-400,Operations Q1,,In Progress,,2026-06-08,2026-07-27,,
OPS-5009,200169,Epic,Operations epic 10,,INIT-400,Operations Q2,,To Do,,2026-06-15,2026-08-10,,
OPS-5010,200170,Epic,Operations epic 11,,INIT-400,Operations Q1,,In Progress,,2026-06-22,2026-07-20,,
OPS-5011,200171,Epic,Operations epic 12,,INIT-400,Operations Q2,,In Progress,,2026-06-29,2026-08-03,,
OPS-5012,200172,Epic,Operations epic 13,,INIT-400,Operations Q1,,To Do,,2026-07-06,2026-08-17,,
OPS-5013,200173,Epic,Operations epic 14,,INIT-400,Operations Q2,,In Progress,,2026-07-13,2026-08-31,,
OPS-5014,200174,Epic,Operations epic 15,,INIT-400,Operations Q1,,In Progress,,2026-07-20,2026-09-14,,
OPS-5015,200175,Epic,Operations epic 16,,INIT-400,Operations Q2,,To Do,,2026-07-27,2026-08-24,,
OPS-5016,200176,Epic,Operations epic 17,,INIT-400,Operations Q1,,In Progress,,2026-08-03,2026-09-07,,
OPS-5017,200177,Epic,Operations epic 18,,INIT-400,Operations Q2,,In Progress,,2026-08-10,2026-09-21,,
OPS-5018,200178,Epic,Operations epic 19,,INIT-400,Operations Q1,,To Do,,2026-08-17,2026-10-05,,
OPS-5019,200179,Epic,Operations yellow multiple fixVersions in updated CSV,,INIT-400,Operations Q2,,In Progress,,2026-08-24,2026-10-19,,
UNK-9000,200180,Epic,Unknown prefix yellow unknown Jira key prefix,,INIT-100,Portfolio 2026,,To Do,,2026-08-31,2026-09-28,,
UNK-9001,200181,Epic,Unknown prefix epic 02,,INIT-100,Portfolio 2026,,In Progress,,2026-09-07,2026-10-12,,
UNK-9002,200182,Epic,Unknown prefix epic 03,,INIT-100,Portfolio 2026,,In Progress,,2026-09-14,2026-10-26,,
UNK-9003,200183,Epic,Unknown prefix epic 04,,INIT-100,Portfolio 2026,,To Do,,2026-09-21,2026-11-09,,
,399998,Story,Blank-key row included to show CSV row missing Jira key handling,,,,3,To Do,,,,,
CORE-899999,399999,Story,Orphan story with no Epic Link,,,,5,Done,Done,,,,
CORE-700001,400001,Task,Task 1 for CORE-1000,CORE-1000,,Portfolio 2026,5,Done,Done,,,,
CORE-700002,400002,Bug,Bug 2 for CORE-1000,CORE-1000,,Portfolio 2026,8,In Progress,,,,,
CORE-700003,400003,Story,Story 3 for CORE-1000,CORE-1000,,Portfolio 2026,1,To Do,,,,,
CORE-700004,400004,Task,Task 4 for CORE-1000,CORE-1000,,Portfolio 2026,2,Done,Done,,,,
CORE-700005,400005,Bug,Bug 5 for CORE-1000,CORE-1000,,Portfolio 2026,3,To Do,,,,,
CORE-700006,400006,Story,Story 6 for CORE-1000,CORE-1000,,Portfolio 2026,5,In Progress,,,,,
CORE-700007,400007,Task,Task 1 for CORE-1001,CORE-1001,,Portfolio 2026,3,Done,Done,,,,
CORE-700008,400008,Bug,Bug 2 for CORE-1001,CORE-1001,,Portfolio 2026,5,To Do,,,,,
CORE-700009,400009,Story,Story 3 for CORE-1001,CORE-1001,,Portfolio 2026,8,To Do,,,,,
CORE-700010,400010,Task,Task 4 for CORE-1001,CORE-1001,,Portfolio 2026,1,To Do,,,,,
CORE-700011,400011,Bug,Bug 5 for CORE-1001,CORE-1001,,Portfolio 2026,2,To Do,,,,,
CORE-700012,400012,Story,Story 6 for CORE-1001,CORE-1001,,Portfolio 2026,3,To Do,,,,,
CORE-700013,400013,Task,Task 7 for CORE-1001,CORE-1001,,Portfolio 2026,5,To Do,,,,,
CORE-700014,400014,Bug,Bug 1 for CORE-1002,CORE-1002,,Portfolio 2026,2,Done,Done,,,,
CORE-700015,400015,Story,Story 2 for CORE-1002,CORE-1002,,Portfolio 2026,3,In Progress,,,,,
CORE-700016,400016,Task,Task 3 for CORE-1002,CORE-1002,,Portfolio 2026,5,To Do,,,,,
CORE-700017,400017,Bug,Bug 4 for CORE-1002,CORE-1002,,Portfolio 2026,8,Done,Done,,,,
CORE-700018,400018,Story,Story 5 for CORE-1002,CORE-1002,,Portfolio 2026,1,To Do,,,,,
CORE-700019,400019,Task,Task 6 for CORE-1002,CORE-1002,,Portfolio 2026,2,In Progress,,,,,
CORE-700020,400020,Bug,Bug 1 for CORE-1003,CORE-1003,,Portfolio 2026,1,Done,Done,,,,
CORE-700021,400021,Story,Story 2 for CORE-1003,CORE-1003,,Portfolio 2026,2,To Do,,,,,
CORE-700022,400022,Task,Task 3 for CORE-1003,CORE-1003,,Portfolio 2026,3,In Progress,,,,,
CORE-700023,400023,Bug,Bug 4 for CORE-1003,CORE-1003,,Portfolio 2026,5,Done,Done,,,,
CORE-700024,400024,Story,Story 5 for CORE-1003,CORE-1003,,Portfolio 2026,8,In Progress,,,,,
CORE-700025,400025,Task,Task 6 for CORE-1003,CORE-1003,,Portfolio 2026,1,To Do,,,,,
CORE-700026,400026,Bug,Bug 7 for CORE-1003,CORE-1003,,Portfolio 2026,2,Done,Done,,,,
CORE-700027,400027,Story,Story 1 for CORE-1004,CORE-1004,,Portfolio 2026,8,Done,Done,,,,
CORE-700028,400028,Task,Task 2 for CORE-1004,CORE-1004,,Portfolio 2026,1,In Progress,,,,,
CORE-700029,400029,Bug,Bug 3 for CORE-1004,CORE-1004,,Portfolio 2026,2,To Do,,,,,
CORE-700030,400030,Story,Story 4 for CORE-1004,CORE-1004,,Portfolio 2026,3,Done,Done,,,,
CORE-700031,400031,Task,Task 5 for CORE-1004,CORE-1004,,Portfolio 2026,5,To Do,,,,,
CORE-700032,400032,Bug,Bug 6 for CORE-1004,CORE-1004,,Portfolio 2026,8,In Progress,,,,,
CORE-700033,400033,Story,Story 1 for CORE-1005,CORE-1005,,Portfolio 2026,5,Done,Done,,,,
CORE-700034,400034,Task,Task 2 for CORE-1005,CORE-1005,,Portfolio 2026,8,To Do,,,,,
CORE-700035,400035,Bug,Bug 3 for CORE-1005,CORE-1005,,Portfolio 2026,1,In Progress,,,,,
CORE-700036,400036,Story,Story 4 for CORE-1005,CORE-1005,,Portfolio 2026,2,Done,Done,,,,
CORE-700037,400037,Task,Task 5 for CORE-1005,CORE-1005,,Portfolio 2026,3,In Progress,,,,,
CORE-700038,400038,Bug,Bug 6 for CORE-1005,CORE-1005,,Portfolio 2026,5,To Do,,,,,
CORE-700039,400039,Story,Story 7 for CORE-1005,CORE-1005,,Portfolio 2026,8,Done,Done,,,,
CORE-700040,400040,Task,Task 1 for CORE-1006,CORE-1006,,Portfolio 2026,3,Done,Done,,,,
CORE-700041,400041,Bug,Bug 2 for CORE-1006,CORE-1006,,Portfolio 2026,5,In Progress,,,,,
CORE-700042,400042,Story,Story 3 for CORE-1006,CORE-1006,,Portfolio 2026,8,To Do,,,,,
CORE-700043,400043,Task,Task 4 for CORE-1006,CORE-1006,,Portfolio 2026,1,Done,Done,,,,
CORE-700044,400044,Bug,Bug 5 for CORE-1006,CORE-1006,,Portfolio 2026,2,To Do,,,,,
CORE-700045,400045,Story,Story 6 for CORE-1006,CORE-1006,,Portfolio 2026,3,In Progress,,,,,
CORE-700046,400046,Task,Task 1 for CORE-1007,CORE-1007,,Portfolio 2026,2,Done,Done,,,,
CORE-700047,400047,Bug,Bug 2 for CORE-1007,CORE-1007,,Portfolio 2026,3,To Do,,,,,
CORE-700048,400048,Story,Story 3 for CORE-1007,CORE-1007,,Portfolio 2026,5,In Progress,,,,,
CORE-700049,400049,Task,Task 4 for CORE-1007,CORE-1007,,Portfolio 2026,8,Done,Done,,,,
CORE-700050,400050,Bug,Bug 5 for CORE-1007,CORE-1007,,Portfolio 2026,1,In Progress,,,,,
CORE-700051,400051,Story,Story 6 for CORE-1007,CORE-1007,,Portfolio 2026,2,To Do,,,,,
CORE-700052,400052,Task,Task 7 for CORE-1007,CORE-1007,,Portfolio 2026,3,Done,Done,,,,
CORE-700053,400053,Bug,Bug 1 for CORE-1008,CORE-1008,,Portfolio 2026,1,Done,Done,,,,
CORE-700054,400054,Story,Story 2 for CORE-1008,CORE-1008,,Portfolio 2026,2,In Progress,,,,,
CORE-700055,400055,Task,Task 3 for CORE-1008,CORE-1008,,Portfolio 2026,3,To Do,,,,,
CORE-700056,400056,Bug,Bug 4 for CORE-1008,CORE-1008,,Portfolio 2026,5,Done,Done,,,,
CORE-700057,400057,Story,Story 5 for CORE-1008,CORE-1008,,Portfolio 2026,8,To Do,,,,,
CORE-700058,400058,Task,Task 6 for CORE-1008,CORE-1008,,Portfolio 2026,1,In Progress,,,,,
CORE-700059,400059,Bug,Bug 1 for CORE-1009,CORE-1009,,Portfolio 2026,8,Done,Done,,,,
CORE-700060,400060,Story,Story 2 for CORE-1009,CORE-1009,,Portfolio 2026,1,To Do,,,,,
CORE-700061,400061,Task,Task 3 for CORE-1009,CORE-1009,,Portfolio 2026,2,In Progress,,,,,
CORE-700062,400062,Bug,Bug 4 for CORE-1009,CORE-1009,,Portfolio 2026,3,Done,Done,,,,
CORE-700063,400063,Story,Story 5 for CORE-1009,CORE-1009,,Portfolio 2026,5,In Progress,,,,,
CORE-700064,400064,Task,Task 6 for CORE-1009,CORE-1009,,Portfolio 2026,8,To Do,,,,,
CORE-700065,400065,Bug,Bug 7 for CORE-1009,CORE-1009,,Portfolio 2026,1,Done,Done,,,,
CORE-700066,400066,Story,Story 1 for CORE-1010,CORE-1010,,Portfolio 2026,2,To Do,,,,,
CORE-700067,400067,Task,Task 2 for CORE-1010,CORE-1010,,Portfolio 2026,3,Done,Done,,,,
CORE-700068,400068,Bug,Bug 3 for CORE-1010,CORE-1010,,Portfolio 2026,5,To Do,,,,,
CORE-700069,400069,Story,Story 4 for CORE-1010,CORE-1010,,Portfolio 2026,8,In Progress,,,,,
CORE-700070,400070,Task,Task 5 for CORE-1010,CORE-1010,,Portfolio 2026,1,Done,Done,,,,
CORE-700071,400071,Bug,Bug 1 for CORE-1011,CORE-1011,,Portfolio 2026,1,In Progress,,,,,
CORE-700072,400072,Story,Story 2 for CORE-1011,CORE-1011,,Portfolio 2026,2,Done,Done,,,,
CORE-700073,400073,Task,Task 3 for CORE-1011,CORE-1011,,Portfolio 2026,3,In Progress,,,,,
CORE-700074,400074,Bug,Bug 4 for CORE-1011,CORE-1011,,Portfolio 2026,5,To Do,,,,,
CORE-700075,400075,Story,Story 5 for CORE-1011,CORE-1011,,Portfolio 2026,8,Done,Done,,,,
CORE-700076,400076,Task,Task 6 for CORE-1011,CORE-1011,,Portfolio 2026,1,To Do,,,,,
CORE-700077,400077,Bug,Bug 1 for CORE-1012,CORE-1012,,Portfolio 2026,8,To Do,,,,,
CORE-700078,400078,Story,Story 2 for CORE-1012,CORE-1012,,Portfolio 2026,1,Done,Done,,,,
CORE-700079,400079,Task,Task 3 for CORE-1012,CORE-1012,,Portfolio 2026,2,To Do,,,,,
CORE-700080,400080,Bug,Bug 4 for CORE-1012,CORE-1012,,Portfolio 2026,3,In Progress,,,,,
CORE-700081,400081,Story,Story 5 for CORE-1012,CORE-1012,,Portfolio 2026,5,Done,Done,,,,
CORE-700082,400082,Task,Task 1 for CORE-1013,CORE-1013,,Portfolio 2026,5,In Progress,,,,,
CORE-700083,400083,Bug,Bug 2 for CORE-1013,CORE-1013,,Portfolio 2026,8,Done,Done,,,,
CORE-700084,400084,Story,Story 3 for CORE-1013,CORE-1013,,Portfolio 2026,1,In Progress,,,,,
CORE-700085,400085,Task,Task 4 for CORE-1013,CORE-1013,,Portfolio 2026,2,To Do,,,,,
CORE-700086,400086,Bug,Bug 5 for CORE-1013,CORE-1013,,Portfolio 2026,3,Done,Done,,,,
CORE-700087,400087,Story,Story 6 for CORE-1013,CORE-1013,,Portfolio 2026,5,To Do,,,,,
CORE-700088,400088,Task,Task 1 for CORE-1014,CORE-1014,,Portfolio 2026,3,To Do,,,,,
CORE-700089,400089,Bug,Bug 2 for CORE-1014,CORE-1014,,Portfolio 2026,5,Done,Done,,,,
CORE-700090,400090,Story,Story 3 for CORE-1014,CORE-1014,,Portfolio 2026,8,To Do,,,,,
CORE-700091,400091,Task,Task 4 for CORE-1014,CORE-1014,,Portfolio 2026,1,In Progress,,,,,
CORE-700092,400092,Bug,Bug 5 for CORE-1014,CORE-1014,,Portfolio 2026,2,Done,Done,,,,
CORE-700093,400093,Story,Story 1 for CORE-1015,CORE-1015,,Portfolio 2026,2,In Progress,,,,,
CORE-700094,400094,Task,Task 2 for CORE-1015,CORE-1015,,Portfolio 2026,3,Done,Done,,,,
CORE-700095,400095,Bug,Bug 3 for CORE-1015,CORE-1015,,Portfolio 2026,5,In Progress,,,,,
CORE-700096,400096,Story,Story 4 for CORE-1015,CORE-1015,,Portfolio 2026,8,To Do,,,,,
CORE-700097,400097,Task,Task 5 for CORE-1015,CORE-1015,,Portfolio 2026,1,Done,Done,,,,
CORE-700098,400098,Bug,Bug 6 for CORE-1015,CORE-1015,,Portfolio 2026,2,To Do,,,,,
CORE-700099,400099,Story,Story 1 for CORE-1016,CORE-1016,,Portfolio 2026,1,To Do,,,,,
CORE-700100,400100,Task,Task 2 for CORE-1016,CORE-1016,,Portfolio 2026,2,Done,Done,,,,
CORE-700101,400101,Bug,Bug 3 for CORE-1016,CORE-1016,,Portfolio 2026,3,To Do,,,,,
CORE-700102,400102,Story,Story 4 for CORE-1016,CORE-1016,,Portfolio 2026,5,In Progress,,,,,
CORE-700103,400103,Task,Task 5 for CORE-1016,CORE-1016,,Portfolio 2026,8,Done,Done,,,,
CORE-700104,400104,Bug,Bug 1 for CORE-1017,CORE-1017,,Portfolio 2026,8,In Progress,,,,,
CORE-700105,400105,Story,Story 2 for CORE-1017,CORE-1017,,Portfolio 2026,1,Done,Done,,,,
CORE-700106,400106,Task,Task 3 for CORE-1017,CORE-1017,,Portfolio 2026,2,In Progress,,,,,
CORE-700107,400107,Bug,Bug 4 for CORE-1017,CORE-1017,,Portfolio 2026,3,To Do,,,,,
CORE-700108,400108,Story,Story 5 for CORE-1017,CORE-1017,,Portfolio 2026,5,Done,Done,,,,
CORE-700109,400109,Task,Task 6 for CORE-1017,CORE-1017,,Portfolio 2026,8,To Do,,,,,
CORE-700110,400110,Bug,Bug 1 for CORE-1018,CORE-1018,,Portfolio 2026,5,To Do,,,,,
CORE-700111,400111,Story,Story 2 for CORE-1018,CORE-1018,,Portfolio 2026,8,Done,Done,,,,
CORE-700112,400112,Task,Task 3 for CORE-1018,CORE-1018,,Portfolio 2026,1,To Do,,,,,
CORE-700113,400113,Bug,Bug 4 for CORE-1018,CORE-1018,,Portfolio 2026,2,In Progress,,,,,
CORE-700114,400114,Story,Story 5 for CORE-1018,CORE-1018,,Portfolio 2026,3,Done,Done,,,,
CORE-700115,400115,Task,Task 1 for CORE-1019,CORE-1019,,Portfolio 2026,3,In Progress,,,,,
CORE-700116,400116,Bug,Bug 2 for CORE-1019,CORE-1019,,Portfolio 2026,5,Done,Done,,,,
CORE-700117,400117,Story,Story 3 for CORE-1019,CORE-1019,,Portfolio 2026,8,In Progress,,,,,
CORE-700118,400118,Task,Task 4 for CORE-1019,CORE-1019,,Portfolio 2026,1,To Do,,,,,
CORE-700119,400119,Bug,Bug 5 for CORE-1019,CORE-1019,,Portfolio 2026,2,Done,Done,,,,
CORE-700120,400120,Story,Story 6 for CORE-1019,CORE-1019,,Portfolio 2026,3,To Do,,,,,
CORE-700121,400121,Task,Task 1 for CORE-1020,CORE-1020,,Portfolio 2026,8,To Do,,,,,
CORE-700122,400122,Bug,Bug 2 for CORE-1020,CORE-1020,,Portfolio 2026,1,In Progress,,,,,
CORE-700123,400123,Story,Story 3 for CORE-1020,CORE-1020,,Portfolio 2026,2,Done,Done,,,,
CORE-700124,400124,Task,Task 4 for CORE-1020,CORE-1020,,Portfolio 2026,3,In Progress,,,,,
CORE-700125,400125,Bug,Bug 5 for CORE-1020,CORE-1020,,Portfolio 2026,5,To Do,,,,,
CORE-700126,400126,Story,Story 1 for CORE-1021,CORE-1021,,Portfolio 2026,5,In Progress,,,,,
CORE-700127,400127,Task,Task 2 for CORE-1021,CORE-1021,,Portfolio 2026,8,To Do,,,,,
CORE-700128,400128,Bug,Bug 3 for CORE-1021,CORE-1021,,Portfolio 2026,1,Done,Done,,,,
CORE-700129,400129,Story,Story 4 for CORE-1021,CORE-1021,,Portfolio 2026,2,To Do,,,,,
CORE-700130,400130,Task,Task 5 for CORE-1021,CORE-1021,,Portfolio 2026,3,In Progress,,,,,
CORE-700131,400131,Bug,Bug 6 for CORE-1021,CORE-1021,,Portfolio 2026,5,Done,Done,,,,
CORE-700132,400132,Story,Story 1 for CORE-1022,CORE-1022,,Portfolio 2026,3,To Do,,,,,
CORE-700133,400133,Task,Task 2 for CORE-1022,CORE-1022,,Portfolio 2026,5,In Progress,,,,,
CORE-700134,400134,Bug,Bug 3 for CORE-1022,CORE-1022,,Portfolio 2026,8,Done,Done,,,,
CORE-700135,400135,Story,Story 4 for CORE-1022,CORE-1022,,Portfolio 2026,1,In Progress,,,,,
CORE-700136,400136,Task,Task 5 for CORE-1022,CORE-1022,,Portfolio 2026,2,To Do,,,,,
CORE-700137,400137,Bug,Bug 1 for CORE-1023,CORE-1023,,Portfolio 2026,2,In Progress,,,,,
CORE-700138,400138,Story,Story 2 for CORE-1023,CORE-1023,,Portfolio 2026,3,To Do,,,,,
CORE-700139,400139,Task,Task 3 for CORE-1023,CORE-1023,,Portfolio 2026,5,Done,Done,,,,
CORE-700140,400140,Bug,Bug 4 for CORE-1023,CORE-1023,,Portfolio 2026,8,To Do,,,,,
CORE-700141,400141,Story,Story 5 for CORE-1023,CORE-1023,,Portfolio 2026,1,In Progress,,,,,
CORE-700142,400142,Task,Task 6 for CORE-1023,CORE-1023,,Portfolio 2026,2,Done,Done,,,,
CORE-700143,400143,Bug,Bug 1 for CORE-1024,CORE-1024,,Portfolio 2026,1,To Do,,,,,
CORE-700144,400144,Story,Story 2 for CORE-1024,CORE-1024,,Portfolio 2026,2,In Progress,,,,,
CORE-700145,400145,Task,Task 3 for CORE-1024,CORE-1024,,Portfolio 2026,3,Done,Done,,,,
CORE-700146,400146,Bug,Bug 4 for CORE-1024,CORE-1024,,Portfolio 2026,5,In Progress,,,,,
CORE-700147,400147,Story,Story 5 for CORE-1024,CORE-1024,,Portfolio 2026,8,To Do,,,,,
CORE-700148,400148,Task,Task 1 for CORE-1025,CORE-1025,,Portfolio 2026,8,In Progress,,,,,
CORE-700149,400149,Bug,Bug 2 for CORE-1025,CORE-1025,,Portfolio 2026,1,To Do,,,,,
CORE-700150,400150,Story,Story 3 for CORE-1025,CORE-1025,,Portfolio 2026,2,Done,Done,,,,
CORE-700151,400151,Task,Task 4 for CORE-1025,CORE-1025,,Portfolio 2026,3,To Do,,,,,
CORE-700152,400152,Bug,Bug 5 for CORE-1025,CORE-1025,,Portfolio 2026,5,In Progress,,,,,
CORE-700153,400153,Story,Story 6 for CORE-1025,CORE-1025,,Portfolio 2026,8,Done,Done,,,,
CORE-700154,400154,Task,Task 1 for CORE-1026,CORE-1026,,Portfolio 2026,5,To Do,,,,,
CORE-700155,400155,Bug,Bug 2 for CORE-1026,CORE-1026,,Portfolio 2026,8,In Progress,,,,,
CORE-700156,400156,Story,Story 3 for CORE-1026,CORE-1026,,Portfolio 2026,1,Done,Done,,,,
CORE-700157,400157,Task,Task 4 for CORE-1026,CORE-1026,,Portfolio 2026,2,In Progress,,,,,
CORE-700158,400158,Bug,Bug 5 for CORE-1026,CORE-1026,,Portfolio 2026,3,To Do,,,,,
CORE-700159,400159,Story,Story 1 for CORE-1027,CORE-1027,,Portfolio 2026,3,In Progress,,,,,
CORE-700160,400160,Task,Task 2 for CORE-1027,CORE-1027,,Portfolio 2026,5,To Do,,,,,
CORE-700161,400161,Bug,Bug 3 for CORE-1027,CORE-1027,,Portfolio 2026,8,Done,Done,,,,
CORE-700162,400162,Story,Story 4 for CORE-1027,CORE-1027,,Portfolio 2026,1,To Do,,,,,
CORE-700163,400163,Task,Task 5 for CORE-1027,CORE-1027,,Portfolio 2026,2,In Progress,,,,,
CORE-700164,400164,Bug,Bug 6 for CORE-1027,CORE-1027,,Portfolio 2026,3,Done,Done,,,,
CORE-700165,400165,Story,Story 1 for CORE-1028,CORE-1028,,Portfolio 2026,2,To Do,,,,,
CORE-700166,400166,Task,Task 2 for CORE-1028,CORE-1028,,Portfolio 2026,3,In Progress,,,,,
CORE-700167,400167,Bug,Bug 3 for CORE-1028,CORE-1028,,Portfolio 2026,5,Done,Done,,,,
CORE-700168,400168,Story,Story 4 for CORE-1028,CORE-1028,,Portfolio 2026,8,In Progress,,,,,
CORE-700169,400169,Task,Task 5 for CORE-1028,CORE-1028,,Portfolio 2026,1,To Do,,,,,
CORE-700170,400170,Bug,Bug 1 for CORE-1029,CORE-1029,,Portfolio 2026,1,In Progress,,,,,
CORE-700171,400171,Story,Story 2 for CORE-1029,CORE-1029,,Portfolio 2026,2,To Do,,,,,
CORE-700172,400172,Task,Task 3 for CORE-1029,CORE-1029,,Portfolio 2026,3,Done,Done,,,,
CORE-700173,400173,Bug,Bug 4 for CORE-1029,CORE-1029,,Portfolio 2026,5,To Do,,,,,
CORE-700174,400174,Story,Story 5 for CORE-1029,CORE-1029,,Portfolio 2026,8,In Progress,,,,,
CORE-700175,400175,Task,Task 6 for CORE-1029,CORE-1029,,Portfolio 2026,1,Done,Done,,,,
CORE-700176,400176,Bug,Bug 1 for CORE-1030,CORE-1030,,Portfolio 2026,3,Done,Done,,,,
CORE-700177,400177,Story,Story 2 for CORE-1030,CORE-1030,,Portfolio 2026,5,In Progress,,,,,
CORE-700178,400178,Task,Task 3 for CORE-1030,CORE-1030,,Portfolio 2026,8,To Do,,,,,
CORE-700179,400179,Bug,Bug 4 for CORE-1030,CORE-1030,,Portfolio 2026,1,Done,Done,,,,
CORE-700180,400180,Story,Story 5 for CORE-1030,CORE-1030,,Portfolio 2026,2,To Do,,,,,
CORE-700181,400181,Task,Task 1 for CORE-1031,CORE-1031,,Portfolio 2026,2,Done,Done,,,,
CORE-700182,400182,Bug,Bug 2 for CORE-1031,CORE-1031,,Portfolio 2026,3,To Do,,,,,
CORE-700183,400183,Story,Story 3 for CORE-1031,CORE-1031,,Portfolio 2026,5,In Progress,,,,,
CORE-700184,400184,Task,Task 4 for CORE-1031,CORE-1031,,Portfolio 2026,8,Done,Done,,,,
CORE-700185,400185,Bug,Bug 5 for CORE-1031,CORE-1031,,Portfolio 2026,1,In Progress,,,,,
CORE-700186,400186,Story,Story 6 for CORE-1031,CORE-1031,,Portfolio 2026,2,To Do,,,,,
CORE-700187,400187,Task,Task 1 for CORE-1032,CORE-1032,,Portfolio 2026,1,Done,Done,,,,
CORE-700188,400188,Bug,Bug 2 for CORE-1032,CORE-1032,,Portfolio 2026,2,In Progress,,,,,
CORE-700189,400189,Story,Story 3 for CORE-1032,CORE-1032,,Portfolio 2026,3,To Do,,,,,
CORE-700190,400190,Task,Task 4 for CORE-1032,CORE-1032,,Portfolio 2026,5,Done,Done,,,,
CORE-700191,400191,Bug,Bug 5 for CORE-1032,CORE-1032,,Portfolio 2026,8,To Do,,,,,
CORE-700192,400192,Story,Story 1 for CORE-1033,CORE-1033,,Portfolio 2026,8,Done,Done,,,,
CORE-700193,400193,Task,Task 2 for CORE-1033,CORE-1033,,Portfolio 2026,1,To Do,,,,,
CORE-700194,400194,Bug,Bug 3 for CORE-1033,CORE-1033,,Portfolio 2026,2,In Progress,,,,,
CORE-700195,400195,Story,Story 4 for CORE-1033,CORE-1033,,Portfolio 2026,3,Done,Done,,,,
CORE-700196,400196,Task,Task 5 for CORE-1033,CORE-1033,,Portfolio 2026,5,In Progress,,,,,
CORE-700197,400197,Bug,Bug 6 for CORE-1033,CORE-1033,,Portfolio 2026,8,To Do,,,,,
CORE-700198,400198,Story,Story 1 for CORE-1034,CORE-1034,,Portfolio 2026,5,Done,Done,,,,
CORE-700199,400199,Task,Task 2 for CORE-1034,CORE-1034,,Portfolio 2026,8,In Progress,,,,,
CORE-700200,400200,Bug,Bug 3 for CORE-1034,CORE-1034,,Portfolio 2026,1,To Do,,,,,
CORE-700201,400201,Story,Story 4 for CORE-1034,CORE-1034,,Portfolio 2026,2,Done,Done,,,,
CORE-700202,400202,Task,Task 5 for CORE-1034,CORE-1034,,Portfolio 2026,3,To Do,,,,,
CORE-700203,400203,Bug,Bug 1 for CORE-1035,CORE-1035,,Portfolio 2026,3,Done,Done,,,,
CORE-700204,400204,Story,Story 2 for CORE-1035,CORE-1035,,Portfolio 2026,5,To Do,,,,,
CORE-700205,400205,Task,Task 3 for CORE-1035,CORE-1035,,Portfolio 2026,8,In Progress,,,,,
CORE-700206,400206,Bug,Bug 4 for CORE-1035,CORE-1035,,Portfolio 2026,1,Done,Done,,,,
CORE-700207,400207,Story,Story 5 for CORE-1035,CORE-1035,,Portfolio 2026,2,In Progress,,,,,
CORE-700208,400208,Task,Task 6 for CORE-1035,CORE-1035,,Portfolio 2026,3,To Do,,,,,
CORE-700209,400209,Bug,Bug 1 for CORE-1036,CORE-1036,,Portfolio 2026,2,Done,Done,,,,
CORE-700210,400210,Story,Story 2 for CORE-1036,CORE-1036,,Portfolio 2026,3,In Progress,,,,,
CORE-700211,400211,Task,Task 3 for CORE-1036,CORE-1036,,Portfolio 2026,5,To Do,,,,,
CORE-700212,400212,Bug,Bug 4 for CORE-1036,CORE-1036,,Portfolio 2026,8,Done,Done,,,,
CORE-700213,400213,Story,Story 5 for CORE-1036,CORE-1036,,Portfolio 2026,1,To Do,,,,,
CORE-700214,400214,Task,Task 1 for CORE-1037,CORE-1037,,Portfolio 2026,1,Done,Done,,,,
CORE-700215,400215,Bug,Bug 2 for CORE-1037,CORE-1037,,Portfolio 2026,2,To Do,,,,,
CORE-700216,400216,Story,Story 3 for CORE-1037,CORE-1037,,Portfolio 2026,3,In Progress,,,,,
CORE-700217,400217,Task,Task 4 for CORE-1037,CORE-1037,,Portfolio 2026,5,Done,Done,,,,
CORE-700218,400218,Bug,Bug 5 for CORE-1037,CORE-1037,,Portfolio 2026,8,In Progress,,,,,
CORE-700219,400219,Story,Story 6 for CORE-1037,CORE-1037,,Portfolio 2026,1,To Do,,,,,
CORE-700220,400220,Task,Task 1 for CORE-1038,CORE-1038,,Portfolio 2026,8,Done,Done,,,,
CORE-700221,400221,Bug,Bug 2 for CORE-1038,CORE-1038,,Portfolio 2026,1,In Progress,,,,,
CORE-700222,400222,Story,Story 3 for CORE-1038,CORE-1038,,Portfolio 2026,2,To Do,,,,,
CORE-700223,400223,Task,Task 4 for CORE-1038,CORE-1038,,Portfolio 2026,3,Done,Done,,,,
CORE-700224,400224,Bug,Bug 5 for CORE-1038,CORE-1038,,Portfolio 2026,5,To Do,,,,,
CORE-700225,400225,Story,Story 1 for CORE-1039,CORE-1039,,Portfolio 2026,5,Done,Done,,,,
CORE-700226,400226,Task,Task 2 for CORE-1039,CORE-1039,,Portfolio 2026,8,To Do,,,,,
CORE-700227,400227,Bug,Bug 3 for CORE-1039,CORE-1039,,Portfolio 2026,1,In Progress,,,,,
CORE-700228,400228,Story,Story 4 for CORE-1039,CORE-1039,,Portfolio 2026,2,Done,Done,,,,
CORE-700229,400229,Task,Task 5 for CORE-1039,CORE-1039,,Portfolio 2026,3,In Progress,,,,,
CORE-700230,400230,Bug,Bug 6 for CORE-1039,CORE-1039,,Portfolio 2026,5,To Do,,,,,
CORE-700231,400231,Story,Story 1 for CORE-1040,CORE-1040,,Portfolio 2026,1,To Do,,,,,
CORE-700232,400232,Task,Task 2 for CORE-1040,CORE-1040,,Portfolio 2026,2,Done,Done,,,,
CORE-700233,400233,Bug,Bug 3 for CORE-1040,CORE-1040,,Portfolio 2026,3,To Do,,,,,
CORE-700234,400234,Story,Story 4 for CORE-1040,CORE-1040,,Portfolio 2026,5,In Progress,,,,,
CORE-700235,400235,Task,Task 5 for CORE-1040,CORE-1040,,Portfolio 2026,8,Done,Done,,,,
CORE-700236,400236,Bug,Bug 1 for CORE-1041,CORE-1041,,Portfolio 2026,8,In Progress,,,,,
CORE-700237,400237,Story,Story 2 for CORE-1041,CORE-1041,,Portfolio 2026,1,Done,Done,,,,
CORE-700238,400238,Task,Task 3 for CORE-1041,CORE-1041,,Portfolio 2026,2,In Progress,,,,,
CORE-700239,400239,Bug,Bug 4 for CORE-1041,CORE-1041,,Portfolio 2026,3,To Do,,,,,
CORE-700240,400240,Story,Story 5 for CORE-1041,CORE-1041,,Portfolio 2026,5,Done,Done,,,,
CORE-700241,400241,Task,Task 6 for CORE-1041,CORE-1041,,Portfolio 2026,8,To Do,,,,,
CORE-700242,400242,Bug,Bug 1 for CORE-1042,CORE-1042,,Portfolio 2026,5,To Do,,,,,
CORE-700243,400243,Story,Story 2 for CORE-1042,CORE-1042,,Portfolio 2026,8,Done,Done,,,,
CORE-700244,400244,Task,Task 3 for CORE-1042,CORE-1042,,Portfolio 2026,1,To Do,,,,,
CORE-700245,400245,Bug,Bug 4 for CORE-1042,CORE-1042,,Portfolio 2026,2,In Progress,,,,,
CORE-700246,400246,Story,Story 5 for CORE-1042,CORE-1042,,Portfolio 2026,3,Done,Done,,,,
CORE-700247,400247,Task,Task 1 for CORE-1043,CORE-1043,,Portfolio 2026,3,In Progress,,,,,
CORE-700248,400248,Bug,Bug 2 for CORE-1043,CORE-1043,,Portfolio 2026,5,Done,Done,,,,
CORE-700249,400249,Story,Story 3 for CORE-1043,CORE-1043,,Portfolio 2026,8,In Progress,,,,,
CORE-700250,400250,Task,Task 4 for CORE-1043,CORE-1043,,Portfolio 2026,1,To Do,,,,,
CORE-700251,400251,Bug,Bug 5 for CORE-1043,CORE-1043,,Portfolio 2026,2,Done,Done,,,,
CORE-700252,400252,Story,Story 6 for CORE-1043,CORE-1043,,Portfolio 2026,3,To Do,,,,,
CORE-700253,400253,Task,Task 1 for CORE-1044,CORE-1044,,Portfolio 2026,2,To Do,,,,,
CORE-700254,400254,Bug,Bug 2 for CORE-1044,CORE-1044,,Portfolio 2026,3,Done,Done,,,,
CORE-700255,400255,Story,Story 3 for CORE-1044,CORE-1044,,Portfolio 2026,5,To Do,,,,,
CORE-700256,400256,Task,Task 4 for CORE-1044,CORE-1044,,Portfolio 2026,8,In Progress,,,,,
CORE-700257,400257,Bug,Bug 5 for CORE-1044,CORE-1044,,Portfolio 2026,1,Done,Done,,,,
CORE-700258,400258,Story,Story 1 for CORE-1045,CORE-1045,,Portfolio 2026,1,In Progress,,,,,
CORE-700259,400259,Task,Task 2 for CORE-1045,CORE-1045,,Portfolio 2026,2,Done,Done,,,,
CORE-700260,400260,Bug,Bug 3 for CORE-1045,CORE-1045,,Portfolio 2026,3,In Progress,,,,,
CORE-700261,400261,Story,Story 4 for CORE-1045,CORE-1045,,Portfolio 2026,5,To Do,,,,,
CORE-700262,400262,Task,Task 5 for CORE-1045,CORE-1045,,Portfolio 2026,8,Done,Done,,,,
CORE-700263,400263,Bug,Bug 6 for CORE-1045,CORE-1045,,Portfolio 2026,1,To Do,,,,,
CORE-700264,400264,Story,Story 1 for CORE-1046,CORE-1046,,Portfolio 2026,8,To Do,,,,,
CORE-700265,400265,Task,Task 2 for CORE-1046,CORE-1046,,Portfolio 2026,1,Done,Done,,,,
CORE-700266,400266,Bug,Bug 3 for CORE-1046,CORE-1046,,Portfolio 2026,2,To Do,,,,,
CORE-700267,400267,Story,Story 4 for CORE-1046,CORE-1046,,Portfolio 2026,3,In Progress,,,,,
CORE-700268,400268,Task,Task 5 for CORE-1046,CORE-1046,,Portfolio 2026,5,Done,Done,,,,
CORE-700269,400269,Bug,Bug 1 for CORE-1047,CORE-1047,,Portfolio 2026,5,In Progress,,,,,
CORE-700270,400270,Story,Story 2 for CORE-1047,CORE-1047,,Portfolio 2026,8,Done,Done,,,,
CORE-700271,400271,Task,Task 3 for CORE-1047,CORE-1047,,Portfolio 2026,1,In Progress,,,,,
CORE-700272,400272,Bug,Bug 4 for CORE-1047,CORE-1047,,Portfolio 2026,2,To Do,,,,,
CORE-700273,400273,Story,Story 5 for CORE-1047,CORE-1047,,Portfolio 2026,3,Done,Done,,,,
CORE-700274,400274,Task,Task 6 for CORE-1047,CORE-1047,,Portfolio 2026,5,To Do,,,,,
CORE-700275,400275,Bug,Bug 1 for CORE-1048,CORE-1048,,Portfolio 2026,3,To Do,,,,,
CORE-700276,400276,Story,Story 2 for CORE-1048,CORE-1048,,Portfolio 2026,5,Done,Done,,,,
CORE-700277,400277,Task,Task 3 for CORE-1048,CORE-1048,,Portfolio 2026,8,To Do,,,,,
CORE-700278,400278,Bug,Bug 4 for CORE-1048,CORE-1048,,Portfolio 2026,1,In Progress,,,,,
CORE-700279,400279,Story,Story 5 for CORE-1048,CORE-1048,,Portfolio 2026,2,Done,Done,,,,
CORE-700280,400280,Task,Task 1 for CORE-1049,CORE-1049,,Portfolio 2026,2,In Progress,,,,,
CORE-700281,400281,Bug,Bug 2 for CORE-1049,CORE-1049,,Portfolio 2026,3,Done,Done,,,,
CORE-700282,400282,Story,Story 3 for CORE-1049,CORE-1049,,Portfolio 2026,5,In Progress,,,,,
CORE-700283,400283,Task,Task 4 for CORE-1049,CORE-1049,,Portfolio 2026,8,To Do,,,,,
CORE-700284,400284,Bug,Bug 5 for CORE-1049,CORE-1049,,Portfolio 2026,1,Done,Done,,,,
CORE-700285,400285,Story,Story 6 for CORE-1049,CORE-1049,,Portfolio 2026,2,To Do,,,,,
WEB-700286,400286,Task,Task 1 for WEB-2000,WEB-2000,,Portfolio 2026,2,In Progress,,,,,
WEB-700287,400287,Bug,Bug 2 for WEB-2000,WEB-2000,,Portfolio 2026,3,To Do,,,,,
WEB-700288,400288,Story,Story 3 for WEB-2000,WEB-2000,,Portfolio 2026,5,Done,Done,,,,
WEB-700289,400289,Task,Task 4 for WEB-2000,WEB-2000,,Portfolio 2026,8,To Do,,,,,
WEB-700290,400290,Bug,Bug 5 for WEB-2000,WEB-2000,,Portfolio 2026,1,In Progress,,,,,
WEB-700291,400291,Story,Story 6 for WEB-2000,WEB-2000,,Portfolio 2026,2,Done,Done,,,,
WEB-700292,400292,Task,Task 1 for WEB-2001,WEB-2001,,Portfolio 2026,8,Done,Done,,,,
WEB-700293,400293,Bug,Bug 2 for WEB-2001,WEB-2001,,Portfolio 2026,1,To Do,,,,,
WEB-700294,400294,Story,Story 3 for WEB-2001,WEB-2001,,Portfolio 2026,2,In Progress,,,,,
WEB-700295,400295,Task,Task 4 for WEB-2001,WEB-2001,,Portfolio 2026,3,Done,Done,,,,
WEB-700296,400296,Bug,Bug 5 for WEB-2001,WEB-2001,,Portfolio 2026,5,In Progress,,,,,
WEB-700297,400297,Story,Story 6 for WEB-2001,WEB-2001,,Portfolio 2026,8,To Do,,,,,
WEB-700298,400298,Task,Task 1 for WEB-2002,WEB-2002,,Portfolio 2026,3,In Progress,,,,,
WEB-700299,400299,Bug,Bug 2 for WEB-2002,WEB-2002,,Portfolio 2026,5,Done,Done,,,,
WEB-700300,400300,Story,Story 3 for WEB-2002,WEB-2002,,Portfolio 2026,8,In Progress,,,,,
WEB-700301,400301,Task,Task 4 for WEB-2002,WEB-2002,,Portfolio 2026,1,To Do,,,,,
WEB-700302,400302,Bug,Bug 5 for WEB-2002,WEB-2002,,Portfolio 2026,2,Done,Done,,,,
WEB-700303,400303,Story,Story 6 for WEB-2002,WEB-2002,,Portfolio 2026,3,To Do,,,,,
WEB-700304,400304,Task,Task 1 for WEB-2003,WEB-2003,,Portfolio 2026,1,In Progress,,,,,
WEB-700305,400305,Bug,Bug 2 for WEB-2003,WEB-2003,,Portfolio 2026,2,To Do,,,,,
WEB-700306,400306,Story,Story 3 for WEB-2003,WEB-2003,,Portfolio 2026,3,Done,Done,,,,
WEB-700307,400307,Task,Task 4 for WEB-2003,WEB-2003,,Portfolio 2026,5,To Do,,,,,
WEB-700308,400308,Bug,Bug 5 for WEB-2003,WEB-2003,,Portfolio 2026,8,In Progress,,,,,
WEB-700309,400309,Story,Story 6 for WEB-2003,WEB-2003,,Portfolio 2026,1,Done,Done,,,,
WEB-700310,400310,Task,Task 1 for WEB-2004,WEB-2004,,Portfolio 2026,5,Done,Done,,,,
WEB-700311,400311,Bug,Bug 2 for WEB-2004,WEB-2004,,Portfolio 2026,8,To Do,,,,,
WEB-700312,400312,Story,Story 3 for WEB-2004,WEB-2004,,Portfolio 2026,1,In Progress,,,,,
WEB-700313,400313,Task,Task 4 for WEB-2004,WEB-2004,,Portfolio 2026,2,Done,Done,,,,
WEB-700314,400314,Bug,Bug 5 for WEB-2004,WEB-2004,,Portfolio 2026,3,In Progress,,,,,
WEB-700315,400315,Story,Story 6 for WEB-2004,WEB-2004,,Portfolio 2026,5,To Do,,,,,
WEB-700316,400316,Task,Task 1 for WEB-2005,WEB-2005,,Portfolio 2026,2,In Progress,,,,,
WEB-700317,400317,Bug,Bug 2 for WEB-2005,WEB-2005,,Portfolio 2026,3,Done,Done,,,,
WEB-700318,400318,Story,Story 3 for WEB-2005,WEB-2005,,Portfolio 2026,5,In Progress,,,,,
WEB-700319,400319,Task,Task 4 for WEB-2005,WEB-2005,,Portfolio 2026,8,To Do,,,,,
WEB-700320,400320,Bug,Bug 5 for WEB-2005,WEB-2005,,Portfolio 2026,1,Done,Done,,,,
WEB-700321,400321,Story,Story 6 for WEB-2005,WEB-2005,,Portfolio 2026,2,To Do,,,,,
WEB-700322,400322,Task,Task 1 for WEB-2006,WEB-2006,,Portfolio 2026,8,In Progress,,,,,
WEB-700323,400323,Bug,Bug 2 for WEB-2006,WEB-2006,,Portfolio 2026,1,To Do,,,,,
WEB-700324,400324,Story,Story 3 for WEB-2006,WEB-2006,,Portfolio 2026,2,Done,Done,,,,
WEB-700325,400325,Task,Task 4 for WEB-2006,WEB-2006,,Portfolio 2026,3,To Do,,,,,
WEB-700326,400326,Bug,Bug 5 for WEB-2006,WEB-2006,,Portfolio 2026,5,In Progress,,,,,
WEB-700327,400327,Story,Story 6 for WEB-2006,WEB-2006,,Portfolio 2026,8,Done,Done,,,,
WEB-700328,400328,Task,Task 1 for WEB-2007,WEB-2007,,Portfolio 2026,3,Done,Done,,,,
WEB-700329,400329,Bug,Bug 2 for WEB-2007,WEB-2007,,Portfolio 2026,5,To Do,,,,,
WEB-700330,400330,Story,Story 3 for WEB-2007,WEB-2007,,Portfolio 2026,8,In Progress,,,,,
WEB-700331,400331,Task,Task 4 for WEB-2007,WEB-2007,,Portfolio 2026,1,Done,Done,,,,
WEB-700332,400332,Bug,Bug 5 for WEB-2007,WEB-2007,,Portfolio 2026,2,In Progress,,,,,
WEB-700333,400333,Story,Story 6 for WEB-2007,WEB-2007,,Portfolio 2026,3,To Do,,,,,
WEB-700334,400334,Task,Task 1 for WEB-2008,WEB-2008,,Portfolio 2026,1,In Progress,,,,,
WEB-700335,400335,Bug,Bug 2 for WEB-2008,WEB-2008,,Portfolio 2026,2,Done,Done,,,,
WEB-700336,400336,Story,Story 3 for WEB-2008,WEB-2008,,Portfolio 2026,3,In Progress,,,,,
WEB-700337,400337,Task,Task 4 for WEB-2008,WEB-2008,,Portfolio 2026,5,To Do,,,,,
WEB-700338,400338,Bug,Bug 5 for WEB-2008,WEB-2008,,Portfolio 2026,8,Done,Done,,,,
WEB-700339,400339,Story,Story 6 for WEB-2008,WEB-2008,,Portfolio 2026,1,To Do,,,,,
WEB-700340,400340,Task,Task 1 for WEB-2009,WEB-2009,,Portfolio 2026,5,In Progress,,,,,
WEB-700341,400341,Bug,Bug 2 for WEB-2009,WEB-2009,,Portfolio 2026,8,To Do,,,,,
WEB-700342,400342,Story,Story 3 for WEB-2009,WEB-2009,,Portfolio 2026,1,Done,Done,,,,
WEB-700343,400343,Task,Task 4 for WEB-2009,WEB-2009,,Portfolio 2026,2,To Do,,,,,
WEB-700344,400344,Bug,Bug 5 for WEB-2009,WEB-2009,,Portfolio 2026,3,In Progress,,,,,
WEB-700345,400345,Story,Story 6 for WEB-2009,WEB-2009,,Portfolio 2026,5,Done,Done,,,,
WEB-700346,400346,Task,Task 1 for WEB-2011,WEB-2011,,Portfolio 2026,2,To Do,,,,,
WEB-700347,400347,Bug,Bug 2 for WEB-2011,WEB-2011,,Portfolio 2026,3,In Progress,,,,,
WEB-700348,400348,Story,Story 3 for WEB-2011,WEB-2011,,Portfolio 2026,5,Done,Done,,,,
WEB-700349,400349,Task,Task 4 for WEB-2011,WEB-2011,,Portfolio 2026,8,In Progress,,,,,
WEB-700350,400350,Bug,Bug 5 for WEB-2011,WEB-2011,,Portfolio 2026,1,To Do,,,,,
WEB-700351,400351,Story,Story 1 for WEB-2012,WEB-2012,,Portfolio 2026,8,Done,Done,,,,
WEB-700352,400352,Task,Task 2 for WEB-2012,WEB-2012,,Portfolio 2026,1,In Progress,,,,,
WEB-700353,400353,Bug,Bug 3 for WEB-2012,WEB-2012,,Portfolio 2026,2,To Do,,,,,
WEB-700354,400354,Story,Story 4 for WEB-2012,WEB-2012,,Portfolio 2026,3,Done,Done,,,,
WEB-700355,400355,Task,Task 5 for WEB-2012,WEB-2012,,Portfolio 2026,5,To Do,,,,,
WEB-700356,400356,Bug,Bug 1 for WEB-2013,WEB-2013,,Portfolio 2026,3,To Do,,,,,
WEB-700357,400357,Story,Story 2 for WEB-2013,WEB-2013,,Portfolio 2026,5,Done,Done,,,,
WEB-700358,400358,Task,Task 3 for WEB-2013,WEB-2013,,Portfolio 2026,8,To Do,,,,,
WEB-700359,400359,Bug,Bug 4 for WEB-2013,WEB-2013,,Portfolio 2026,1,In Progress,,,,,
WEB-700360,400360,Story,Story 5 for WEB-2013,WEB-2013,,Portfolio 2026,2,Done,Done,,,,
WEB-700361,400361,Task,Task 1 for WEB-2014,WEB-2014,,Portfolio 2026,1,To Do,,,,,
WEB-700362,400362,Bug,Bug 2 for WEB-2014,WEB-2014,,Portfolio 2026,2,In Progress,,,,,
WEB-700363,400363,Story,Story 3 for WEB-2014,WEB-2014,,Portfolio 2026,3,Done,Done,,,,
WEB-700364,400364,Task,Task 4 for WEB-2014,WEB-2014,,Portfolio 2026,5,In Progress,,,,,
WEB-700365,400365,Bug,Bug 5 for WEB-2014,WEB-2014,,Portfolio 2026,8,To Do,,,,,
WEB-700366,400366,Story,Story 1 for WEB-2015,WEB-2015,,Portfolio 2026,5,Done,Done,,,,
WEB-700367,400367,Task,Task 2 for WEB-2015,WEB-2015,,Portfolio 2026,8,In Progress,,,,,
WEB-700368,400368,Bug,Bug 3 for WEB-2015,WEB-2015,,Portfolio 2026,1,To Do,,,,,
WEB-700369,400369,Story,Story 4 for WEB-2015,WEB-2015,,Portfolio 2026,2,Done,Done,,,,
WEB-700370,400370,Task,Task 5 for WEB-2015,WEB-2015,,Portfolio 2026,3,To Do,,,,,
WEB-700371,400371,Bug,Bug 1 for WEB-2016,WEB-2016,,Portfolio 2026,2,To Do,,,,,
WEB-700372,400372,Story,Story 2 for WEB-2016,WEB-2016,,Portfolio 2026,3,Done,Done,,,,
WEB-700373,400373,Task,Task 3 for WEB-2016,WEB-2016,,Portfolio 2026,5,To Do,,,,,
WEB-700374,400374,Bug,Bug 4 for WEB-2016,WEB-2016,,Portfolio 2026,8,In Progress,,,,,
WEB-700375,400375,Story,Story 5 for WEB-2016,WEB-2016,,Portfolio 2026,1,Done,Done,,,,
WEB-700376,400376,Task,Task 1 for WEB-2017,WEB-2017,,Portfolio 2026,8,To Do,,,,,
WEB-700377,400377,Bug,Bug 2 for WEB-2017,WEB-2017,,Portfolio 2026,1,In Progress,,,,,
WEB-700378,400378,Story,Story 3 for WEB-2017,WEB-2017,,Portfolio 2026,2,Done,Done,,,,
WEB-700379,400379,Task,Task 4 for WEB-2017,WEB-2017,,Portfolio 2026,3,In Progress,,,,,
WEB-700380,400380,Bug,Bug 5 for WEB-2017,WEB-2017,,Portfolio 2026,5,To Do,,,,,
WEB-700381,400381,Story,Story 1 for WEB-2018,WEB-2018,,Portfolio 2026,3,Done,Done,,,,
WEB-700382,400382,Task,Task 2 for WEB-2018,WEB-2018,,Portfolio 2026,5,In Progress,,,,,
WEB-700383,400383,Bug,Bug 3 for WEB-2018,WEB-2018,,Portfolio 2026,8,To Do,,,,,
WEB-700384,400384,Story,Story 4 for WEB-2018,WEB-2018,,Portfolio 2026,1,Done,Done,,,,
WEB-700385,400385,Task,Task 5 for WEB-2018,WEB-2018,,Portfolio 2026,2,To Do,,,,,
WEB-700386,400386,Bug,Bug 1 for WEB-2019,WEB-2019,,Portfolio 2026,1,To Do,,,,,
WEB-700387,400387,Story,Story 2 for WEB-2019,WEB-2019,,Portfolio 2026,2,Done,Done,,,,
WEB-700388,400388,Task,Task 3 for WEB-2019,WEB-2019,,Portfolio 2026,3,To Do,,,,,
WEB-700389,400389,Bug,Bug 4 for WEB-2019,WEB-2019,,Portfolio 2026,5,In Progress,,,,,
WEB-700390,400390,Story,Story 5 for WEB-2019,WEB-2019,,Portfolio 2026,8,Done,Done,,,,
WEB-700391,400391,Task,Task 1 for WEB-2020,WEB-2020,,Portfolio 2026,1,Done,Done,,,,
WEB-700392,400392,Bug,Bug 2 for WEB-2020,WEB-2020,,Portfolio 2026,2,To Do,,,,,
WEB-700393,400393,Story,Story 3 for WEB-2020,WEB-2020,,Portfolio 2026,3,In Progress,,,,,
WEB-700394,400394,Task,Task 4 for WEB-2020,WEB-2020,,Portfolio 2026,5,Done,Done,,,,
WEB-700395,400395,Bug,Bug 5 for WEB-2020,WEB-2020,,Portfolio 2026,8,In Progress,,,,,
WEB-700396,400396,Story,Story 6 for WEB-2020,WEB-2020,,Portfolio 2026,1,To Do,,,,,
WEB-700397,400397,Task,Task 1 for WEB-2021,WEB-2021,,Portfolio 2026,5,In Progress,,,,,
WEB-700398,400398,Bug,Bug 2 for WEB-2021,WEB-2021,,Portfolio 2026,8,Done,Done,,,,
WEB-700399,400399,Story,Story 3 for WEB-2021,WEB-2021,,Portfolio 2026,1,In Progress,,,,,
WEB-700400,400400,Task,Task 4 for WEB-2021,WEB-2021,,Portfolio 2026,2,To Do,,,,,
WEB-700401,400401,Bug,Bug 5 for WEB-2021,WEB-2021,,Portfolio 2026,3,Done,Done,,,,
WEB-700402,400402,Story,Story 6 for WEB-2021,WEB-2021,,Portfolio 2026,5,To Do,,,,,
WEB-700403,400403,Task,Task 1 for WEB-2022,WEB-2022,,Portfolio 2026,2,In Progress,,,,,
WEB-700404,400404,Bug,Bug 2 for WEB-2022,WEB-2022,,Portfolio 2026,3,To Do,,,,,
WEB-700405,400405,Story,Story 3 for WEB-2022,WEB-2022,,Portfolio 2026,5,Done,Done,,,,
WEB-700406,400406,Task,Task 4 for WEB-2022,WEB-2022,,Portfolio 2026,8,To Do,,,,,
WEB-700407,400407,Bug,Bug 5 for WEB-2022,WEB-2022,,Portfolio 2026,1,In Progress,,,,,
WEB-700408,400408,Story,Story 6 for WEB-2022,WEB-2022,,Portfolio 2026,2,Done,Done,,,,
WEB-700409,400409,Task,Task 1 for WEB-2023,WEB-2023,,Portfolio 2026,8,Done,Done,,,,
WEB-700410,400410,Bug,Bug 2 for WEB-2023,WEB-2023,,Portfolio 2026,1,To Do,,,,,
WEB-700411,400411,Story,Story 3 for WEB-2023,WEB-2023,,Portfolio 2026,2,In Progress,,,,,
WEB-700412,400412,Task,Task 4 for WEB-2023,WEB-2023,,Portfolio 2026,3,Done,Done,,,,
WEB-700413,400413,Bug,Bug 5 for WEB-2023,WEB-2023,,Portfolio 2026,5,In Progress,,,,,
WEB-700414,400414,Story,Story 6 for WEB-2023,WEB-2023,,Portfolio 2026,8,To Do,,,,,
WEB-700415,400415,Task,Task 1 for WEB-2024,WEB-2024,,Portfolio 2026,3,In Progress,,,,,
WEB-700416,400416,Bug,Bug 2 for WEB-2024,WEB-2024,,Portfolio 2026,5,Done,Done,,,,
WEB-700417,400417,Story,Story 3 for WEB-2024,WEB-2024,,Portfolio 2026,8,In Progress,,,,,
WEB-700418,400418,Task,Task 4 for WEB-2024,WEB-2024,,Portfolio 2026,1,To Do,,,,,
WEB-700419,400419,Bug,Bug 5 for WEB-2024,WEB-2024,,Portfolio 2026,2,Done,Done,,,,
WEB-700420,400420,Story,Story 6 for WEB-2024,WEB-2024,,Portfolio 2026,3,To Do,,,,,
WEB-700421,400421,Task,Task 1 for WEB-2025,WEB-2025,,Portfolio 2026,1,In Progress,,,,,
WEB-700422,400422,Bug,Bug 2 for WEB-2025,WEB-2025,,Portfolio 2026,2,To Do,,,,,
WEB-700423,400423,Story,Story 3 for WEB-2025,WEB-2025,,Portfolio 2026,3,Done,Done,,,,
WEB-700424,400424,Task,Task 4 for WEB-2025,WEB-2025,,Portfolio 2026,5,To Do,,,,,
WEB-700425,400425,Bug,Bug 5 for WEB-2025,WEB-2025,,Portfolio 2026,8,In Progress,,,,,
WEB-700426,400426,Story,Story 6 for WEB-2025,WEB-2025,,Portfolio 2026,1,Done,Done,,,,
WEB-700427,400427,Task,Task 1 for WEB-2026,WEB-2026,,Portfolio 2026,5,Done,Done,,,,
WEB-700428,400428,Bug,Bug 2 for WEB-2026,WEB-2026,,Portfolio 2026,8,To Do,,,,,
WEB-700429,400429,Story,Story 3 for WEB-2026,WEB-2026,,Portfolio 2026,1,In Progress,,,,,
WEB-700430,400430,Task,Task 4 for WEB-2026,WEB-2026,,Portfolio 2026,2,Done,Done,,,,
WEB-700431,400431,Bug,Bug 5 for WEB-2026,WEB-2026,,Portfolio 2026,3,In Progress,,,,,
WEB-700432,400432,Story,Story 6 for WEB-2026,WEB-2026,,Portfolio 2026,5,To Do,,,,,
WEB-700433,400433,Task,Task 1 for WEB-2027,WEB-2027,,Portfolio 2026,2,In Progress,,,,,
WEB-700434,400434,Bug,Bug 2 for WEB-2027,WEB-2027,,Portfolio 2026,3,Done,Done,,,,
WEB-700435,400435,Story,Story 3 for WEB-2027,WEB-2027,,Portfolio 2026,5,In Progress,,,,,
WEB-700436,400436,Task,Task 4 for WEB-2027,WEB-2027,,Portfolio 2026,8,To Do,,,,,
WEB-700437,400437,Bug,Bug 5 for WEB-2027,WEB-2027,,Portfolio 2026,1,Done,Done,,,,
WEB-700438,400438,Story,Story 6 for WEB-2027,WEB-2027,,Portfolio 2026,2,To Do,,,,,
WEB-700439,400439,Task,Task 1 for WEB-2028,WEB-2028,,Portfolio 2026,8,In Progress,,,,,
WEB-700440,400440,Bug,Bug 2 for WEB-2028,WEB-2028,,Portfolio 2026,1,To Do,,,,,
WEB-700441,400441,Story,Story 3 for WEB-2028,WEB-2028,,Portfolio 2026,2,Done,Done,,,,
WEB-700442,400442,Task,Task 4 for WEB-2028,WEB-2028,,Portfolio 2026,3,To Do,,,,,
WEB-700443,400443,Bug,Bug 5 for WEB-2028,WEB-2028,,Portfolio 2026,5,In Progress,,,,,
WEB-700444,400444,Story,Story 6 for WEB-2028,WEB-2028,,Portfolio 2026,8,Done,Done,,,,
WEB-700445,400445,Task,Task 1 for WEB-2029,WEB-2029,,Portfolio 2026,3,Done,Done,,,,
WEB-700446,400446,Bug,Bug 2 for WEB-2029,WEB-2029,,Portfolio 2026,5,To Do,,,,,
WEB-700447,400447,Story,Story 3 for WEB-2029,WEB-2029,,Portfolio 2026,8,In Progress,,,,,
WEB-700448,400448,Task,Task 4 for WEB-2029,WEB-2029,,Portfolio 2026,1,Done,Done,,,,
WEB-700449,400449,Bug,Bug 5 for WEB-2029,WEB-2029,,Portfolio 2026,2,In Progress,,,,,
WEB-700450,400450,Story,Story 6 for WEB-2029,WEB-2029,,Portfolio 2026,3,To Do,,,,,
WEB-700451,400451,Task,Task 1 for WEB-2030,WEB-2030,,Portfolio 2026,3,To Do,,,,,
WEB-700452,400452,Bug,Bug 2 for WEB-2030,WEB-2030,,Portfolio 2026,5,In Progress,,,,,
WEB-700453,400453,Story,Story 3 for WEB-2030,WEB-2030,,Portfolio 2026,8,Done,Done,,,,
WEB-700454,400454,Task,Task 4 for WEB-2030,WEB-2030,,Portfolio 2026,1,In Progress,,,,,
WEB-700455,400455,Bug,Bug 5 for WEB-2030,WEB-2030,,Portfolio 2026,2,To Do,,,,,
WEB-700456,400456,Story,Story 1 for WEB-2031,WEB-2031,,Portfolio 2026,1,Done,Done,,,,
WEB-700457,400457,Task,Task 2 for WEB-2031,WEB-2031,,Portfolio 2026,2,In Progress,,,,,
WEB-700458,400458,Bug,Bug 3 for WEB-2031,WEB-2031,,Portfolio 2026,3,To Do,,,,,
WEB-700459,400459,Story,Story 4 for WEB-2031,WEB-2031,,Portfolio 2026,5,Done,Done,,,,
WEB-700460,400460,Task,Task 5 for WEB-2031,WEB-2031,,Portfolio 2026,8,To Do,,,,,
WEB-700461,400461,Bug,Bug 1 for WEB-2032,WEB-2032,,Portfolio 2026,5,To Do,,,,,
WEB-700462,400462,Story,Story 2 for WEB-2032,WEB-2032,,Portfolio 2026,8,Done,Done,,,,
WEB-700463,400463,Task,Task 3 for WEB-2032,WEB-2032,,Portfolio 2026,1,To Do,,,,,
WEB-700464,400464,Bug,Bug 4 for WEB-2032,WEB-2032,,Portfolio 2026,2,In Progress,,,,,
WEB-700465,400465,Story,Story 5 for WEB-2032,WEB-2032,,Portfolio 2026,3,Done,Done,,,,
WEB-700466,400466,Task,Task 1 for WEB-2033,WEB-2033,,Portfolio 2026,2,To Do,,,,,
WEB-700467,400467,Bug,Bug 2 for WEB-2033,WEB-2033,,Portfolio 2026,3,In Progress,,,,,
WEB-700468,400468,Story,Story 3 for WEB-2033,WEB-2033,,Portfolio 2026,5,Done,Done,,,,
WEB-700469,400469,Task,Task 4 for WEB-2033,WEB-2033,,Portfolio 2026,8,In Progress,,,,,
WEB-700470,400470,Bug,Bug 5 for WEB-2033,WEB-2033,,Portfolio 2026,1,To Do,,,,,
WEB-700471,400471,Story,Story 1 for WEB-2034,WEB-2034,,Portfolio 2026,8,Done,Done,,,,
WEB-700472,400472,Task,Task 2 for WEB-2034,WEB-2034,,Portfolio 2026,1,In Progress,,,,,
WEB-700473,400473,Bug,Bug 3 for WEB-2034,WEB-2034,,Portfolio 2026,2,To Do,,,,,
WEB-700474,400474,Story,Story 4 for WEB-2034,WEB-2034,,Portfolio 2026,3,Done,Done,,,,
WEB-700475,400475,Task,Task 5 for WEB-2034,WEB-2034,,Portfolio 2026,5,To Do,,,,,
WEB-700476,400476,Bug,Bug 1 for WEB-2035,WEB-2035,,Portfolio 2026,3,To Do,,,,,
WEB-700477,400477,Story,Story 2 for WEB-2035,WEB-2035,,Portfolio 2026,5,Done,Done,,,,
WEB-700478,400478,Task,Task 3 for WEB-2035,WEB-2035,,Portfolio 2026,8,To Do,,,,,
WEB-700479,400479,Bug,Bug 4 for WEB-2035,WEB-2035,,Portfolio 2026,1,In Progress,,,,,
WEB-700480,400480,Story,Story 5 for WEB-2035,WEB-2035,,Portfolio 2026,2,Done,Done,,,,
WEB-700481,400481,Task,Task 1 for WEB-2036,WEB-2036,,Portfolio 2026,1,To Do,,,,,
WEB-700482,400482,Bug,Bug 2 for WEB-2036,WEB-2036,,Portfolio 2026,2,In Progress,,,,,
WEB-700483,400483,Story,Story 3 for WEB-2036,WEB-2036,,Portfolio 2026,3,Done,Done,,,,
WEB-700484,400484,Task,Task 4 for WEB-2036,WEB-2036,,Portfolio 2026,5,In Progress,,,,,
WEB-700485,400485,Bug,Bug 5 for WEB-2036,WEB-2036,,Portfolio 2026,8,To Do,,,,,
WEB-700486,400486,Story,Story 1 for WEB-2037,WEB-2037,,Portfolio 2026,5,Done,Done,,,,
WEB-700487,400487,Task,Task 2 for WEB-2037,WEB-2037,,Portfolio 2026,8,In Progress,,,,,
WEB-700488,400488,Bug,Bug 3 for WEB-2037,WEB-2037,,Portfolio 2026,1,To Do,,,,,
WEB-700489,400489,Story,Story 4 for WEB-2037,WEB-2037,,Portfolio 2026,2,Done,Done,,,,
WEB-700490,400490,Task,Task 5 for WEB-2037,WEB-2037,,Portfolio 2026,3,To Do,,,,,
WEB-700491,400491,Bug,Bug 1 for WEB-2038,WEB-2038,,Portfolio 2026,2,To Do,,,,,
WEB-700492,400492,Story,Story 2 for WEB-2038,WEB-2038,,Portfolio 2026,3,Done,Done,,,,
WEB-700493,400493,Task,Task 3 for WEB-2038,WEB-2038,,Portfolio 2026,5,To Do,,,,,
WEB-700494,400494,Bug,Bug 4 for WEB-2038,WEB-2038,,Portfolio 2026,8,In Progress,,,,,
WEB-700495,400495,Story,Story 5 for WEB-2038,WEB-2038,,Portfolio 2026,1,Done,Done,,,,
WEB-700496,400496,Task,Task 1 for WEB-2039,WEB-2039,,Portfolio 2026,8,To Do,,,,,
WEB-700497,400497,Bug,Bug 2 for WEB-2039,WEB-2039,,Portfolio 2026,1,In Progress,,,,,
WEB-700498,400498,Story,Story 3 for WEB-2039,WEB-2039,,Portfolio 2026,2,Done,Done,,,,
WEB-700499,400499,Task,Task 4 for WEB-2039,WEB-2039,,Portfolio 2026,3,In Progress,,,,,
WEB-700500,400500,Bug,Bug 5 for WEB-2039,WEB-2039,,Portfolio 2026,5,To Do,,,,,
WEB-700501,400501,Story,Story 1 for WEB-2040,WEB-2040,,Portfolio 2026,8,In Progress,,,,,
WEB-700502,400502,Task,Task 2 for WEB-2040,WEB-2040,,Portfolio 2026,1,Done,Done,,,,
WEB-700503,400503,Bug,Bug 3 for WEB-2040,WEB-2040,,Portfolio 2026,2,In Progress,,,,,
WEB-700504,400504,Story,Story 4 for WEB-2040,WEB-2040,,Portfolio 2026,3,To Do,,,,,
WEB-700505,400505,Task,Task 5 for WEB-2040,WEB-2040,,Portfolio 2026,5,Done,Done,,,,
WEB-700506,400506,Bug,Bug 6 for WEB-2040,WEB-2040,,Portfolio 2026,8,To Do,,,,,
WEB-700507,400507,Story,Story 1 for WEB-2041,WEB-2041,,Portfolio 2026,3,In Progress,,,,,
WEB-700508,400508,Task,Task 2 for WEB-2041,WEB-2041,,Portfolio 2026,5,To Do,,,,,
WEB-700509,400509,Bug,Bug 3 for WEB-2041,WEB-2041,,Portfolio 2026,8,Done,Done,,,,
WEB-700510,400510,Story,Story 4 for WEB-2041,WEB-2041,,Portfolio 2026,1,To Do,,,,,
WEB-700511,400511,Task,Task 5 for WEB-2041,WEB-2041,,Portfolio 2026,2,In Progress,,,,,
WEB-700512,400512,Bug,Bug 6 for WEB-2041,WEB-2041,,Portfolio 2026,3,Done,Done,,,,
WEB-700513,400513,Story,Story 1 for WEB-2042,WEB-2042,,Portfolio 2026,1,Done,Done,,,,
WEB-700514,400514,Task,Task 2 for WEB-2042,WEB-2042,,Portfolio 2026,2,To Do,,,,,
WEB-700515,400515,Bug,Bug 3 for WEB-2042,WEB-2042,,Portfolio 2026,3,In Progress,,,,,
WEB-700516,400516,Story,Story 4 for WEB-2042,WEB-2042,,Portfolio 2026,5,Done,Done,,,,
WEB-700517,400517,Task,Task 5 for WEB-2042,WEB-2042,,Portfolio 2026,8,In Progress,,,,,
WEB-700518,400518,Bug,Bug 6 for WEB-2042,WEB-2042,,Portfolio 2026,1,To Do,,,,,
WEB-700519,400519,Story,Story 1 for WEB-2043,WEB-2043,,Portfolio 2026,5,In Progress,,,,,
WEB-700520,400520,Task,Task 2 for WEB-2043,WEB-2043,,Portfolio 2026,8,Done,Done,,,,
WEB-700521,400521,Bug,Bug 3 for WEB-2043,WEB-2043,,Portfolio 2026,1,In Progress,,,,,
WEB-700522,400522,Story,Story 4 for WEB-2043,WEB-2043,,Portfolio 2026,2,To Do,,,,,
WEB-700523,400523,Task,Task 5 for WEB-2043,WEB-2043,,Portfolio 2026,3,Done,Done,,,,
WEB-700524,400524,Bug,Bug 6 for WEB-2043,WEB-2043,,Portfolio 2026,5,To Do,,,,,
WEB-700525,400525,Story,Story 1 for WEB-2044,WEB-2044,,Portfolio 2026,2,In Progress,,,,,
WEB-700526,400526,Task,Task 2 for WEB-2044,WEB-2044,,Portfolio 2026,3,To Do,,,,,
WEB-700527,400527,Bug,Bug 3 for WEB-2044,WEB-2044,,Portfolio 2026,5,Done,Done,,,,
WEB-700528,400528,Story,Story 4 for WEB-2044,WEB-2044,,Portfolio 2026,8,To Do,,,,,
WEB-700529,400529,Task,Task 5 for WEB-2044,WEB-2044,,Portfolio 2026,1,In Progress,,,,,
WEB-700530,400530,Bug,Bug 6 for WEB-2044,WEB-2044,,Portfolio 2026,2,Done,Done,,,,
DATA-700531,400531,Story,Story 1 for DATA-3000,DATA-3000,,Portfolio 2026,5,In Progress,,,,,
DATA-700532,400532,Task,Task 2 for DATA-3000,DATA-3000,,Portfolio 2026,8,Done,Done,,,,
DATA-700533,400533,Bug,Bug 3 for DATA-3000,DATA-3000,,Portfolio 2026,1,In Progress,,,,,
DATA-700534,400534,Story,Story 4 for DATA-3000,DATA-3000,,Portfolio 2026,2,To Do,,,,,
DATA-700535,400535,Task,Task 5 for DATA-3000,DATA-3000,,Portfolio 2026,3,Done,Done,,,,
DATA-700536,400536,Bug,Bug 6 for DATA-3000,DATA-3000,,Portfolio 2026,5,To Do,,,,,
DATA-700537,400537,Story,Story 1 for DATA-3001,DATA-3001,,Portfolio 2026,3,To Do,,,,,
DATA-700538,400538,Task,Task 2 for DATA-3001,DATA-3001,,Portfolio 2026,5,Done,Done,,,,
DATA-700539,400539,Bug,Bug 3 for DATA-3001,DATA-3001,,Portfolio 2026,8,To Do,,,,,
DATA-700540,400540,Story,Story 4 for DATA-3001,DATA-3001,,Portfolio 2026,1,In Progress,,,,,
DATA-700541,400541,Task,Task 5 for DATA-3001,DATA-3001,,Portfolio 2026,2,Done,Done,,,,
DATA-700542,400542,Bug,Bug 1 for DATA-3002,DATA-3002,,Portfolio 2026,2,In Progress,,,,,
DATA-700543,400543,Story,Story 2 for DATA-3002,DATA-3002,,Portfolio 2026,3,Done,Done,,,,
DATA-700544,400544,Task,Task 3 for DATA-3002,DATA-3002,,Portfolio 2026,5,In Progress,,,,,
DATA-700545,400545,Bug,Bug 4 for DATA-3002,DATA-3002,,Portfolio 2026,8,To Do,,,,,
DATA-700546,400546,Story,Story 5 for DATA-3002,DATA-3002,,Portfolio 2026,1,Done,Done,,,,
DATA-700547,400547,Task,Task 6 for DATA-3002,DATA-3002,,Portfolio 2026,2,To Do,,,,,
DATA-700548,400548,Bug,Bug 1 for DATA-3003,DATA-3003,,Portfolio 2026,1,To Do,,,,,
DATA-700549,400549,Story,Story 2 for DATA-3003,DATA-3003,,Portfolio 2026,2,Done,Done,,,,
DATA-700550,400550,Task,Task 3 for DATA-3003,DATA-3003,,Portfolio 2026,3,To Do,,,,,
DATA-700551,400551,Bug,Bug 4 for DATA-3003,DATA-3003,,Portfolio 2026,5,In Progress,,,,,
DATA-700552,400552,Story,Story 5 for DATA-3003,DATA-3003,,Portfolio 2026,8,Done,Done,,,,
DATA-700553,400553,Task,Task 1 for DATA-3004,DATA-3004,,Portfolio 2026,8,In Progress,,,,,
DATA-700554,400554,Bug,Bug 2 for DATA-3004,DATA-3004,,Portfolio 2026,1,Done,Done,,,,
DATA-700555,400555,Story,Story 3 for DATA-3004,DATA-3004,,Portfolio 2026,2,In Progress,,,,,
DATA-700556,400556,Task,Task 4 for DATA-3004,DATA-3004,,Portfolio 2026,3,To Do,,,,,
DATA-700557,400557,Bug,Bug 5 for DATA-3004,DATA-3004,,Portfolio 2026,5,Done,Done,,,,
DATA-700558,400558,Story,Story 6 for DATA-3004,DATA-3004,,Portfolio 2026,8,To Do,,,,,
DATA-700559,400559,Task,Task 1 for DATA-3005,DATA-3005,,Portfolio 2026,5,To Do,,,,,
DATA-700560,400560,Bug,Bug 2 for DATA-3005,DATA-3005,,Portfolio 2026,8,Done,Done,,,,
DATA-700561,400561,Story,Story 3 for DATA-3005,DATA-3005,,Portfolio 2026,1,To Do,,,,,
DATA-700562,400562,Task,Task 4 for DATA-3005,DATA-3005,,Portfolio 2026,2,In Progress,,,,,
DATA-700563,400563,Bug,Bug 5 for DATA-3005,DATA-3005,,Portfolio 2026,3,Done,Done,,,,
DATA-700564,400564,Story,Story 1 for DATA-3006,DATA-3006,,Portfolio 2026,3,In Progress,,,,,
DATA-700565,400565,Task,Task 2 for DATA-3006,DATA-3006,,Portfolio 2026,5,Done,Done,,,,
DATA-700566,400566,Bug,Bug 3 for DATA-3006,DATA-3006,,Portfolio 2026,8,In Progress,,,,,
DATA-700567,400567,Story,Story 4 for DATA-3006,DATA-3006,,Portfolio 2026,1,To Do,,,,,
DATA-700568,400568,Task,Task 5 for DATA-3006,DATA-3006,,Portfolio 2026,2,Done,Done,,,,
DATA-700569,400569,Bug,Bug 6 for DATA-3006,DATA-3006,,Portfolio 2026,3,To Do,,,,,
DATA-700570,400570,Story,Story 1 for DATA-3007,DATA-3007,,Portfolio 2026,2,To Do,,,,,
DATA-700571,400571,Task,Task 2 for DATA-3007,DATA-3007,,Portfolio 2026,3,Done,Done,,,,
DATA-700572,400572,Bug,Bug 3 for DATA-3007,DATA-3007,,Portfolio 2026,5,To Do,,,,,
DATA-700573,400573,Story,Story 4 for DATA-3007,DATA-3007,,Portfolio 2026,8,In Progress,,,,,
DATA-700574,400574,Task,Task 5 for DATA-3007,DATA-3007,,Portfolio 2026,1,Done,Done,,,,
DATA-700575,400575,Bug,Bug 1 for DATA-3008,DATA-3008,,Portfolio 2026,1,In Progress,,,,,
DATA-700576,400576,Story,Story 2 for DATA-3008,DATA-3008,,Portfolio 2026,2,Done,Done,,,,
DATA-700577,400577,Task,Task 3 for DATA-3008,DATA-3008,,Portfolio 2026,3,In Progress,,,,,
DATA-700578,400578,Bug,Bug 4 for DATA-3008,DATA-3008,,Portfolio 2026,5,To Do,,,,,
DATA-700579,400579,Story,Story 5 for DATA-3008,DATA-3008,,Portfolio 2026,8,Done,Done,,,,
DATA-700580,400580,Task,Task 6 for DATA-3008,DATA-3008,,Portfolio 2026,1,To Do,,,,,
DATA-700581,400581,Bug,Bug 1 for DATA-3009,DATA-3009,,Portfolio 2026,8,To Do,,,,,
DATA-700582,400582,Story,Story 2 for DATA-3009,DATA-3009,,Portfolio 2026,1,Done,Done,,,,
DATA-700583,400583,Task,Task 3 for DATA-3009,DATA-3009,,Portfolio 2026,2,To Do,,,,,
DATA-700584,400584,Bug,Bug 4 for DATA-3009,DATA-3009,,Portfolio 2026,3,In Progress,,,,,
DATA-700585,400585,Story,Story 5 for DATA-3009,DATA-3009,,Portfolio 2026,5,Done,Done,,,,
DATA-700586,400586,Task,Task 1 for DATA-3010,DATA-3010,,Portfolio 2026,2,In Progress,,,,,
DATA-700587,400587,Bug,Bug 2 for DATA-3010,DATA-3010,,Portfolio 2026,3,To Do,,,,,
DATA-700588,400588,Story,Story 3 for DATA-3010,DATA-3010,,Portfolio 2026,5,Done,Done,,,,
DATA-700589,400589,Task,Task 4 for DATA-3010,DATA-3010,,Portfolio 2026,8,To Do,,,,,
DATA-700590,400590,Bug,Bug 5 for DATA-3010,DATA-3010,,Portfolio 2026,1,In Progress,,,,,
DATA-700591,400591,Story,Story 6 for DATA-3010,DATA-3010,,Portfolio 2026,2,Done,Done,,,,
DATA-700592,400592,Task,Task 1 for DATA-3011,DATA-3011,,Portfolio 2026,1,To Do,,,,,
DATA-700593,400593,Bug,Bug 2 for DATA-3011,DATA-3011,,Portfolio 2026,2,In Progress,,,,,
DATA-700594,400594,Story,Story 3 for DATA-3011,DATA-3011,,Portfolio 2026,3,Done,Done,,,,
DATA-700595,400595,Task,Task 4 for DATA-3011,DATA-3011,,Portfolio 2026,5,In Progress,,,,,
DATA-700596,400596,Bug,Bug 5 for DATA-3011,DATA-3011,,Portfolio 2026,8,To Do,,,,,
DATA-700597,400597,Story,Story 1 for DATA-3012,DATA-3012,,Portfolio 2026,8,In Progress,,,,,
DATA-700598,400598,Task,Task 2 for DATA-3012,DATA-3012,,Portfolio 2026,1,To Do,,,,,
DATA-700599,400599,Bug,Bug 3 for DATA-3012,DATA-3012,,Portfolio 2026,2,Done,Done,,,,
DATA-700600,400600,Story,Story 4 for DATA-3012,DATA-3012,,Portfolio 2026,3,To Do,,,,,
DATA-700601,400601,Task,Task 5 for DATA-3012,DATA-3012,,Portfolio 2026,5,In Progress,,,,,
DATA-700602,400602,Bug,Bug 6 for DATA-3012,DATA-3012,,Portfolio 2026,8,Done,Done,,,,
DATA-700603,400603,Story,Story 1 for DATA-3013,DATA-3013,,Portfolio 2026,5,To Do,,,,,
DATA-700604,400604,Task,Task 2 for DATA-3013,DATA-3013,,Portfolio 2026,8,In Progress,,,,,
DATA-700605,400605,Bug,Bug 3 for DATA-3013,DATA-3013,,Portfolio 2026,1,Done,Done,,,,
DATA-700606,400606,Story,Story 4 for DATA-3013,DATA-3013,,Portfolio 2026,2,In Progress,,,,,
DATA-700607,400607,Task,Task 5 for DATA-3013,DATA-3013,,Portfolio 2026,3,To Do,,,,,
DATA-700608,400608,Bug,Bug 1 for DATA-3014,DATA-3014,,Portfolio 2026,3,In Progress,,,,,
DATA-700609,400609,Story,Story 2 for DATA-3014,DATA-3014,,Portfolio 2026,5,To Do,,,,,
DATA-700610,400610,Task,Task 3 for DATA-3014,DATA-3014,,Portfolio 2026,8,Done,Done,,,,
DATA-700611,400611,Bug,Bug 4 for DATA-3014,DATA-3014,,Portfolio 2026,1,To Do,,,,,
DATA-700612,400612,Story,Story 5 for DATA-3014,DATA-3014,,Portfolio 2026,2,In Progress,,,,,
DATA-700613,400613,Task,Task 6 for DATA-3014,DATA-3014,,Portfolio 2026,3,Done,Done,,,,
DATA-700614,400614,Bug,Bug 1 for DATA-3015,DATA-3015,,Portfolio 2026,2,To Do,,,,,
DATA-700615,400615,Story,Story 2 for DATA-3015,DATA-3015,,Portfolio 2026,3,In Progress,,,,,
DATA-700616,400616,Task,Task 3 for DATA-3015,DATA-3015,,Portfolio 2026,5,Done,Done,,,,
DATA-700617,400617,Bug,Bug 4 for DATA-3015,DATA-3015,,Portfolio 2026,8,In Progress,,,,,
DATA-700618,400618,Story,Story 5 for DATA-3015,DATA-3015,,Portfolio 2026,1,To Do,,,,,
DATA-700619,400619,Task,Task 1 for DATA-3016,DATA-3016,,Portfolio 2026,1,In Progress,,,,,
DATA-700620,400620,Bug,Bug 2 for DATA-3016,DATA-3016,,Portfolio 2026,2,To Do,,,,,
DATA-700621,400621,Story,Story 3 for DATA-3016,DATA-3016,,Portfolio 2026,3,Done,Done,,,,
DATA-700622,400622,Task,Task 4 for DATA-3016,DATA-3016,,Portfolio 2026,5,To Do,,,,,
DATA-700623,400623,Bug,Bug 5 for DATA-3016,DATA-3016,,Portfolio 2026,8,In Progress,,,,,
DATA-700624,400624,Story,Story 6 for DATA-3016,DATA-3016,,Portfolio 2026,1,Done,Done,,,,
DATA-700625,400625,Task,Task 1 for DATA-3017,DATA-3017,,Portfolio 2026,8,To Do,,,,,
DATA-700626,400626,Bug,Bug 2 for DATA-3017,DATA-3017,,Portfolio 2026,1,In Progress,,,,,
DATA-700627,400627,Story,Story 3 for DATA-3017,DATA-3017,,Portfolio 2026,2,Done,Done,,,,
DATA-700628,400628,Task,Task 4 for DATA-3017,DATA-3017,,Portfolio 2026,3,In Progress,,,,,
DATA-700629,400629,Bug,Bug 5 for DATA-3017,DATA-3017,,Portfolio 2026,5,To Do,,,,,
DATA-700630,400630,Story,Story 1 for DATA-3018,DATA-3018,,Portfolio 2026,5,In Progress,,,,,
DATA-700631,400631,Task,Task 2 for DATA-3018,DATA-3018,,Portfolio 2026,8,To Do,,,,,
DATA-700632,400632,Bug,Bug 3 for DATA-3018,DATA-3018,,Portfolio 2026,1,Done,Done,,,,
DATA-700633,400633,Story,Story 4 for DATA-3018,DATA-3018,,Portfolio 2026,2,To Do,,,,,
DATA-700634,400634,Task,Task 5 for DATA-3018,DATA-3018,,Portfolio 2026,3,In Progress,,,,,
DATA-700635,400635,Bug,Bug 6 for DATA-3018,DATA-3018,,Portfolio 2026,5,Done,Done,,,,
DATA-700636,400636,Story,Story 1 for DATA-3019,DATA-3019,,Portfolio 2026,3,To Do,,,,,
DATA-700637,400637,Task,Task 2 for DATA-3019,DATA-3019,,Portfolio 2026,5,In Progress,,,,,
DATA-700638,400638,Bug,Bug 3 for DATA-3019,DATA-3019,,Portfolio 2026,8,Done,Done,,,,
DATA-700639,400639,Story,Story 4 for DATA-3019,DATA-3019,,Portfolio 2026,1,In Progress,,,,,
DATA-700640,400640,Task,Task 5 for DATA-3019,DATA-3019,,Portfolio 2026,2,To Do,,,,,
DATA-700641,400641,Bug,Bug 1 for DATA-3020,DATA-3020,,Portfolio 2026,8,Done,Done,,,,
DATA-700642,400642,Story,Story 2 for DATA-3020,DATA-3020,,Portfolio 2026,1,To Do,,,,,
DATA-700643,400643,Task,Task 3 for DATA-3020,DATA-3020,,Portfolio 2026,2,In Progress,,,,,
DATA-700644,400644,Bug,Bug 4 for DATA-3020,DATA-3020,,Portfolio 2026,3,Done,Done,,,,
DATA-700645,400645,Story,Story 5 for DATA-3020,DATA-3020,,Portfolio 2026,5,In Progress,,,,,
DATA-700646,400646,Task,Task 6 for DATA-3020,DATA-3020,,Portfolio 2026,8,To Do,,,,,
DATA-700647,400647,Bug,Bug 1 for DATA-3021,DATA-3021,,Portfolio 2026,5,Done,Done,,,,
DATA-700648,400648,Story,Story 2 for DATA-3021,DATA-3021,,Portfolio 2026,8,In Progress,,,,,
DATA-700649,400649,Task,Task 3 for DATA-3021,DATA-3021,,Portfolio 2026,1,To Do,,,,,
DATA-700650,400650,Bug,Bug 4 for DATA-3021,DATA-3021,,Portfolio 2026,2,Done,Done,,,,
DATA-700651,400651,Story,Story 5 for DATA-3021,DATA-3021,,Portfolio 2026,3,To Do,,,,,
DATA-700652,400652,Task,Task 1 for DATA-3022,DATA-3022,,Portfolio 2026,3,Done,Done,,,,
DATA-700653,400653,Bug,Bug 2 for DATA-3022,DATA-3022,,Portfolio 2026,5,To Do,,,,,
DATA-700654,400654,Story,Story 3 for DATA-3022,DATA-3022,,Portfolio 2026,8,In Progress,,,,,
DATA-700655,400655,Task,Task 4 for DATA-3022,DATA-3022,,Portfolio 2026,1,Done,Done,,,,
DATA-700656,400656,Bug,Bug 5 for DATA-3022,DATA-3022,,Portfolio 2026,2,In Progress,,,,,
DATA-700657,400657,Story,Story 6 for DATA-3022,DATA-3022,,Portfolio 2026,3,To Do,,,,,
DATA-700658,400658,Task,Task 1 for DATA-3023,DATA-3023,,Portfolio 2026,2,Done,Done,,,,
DATA-700659,400659,Bug,Bug 2 for DATA-3023,DATA-3023,,Portfolio 2026,3,In Progress,,,,,
DATA-700660,400660,Story,Story 3 for DATA-3023,DATA-3023,,Portfolio 2026,5,To Do,,,,,
DATA-700661,400661,Task,Task 4 for DATA-3023,DATA-3023,,Portfolio 2026,8,Done,Done,,,,
DATA-700662,400662,Bug,Bug 5 for DATA-3023,DATA-3023,,Portfolio 2026,1,To Do,,,,,
DATA-700663,400663,Story,Story 1 for DATA-3024,DATA-3024,,Portfolio 2026,1,Done,Done,,,,
DATA-700664,400664,Task,Task 2 for DATA-3024,DATA-3024,,Portfolio 2026,2,To Do,,,,,
DATA-700665,400665,Bug,Bug 3 for DATA-3024,DATA-3024,,Portfolio 2026,3,In Progress,,,,,
DATA-700666,400666,Story,Story 4 for DATA-3024,DATA-3024,,Portfolio 2026,5,Done,Done,,,,
DATA-700667,400667,Task,Task 5 for DATA-3024,DATA-3024,,Portfolio 2026,8,In Progress,,,,,
DATA-700668,400668,Bug,Bug 6 for DATA-3024,DATA-3024,,Portfolio 2026,1,To Do,,,,,
DATA-700669,400669,Story,Story 1 for DATA-3025,DATA-3025,,Portfolio 2026,8,Done,Done,,,,
DATA-700670,400670,Task,Task 2 for DATA-3025,DATA-3025,,Portfolio 2026,1,In Progress,,,,,
DATA-700671,400671,Bug,Bug 3 for DATA-3025,DATA-3025,,Portfolio 2026,2,To Do,,,,,
DATA-700672,400672,Story,Story 4 for DATA-3025,DATA-3025,,Portfolio 2026,3,Done,Done,,,,
DATA-700673,400673,Task,Task 5 for DATA-3025,DATA-3025,,Portfolio 2026,5,To Do,,,,,
DATA-700674,400674,Bug,Bug 1 for DATA-3026,DATA-3026,,Portfolio 2026,5,Done,Done,,,,
DATA-700675,400675,Story,Story 2 for DATA-3026,DATA-3026,,Portfolio 2026,8,To Do,,,,,
DATA-700676,400676,Task,Task 3 for DATA-3026,DATA-3026,,Portfolio 2026,1,In Progress,,,,,
DATA-700677,400677,Bug,Bug 4 for DATA-3026,DATA-3026,,Portfolio 2026,2,Done,Done,,,,
DATA-700678,400678,Story,Story 5 for DATA-3026,DATA-3026,,Portfolio 2026,3,In Progress,,,,,
DATA-700679,400679,Task,Task 6 for DATA-3026,DATA-3026,,Portfolio 2026,5,To Do,,,,,
DATA-700680,400680,Bug,Bug 1 for DATA-3027,DATA-3027,,Portfolio 2026,3,Done,Done,,,,
DATA-700681,400681,Story,Story 2 for DATA-3027,DATA-3027,,Portfolio 2026,5,In Progress,,,,,
DATA-700682,400682,Task,Task 3 for DATA-3027,DATA-3027,,Portfolio 2026,8,To Do,,,,,
DATA-700683,400683,Bug,Bug 4 for DATA-3027,DATA-3027,,Portfolio 2026,1,Done,Done,,,,
DATA-700684,400684,Story,Story 5 for DATA-3027,DATA-3027,,Portfolio 2026,2,To Do,,,,,
DATA-700685,400685,Task,Task 1 for DATA-3028,DATA-3028,,Portfolio 2026,2,Done,Done,,,,
DATA-700686,400686,Bug,Bug 2 for DATA-3028,DATA-3028,,Portfolio 2026,3,To Do,,,,,
DATA-700687,400687,Story,Story 3 for DATA-3028,DATA-3028,,Portfolio 2026,5,In Progress,,,,,
DATA-700688,400688,Task,Task 4 for DATA-3028,DATA-3028,,Portfolio 2026,8,Done,Done,,,,
DATA-700689,400689,Bug,Bug 5 for DATA-3028,DATA-3028,,Portfolio 2026,1,In Progress,,,,,
DATA-700690,400690,Story,Story 6 for DATA-3028,DATA-3028,,Portfolio 2026,2,To Do,,,,,
DATA-700691,400691,Task,Task 1 for DATA-3029,DATA-3029,,Portfolio 2026,1,Done,Done,,,,
DATA-700692,400692,Bug,Bug 2 for DATA-3029,DATA-3029,,Portfolio 2026,2,In Progress,,,,,
DATA-700693,400693,Story,Story 3 for DATA-3029,DATA-3029,,Portfolio 2026,3,To Do,,,,,
DATA-700694,400694,Task,Task 4 for DATA-3029,DATA-3029,,Portfolio 2026,5,Done,Done,,,,
DATA-700695,400695,Bug,Bug 5 for DATA-3029,DATA-3029,,Portfolio 2026,8,To Do,,,,,
DATA-700696,400696,Story,Story 1 for DATA-3030,DATA-3030,,Portfolio 2026,3,In Progress,,,,,
DATA-700697,400697,Task,Task 2 for DATA-3030,DATA-3030,,Portfolio 2026,5,Done,Done,,,,
DATA-700698,400698,Bug,Bug 3 for DATA-3030,DATA-3030,,Portfolio 2026,8,In Progress,,,,,
DATA-700699,400699,Story,Story 4 for DATA-3030,DATA-3030,,Portfolio 2026,1,To Do,,,,,
DATA-700700,400700,Task,Task 5 for DATA-3030,DATA-3030,,Portfolio 2026,2,Done,Done,,,,
DATA-700701,400701,Bug,Bug 6 for DATA-3030,DATA-3030,,Portfolio 2026,3,To Do,,,,,
DATA-700702,400702,Story,Story 1 for DATA-3031,DATA-3031,,Portfolio 2026,2,To Do,,,,,
DATA-700703,400703,Task,Task 2 for DATA-3031,DATA-3031,,Portfolio 2026,3,Done,Done,,,,
DATA-700704,400704,Bug,Bug 3 for DATA-3031,DATA-3031,,Portfolio 2026,5,To Do,,,,,
DATA-700705,400705,Story,Story 4 for DATA-3031,DATA-3031,,Portfolio 2026,8,In Progress,,,,,
DATA-700706,400706,Task,Task 5 for DATA-3031,DATA-3031,,Portfolio 2026,1,Done,Done,,,,
DATA-700707,400707,Bug,Bug 1 for DATA-3032,DATA-3032,,Portfolio 2026,1,In Progress,,,,,
DATA-700708,400708,Story,Story 2 for DATA-3032,DATA-3032,,Portfolio 2026,2,Done,Done,,,,
DATA-700709,400709,Task,Task 3 for DATA-3032,DATA-3032,,Portfolio 2026,3,In Progress,,,,,
DATA-700710,400710,Bug,Bug 4 for DATA-3032,DATA-3032,,Portfolio 2026,5,To Do,,,,,
DATA-700711,400711,Story,Story 5 for DATA-3032,DATA-3032,,Portfolio 2026,8,Done,Done,,,,
DATA-700712,400712,Task,Task 6 for DATA-3032,DATA-3032,,Portfolio 2026,1,To Do,,,,,
DATA-700713,400713,Bug,Bug 1 for DATA-3033,DATA-3033,,Portfolio 2026,8,To Do,,,,,
DATA-700714,400714,Story,Story 2 for DATA-3033,DATA-3033,,Portfolio 2026,1,Done,Done,,,,
DATA-700715,400715,Task,Task 3 for DATA-3033,DATA-3033,,Portfolio 2026,2,To Do,,,,,
DATA-700716,400716,Bug,Bug 4 for DATA-3033,DATA-3033,,Portfolio 2026,3,In Progress,,,,,
DATA-700717,400717,Story,Story 5 for DATA-3033,DATA-3033,,Portfolio 2026,5,Done,Done,,,,
DATA-700718,400718,Task,Task 1 for DATA-3034,DATA-3034,,Portfolio 2026,5,In Progress,,,,,
DATA-700719,400719,Bug,Bug 2 for DATA-3034,DATA-3034,,Portfolio 2026,8,Done,Done,,,,
DATA-700720,400720,Story,Story 3 for DATA-3034,DATA-3034,,Portfolio 2026,1,In Progress,,,,,
DATA-700721,400721,Task,Task 4 for DATA-3034,DATA-3034,,Portfolio 2026,2,To Do,,,,,
DATA-700722,400722,Bug,Bug 5 for DATA-3034,DATA-3034,,Portfolio 2026,3,Done,Done,,,,
DATA-700723,400723,Story,Story 6 for DATA-3034,DATA-3034,,Portfolio 2026,5,To Do,,,,,
PLAT-700724,400724,Task,Task 1 for PLAT-4000,PLAT-4000,,Portfolio 2026,3,To Do,,,,,
PLAT-700725,400725,Bug,Bug 2 for PLAT-4000,PLAT-4000,,Portfolio 2026,5,In Progress,,,,,
PLAT-700726,400726,Story,Story 3 for PLAT-4000,PLAT-4000,,Portfolio 2026,8,Done,Done,,,,
PLAT-700727,400727,Task,Task 4 for PLAT-4000,PLAT-4000,,Portfolio 2026,1,In Progress,,,,,
PLAT-700728,400728,Bug,Bug 5 for PLAT-4000,PLAT-4000,,Portfolio 2026,2,To Do,,,,,
PLAT-700729,400729,Story,Story 1 for PLAT-4001,PLAT-4001,,Portfolio 2026,2,In Progress,,,,,
PLAT-700730,400730,Task,Task 2 for PLAT-4001,PLAT-4001,,Portfolio 2026,3,To Do,,,,,
PLAT-700731,400731,Bug,Bug 3 for PLAT-4001,PLAT-4001,,Portfolio 2026,5,Done,Done,,,,
PLAT-700732,400732,Story,Story 4 for PLAT-4001,PLAT-4001,,Portfolio 2026,8,To Do,,,,,
PLAT-700733,400733,Task,Task 5 for PLAT-4001,PLAT-4001,,Portfolio 2026,1,In Progress,,,,,
PLAT-700734,400734,Bug,Bug 6 for PLAT-4001,PLAT-4001,,Portfolio 2026,2,Done,Done,,,,
PLAT-700735,400735,Story,Story 1 for PLAT-4002,PLAT-4002,,Portfolio 2026,1,To Do,,,,,
PLAT-700736,400736,Task,Task 2 for PLAT-4002,PLAT-4002,,Portfolio 2026,2,In Progress,,,,,
PLAT-700737,400737,Bug,Bug 3 for PLAT-4002,PLAT-4002,,Portfolio 2026,3,Done,Done,,,,
PLAT-700738,400738,Story,Story 4 for PLAT-4002,PLAT-4002,,Portfolio 2026,5,In Progress,,,,,
PLAT-700739,400739,Task,Task 5 for PLAT-4002,PLAT-4002,,Portfolio 2026,8,To Do,,,,,
PLAT-700740,400740,Bug,Bug 1 for PLAT-4003,PLAT-4003,,Portfolio 2026,8,In Progress,,,,,
PLAT-700741,400741,Story,Story 2 for PLAT-4003,PLAT-4003,,Portfolio 2026,1,To Do,,,,,
PLAT-700742,400742,Task,Task 3 for PLAT-4003,PLAT-4003,,Portfolio 2026,2,Done,Done,,,,
PLAT-700743,400743,Bug,Bug 4 for PLAT-4003,PLAT-4003,,Portfolio 2026,3,To Do,,,,,
PLAT-700744,400744,Story,Story 5 for PLAT-4003,PLAT-4003,,Portfolio 2026,5,In Progress,,,,,
PLAT-700745,400745,Task,Task 6 for PLAT-4003,PLAT-4003,,Portfolio 2026,8,Done,Done,,,,
PLAT-700746,400746,Bug,Bug 1 for PLAT-4004,PLAT-4004,,Portfolio 2026,5,To Do,,,,,
PLAT-700747,400747,Story,Story 2 for PLAT-4004,PLAT-4004,,Portfolio 2026,8,In Progress,,,,,
PLAT-700748,400748,Task,Task 3 for PLAT-4004,PLAT-4004,,Portfolio 2026,1,Done,Done,,,,
PLAT-700749,400749,Bug,Bug 4 for PLAT-4004,PLAT-4004,,Portfolio 2026,2,In Progress,,,,,
PLAT-700750,400750,Story,Story 5 for PLAT-4004,PLAT-4004,,Portfolio 2026,3,To Do,,,,,
PLAT-700751,400751,Task,Task 1 for PLAT-4005,PLAT-4005,,Portfolio 2026,3,In Progress,,,,,
PLAT-700752,400752,Bug,Bug 2 for PLAT-4005,PLAT-4005,,Portfolio 2026,5,To Do,,,,,
PLAT-700753,400753,Story,Story 3 for PLAT-4005,PLAT-4005,,Portfolio 2026,8,Done,Done,,,,
PLAT-700754,400754,Task,Task 4 for PLAT-4005,PLAT-4005,,Portfolio 2026,1,To Do,,,,,
PLAT-700755,400755,Bug,Bug 5 for PLAT-4005,PLAT-4005,,Portfolio 2026,2,In Progress,,,,,
PLAT-700756,400756,Story,Story 6 for PLAT-4005,PLAT-4005,,Portfolio 2026,3,Done,Done,,,,
PLAT-700757,400757,Task,Task 1 for PLAT-4006,PLAT-4006,,Portfolio 2026,2,To Do,,,,,
PLAT-700758,400758,Bug,Bug 2 for PLAT-4006,PLAT-4006,,Portfolio 2026,3,In Progress,,,,,
PLAT-700759,400759,Story,Story 3 for PLAT-4006,PLAT-4006,,Portfolio 2026,5,Done,Done,,,,
PLAT-700760,400760,Task,Task 4 for PLAT-4006,PLAT-4006,,Portfolio 2026,8,In Progress,,,,,
PLAT-700761,400761,Bug,Bug 5 for PLAT-4006,PLAT-4006,,Portfolio 2026,1,To Do,,,,,
PLAT-700762,400762,Story,Story 1 for PLAT-4007,PLAT-4007,,Portfolio 2026,1,In Progress,,,,,
PLAT-700763,400763,Task,Task 2 for PLAT-4007,PLAT-4007,,Portfolio 2026,2,To Do,,,,,
PLAT-700764,400764,Bug,Bug 3 for PLAT-4007,PLAT-4007,,Portfolio 2026,3,Done,Done,,,,
PLAT-700765,400765,Story,Story 4 for PLAT-4007,PLAT-4007,,Portfolio 2026,5,To Do,,,,,
PLAT-700766,400766,Task,Task 5 for PLAT-4007,PLAT-4007,,Portfolio 2026,8,In Progress,,,,,
PLAT-700767,400767,Bug,Bug 6 for PLAT-4007,PLAT-4007,,Portfolio 2026,1,Done,Done,,,,
PLAT-700768,400768,Story,Story 1 for PLAT-4008,PLAT-4008,,Portfolio 2026,8,To Do,,,,,
PLAT-700769,400769,Task,Task 2 for PLAT-4008,PLAT-4008,,Portfolio 2026,1,In Progress,,,,,
PLAT-700770,400770,Bug,Bug 3 for PLAT-4008,PLAT-4008,,Portfolio 2026,2,Done,Done,,,,
PLAT-700771,400771,Story,Story 4 for PLAT-4008,PLAT-4008,,Portfolio 2026,3,In Progress,,,,,
PLAT-700772,400772,Task,Task 5 for PLAT-4008,PLAT-4008,,Portfolio 2026,5,To Do,,,,,
PLAT-700773,400773,Bug,Bug 1 for PLAT-4009,PLAT-4009,,Portfolio 2026,5,In Progress,,,,,
PLAT-700774,400774,Story,Story 2 for PLAT-4009,PLAT-4009,,Portfolio 2026,8,To Do,,,,,
PLAT-700775,400775,Task,Task 3 for PLAT-4009,PLAT-4009,,Portfolio 2026,1,Done,Done,,,,
PLAT-700776,400776,Bug,Bug 4 for PLAT-4009,PLAT-4009,,Portfolio 2026,2,To Do,,,,,
PLAT-700777,400777,Story,Story 5 for PLAT-4009,PLAT-4009,,Portfolio 2026,3,In Progress,,,,,
PLAT-700778,400778,Task,Task 6 for PLAT-4009,PLAT-4009,,Portfolio 2026,5,Done,Done,,,,
PLAT-700779,400779,Bug,Bug 1 for PLAT-4010,PLAT-4010,,Portfolio 2026,1,Done,Done,,,,
PLAT-700780,400780,Story,Story 2 for PLAT-4010,PLAT-4010,,Portfolio 2026,2,In Progress,,,,,
PLAT-700781,400781,Task,Task 3 for PLAT-4010,PLAT-4010,,Portfolio 2026,3,To Do,,,,,
PLAT-700782,400782,Bug,Bug 4 for PLAT-4010,PLAT-4010,,Portfolio 2026,5,Done,Done,,,,
PLAT-700783,400783,Story,Story 5 for PLAT-4010,PLAT-4010,,Portfolio 2026,8,To Do,,,,,
PLAT-700784,400784,Task,Task 1 for PLAT-4011,PLAT-4011,,Portfolio 2026,8,Done,Done,,,,
PLAT-700785,400785,Bug,Bug 2 for PLAT-4011,PLAT-4011,,Portfolio 2026,1,To Do,,,,,
PLAT-700786,400786,Story,Story 3 for PLAT-4011,PLAT-4011,,Portfolio 2026,2,In Progress,,,,,
PLAT-700787,400787,Task,Task 4 for PLAT-4011,PLAT-4011,,Portfolio 2026,3,Done,Done,,,,
PLAT-700788,400788,Bug,Bug 5 for PLAT-4011,PLAT-4011,,Portfolio 2026,5,In Progress,,,,,
PLAT-700789,400789,Story,Story 6 for PLAT-4011,PLAT-4011,,Portfolio 2026,8,To Do,,,,,
PLAT-700790,400790,Task,Task 1 for PLAT-4012,PLAT-4012,,Portfolio 2026,5,Done,Done,,,,
PLAT-700791,400791,Bug,Bug 2 for PLAT-4012,PLAT-4012,,Portfolio 2026,8,In Progress,,,,,
PLAT-700792,400792,Story,Story 3 for PLAT-4012,PLAT-4012,,Portfolio 2026,1,To Do,,,,,
PLAT-700793,400793,Task,Task 4 for PLAT-4012,PLAT-4012,,Portfolio 2026,2,Done,Done,,,,
PLAT-700794,400794,Bug,Bug 5 for PLAT-4012,PLAT-4012,,Portfolio 2026,3,To Do,,,,,
PLAT-700795,400795,Story,Story 1 for PLAT-4013,PLAT-4013,,Portfolio 2026,3,Done,Done,,,,
PLAT-700796,400796,Task,Task 2 for PLAT-4013,PLAT-4013,,Portfolio 2026,5,To Do,,,,,
PLAT-700797,400797,Bug,Bug 3 for PLAT-4013,PLAT-4013,,Portfolio 2026,8,In Progress,,,,,
PLAT-700798,400798,Story,Story 4 for PLAT-4013,PLAT-4013,,Portfolio 2026,1,Done,Done,,,,
PLAT-700799,400799,Task,Task 5 for PLAT-4013,PLAT-4013,,Portfolio 2026,2,In Progress,,,,,
PLAT-700800,400800,Bug,Bug 6 for PLAT-4013,PLAT-4013,,Portfolio 2026,3,To Do,,,,,
PLAT-700801,400801,Story,Story 1 for PLAT-4014,PLAT-4014,,Portfolio 2026,2,Done,Done,,,,
PLAT-700802,400802,Task,Task 2 for PLAT-4014,PLAT-4014,,Portfolio 2026,3,In Progress,,,,,
PLAT-700803,400803,Bug,Bug 3 for PLAT-4014,PLAT-4014,,Portfolio 2026,5,To Do,,,,,
PLAT-700804,400804,Story,Story 4 for PLAT-4014,PLAT-4014,,Portfolio 2026,8,Done,Done,,,,
PLAT-700805,400805,Task,Task 5 for PLAT-4014,PLAT-4014,,Portfolio 2026,1,To Do,,,,,
PLAT-700806,400806,Bug,Bug 1 for PLAT-4015,PLAT-4015,,Portfolio 2026,1,Done,Done,,,,
PLAT-700807,400807,Story,Story 2 for PLAT-4015,PLAT-4015,,Portfolio 2026,2,To Do,,,,,
PLAT-700808,400808,Task,Task 3 for PLAT-4015,PLAT-4015,,Portfolio 2026,3,In Progress,,,,,
PLAT-700809,400809,Bug,Bug 4 for PLAT-4015,PLAT-4015,,Portfolio 2026,5,Done,Done,,,,
PLAT-700810,400810,Story,Story 5 for PLAT-4015,PLAT-4015,,Portfolio 2026,8,In Progress,,,,,
PLAT-700811,400811,Task,Task 6 for PLAT-4015,PLAT-4015,,Portfolio 2026,1,To Do,,,,,
PLAT-700812,400812,Bug,Bug 1 for PLAT-4016,PLAT-4016,,Portfolio 2026,8,Done,Done,,,,
PLAT-700813,400813,Story,Story 2 for PLAT-4016,PLAT-4016,,Portfolio 2026,1,In Progress,,,,,
PLAT-700814,400814,Task,Task 3 for PLAT-4016,PLAT-4016,,Portfolio 2026,2,To Do,,,,,
PLAT-700815,400815,Bug,Bug 4 for PLAT-4016,PLAT-4016,,Portfolio 2026,3,Done,Done,,,,
PLAT-700816,400816,Story,Story 5 for PLAT-4016,PLAT-4016,,Portfolio 2026,5,To Do,,,,,
PLAT-700817,400817,Task,Task 1 for PLAT-4017,PLAT-4017,,Portfolio 2026,5,Done,Done,,,,
PLAT-700818,400818,Bug,Bug 2 for PLAT-4017,PLAT-4017,,Portfolio 2026,8,To Do,,,,,
PLAT-700819,400819,Story,Story 3 for PLAT-4017,PLAT-4017,,Portfolio 2026,1,In Progress,,,,,
PLAT-700820,400820,Task,Task 4 for PLAT-4017,PLAT-4017,,Portfolio 2026,2,Done,Done,,,,
PLAT-700821,400821,Bug,Bug 5 for PLAT-4017,PLAT-4017,,Portfolio 2026,3,In Progress,,,,,
PLAT-700822,400822,Story,Story 6 for PLAT-4017,PLAT-4017,,Portfolio 2026,5,To Do,,,,,
PLAT-700823,400823,Task,Task 1 for PLAT-4018,PLAT-4018,,Portfolio 2026,3,Done,Done,,,,
PLAT-700824,400824,Bug,Bug 2 for PLAT-4018,PLAT-4018,,Portfolio 2026,5,In Progress,,,,,
PLAT-700825,400825,Story,Story 3 for PLAT-4018,PLAT-4018,,Portfolio 2026,8,To Do,,,,,
PLAT-700826,400826,Task,Task 4 for PLAT-4018,PLAT-4018,,Portfolio 2026,1,Done,Done,,,,
PLAT-700827,400827,Bug,Bug 5 for PLAT-4018,PLAT-4018,,Portfolio 2026,2,To Do,,,,,
PLAT-700828,400828,Story,Story 1 for PLAT-4019,PLAT-4019,,Portfolio 2026,2,Done,Done,,,,
PLAT-700829,400829,Task,Task 2 for PLAT-4019,PLAT-4019,,Portfolio 2026,3,To Do,,,,,
PLAT-700830,400830,Bug,Bug 3 for PLAT-4019,PLAT-4019,,Portfolio 2026,5,In Progress,,,,,
PLAT-700831,400831,Story,Story 4 for PLAT-4019,PLAT-4019,,Portfolio 2026,8,Done,Done,,,,
PLAT-700832,400832,Task,Task 5 for PLAT-4019,PLAT-4019,,Portfolio 2026,1,In Progress,,,,,
PLAT-700833,400833,Bug,Bug 6 for PLAT-4019,PLAT-4019,,Portfolio 2026,2,To Do,,,,,
PLAT-700834,400834,Story,Story 1 for PLAT-4020,PLAT-4020,,Portfolio 2026,5,To Do,,,,,
PLAT-700835,400835,Task,Task 2 for PLAT-4020,PLAT-4020,,Portfolio 2026,8,Done,Done,,,,
PLAT-700836,400836,Bug,Bug 3 for PLAT-4020,PLAT-4020,,Portfolio 2026,1,To Do,,,,,
PLAT-700837,400837,Story,Story 4 for PLAT-4020,PLAT-4020,,Portfolio 2026,2,In Progress,,,,,
PLAT-700838,400838,Task,Task 5 for PLAT-4020,PLAT-4020,,Portfolio 2026,3,Done,Done,,,,
PLAT-700839,400839,Bug,Bug 1 for PLAT-4021,PLAT-4021,,Portfolio 2026,3,In Progress,,,,,
PLAT-700840,400840,Story,Story 2 for PLAT-4021,PLAT-4021,,Portfolio 2026,5,Done,Done,,,,
PLAT-700841,400841,Task,Task 3 for PLAT-4021,PLAT-4021,,Portfolio 2026,8,In Progress,,,,,
PLAT-700842,400842,Bug,Bug 4 for PLAT-4021,PLAT-4021,,Portfolio 2026,1,To Do,,,,,
PLAT-700843,400843,Story,Story 5 for PLAT-4021,PLAT-4021,,Portfolio 2026,2,Done,Done,,,,
PLAT-700844,400844,Task,Task 6 for PLAT-4021,PLAT-4021,,Portfolio 2026,3,To Do,,,,,
PLAT-700845,400845,Bug,Bug 1 for PLAT-4022,PLAT-4022,,Portfolio 2026,2,To Do,,,,,
PLAT-700846,400846,Story,Story 2 for PLAT-4022,PLAT-4022,,Portfolio 2026,3,Done,Done,,,,
PLAT-700847,400847,Task,Task 3 for PLAT-4022,PLAT-4022,,Portfolio 2026,5,To Do,,,,,
PLAT-700848,400848,Bug,Bug 4 for PLAT-4022,PLAT-4022,,Portfolio 2026,8,In Progress,,,,,
PLAT-700849,400849,Story,Story 5 for PLAT-4022,PLAT-4022,,Portfolio 2026,1,Done,Done,,,,
PLAT-700850,400850,Task,Task 1 for PLAT-4023,PLAT-4023,,Portfolio 2026,1,In Progress,,,,,
PLAT-700851,400851,Bug,Bug 2 for PLAT-4023,PLAT-4023,,Portfolio 2026,2,Done,Done,,,,
PLAT-700852,400852,Story,Story 3 for PLAT-4023,PLAT-4023,,Portfolio 2026,3,In Progress,,,,,
PLAT-700853,400853,Task,Task 4 for PLAT-4023,PLAT-4023,,Portfolio 2026,5,To Do,,,,,
PLAT-700854,400854,Bug,Bug 5 for PLAT-4023,PLAT-4023,,Portfolio 2026,8,Done,Done,,,,
PLAT-700855,400855,Story,Story 6 for PLAT-4023,PLAT-4023,,Portfolio 2026,1,To Do,,,,,
PLAT-700856,400856,Task,Task 1 for PLAT-4024,PLAT-4024,,Portfolio 2026,8,To Do,,,,,
PLAT-700857,400857,Bug,Bug 2 for PLAT-4024,PLAT-4024,,Portfolio 2026,1,Done,Done,,,,
PLAT-700858,400858,Story,Story 3 for PLAT-4024,PLAT-4024,,Portfolio 2026,2,To Do,,,,,
PLAT-700859,400859,Task,Task 4 for PLAT-4024,PLAT-4024,,Portfolio 2026,3,In Progress,,,,,
PLAT-700860,400860,Bug,Bug 5 for PLAT-4024,PLAT-4024,,Portfolio 2026,5,Done,Done,,,,
PLAT-700861,400861,Story,Story 1 for PLAT-4025,PLAT-4025,,Portfolio 2026,5,In Progress,,,,,
PLAT-700862,400862,Task,Task 2 for PLAT-4025,PLAT-4025,,Portfolio 2026,8,Done,Done,,,,
PLAT-700863,400863,Bug,Bug 3 for PLAT-4025,PLAT-4025,,Portfolio 2026,1,In Progress,,,,,
PLAT-700864,400864,Story,Story 4 for PLAT-4025,PLAT-4025,,Portfolio 2026,2,To Do,,,,,
PLAT-700865,400865,Task,Task 5 for PLAT-4025,PLAT-4025,,Portfolio 2026,3,Done,Done,,,,
PLAT-700866,400866,Bug,Bug 6 for PLAT-4025,PLAT-4025,,Portfolio 2026,5,To Do,,,,,
PLAT-700867,400867,Story,Story 1 for PLAT-4026,PLAT-4026,,Portfolio 2026,3,To Do,,,,,
PLAT-700868,400868,Task,Task 2 for PLAT-4026,PLAT-4026,,Portfolio 2026,5,Done,Done,,,,
PLAT-700869,400869,Bug,Bug 3 for PLAT-4026,PLAT-4026,,Portfolio 2026,8,To Do,,,,,
PLAT-700870,400870,Story,Story 4 for PLAT-4026,PLAT-4026,,Portfolio 2026,1,In Progress,,,,,
PLAT-700871,400871,Task,Task 5 for PLAT-4026,PLAT-4026,,Portfolio 2026,2,Done,Done,,,,
PLAT-700872,400872,Bug,Bug 1 for PLAT-4027,PLAT-4027,,Portfolio 2026,2,In Progress,,,,,
PLAT-700873,400873,Story,Story 2 for PLAT-4027,PLAT-4027,,Portfolio 2026,3,Done,Done,,,,
PLAT-700874,400874,Task,Task 3 for PLAT-4027,PLAT-4027,,Portfolio 2026,5,In Progress,,,,,
PLAT-700875,400875,Bug,Bug 4 for PLAT-4027,PLAT-4027,,Portfolio 2026,8,To Do,,,,,
PLAT-700876,400876,Story,Story 5 for PLAT-4027,PLAT-4027,,Portfolio 2026,1,Done,Done,,,,
PLAT-700877,400877,Task,Task 6 for PLAT-4027,PLAT-4027,,Portfolio 2026,2,To Do,,,,,
PLAT-700878,400878,Bug,Bug 1 for PLAT-4028,PLAT-4028,,Portfolio 2026,1,To Do,,,,,
PLAT-700879,400879,Story,Story 2 for PLAT-4028,PLAT-4028,,Portfolio 2026,2,Done,Done,,,,
PLAT-700880,400880,Task,Task 3 for PLAT-4028,PLAT-4028,,Portfolio 2026,3,To Do,,,,,
PLAT-700881,400881,Bug,Bug 4 for PLAT-4028,PLAT-4028,,Portfolio 2026,5,In Progress,,,,,
PLAT-700882,400882,Story,Story 5 for PLAT-4028,PLAT-4028,,Portfolio 2026,8,Done,Done,,,,
PLAT-700883,400883,Task,Task 1 for PLAT-4029,PLAT-4029,,Portfolio 2026,8,In Progress,,,,,
PLAT-700884,400884,Bug,Bug 2 for PLAT-4029,PLAT-4029,,Portfolio 2026,1,Done,Done,,,,
PLAT-700885,400885,Story,Story 3 for PLAT-4029,PLAT-4029,,Portfolio 2026,2,In Progress,,,,,
PLAT-700886,400886,Task,Task 4 for PLAT-4029,PLAT-4029,,Portfolio 2026,3,To Do,,,,,
PLAT-700887,400887,Bug,Bug 5 for PLAT-4029,PLAT-4029,,Portfolio 2026,5,Done,Done,,,,
PLAT-700888,400888,Story,Story 6 for PLAT-4029,PLAT-4029,,Portfolio 2026,8,To Do,,,,,
OPS-700889,400889,Task,Task 1 for OPS-5000,OPS-5000,,Portfolio 2026,2,Done,Done,,,,
OPS-700890,400890,Bug,Bug 2 for OPS-5000,OPS-5000,,Portfolio 2026,3,To Do,,,,,
OPS-700891,400891,Story,Story 3 for OPS-5000,OPS-5000,,Portfolio 2026,5,In Progress,,,,,
OPS-700892,400892,Task,Task 4 for OPS-5000,OPS-5000,,Portfolio 2026,8,Done,Done,,,,
OPS-700893,400893,Bug,Bug 5 for OPS-5000,OPS-5000,,Portfolio 2026,1,In Progress,,,,,
OPS-700894,400894,Story,Story 6 for OPS-5000,OPS-5000,,Portfolio 2026,2,To Do,,,,,
OPS-700895,400895,Task,Task 1 for OPS-5001,OPS-5001,,Portfolio 2026,8,In Progress,,,,,
OPS-700896,400896,Bug,Bug 2 for OPS-5001,OPS-5001,,Portfolio 2026,1,Done,Done,,,,
OPS-700897,400897,Story,Story 3 for OPS-5001,OPS-5001,,Portfolio 2026,2,In Progress,,,,,
OPS-700898,400898,Task,Task 4 for OPS-5001,OPS-5001,,Portfolio 2026,3,To Do,,,,,
OPS-700899,400899,Bug,Bug 5 for OPS-5001,OPS-5001,,Portfolio 2026,5,Done,Done,,,,
OPS-700900,400900,Story,Story 6 for OPS-5001,OPS-5001,,Portfolio 2026,8,To Do,,,,,
OPS-700901,400901,Task,Task 1 for OPS-5002,OPS-5002,,Portfolio 2026,3,In Progress,,,,,
OPS-700902,400902,Bug,Bug 2 for OPS-5002,OPS-5002,,Portfolio 2026,5,To Do,,,,,
OPS-700903,400903,Story,Story 3 for OPS-5002,OPS-5002,,Portfolio 2026,8,Done,Done,,,,
OPS-700904,400904,Task,Task 4 for OPS-5002,OPS-5002,,Portfolio 2026,1,To Do,,,,,
OPS-700905,400905,Bug,Bug 5 for OPS-5002,OPS-5002,,Portfolio 2026,2,In Progress,,,,,
OPS-700906,400906,Story,Story 6 for OPS-5002,OPS-5002,,Portfolio 2026,3,Done,Done,,,,
OPS-700907,400907,Task,Task 1 for OPS-5003,OPS-5003,,Portfolio 2026,1,Done,Done,,,,
OPS-700908,400908,Bug,Bug 2 for OPS-5003,OPS-5003,,Portfolio 2026,2,To Do,,,,,
OPS-700909,400909,Story,Story 3 for OPS-5003,OPS-5003,,Portfolio 2026,3,In Progress,,,,,
OPS-700910,400910,Task,Task 4 for OPS-5003,OPS-5003,,Portfolio 2026,5,Done,Done,,,,
OPS-700911,400911,Bug,Bug 5 for OPS-5003,OPS-5003,,Portfolio 2026,8,In Progress,,,,,
OPS-700912,400912,Story,Story 6 for OPS-5003,OPS-5003,,Portfolio 2026,1,To Do,,,,,
OPS-700913,400913,Task,Task 1 for OPS-5004,OPS-5004,,Portfolio 2026,5,In Progress,,,,,
OPS-700914,400914,Bug,Bug 2 for OPS-5004,OPS-5004,,Portfolio 2026,8,Done,Done,,,,
OPS-700915,400915,Story,Story 3 for OPS-5004,OPS-5004,,Portfolio 2026,1,In Progress,,,,,
OPS-700916,400916,Task,Task 4 for OPS-5004,OPS-5004,,Portfolio 2026,2,To Do,,,,,
OPS-700917,400917,Bug,Bug 5 for OPS-5004,OPS-5004,,Portfolio 2026,3,Done,Done,,,,
OPS-700918,400918,Story,Story 6 for OPS-5004,OPS-5004,,Portfolio 2026,5,To Do,,,,,
OPS-700919,400919,Task,Task 1 for OPS-5005,OPS-5005,,Portfolio 2026,2,In Progress,,,,,
OPS-700920,400920,Bug,Bug 2 for OPS-5005,OPS-5005,,Portfolio 2026,3,To Do,,,,,
OPS-700921,400921,Story,Story 3 for OPS-5005,OPS-5005,,Portfolio 2026,5,Done,Done,,,,
OPS-700922,400922,Task,Task 4 for OPS-5005,OPS-5005,,Portfolio 2026,8,To Do,,,,,
OPS-700923,400923,Bug,Bug 5 for OPS-5005,OPS-5005,,Portfolio 2026,1,In Progress,,,,,
OPS-700924,400924,Story,Story 6 for OPS-5005,OPS-5005,,Portfolio 2026,2,Done,Done,,,,
OPS-700925,400925,Task,Task 1 for OPS-5006,OPS-5006,,Portfolio 2026,8,Done,Done,,,,
OPS-700926,400926,Bug,Bug 2 for OPS-5006,OPS-5006,,Portfolio 2026,1,To Do,,,,,
OPS-700927,400927,Story,Story 3 for OPS-5006,OPS-5006,,Portfolio 2026,2,In Progress,,,,,
OPS-700928,400928,Task,Task 4 for OPS-5006,OPS-5006,,Portfolio 2026,3,Done,Done,,,,
OPS-700929,400929,Bug,Bug 5 for OPS-5006,OPS-5006,,Portfolio 2026,5,In Progress,,,,,
OPS-700930,400930,Story,Story 6 for OPS-5006,OPS-5006,,Portfolio 2026,8,To Do,,,,,
OPS-700931,400931,Task,Task 1 for OPS-5007,OPS-5007,,Portfolio 2026,3,In Progress,,,,,
OPS-700932,400932,Bug,Bug 2 for OPS-5007,OPS-5007,,Portfolio 2026,5,Done,Done,,,,
OPS-700933,400933,Story,Story 3 for OPS-5007,OPS-5007,,Portfolio 2026,8,In Progress,,,,,
OPS-700934,400934,Task,Task 4 for OPS-5007,OPS-5007,,Portfolio 2026,1,To Do,,,,,
OPS-700935,400935,Bug,Bug 5 for OPS-5007,OPS-5007,,Portfolio 2026,2,Done,Done,,,,
OPS-700936,400936,Story,Story 6 for OPS-5007,OPS-5007,,Portfolio 2026,3,To Do,,,,,
OPS-700937,400937,Task,Task 1 for OPS-5008,OPS-5008,,Portfolio 2026,1,In Progress,,,,,
OPS-700938,400938,Bug,Bug 2 for OPS-5008,OPS-5008,,Portfolio 2026,2,To Do,,,,,
OPS-700939,400939,Story,Story 3 for OPS-5008,OPS-5008,,Portfolio 2026,3,Done,Done,,,,
OPS-700940,400940,Task,Task 4 for OPS-5008,OPS-5008,,Portfolio 2026,5,To Do,,,,,
OPS-700941,400941,Bug,Bug 5 for OPS-5008,OPS-5008,,Portfolio 2026,8,In Progress,,,,,
OPS-700942,400942,Story,Story 6 for OPS-5008,OPS-5008,,Portfolio 2026,1,Done,Done,,,,
OPS-700943,400943,Task,Task 1 for OPS-5009,OPS-5009,,Portfolio 2026,5,Done,Done,,,,
OPS-700944,400944,Bug,Bug 2 for OPS-5009,OPS-5009,,Portfolio 2026,8,To Do,,,,,
OPS-700945,400945,Story,Story 3 for OPS-5009,OPS-5009,,Portfolio 2026,1,In Progress,,,,,
OPS-700946,400946,Task,Task 4 for OPS-5009,OPS-5009,,Portfolio 2026,2,Done,Done,,,,
OPS-700947,400947,Bug,Bug 5 for OPS-5009,OPS-5009,,Portfolio 2026,3,In Progress,,,,,
OPS-700948,400948,Story,Story 6 for OPS-5009,OPS-5009,,Portfolio 2026,5,To Do,,,,,
OPS-700949,400949,Task,Task 1 for OPS-5010,OPS-5010,,Portfolio 2026,5,To Do,,,,,
OPS-700950,400950,Bug,Bug 2 for OPS-5010,OPS-5010,,Portfolio 2026,8,In Progress,,,,,
OPS-700951,400951,Story,Story 3 for OPS-5010,OPS-5010,,Portfolio 2026,1,Done,Done,,,,
OPS-700952,400952,Task,Task 4 for OPS-5010,OPS-5010,,Portfolio 2026,2,In Progress,,,,,
OPS-700953,400953,Bug,Bug 5 for OPS-5010,OPS-5010,,Portfolio 2026,3,To Do,,,,,
OPS-700954,400954,Story,Story 1 for OPS-5011,OPS-5011,,Portfolio 2026,2,Done,Done,,,,
OPS-700955,400955,Task,Task 2 for OPS-5011,OPS-5011,,Portfolio 2026,3,In Progress,,,,,
OPS-700956,400956,Bug,Bug 3 for OPS-5011,OPS-5011,,Portfolio 2026,5,To Do,,,,,
OPS-700957,400957,Story,Story 4 for OPS-5011,OPS-5011,,Portfolio 2026,8,Done,Done,,,,
OPS-700958,400958,Task,Task 5 for OPS-5011,OPS-5011,,Portfolio 2026,1,To Do,,,,,
OPS-700959,400959,Bug,Bug 1 for OPS-5012,OPS-5012,,Portfolio 2026,8,To Do,,,,,
OPS-700960,400960,Story,Story 2 for OPS-5012,OPS-5012,,Portfolio 2026,1,Done,Done,,,,
OPS-700961,400961,Task,Task 3 for OPS-5012,OPS-5012,,Portfolio 2026,2,To Do,,,,,
OPS-700962,400962,Bug,Bug 4 for OPS-5012,OPS-5012,,Portfolio 2026,3,In Progress,,,,,
OPS-700963,400963,Story,Story 5 for OPS-5012,OPS-5012,,Portfolio 2026,5,Done,Done,,,,
OPS-700964,400964,Task,Task 1 for OPS-5013,OPS-5013,,Portfolio 2026,3,To Do,,,,,
OPS-700965,400965,Bug,Bug 2 for OPS-5013,OPS-5013,,Portfolio 2026,5,In Progress,,,,,
OPS-700966,400966,Story,Story 3 for OPS-5013,OPS-5013,,Portfolio 2026,8,Done,Done,,,,
OPS-700967,400967,Task,Task 4 for OPS-5013,OPS-5013,,Portfolio 2026,1,In Progress,,,,,
OPS-700968,400968,Bug,Bug 5 for OPS-5013,OPS-5013,,Portfolio 2026,2,To Do,,,,,
OPS-700969,400969,Story,Story 1 for OPS-5014,OPS-5014,,Portfolio 2026,1,Done,Done,,,,
OPS-700970,400970,Task,Task 2 for OPS-5014,OPS-5014,,Portfolio 2026,2,In Progress,,,,,
OPS-700971,400971,Bug,Bug 3 for OPS-5014,OPS-5014,,Portfolio 2026,3,To Do,,,,,
OPS-700972,400972,Story,Story 4 for OPS-5014,OPS-5014,,Portfolio 2026,5,Done,Done,,,,
OPS-700973,400973,Task,Task 5 for OPS-5014,OPS-5014,,Portfolio 2026,8,To Do,,,,,
OPS-700974,400974,Bug,Bug 1 for OPS-5015,OPS-5015,,Portfolio 2026,5,To Do,,,,,
OPS-700975,400975,Story,Story 2 for OPS-5015,OPS-5015,,Portfolio 2026,8,Done,Done,,,,
OPS-700976,400976,Task,Task 3 for OPS-5015,OPS-5015,,Portfolio 2026,1,To Do,,,,,
OPS-700977,400977,Bug,Bug 4 for OPS-5015,OPS-5015,,Portfolio 2026,2,In Progress,,,,,
OPS-700978,400978,Story,Story 5 for OPS-5015,OPS-5015,,Portfolio 2026,3,Done,Done,,,,
OPS-700979,400979,Task,Task 1 for OPS-5016,OPS-5016,,Portfolio 2026,2,To Do,,,,,
OPS-700980,400980,Bug,Bug 2 for OPS-5016,OPS-5016,,Portfolio 2026,3,In Progress,,,,,
OPS-700981,400981,Story,Story 3 for OPS-5016,OPS-5016,,Portfolio 2026,5,Done,Done,,,,
OPS-700982,400982,Task,Task 4 for OPS-5016,OPS-5016,,Portfolio 2026,8,In Progress,,,,,
OPS-700983,400983,Bug,Bug 5 for OPS-5016,OPS-5016,,Portfolio 2026,1,To Do,,,,,
OPS-700984,400984,Story,Story 1 for OPS-5017,OPS-5017,,Portfolio 2026,8,Done,Done,,,,
OPS-700985,400985,Task,Task 2 for OPS-5017,OPS-5017,,Portfolio 2026,1,In Progress,,,,,
OPS-700986,400986,Bug,Bug 3 for OPS-5017,OPS-5017,,Portfolio 2026,2,To Do,,,,,
OPS-700987,400987,Story,Story 4 for OPS-5017,OPS-5017,,Portfolio 2026,3,Done,Done,,,,
OPS-700988,400988,Task,Task 5 for OPS-5017,OPS-5017,,Portfolio 2026,5,To Do,,,,,
OPS-700989,400989,Bug,Bug 1 for OPS-5018,OPS-5018,,Portfolio 2026,3,To Do,,,,,
OPS-700990,400990,Story,Story 2 for OPS-5018,OPS-5018,,Portfolio 2026,5,Done,Done,,,,
OPS-700991,400991,Task,Task 3 for OPS-5018,OPS-5018,,Portfolio 2026,8,To Do,,,,,
OPS-700992,400992,Bug,Bug 4 for OPS-5018,OPS-5018,,Portfolio 2026,1,In Progress,,,,,
OPS-700993,400993,Story,Story 5 for OPS-5018,OPS-5018,,Portfolio 2026,2,Done,Done,,,,
OPS-700994,400994,Task,Task 1 for OPS-5019,OPS-5019,,Portfolio 2026,1,To Do,,,,,
OPS-700995,400995,Bug,Bug 2 for OPS-5019,OPS-5019,,Portfolio 2026,2,In Progress,,,,,
OPS-700996,400996,Story,Story 3 for OPS-5019,OPS-5019,,Portfolio 2026,3,Done,Done,,,,
OPS-700997,400997,Task,Task 4 for OPS-5019,OPS-5019,,Portfolio 2026,5,In Progress,,,,,
OPS-700998,400998,Bug,Bug 5 for OPS-5019,OPS-5019,,Portfolio 2026,8,To Do,,,,,
