severity,category,jira_key,schedule_key,project_key,issue_type,summary,field,old_value,new_value,color,message,reviewer_action,source_row,planning_date,planning_bucket
Info,AddedEpic,PLAT-4028,PLAT-4028,PLAT,Epic,Client Walkthrough - Qualification software reference example,Name,,Client Walkthrough - Qualification software reference example,changed_cell,Epic is included in the planned sandbox and was not found in the comparison baseline.,Review the added epic in the sandbox Project file.,32,2026-09-21,Immediate
Info,AddedEpic,PLAT-4028,PLAT-4028,PLAT,Epic,Client Walkthrough - Qualification software reference example,Rollup Key,,Qualification Event 1,changed_cell,Epic is included in the planned sandbox and was not found in the comparison baseline.,Review the added epic in the sandbox Project file.,32,2026-09-21,Immediate
Info,AddedEpic,PLAT-4028,PLAT-4028,PLAT,Epic,Client Walkthrough - Qualification software reference example,Resource Group,,Platform Engineering,changed_cell,Epic is included in the planned sandbox and was not found in the comparison baseline.,Review the added epic in the sandbox Project file.,32,2026-09-21,Immediate
Info,AddedEpic,PLAT-4028,PLAT-4028,PLAT,Epic,Client Walkthrough - Qualification software reference example,Fix Version,,Qualification Event 1,changed_cell,Epic is included in the planned sandbox and was not found in the comparison baseline.,Review the added epic in the sandbox Project file.,32,2026-09-21,Immediate
Info,AddedEpic,PLAT-4028,PLAT-4028,PLAT,Epic,Client Walkthrough - Qualification software reference example,% Complete,,50,changed_cell,Epic is included in the planned sandbox and was not found in the comparison baseline.,Review the added epic in the sandbox Project file.,32,2026-09-21,Immediate
Info,AddedEpic,PLAT-4028,PLAT-4028,PLAT,Epic,Client Walkthrough - Qualification software reference example,Total Story Points,,20,changed_cell,Epic is included in the planned sandbox and was not found in the comparison baseline.,Review the added epic in the sandbox Project file.,32,2026-09-21,Immediate
Info,AddedEpic,PLAT-4028,PLAT-4028,PLAT,Epic,Client Walkthrough - Qualification software reference example,Completed Story Points,,10,changed_cell,Epic is included in the planned sandbox and was not found in the comparison baseline.,Review the added epic in the sandbox Project file.,32,2026-09-21,Immediate
Info,AddedEpic,PLAT-4028,PLAT-4028,PLAT,Epic,Client Walkthrough - Qualification software reference example,Logged Hours,,18,changed_cell,Epic is included in the planned sandbox and was not found in the comparison baseline.,Review the added epic in the sandbox Project file.,32,2026-09-21,Immediate
Info,AddedEpic,PLAT-4028,PLAT-4028,PLAT,Epic,Client Walkthrough - Qualification software reference example,Story Point Ratio,,13.33,changed_cell,Epic is included in the planned sandbox and was not found in the comparison baseline.,Review the added epic in the sandbox Project file.,32,2026-09-21,Immediate
Info,AddedEpic,PLAT-4028,PLAT-4028,PLAT,Epic,Client Walkthrough - Qualification software reference example,Jira Target Start,,2026-09-21,changed_cell,Epic is included in the planned sandbox and was not found in the comparison baseline.,Review the added epic in the sandbox Project file.,32,2026-09-21,Immediate
Info,AddedEpic,PLAT-4028,PLAT-4028,PLAT,Epic,Client Walkthrough - Qualification software reference example,Jira Target End,,2026-11-09,changed_cell,Epic is included in the planned sandbox and was not found in the comparison baseline.,Review the added epic in the sandbox Project file.,32,2026-09-21,Immediate
Info,AddedEpic,PLAT-4029,PLAT-4029,PLAT,Epic,Client Walkthrough - Deployment runner fixVersion example,Name,,Client Walkthrough - Deployment runner fixVersion example,changed_cell,Epic is included in the planned sandbox and was not found in the comparison baseline.,Review the added epic in the sandbox Project file.,33,2026-05-25,Immediate
Info,AddedEpic,PLAT-4029,PLAT-4029,PLAT,Epic,Client Walkthrough - Deployment runner fixVersion example,Rollup Key,,Shared Services 2026,changed_cell,Epic is included in the planned sandbox and was not found in the comparison baseline.,Review the added epic in the sandbox Project file.,33,2026-05-25,Immediate
Info,AddedEpic,PLAT-4029,PLAT-4029,PLAT,Epic,Client Walkthrough - Deployment runner fixVersion example,Resource Group,,Platform Engineering,changed_cell,Epic is included in the planned sandbox and was not found in the comparison baseline.,Review the added epic in the sandbox Project file.,33,2026-05-25,Immediate
Info,AddedEpic,PLAT-4029,PLAT-4029,PLAT,Epic,Client Walkthrough - Deployment runner fixVersion example,Fix Version,,Shared Services 2026,changed_cell,Epic is included in the planned sandbox and was not found in the comparison baseline.,Review the added epic in the sandbox Project file.,33,2026-05-25,Immediate
Info,AddedEpic,PLAT-4029,PLAT-4029,PLAT,Epic,Client Walkthrough - Deployment runner fixVersion example,% Complete,,22,changed_cell,Epic is included in the planned sandbox and was not found in the comparison baseline.,Review the added epic in the sandbox Project file.,33,2026-05-25,Immediate
Info,AddedEpic,PLAT-4029,PLAT-4029,PLAT,Epic,Client Walkthrough - Deployment runner fixVersion example,Total Story Points,,27,changed_cell,Epic is included in the planned sandbox and was not found in the comparison baseline.,Review the added epic in the sandbox Project file.,33,2026-05-25,Immediate
Info,AddedEpic,PLAT-4029,PLAT-4029,PLAT,Epic,Client Walkthrough - Deployment runner fixVersion example,Completed Story Points,,6,changed_cell,Epic is included in the planned sandbox and was not found in the comparison baseline.,Review the added epic in the sandbox Project file.,33,2026-05-25,Immediate
Info,AddedEpic,PLAT-4029,PLAT-4029,PLAT,Epic,Client Walkthrough - Deployment runner fixVersion example,Logged Hours,,12.5,changed_cell,Epic is included in the planned sandbox and was not found in the comparison baseline.,Review the added epic in the sandbox Project file.,33,2026-05-25,Immediate
Info,AddedEpic,PLAT-4029,PLAT-4029,PLAT,Epic,Client Walkthrough - Deployment runner fixVersion example,Story Point Ratio,,24,changed_cell,Epic is included in the planned sandbox and was not found in the comparison baseline.,Review the added epic in the sandbox Project file.,33,2026-05-25,Immediate
Info,AddedEpic,PLAT-4029,PLAT-4029,PLAT,Epic,Client Walkthrough - Deployment runner fixVersion example,Jira Target Start,,2026-09-28,changed_cell,Epic is included in the planned sandbox and was not found in the comparison baseline.,Review the added epic in the sandbox Project file.,33,2026-05-25,Immediate
Info,AddedEpic,PLAT-4029,PLAT-4029,PLAT,Epic,Client Walkthrough - Deployment runner fixVersion example,Jira Target End,,2026-11-23,changed_cell,Epic is included in the planned sandbox and was not found in the comparison baseline.,Review the added epic in the sandbox Project file.,33,2026-05-25,Immediate
Info,AddedEpic,PLAT-4026,PLAT-4026,PLAT,Epic,Client Walkthrough - Stale completed fixVersion hidden from manager report,Name,,Client Walkthrough - Stale completed fixVersion hidden from manager report,changed_cell,Epic is included in the planned sandbox and was not found in the comparison baseline.,Review the added epic in the sandbox Project file.,34,2025-10-06,Immediate
Info,AddedEpic,PLAT-4026,PLAT-4026,PLAT,Epic,Client Walkthrough - Stale completed fixVersion hidden from manager report,Rollup Key,,Legacy Platform Release,changed_cell,Epic is included in the planned sandbox and was not found in the comparison baseline.,Review the added epic in the sandbox Project file.,34,2025-10-06,Immediate
Info,AddedEpic,PLAT-4026,PLAT-4026,PLAT,Epic,Client Walkthrough - Stale completed fixVersion hidden from manager report,Resource Group,,Platform Engineering,changed_cell,Epic is included in the planned sandbox and was not found in the comparison baseline.,Review the added epic in the sandbox Project file.,34,2025-10-06,Immediate
Info,AddedEpic,PLAT-4026,PLAT-4026,PLAT,Epic,Client Walkthrough - Stale completed fixVersion hidden from manager report,Fix Version,,Legacy Platform Release,changed_cell,Epic is included in the planned sandbox and was not found in the comparison baseline.,Review the added epic in the sandbox Project file.,34,2025-10-06,Immediate
Info,AddedEpic,PLAT-4026,PLAT-4026,PLAT,Epic,Client Walkthrough - Stale completed fixVersion hidden from manager report,% Complete,,100,changed_cell,Epic is included in the planned sandbox and was not found in the comparison baseline.,Review the added epic in the sandbox Project file.,34,2025-10-06,Immediate
Info,AddedEpic,PLAT-4026,PLAT-4026,PLAT,Epic,Client Walkthrough - Stale completed fixVersion hidden from manager report,Total Story Points,,19,changed_cell,Epic is included in the planned sandbox and was not found in the comparison baseline.,Review the added epic in the sandbox Project file.,34,2025-10-06,Immediate
Info,AddedEpic,PLAT-4026,PLAT-4026,PLAT,Epic,Client Walkthrough - Stale completed fixVersion hidden from manager report,Completed Story Points,,19,changed_cell,Epic is included in the planned sandbox and was not found in the comparison baseline.,Review the added epic in the sandbox Project file.,34,2025-10-06,Immediate
Info,AddedEpic,PLAT-4026,PLAT-4026,PLAT,Epic,Client Walkthrough - Stale completed fixVersion hidden from manager report,Logged Hours,,15,changed_cell,Epic is included in the planned sandbox and was not found in the comparison baseline.,Review the added epic in the sandbox Project file.,34,2025-10-06,Immediate
Info,AddedEpic,PLAT-4026,PLAT-4026,PLAT,Epic,Client Walkthrough - Stale completed fixVersion hidden from manager report,Story Point Ratio,,10.13,changed_cell,Epic is included in the planned sandbox and was not found in the comparison baseline.,Review the added epic in the sandbox Project file.,34,2025-10-06,Immediate
Info,AddedEpic,PLAT-4026,PLAT-4026,PLAT,Epic,Client Walkthrough - Stale completed fixVersion hidden from manager report,Jira Target Start,,2025-10-06,changed_cell,Epic is included in the planned sandbox and was not found in the comparison baseline.,Review the added epic in the sandbox Project file.,34,2025-10-06,Immediate
Info,AddedEpic,PLAT-4026,PLAT-4026,PLAT,Epic,Client Walkthrough - Stale completed fixVersion hidden from manager report,Jira Target End,,2026-01-15,changed_cell,Epic is included in the planned sandbox and was not found in the comparison baseline.,Review the added epic in the sandbox Project file.,34,2025-10-06,Immediate
Info,AddedEpic,PLAT-4027,PLAT-4027,PLAT,Epic,Client Walkthrough - Completed fixVersion missing Resolved date example,Name,,Client Walkthrough - Completed fixVersion missing Resolved date example,changed_cell,Epic is included in the planned sandbox and was not found in the comparison baseline.,Review the added epic in the sandbox Project file.,35,2025-11-03,Immediate
Info,AddedEpic,PLAT-4027,PLAT-4027,PLAT,Epic,Client Walkthrough - Completed fixVersion missing Resolved date example,Rollup Key,,Resolved Date Review Release,changed_cell,Epic is included in the planned sandbox and was not found in the comparison baseline.,Review the added epic in the sandbox Project file.,35,2025-11-03,Immediate
Info,AddedEpic,PLAT-4027,PLAT-4027,PLAT,Epic,Client Walkthrough - Completed fixVersion missing Resolved date example,Resource Group,,Platform Engineering,changed_cell,Epic is included in the planned sandbox and was not found in the comparison baseline.,Review the added epic in the sandbox Project file.,35,2025-11-03,Immediate
Info,AddedEpic,PLAT-4027,PLAT-4027,PLAT,Epic,Client Walkthrough - Completed fixVersion missing Resolved date example,Fix Version,,Resolved Date Review Release,changed_cell,Epic is included in the planned sandbox and was not found in the comparison baseline.,Review the added epic in the sandbox Project file.,35,2025-11-03,Immediate
Info,AddedEpic,PLAT-4027,PLAT-4027,PLAT,Epic,Client Walkthrough - Completed fixVersion missing Resolved date example,% Complete,,100,changed_cell,Epic is included in the planned sandbox and was not found in the comparison baseline.,Review the added epic in the sandbox Project file.,35,2025-11-03,Immediate
Info,AddedEpic,PLAT-4027,PLAT-4027,PLAT,Epic,Client Walkthrough - Completed fixVersion missing Resolved date example,Total Story Points,,21,changed_cell,Epic is included in the planned sandbox and was not found in the comparison baseline.,Review the added epic in the sandbox Project file.,35,2025-11-03,Immediate
Info,AddedEpic,PLAT-4027,PLAT-4027,PLAT,Epic,Client Walkthrough - Completed fixVersion missing Resolved date example,Completed Story Points,,21,changed_cell,Epic is included in the planned sandbox and was not found in the comparison baseline.,Review the added epic in the sandbox Project file.,35,2025-11-03,Immediate
Info,AddedEpic,PLAT-4027,PLAT-4027,PLAT,Epic,Client Walkthrough - Completed fixVersion missing Resolved date example,Logged Hours,,23.5,changed_cell,Epic is included in the planned sandbox and was not found in the comparison baseline.,Review the added epic in the sandbox Project file.,35,2025-11-03,Immediate
Info,AddedEpic,PLAT-4027,PLAT-4027,PLAT,Epic,Client Walkthrough - Completed fixVersion missing Resolved date example,Story Point Ratio,,7.15,changed_cell,Epic is included in the planned sandbox and was not found in the comparison baseline.,Review the added epic in the sandbox Project file.,35,2025-11-03,Immediate
Info,AddedEpic,PLAT-4027,PLAT-4027,PLAT,Epic,Client Walkthrough - Completed fixVersion missing Resolved date example,Jira Target Start,,2025-11-03,changed_cell,Epic is included in the planned sandbox and was not found in the comparison baseline.,Review the added epic in the sandbox Project file.,35,2025-11-03,Immediate
Info,AddedEpic,PLAT-4027,PLAT-4027,PLAT,Epic,Client Walkthrough - Completed fixVersion missing Resolved date example,Jira Target End,,2026-02-13,changed_cell,Epic is included in the planned sandbox and was not found in the comparison baseline.,Review the added epic in the sandbox Project file.,35,2025-11-03,Immediate
Info,AddedEpic,PLAT-4000,PLAT-4000,PLAT,Epic,Scale Rows - Platform Services - Kubernetes platform upgrade wave 01,Name,,Scale Rows - Platform Services - Kubernetes platform upgrade wave 01,changed_cell,Epic is included in the planned sandbox and was not found in the comparison baseline.,Review the added epic in the sandbox Project file.,134,2026-06-01,Immediate
Info,AddedEpic,PLAT-4000,PLAT-4000,PLAT,Epic,Scale Rows - Platform Services - Kubernetes platform upgrade wave 01,Rollup Key,,Platform Q1,changed_cell,Epic is included in the planned sandbox and was not found in the comparison baseline.,Review the added epic in the sandbox Project file.,134,2026-06-01,Immediate
Info,AddedEpic,PLAT-4000,PLAT-4000,PLAT,Epic,Scale Rows - Platform Services - Kubernetes platform upgrade wave 01,Resource Group,,Platform Engineering,changed_cell,Epic is included in the planned sandbox and was not found in the comparison baseline.,Review the added epic in the sandbox Project file.,134,2026-06-01,Immediate
Info,AddedEpic,PLAT-4000,PLAT-4000,PLAT,Epic,Scale Rows - Platform Services - Kubernetes platform upgrade wave 01,Fix Version,,Platform Q1,changed_cell,Epic is included in the planned sandbox and was not found in the comparison baseline.,Review the added epic in the sandbox Project file.,134,2026-06-01,Immediate
Info,AddedEpic,PLAT-4000,PLAT-4000,PLAT,Epic,Scale Rows - Platform Services - Kubernetes platform upgrade wave 01,% Complete,,42,changed_cell,Epic is included in the planned sandbox and was not found in the comparison baseline.,Review the added epic in the sandbox Project file.,134,2026-06-01,Immediate
Info,AddedEpic,PLAT-4000,PLAT-4000,PLAT,Epic,Scale Rows - Platform Services - Kubernetes platform upgrade wave 01,Total Story Points,,19,changed_cell,Epic is included in the planned sandbox and was not found in the comparison baseline.,Review the added epic in the sandbox Project file.,134,2026-06-01,Immediate
Info,AddedEpic,PLAT-4000,PLAT-4000,PLAT,Epic,Scale Rows - Platform Services - Kubernetes platform upgrade wave 01,Completed Story Points,,8,changed_cell,Epic is included in the planned sandbox and was not found in the comparison baseline.,Review the added epic in the sandbox Project file.,134,2026-06-01,Immediate
Info,AddedEpic,PLAT-4000,PLAT-4000,PLAT,Epic,Scale Rows - Platform Services - Kubernetes platform upgrade wave 01,Logged Hours,,15.5,changed_cell,Epic is included in the planned sandbox and was not found in the comparison baseline.,Review the added epic in the sandbox Project file.,134,2026-06-01,Immediate
Info,AddedEpic,PLAT-4000,PLAT-4000,PLAT,Epic,Scale Rows - Platform Services - Kubernetes platform upgrade wave 01,Story Point Ratio,,128,changed_cell,Epic is included in the planned sandbox and was not found in the comparison baseline.,Review the added epic in the sandbox Project file.,134,2026-06-01,Immediate
Info,AddedEpic,PLAT-4000,PLAT-4000,PLAT,Epic,Scale Rows - Platform Services - Kubernetes platform upgrade wave 01,Jira Target Start,,2026-08-31,changed_cell,Epic is included in the planned sandbox and was not found in the comparison baseline.,Review the added epic in the sandbox Project file.,134,2026-06-01,Immediate
Info,AddedEpic,PLAT-4000,PLAT-4000,PLAT,Epic,Scale Rows - Platform Services - Kubernetes platform upgrade wave 01,Jira Target End,,2026-09-28,changed_cell,Epic is included in the planned sandbox and was not found in the comparison baseline.,Review the added epic in the sandbox Project file.,134,2026-06-01,Immediate
Info,AddedEpic,PLAT-4010,PLAT-4010,PLAT,Epic,Scale Rows - Platform Services - Secrets management wave 11,Name,,Scale Rows - Platform Services - Secrets management wave 11,changed_cell,Epic is included in the planned sandbox and was not found in the comparison baseline.,Review the added epic in the sandbox Project file.,141,2026-05-18,Immediate
Info,AddedEpic,PLAT-4010,PLAT-4010,PLAT,Epic,Scale Rows - Platform Services - Secrets management wave 11,Rollup Key,,Platform Q2,changed_cell,Epic is included in the planned sandbox and was not found in the comparison baseline.,Review the added epic in the sandbox Project file.,141,2026-05-18,Immediate
Info,AddedEpic,PLAT-4010,PLAT-4010,PLAT,Epic,Scale Rows - Platform Services - Secrets management wave 11,Resource Group,,Platform Engineering,changed_cell,Epic is included in the planned sandbox and was not found in the comparison baseline.,Review the added epic in the sandbox Project file.,141,2026-05-18,Immediate
Info,AddedEpic,PLAT-4010,PLAT-4010,PLAT,Epic,Scale Rows - Platform Services - Secrets management wave 11,Fix Version,,Platform Q2,changed_cell,Epic is included in the planned sandbox and was not found in the comparison baseline.,Review the added epic in the sandbox Project file.,141,2026-05-18,Immediate
Info,AddedEpic,PLAT-4010,PLAT-4010,PLAT,Epic,Scale Rows - Platform Services - Secrets management wave 11,% Complete,,32,changed_cell,Epic is included in the planned sandbox and was not found in the comparison baseline.,Review the added epic in the sandbox Project file.,141,2026-05-18,Immediate
Info,AddedEpic,PLAT-4010,PLAT-4010,PLAT,Epic,Scale Rows - Platform Services - Secrets management wave 11,Total Story Points,,19,changed_cell,Epic is included in the planned sandbox and was not found in the comparison baseline.,Review the added epic in the sandbox Project file.,141,2026-05-18,Immediate
Info,AddedEpic,PLAT-4010,PLAT-4010,PLAT,Epic,Scale Rows - Platform Services - Secrets management wave 11,Completed Story Points,,6,changed_cell,Epic is included in the planned sandbox and was not found in the comparison baseline.,Review the added epic in the sandbox Project file.,141,2026-05-18,Immediate
Info,AddedEpic,PLAT-4010,PLAT-4010,PLAT,Epic,Scale Rows - Platform Services - Secrets management wave 11,Logged Hours,,16,changed_cell,Epic is included in the planned sandbox and was not found in the comparison baseline.,Review the added epic in the sandbox Project file.,141,2026-05-18,Immediate
Info,AddedEpic,PLAT-4010,PLAT-4010,PLAT,Epic,Scale Rows - Platform Services - Secrets management wave 11,Story Point Ratio,,6.4,changed_cell,Epic is included in the planned sandbox and was not found in the comparison baseline.,Review the added epic in the sandbox Project file.,141,2026-05-18,Immediate
Info,AddedEpic,PLAT-4010,PLAT-4010,PLAT,Epic,Scale Rows - Platform Services - Secrets management wave 11,Jira Target Start,,2026-05-18,changed_cell,Epic is included in the planned sandbox and was not found in the comparison baseline.,Review the added epic in the sandbox Project file.,141,2026-05-18,Immediate
Info,AddedEpic,PLAT-4010,PLAT-4010,PLAT,Epic,Scale Rows - Platform Services - Secrets management wave 11,Jira Target End,,2026-06-15,changed_cell,Epic is included in the planned sandbox and was not found in the comparison baseline.,Review the added epic in the sandbox Project file.,141,2026-05-18,Immediate
Info,AddedEpic,PLAT-4010,PLAT-4010,PLAT,Epic,Scale Rows - Platform Services - Secrets management wave 11,Predecessors,,PLAT-4009,changed_cell,Epic is included in the planned sandbox and was not found in the comparison baseline.,Review the added epic in the sandbox Project file.,141,2026-05-18,Immediate
Info,AddedEpic,PLAT-4001,PLAT-4001,PLAT,Epic,Scale Rows - Platform Services - Build runner rotation wave 02,Name,,Scale Rows - Platform Services - Build runner rotation wave 02,changed_cell,Epic is included in the planned sandbox and was not found in the comparison baseline.,Review the added epic in the sandbox Project file.,143,2026-05-18,Immediate
Info,AddedEpic,PLAT-4001,PLAT-4001,PLAT,Epic,Scale Rows - Platform Services - Build runner rotation wave 02,Rollup Key,,Platform Q2,changed_cell,Epic is included in the planned sandbox and was not found in the comparison baseline.,Review the added epic in the sandbox Project file.,143,2026-05-18,Immediate
Info,AddedEpic,PLAT-4001,PLAT-4001,PLAT,Epic,Scale Rows - Platform Services - Build runner rotation wave 02,Resource Group,,Platform Engineering,changed_cell,Epic is included in the planned sandbox and was not found in the comparison baseline.,Review the added epic in the sandbox Project file.,143,2026-05-18,Immediate
Info,AddedEpic,PLAT-4001,PLAT-4001,PLAT,Epic,Scale Rows - Platform Services - Build runner rotation wave 02,Fix Version,,Platform Q2,changed_cell,Epic is included in the planned sandbox and was not found in the comparison baseline.,Review the added epic in the sandbox Project file.,143,2026-05-18,Immediate
Info,AddedEpic,PLAT-4001,PLAT-4001,PLAT,Epic,Scale Rows - Platform Services - Build runner rotation wave 02,% Complete,,33,changed_cell,Epic is included in the planned sandbox and was not found in the comparison baseline.,Review the added epic in the sandbox Project file.,143,2026-05-18,Immediate
Info,AddedEpic,PLAT-4001,PLAT-4001,PLAT,Epic,Scale Rows - Platform Services - Build runner rotation wave 02,Total Story Points,,21,changed_cell,Epic is included in the planned sandbox and was not found in the comparison baseline.,Review the added epic in the sandbox Project file.,143,2026-05-18,Immediate
Info,AddedEpic,PLAT-4001,PLAT-4001,PLAT,Epic,Scale Rows - Platform Services - Build runner rotation wave 02,Completed Story Points,,7,changed_cell,Epic is included in the planned sandbox and was not found in the comparison baseline.,Review the added epic in the sandbox Project file.,143,2026-05-18,Immediate
Info,AddedEpic,PLAT-4001,PLAT-4001,PLAT,Epic,Scale Rows - Platform Services - Build runner rotation wave 02,Logged Hours,,15,changed_cell,Epic is included in the planned sandbox and was not found in the comparison baseline.,Review the added epic in the sandbox Project file.,143,2026-05-18,Immediate
Info,AddedEpic,PLAT-4001,PLAT-4001,PLAT,Epic,Scale Rows - Platform Services - Build runner rotation wave 02,Story Point Ratio,,7,changed_cell,Epic is included in the planned sandbox and was not found in the comparison baseline.,Review the added epic in the sandbox Project file.,143,2026-05-18,Immediate
Info,AddedEpic,PLAT-4001,PLAT-4001,PLAT,Epic,Scale Rows - Platform Services - Build runner rotation wave 02,Jira Target Start,,2026-09-07,changed_cell,Epic is included in the planned sandbox and was not found in the comparison baseline.,Review the added epic in the sandbox Project file.,143,2026-05-18,Immediate
Info,AddedEpic,PLAT-4001,PLAT-4001,PLAT,Epic,Scale Rows - Platform Services - Build runner rotation wave 02,Jira Target End,,2026-10-12,changed_cell,Epic is included in the planned sandbox and was not found in the comparison baseline.,Review the added epic in the sandbox Project file.,143,2026-05-18,Immediate
Info,AddedEpic,PLAT-4001,PLAT-4001,PLAT,Epic,Scale Rows - Platform Services - Build runner rotation wave 02,Predecessors,,PLAT-4000,changed_cell,Epic is included in the planned sandbox and was not found in the comparison baseline.,Review the added epic in the sandbox Project file.,143,2026-05-18,Immediate
Info,AddedEpic,PLAT-4020,PLAT-4020,PLAT,Epic,Scale Rows - Platform Services - Service mesh controls wave 21,Name,,Scale Rows - Platform Services - Service mesh controls wave 21,changed_cell,Epic is included in the planned sandbox and was not found in the comparison baseline.,Review the added epic in the sandbox Project file.,148,2026-05-25,Immediate
Info,AddedEpic,PLAT-4020,PLAT-4020,PLAT,Epic,Scale Rows - Platform Services - Service mesh controls wave 21,Rollup Key,,Shared Services 2026,changed_cell,Epic is included in the planned sandbox and was not found in the comparison baseline.,Review the added epic in the sandbox Project file.,148,2026-05-25,Immediate
Info,AddedEpic,PLAT-4020,PLAT-4020,PLAT,Epic,Scale Rows - Platform Services - Service mesh controls wave 21,Resource Group,,Platform Engineering,changed_cell,Epic is included in the planned sandbox and was not found in the comparison baseline.,Review the added epic in the sandbox Project file.,148,2026-05-25,Immediate
Info,AddedEpic,PLAT-4020,PLAT-4020,PLAT,Epic,Scale Rows - Platform Services - Service mesh controls wave 21,Fix Version,,Shared Services 2026,changed_cell,Epic is included in the planned sandbox and was not found in the comparison baseline.,Review the added epic in the sandbox Project file.,148,2026-05-25,Immediate
Info,AddedEpic,PLAT-4020,PLAT-4020,PLAT,Epic,Scale Rows - Platform Services - Service mesh controls wave 21,% Complete,,58,changed_cell,Epic is included in the planned sandbox and was not found in the comparison baseline.,Review the added epic in the sandbox Project file.,148,2026-05-25,Immediate
Info,AddedEpic,PLAT-4020,PLAT-4020,PLAT,Epic,Scale Rows - Platform Services - Service mesh controls wave 21,Total Story Points,,19,changed_cell,Epic is included in the planned sandbox and was not found in the comparison baseline.,Review the added epic in the sandbox Project file.,148,2026-05-25,Immediate
Info,AddedEpic,PLAT-4020,PLAT-4020,PLAT,Epic,Scale Rows - Platform Services - Service mesh controls wave 21,Completed Story Points,,11,changed_cell,Epic is included in the planned sandbox and was not found in the comparison baseline.,Review the added epic in the sandbox Project file.,148,2026-05-25,Immediate
Info,AddedEpic,PLAT-4020,PLAT-4020,PLAT,Epic,Scale Rows - Platform Services - Service mesh controls wave 21,Logged Hours,,16.5,changed_cell,Epic is included in the planned sandbox and was not found in the comparison baseline.,Review the added epic in the sandbox Project file.,148,2026-05-25,Immediate
Info,AddedEpic,PLAT-4020,PLAT-4020,PLAT,Epic,Scale Rows - Platform Services - Service mesh controls wave 21,Story Point Ratio,,16,changed_cell,Epic is included in the planned sandbox and was not found in the comparison baseline.,Review the added epic in the sandbox Project file.,148,2026-05-25,Immediate
Info,AddedEpic,PLAT-4020,PLAT-4020,PLAT,Epic,Scale Rows - Platform Services - Service mesh controls wave 21,Jira Target Start,,2026-07-27,changed_cell,Epic is included in the planned sandbox and was not found in the comparison baseline.,Review the added epic in the sandbox Project file.,148,2026-05-25,Immediate
Info,AddedEpic,PLAT-4020,PLAT-4020,PLAT,Epic,Scale Rows - Platform Services - Service mesh controls wave 21,Jira Target End,,2026-08-24,changed_cell,Epic is included in the planned sandbox and was not found in the comparison baseline.,Review the added epic in the sandbox Project file.,148,2026-05-25,Immediate
Info,AddedEpic,PLAT-4020,PLAT-4020,PLAT,Epic,Scale Rows - Platform Services - Service mesh controls wave 21,Predecessors,,PLAT-4019,changed_cell,Epic is included in the planned sandbox and was not found in the comparison baseline.,Review the added epic in the sandbox Project file.,148,2026-05-25,Immediate
Info,AddedEpic,PLAT-4011,PLAT-4011,PLAT,Epic,Scale Rows - Platform Services - Shared logging wave 12,Name,,Scale Rows - Platform Services - Shared logging wave 12,changed_cell,Epic is included in the planned sandbox and was not found in the comparison baseline.,Review the added epic in the sandbox Project file.,150,2026-05-25,Immediate
Info,AddedEpic,PLAT-4011,PLAT-4011,PLAT,Epic,Scale Rows - Platform Services - Shared logging wave 12,Rollup Key,,Shared Services 2026,changed_cell,Epic is included in the planned sandbox and was not found in the comparison baseline.,Review the added epic in the sandbox Project file.,150,2026-05-25,Immediate
Info,AddedEpic,PLAT-4011,PLAT-4011,PLAT,Epic,Scale Rows - Platform Services - Shared logging wave 12,Resource Group,,Platform Engineering,changed_cell,Epic is included in the planned sandbox and was not found in the comparison baseline.,Review the added epic in the sandbox Project file.,150,2026-05-25,Immediate
Info,AddedEpic,PLAT-4011,PLAT-4011,PLAT,Epic,Scale Rows - Platform Services - Shared logging wave 12,Fix Version,,Shared Services 2026,changed_cell,Epic is included in the planned sandbox and was not found in the comparison baseline.,Review the added epic in the sandbox Project file.,150,2026-05-25,Immediate
Info,AddedEpic,PLAT-4011,PLAT-4011,PLAT,Epic,Scale Rows - Platform Services - Shared logging wave 12,% Complete,,41,changed_cell,Epic is included in the planned sandbox and was not found in the comparison baseline.,Review the added epic in the sandbox Project file.,150,2026-05-25,Immediate
Info,AddedEpic,PLAT-4011,PLAT-4011,PLAT,Epic,Scale Rows - Platform Services - Shared logging wave 12,Total Story Points,,27,changed_cell,Epic is included in the planned sandbox and was not found in the comparison baseline.,Review the added epic in the sandbox Project file.,150,2026-05-25,Immediate
Info,AddedEpic,PLAT-4011,PLAT-4011,PLAT,Epic,Scale Rows - Platform Services - Shared logging wave 12,Completed Story Points,,11,changed_cell,Epic is included in the planned sandbox and was not found in the comparison baseline.,Review the added epic in the sandbox Project file.,150,2026-05-25,Immediate
Info,AddedEpic,PLAT-4011,PLAT-4011,PLAT,Epic,Scale Rows - Platform Services - Shared logging wave 12,Logged Hours,,19.5,changed_cell,Epic is included in the planned sandbox and was not found in the comparison baseline.,Review the added epic in the sandbox Project file.,150,2026-05-25,Immediate
Info,AddedEpic,PLAT-4011,PLAT-4011,PLAT,Epic,Scale Rows - Platform Services - Shared logging wave 12,Story Point Ratio,,8.8,changed_cell,Epic is included in the planned sandbox and was not found in the comparison baseline.,Review the added epic in the sandbox Project file.,150,2026-05-25,Immediate
Info,AddedEpic,PLAT-4011,PLAT-4011,PLAT,Epic,Scale Rows - Platform Services - Shared logging wave 12,Jira Target Start,,2026-05-25,changed_cell,Epic is included in the planned sandbox and was not found in the comparison baseline.,Review the added epic in the sandbox Project file.,150,2026-05-25,Immediate
Info,AddedEpic,PLAT-4011,PLAT-4011,PLAT,Epic,Scale Rows - Platform Services - Shared logging wave 12,Jira Target End,,2026-06-29,changed_cell,Epic is included in the planned sandbox and was not found in the comparison baseline.,Review the added epic in the sandbox Project file.,150,2026-05-25,Immediate
Info,AddedEpic,PLAT-4011,PLAT-4011,PLAT,Epic,Scale Rows - Platform Services - Shared logging wave 12,Predecessors,,PLAT-4010,changed_cell,Epic is included in the planned sandbox and was not found in the comparison baseline.,Review the added epic in the sandbox Project file.,150,2026-05-25,Immediate
Info,AddedEpic,PLAT-4002,PLAT-4002,PLAT,Epic,Scale Rows - Platform Services - Secrets management wave 03,Name,,Scale Rows - Platform Services - Secrets management wave 03,changed_cell,Epic is included in the planned sandbox and was not found in the comparison baseline.,Review the added epic in the sandbox Project file.,152,2026-05-25,Immediate
Info,AddedEpic,PLAT-4002,PLAT-4002,PLAT,Epic,Scale Rows - Platform Services - Secrets management wave 03,Rollup Key,,Shared Services 2026,changed_cell,Epic is included in the planned sandbox and was not found in the comparison baseline.,Review the added epic in the sandbox Project file.,152,2026-05-25,Immediate
Info,AddedEpic,PLAT-4002,PLAT-4002,PLAT,Epic,Scale Rows - Platform Services - Secrets management wave 03,Resource Group,,Platform Engineering,changed_cell,Epic is included in the planned sandbox and was not found in the comparison baseline.,Review the added epic in the sandbox Project file.,152,2026-05-25,Immediate
Info,AddedEpic,PLAT-4002,PLAT-4002,PLAT,Epic,Scale Rows - Platform Services - Secrets management wave 03,Fix Version,,Shared Services 2026,changed_cell,Epic is included in the planned sandbox and was not found in the comparison baseline.,Review the added epic in the sandbox Project file.,152,2026-05-25,Immediate
Info,AddedEpic,PLAT-4002,PLAT-4002,PLAT,Epic,Scale Rows - Platform Services - Secrets management wave 03,% Complete,,16,changed_cell,Epic is included in the planned sandbox and was not found in the comparison baseline.,Review the added epic in the sandbox Project file.,152,2026-05-25,Immediate
Info,AddedEpic,PLAT-4002,PLAT-4002,PLAT,Epic,Scale Rows - Platform Services - Secrets management wave 03,Total Story Points,,19,changed_cell,Epic is included in the planned sandbox and was not found in the comparison baseline.,Review the added epic in the sandbox Project file.,152,2026-05-25,Immediate
Info,AddedEpic,PLAT-4002,PLAT-4002,PLAT,Epic,Scale Rows - Platform Services - Secrets management wave 03,Completed Story Points,,3,changed_cell,Epic is included in the planned sandbox and was not found in the comparison baseline.,Review the added epic in the sandbox Project file.,152,2026-05-25,Immediate
Info,AddedEpic,PLAT-4002,PLAT-4002,PLAT,Epic,Scale Rows - Platform Services - Secrets management wave 03,Logged Hours,,15,changed_cell,Epic is included in the planned sandbox and was not found in the comparison baseline.,Review the added epic in the sandbox Project file.,152,2026-05-25,Immediate
Info,AddedEpic,PLAT-4002,PLAT-4002,PLAT,Epic,Scale Rows - Platform Services - Secrets management wave 03,Story Point Ratio,,8,changed_cell,Epic is included in the planned sandbox and was not found in the comparison baseline.,Review the added epic in the sandbox Project file.,152,2026-05-25,Immediate
Info,AddedEpic,PLAT-4002,PLAT-4002,PLAT,Epic,Scale Rows - Platform Services - Secrets management wave 03,Jira Target Start,,2026-09-14,changed_cell,Epic is included in the planned sandbox and was not found in the comparison baseline.,Review the added epic in the sandbox Project file.,152,2026-05-25,Immediate
Info,AddedEpic,PLAT-4002,PLAT-4002,PLAT,Epic,Scale Rows - Platform Services - Secrets management wave 03,Jira Target End,,2026-10-26,changed_cell,Epic is included in the planned sandbox and was not found in the comparison baseline.,Review the added epic in the sandbox Project file.,152,2026-05-25,Immediate
Info,AddedEpic,PLAT-4002,PLAT-4002,PLAT,Epic,Scale Rows - Platform Services - Secrets management wave 03,Predecessors,,PLAT-4001,changed_cell,Epic is included in the planned sandbox and was not found in the comparison baseline.,Review the added epic in the sandbox Project file.,152,2026-05-25,Immediate
Info,AddedEpic,PLAT-4021,PLAT-4021,PLAT,Epic,Scale Rows - Platform Services - Environment provisioning wave 22,Name,,Scale Rows - Platform Services - Environment provisioning wave 22,changed_cell,Epic is included in the planned sandbox and was not found in the comparison baseline.,Review the added epic in the sandbox Project file.,157,2026-06-01,Immediate
Info,AddedEpic,PLAT-4021,PLAT-4021,PLAT,Epic,Scale Rows - Platform Services - Environment provisioning wave 22,Rollup Key,,Platform Q1,changed_cell,Epic is included in the planned sandbox and was not found in the comparison baseline.,Review the added epic in the sandbox Project file.,157,2026-06-01,Immediate
Info,AddedEpic,PLAT-4021,PLAT-4021,PLAT,Epic,Scale Rows - Platform Services - Environment provisioning wave 22,Resource Group,,Platform Engineering,changed_cell,Epic is included in the planned sandbox and was not found in the comparison baseline.,Review the added epic in the sandbox Project file.,157,2026-06-01,Immediate
Info,AddedEpic,PLAT-4021,PLAT-4021,PLAT,Epic,Scale Rows - Platform Services - Environment provisioning wave 22,Fix Version,,Platform Q1,changed_cell,Epic is included in the planned sandbox and was not found in the comparison baseline.,Review the added epic in the sandbox Project file.,157,2026-06-01,Immediate
Info,AddedEpic,PLAT-4021,PLAT-4021,PLAT,Epic,Scale Rows - Platform Services - Environment provisioning wave 22,% Complete,,32,changed_cell,Epic is included in the planned sandbox and was not found in the comparison baseline.,Review the added epic in the sandbox Project file.,157,2026-06-01,Immediate
Info,AddedEpic,PLAT-4021,PLAT-4021,PLAT,Epic,Scale Rows - Platform Services - Environment provisioning wave 22,Total Story Points,,22,changed_cell,Epic is included in the planned sandbox and was not found in the comparison baseline.,Review the added epic in the sandbox Project file.,157,2026-06-01,Immediate
Info,AddedEpic,PLAT-4021,PLAT-4021,PLAT,Epic,Scale Rows - Platform Services - Environment provisioning wave 22,Completed Story Points,,7,changed_cell,Epic is included in the planned sandbox and was not found in the comparison baseline.,Review the added epic in the sandbox Project file.,157,2026-06-01,Immediate
Info,AddedEpic,PLAT-4021,PLAT-4021,PLAT,Epic,Scale Rows - Platform Services - Environment provisioning wave 22,Logged Hours,,17.5,changed_cell,Epic is included in the planned sandbox and was not found in the comparison baseline.,Review the added epic in the sandbox Project file.,157,2026-06-01,Immediate
Info,AddedEpic,PLAT-4021,PLAT-4021,PLAT,Epic,Scale Rows - Platform Services - Environment provisioning wave 22,Story Point Ratio,,7,changed_cell,Epic is included in the planned sandbox and was not found in the comparison baseline.,Review the added epic in the sandbox Project file.,157,2026-06-01,Immediate
Info,AddedEpic,PLAT-4021,PLAT-4021,PLAT,Epic,Scale Rows - Platform Services - Environment provisioning wave 22,Jira Target Start,,2026-08-03,changed_cell,Epic is included in the planned sandbox and was not found in the comparison baseline.,Review the added epic in the sandbox Project file.,157,2026-06-01,Immediate
Info,AddedEpic,PLAT-4021,PLAT-4021,PLAT,Epic,Scale Rows - Platform Services - Environment provisioning wave 22,Jira Target End,,2026-09-07,changed_cell,Epic is included in the planned sandbox and was not found in the comparison baseline.,Review the added epic in the sandbox Project file.,157,2026-06-01,Immediate
Info,AddedEpic,PLAT-4021,PLAT-4021,PLAT,Epic,Scale Rows - Platform Services - Environment provisioning wave 22,Predecessors,,PLAT-4020,changed_cell,Epic is included in the planned sandbox and was not found in the comparison baseline.,Review the added epic in the sandbox Project file.,157,2026-06-01,Immediate
Info,AddedEpic,PLAT-4012,PLAT-4012,PLAT,Epic,Scale Rows - Platform Services - Service mesh controls wave 13,Name,,Scale Rows - Platform Services - Service mesh controls wave 13,changed_cell,Epic is included in the planned sandbox and was not found in the comparison baseline.,Review the added epic in the sandbox Project file.,159,2026-06-01,Immediate
Info,AddedEpic,PLAT-4012,PLAT-4012,PLAT,Epic,Scale Rows - Platform Services - Service mesh controls wave 13,Rollup Key,,Platform Q1,changed_cell,Epic is included in the planned sandbox and was not found in the comparison baseline.,Review the added epic in the sandbox Project file.,159,2026-06-01,Immediate
Info,AddedEpic,PLAT-4012,PLAT-4012,PLAT,Epic,Scale Rows - Platform Services - Service mesh controls wave 13,Resource Group,,Platform Engineering,changed_cell,Epic is included in the planned sandbox and was not found in the comparison baseline.,Review the added epic in the sandbox Project file.,159,2026-06-01,Immediate
Info,AddedEpic,PLAT-4012,PLAT-4012,PLAT,Epic,Scale Rows - Platform Services - Service mesh controls wave 13,Fix Version,,Platform Q1,changed_cell,Epic is included in the planned sandbox and was not found in the comparison baseline.,Review the added epic in the sandbox Project file.,159,2026-06-01,Immediate
Info,AddedEpic,PLAT-4012,PLAT-4012,PLAT,Epic,Scale Rows - Platform Services - Service mesh controls wave 13,% Complete,,37,changed_cell,Epic is included in the planned sandbox and was not found in the comparison baseline.,Review the added epic in the sandbox Project file.,159,2026-06-01,Immediate
Info,AddedEpic,PLAT-4012,PLAT-4012,PLAT,Epic,Scale Rows - Platform Services - Service mesh controls wave 13,Total Story Points,,19,changed_cell,Epic is included in the planned sandbox and was not found in the comparison baseline.,Review the added epic in the sandbox Project file.,159,2026-06-01,Immediate
Info,AddedEpic,PLAT-4012,PLAT-4012,PLAT,Epic,Scale Rows - Platform Services - Service mesh controls wave 13,Completed Story Points,,7,changed_cell,Epic is included in the planned sandbox and was not found in the comparison baseline.,Review the added epic in the sandbox Project file.,159,2026-06-01,Immediate
Info,AddedEpic,PLAT-4012,PLAT-4012,PLAT,Epic,Scale Rows - Platform Services - Service mesh controls wave 13,Logged Hours,,15.5,changed_cell,Epic is included in the planned sandbox and was not found in the comparison baseline.,Review the added epic in the sandbox Project file.,159,2026-06-01,Immediate
Info,AddedEpic,PLAT-4012,PLAT-4012,PLAT,Epic,Scale Rows - Platform Services - Service mesh controls wave 13,Story Point Ratio,,9.33,changed_cell,Epic is included in the planned sandbox and was not found in the comparison baseline.,Review the added epic in the sandbox Project file.,159,2026-06-01,Immediate
Info,AddedEpic,PLAT-4012,PLAT-4012,PLAT,Epic,Scale Rows - Platform Services - Service mesh controls wave 13,Jira Target Start,,2026-06-01,changed_cell,Epic is included in the planned sandbox and was not found in the comparison baseline.,Review the added epic in the sandbox Project file.,159,2026-06-01,Immediate
Info,AddedEpic,PLAT-4012,PLAT-4012,PLAT,Epic,Scale Rows - Platform Services - Service mesh controls wave 13,Jira Target End,,2026-07-13,changed_cell,Epic is included in the planned sandbox and was not found in the comparison baseline.,Review the added epic in the sandbox Project file.,159,2026-06-01,Immediate
Info,AddedEpic,PLAT-4012,PLAT-4012,PLAT,Epic,Scale Rows - Platform Services - Service mesh controls wave 13,Predecessors,,PLAT-4011,changed_cell,Epic is included in the planned sandbox and was not found in the comparison baseline.,Review the added epic in the sandbox Project file.,159,2026-06-01,Immediate
Info,AddedEpic,PLAT-4003,PLAT-4003,PLAT,Epic,Scale Rows - Platform Services - Shared logging wave 04,Name,,Scale Rows - Platform Services - Shared logging wave 04,changed_cell,Epic is included in the planned sandbox and was not found in the comparison baseline.,Review the added epic in the sandbox Project file.,161,2026-06-01,Immediate
Info,AddedEpic,PLAT-4003,PLAT-4003,PLAT,Epic,Scale Rows - Platform Services - Shared logging wave 04,Rollup Key,,Platform Q1,changed_cell,Epic is included in the planned sandbox and was not found in the comparison baseline.,Review the added epic in the sandbox Project file.,161,2026-06-01,Immediate
Info,AddedEpic,PLAT-4003,PLAT-4003,PLAT,Epic,Scale Rows - Platform Services - Shared logging wave 04,Resource Group,,Platform Engineering,changed_cell,Epic is included in the planned sandbox and was not found in the comparison baseline.,Review the added epic in the sandbox Project file.,161,2026-06-01,Immediate
Info,AddedEpic,PLAT-4003,PLAT-4003,PLAT,Epic,Scale Rows - Platform Services - Shared logging wave 04,Fix Version,,Platform Q1,changed_cell,Epic is included in the planned sandbox and was not found in the comparison baseline.,Review the added epic in the sandbox Project file.,161,2026-06-01,Immediate
Info,AddedEpic,PLAT-4003,PLAT-4003,PLAT,Epic,Scale Rows - Platform Services - Shared logging wave 04,% Complete,,37,changed_cell,Epic is included in the planned sandbox and was not found in the comparison baseline.,Review the added epic in the sandbox Project file.,161,2026-06-01,Immediate
Info,AddedEpic,PLAT-4003,PLAT-4003,PLAT,Epic,Scale Rows - Platform Services - Shared logging wave 04,Total Story Points,,27,changed_cell,Epic is included in the planned sandbox and was not found in the comparison baseline.,Review the added epic in the sandbox Project file.,161,2026-06-01,Immediate
Info,AddedEpic,PLAT-4003,PLAT-4003,PLAT,Epic,Scale Rows - Platform Services - Shared logging wave 04,Completed Story Points,,10,changed_cell,Epic is included in the planned sandbox and was not found in the comparison baseline.,Review the added epic in the sandbox Project file.,161,2026-06-01,Immediate
Info,AddedEpic,PLAT-4003,PLAT-4003,PLAT,Epic,Scale Rows - Platform Services - Shared logging wave 04,Logged Hours,,23.5,changed_cell,Epic is included in the planned sandbox and was not found in the comparison baseline.,Review the added epic in the sandbox Project file.,161,2026-06-01,Immediate
Info,AddedEpic,PLAT-4003,PLAT-4003,PLAT,Epic,Scale Rows - Platform Services - Shared logging wave 04,Story Point Ratio,,12.31,changed_cell,Epic is included in the planned sandbox and was not found in the comparison baseline.,Review the added epic in the sandbox Project file.,161,2026-06-01,Immediate
Info,AddedEpic,PLAT-4003,PLAT-4003,PLAT,Epic,Scale Rows - Platform Services - Shared logging wave 04,Jira Target Start,,2026-09-21,changed_cell,Epic is included in the planned sandbox and was not found in the comparison baseline.,Review the added epic in the sandbox Project file.,161,2026-06-01,Immediate
Info,AddedEpic,PLAT-4003,PLAT-4003,PLAT,Epic,Scale Rows - Platform Services - Shared logging wave 04,Jira Target End,,2026-11-09,changed_cell,Epic is included in the planned sandbox and was not found in the comparison baseline.,Review the added epic in the sandbox Project file.,161,2026-06-01,Immediate
Info,AddedEpic,PLAT-4003,PLAT-4003,PLAT,Epic,Scale Rows - Platform Services - Shared logging wave 04,Predecessors,,PLAT-4002,changed_cell,Epic is included in the planned sandbox and was not found in the comparison baseline.,Review the added epic in the sandbox Project file.,161,2026-06-01,Immediate
Info,AddedEpic,PLAT-4022,PLAT-4022,PLAT,Epic,Scale Rows - Platform Services - Artifact retention wave 23,Name,,Scale Rows - Platform Services - Artifact retention wave 23,changed_cell,Epic is included in the planned sandbox and was not found in the comparison baseline.,Review the added epic in the sandbox Project file.,166,2026-05-18,Immediate
Info,AddedEpic,PLAT-4022,PLAT-4022,PLAT,Epic,Scale Rows - Platform Services - Artifact retention wave 23,Rollup Key,,Platform Q2,changed_cell,Epic is included in the planned sandbox and was not found in the comparison baseline.,Review the added epic in the sandbox Project file.,166,2026-05-18,Immediate
Info,AddedEpic,PLAT-4022,PLAT-4022,PLAT,Epic,Scale Rows - Platform Services - Artifact retention wave 23,Resource Group,,Platform Engineering,changed_cell,Epic is included in the planned sandbox and was not found in the comparison baseline.,Review the added epic in the sandbox Project file.,166,2026-05-18,Immediate
Info,AddedEpic,PLAT-4022,PLAT-4022,PLAT,Epic,Scale Rows - Platform Services - Artifact retention wave 23,Fix Version,,Platform Q2,changed_cell,Epic is included in the planned sandbox and was not found in the comparison baseline.,Review the added epic in the sandbox Project file.,166,2026-05-18,Immediate
Info,AddedEpic,PLAT-4022,PLAT-4022,PLAT,Epic,Scale Rows - Platform Services - Artifact retention wave 23,% Complete,,21,changed_cell,Epic is included in the planned sandbox and was not found in the comparison baseline.,Review the added epic in the sandbox Project file.,166,2026-05-18,Immediate
Info,AddedEpic,PLAT-4022,PLAT-4022,PLAT,Epic,Scale Rows - Platform Services - Artifact retention wave 23,Total Story Points,,19,changed_cell,Epic is included in the planned sandbox and was not found in the comparison baseline.,Review the added epic in the sandbox Project file.,166,2026-05-18,Immediate
Info,AddedEpic,PLAT-4022,PLAT-4022,PLAT,Epic,Scale Rows - Platform Services - Artifact retention wave 23,Completed Story Points,,4,changed_cell,Epic is included in the planned sandbox and was not found in the comparison baseline.,Review the added epic in the sandbox Project file.,166,2026-05-18,Immediate
Info,AddedEpic,PLAT-4022,PLAT-4022,PLAT,Epic,Scale Rows - Platform Services - Artifact retention wave 23,Logged Hours,,16,changed_cell,Epic is included in the planned sandbox and was not found in the comparison baseline.,Review the added epic in the sandbox Project file.,166,2026-05-18,Immediate
Info,AddedEpic,PLAT-4022,PLAT-4022,PLAT,Epic,Scale Rows - Platform Services - Artifact retention wave 23,Story Point Ratio,,8,changed_cell,Epic is included in the planned sandbox and was not found in the comparison baseline.,Review the added epic in the sandbox Project file.,166,2026-05-18,Immediate
Info,AddedEpic,PLAT-4022,PLAT-4022,PLAT,Epic,Scale Rows - Platform Services - Artifact retention wave 23,Jira Target Start,,2026-08-10,changed_cell,Epic is included in the planned sandbox and was not found in the comparison baseline.,Review the added epic in the sandbox Project file.,166,2026-05-18,Immediate
Info,AddedEpic,PLAT-4022,PLAT-4022,PLAT,Epic,Scale Rows - Platform Services - Artifact retention wave 23,Jira Target End,,2026-09-21,changed_cell,Epic is included in the planned sandbox and was not found in the comparison baseline.,Review the added epic in the sandbox Project file.,166,2026-05-18,Immediate
Info,AddedEpic,PLAT-4022,PLAT-4022,PLAT,Epic,Scale Rows - Platform Services - Artifact retention wave 23,Predecessors,,PLAT-4021,changed_cell,Epic is included in the planned sandbox and was not found in the comparison baseline.,Review the added epic in the sandbox Project file.,166,2026-05-18,Immediate
Info,AddedEpic,PLAT-4013,PLAT-4013,PLAT,Epic,Scale Rows - Platform Services - Environment provisioning wave 14,Name,,Scale Rows - Platform Services - Environment provisioning wave 14,changed_cell,Epic is included in the planned sandbox and was not found in the comparison baseline.,Review the added epic in the sandbox Project file.,168,2026-05-18,Immediate
Info,AddedEpic,PLAT-4013,PLAT-4013,PLAT,Epic,Scale Rows - Platform Services - Environment provisioning wave 14,Rollup Key,,Platform Q2,changed_cell,Epic is included in the planned sandbox and was not found in the comparison baseline.,Review the added epic in the sandbox Project file.,168,2026-05-18,Immediate
Info,AddedEpic,PLAT-4013,PLAT-4013,PLAT,Epic,Scale Rows - Platform Services - Environment provisioning wave 14,Resource Group,,Platform Engineering,changed_cell,Epic is included in the planned sandbox and was not found in the comparison baseline.,Review the added epic in the sandbox Project file.,168,2026-05-18,Immediate
Info,AddedEpic,PLAT-4013,PLAT-4013,PLAT,Epic,Scale Rows - Platform Services - Environment provisioning wave 14,Fix Version,,Platform Q2,changed_cell,Epic is included in the planned sandbox and was not found in the comparison baseline.,Review the added epic in the sandbox Project file.,168,2026-05-18,Immediate
Info,AddedEpic,PLAT-4013,PLAT-4013,PLAT,Epic,Scale Rows - Platform Services - Environment provisioning wave 14,% Complete,,18,changed_cell,Epic is included in the planned sandbox and was not found in the comparison baseline.,Review the added epic in the sandbox Project file.,168,2026-05-18,Immediate
Info,AddedEpic,PLAT-4013,PLAT-4013,PLAT,Epic,Scale Rows - Platform Services - Environment provisioning wave 14,Total Story Points,,22,changed_cell,Epic is included in the planned sandbox and was not found in the comparison baseline.,Review the added epic in the sandbox Project file.,168,2026-05-18,Immediate
Info,AddedEpic,PLAT-4013,PLAT-4013,PLAT,Epic,Scale Rows - Platform Services - Environment provisioning wave 14,Completed Story Points,,4,changed_cell,Epic is included in the planned sandbox and was not found in the comparison baseline.,Review the added epic in the sandbox Project file.,168,2026-05-18,Immediate
Info,AddedEpic,PLAT-4013,PLAT-4013,PLAT,Epic,Scale Rows - Platform Services - Environment provisioning wave 14,Logged Hours,,15,changed_cell,Epic is included in the planned sandbox and was not found in the comparison baseline.,Review the added epic in the sandbox Project file.,168,2026-05-18,Immediate
Info,AddedEpic,PLAT-4013,PLAT-4013,PLAT,Epic,Scale Rows - Platform Services - Environment provisioning wave 14,Story Point Ratio,,16,changed_cell,Epic is included in the planned sandbox and was not found in the comparison baseline.,Review the added epic in the sandbox Project file.,168,2026-05-18,Immediate
Info,AddedEpic,PLAT-4013,PLAT-4013,PLAT,Epic,Scale Rows - Platform Services - Environment provisioning wave 14,Jira Target Start,,2026-06-08,changed_cell,Epic is included in the planned sandbox and was not found in the comparison baseline.,Review the added epic in the sandbox Project file.,168,2026-05-18,Immediate
Info,AddedEpic,PLAT-4013,PLAT-4013,PLAT,Epic,Scale Rows - Platform Services - Environment provisioning wave 14,Jira Target End,,2026-07-27,changed_cell,Epic is included in the planned sandbox and was not found in the comparison baseline.,Review the added epic in the sandbox Project file.,168,2026-05-18,Immediate
Info,AddedEpic,PLAT-4013,PLAT-4013,PLAT,Epic,Scale Rows - Platform Services - Environment provisioning wave 14,Predecessors,,PLAT-4012,changed_cell,Epic is included in the planned sandbox and was not found in the comparison baseline.,Review the added epic in the sandbox Project file.,168,2026-05-18,Immediate
Info,AddedEpic,PLAT-4004,PLAT-4004,PLAT,Epic,Scale Rows - Platform Services - Service mesh controls wave 05,Name,,Scale Rows - Platform Services - Service mesh controls wave 05,changed_cell,Epic is included in the planned sandbox and was not found in the comparison baseline.,Review the added epic in the sandbox Project file.,170,2026-05-18,Immediate
Info,AddedEpic,PLAT-4004,PLAT-4004,PLAT,Epic,Scale Rows - Platform Services - Service mesh controls wave 05,Rollup Key,,Platform Q2,changed_cell,Epic is included in the planned sandbox and was not found in the comparison baseline.,Review the added epic in the sandbox Project file.,170,2026-05-18,Immediate
Info,AddedEpic,PLAT-4004,PLAT-4004,PLAT,Epic,Scale Rows - Platform Services - Service mesh controls wave 05,Resource Group,,Platform Engineering,changed_cell,Epic is included in the planned sandbox and was not found in the comparison baseline.,Review the added epic in the sandbox Project file.,170,2026-05-18,Immediate
Info,AddedEpic,PLAT-4004,PLAT-4004,PLAT,Epic,Scale Rows - Platform Services - Service mesh controls wave 05,Fix Version,,Platform Q2,changed_cell,Epic is included in the planned sandbox and was not found in the comparison baseline.,Review the added epic in the sandbox Project file.,170,2026-05-18,Immediate
Info,AddedEpic,PLAT-4004,PLAT-4004,PLAT,Epic,Scale Rows - Platform Services - Service mesh controls wave 05,% Complete,,5,changed_cell,Epic is included in the planned sandbox and was not found in the comparison baseline.,Review the added epic in the sandbox Project file.,170,2026-05-18,Immediate
Info,AddedEpic,PLAT-4004,PLAT-4004,PLAT,Epic,Scale Rows - Platform Services - Service mesh controls wave 05,Total Story Points,,19,changed_cell,Epic is included in the planned sandbox and was not found in the comparison baseline.,Review the added epic in the sandbox Project file.,170,2026-05-18,Immediate
Info,AddedEpic,PLAT-4004,PLAT-4004,PLAT,Epic,Scale Rows - Platform Services - Service mesh controls wave 05,Completed Story Points,,1,changed_cell,Epic is included in the planned sandbox and was not found in the comparison baseline.,Review the added epic in the sandbox Project file.,170,2026-05-18,Immediate
Info,AddedEpic,PLAT-4004,PLAT-4004,PLAT,Epic,Scale Rows - Platform Services - Service mesh controls wave 05,Logged Hours,,14.5,changed_cell,Epic is included in the planned sandbox and was not found in the comparison baseline.,Review the added epic in the sandbox Project file.,170,2026-05-18,Immediate
Info,AddedEpic,PLAT-4004,PLAT-4004,PLAT,Epic,Scale Rows - Platform Services - Service mesh controls wave 05,Story Point Ratio,,1.45,changed_cell,Epic is included in the planned sandbox and was not found in the comparison baseline.,Review the added epic in the sandbox Project file.,170,2026-05-18,Immediate
Info,AddedEpic,PLAT-4004,PLAT-4004,PLAT,Epic,Scale Rows - Platform Services - Service mesh controls wave 05,Jira Target Start,,2026-09-28,changed_cell,Epic is included in the planned sandbox and was not found in the comparison baseline.,Review the added epic in the sandbox Project file.,170,2026-05-18,Immediate
Info,AddedEpic,PLAT-4004,PLAT-4004,PLAT,Epic,Scale Rows - Platform Services - Service mesh controls wave 05,Jira Target End,,2026-11-23,changed_cell,Epic is included in the planned sandbox and was not found in the comparison baseline.,Review the added epic in the sandbox Project file.,170,2026-05-18,Immediate
Info,AddedEpic,PLAT-4004,PLAT-4004,PLAT,Epic,Scale Rows - Platform Services - Service mesh controls wave 05,Predecessors,,PLAT-4003,changed_cell,Epic is included in the planned sandbox and was not found in the comparison baseline.,Review the added epic in the sandbox Project file.,170,2026-05-18,Immediate
Info,AddedEpic,PLAT-4023,PLAT-4023,PLAT,Epic,Scale Rows - Platform Services - Deployment guardrails wave 24,Name,,Scale Rows - Platform Services - Deployment guardrails wave 24,changed_cell,Epic is included in the planned sandbox and was not found in the comparison baseline.,Review the added epic in the sandbox Project file.,175,2026-05-25,Immediate
Info,AddedEpic,PLAT-4023,PLAT-4023,PLAT,Epic,Scale Rows - Platform Services - Deployment guardrails wave 24,Rollup Key,,Shared Services 2026,changed_cell,Epic is included in the planned sandbox and was not found in the comparison baseline.,Review the added epic in the sandbox Project file.,175,2026-05-25,Immediate
Info,AddedEpic,PLAT-4023,PLAT-4023,PLAT,Epic,Scale Rows - Platform Services - Deployment guardrails wave 24,Resource Group,,Platform Engineering,changed_cell,Epic is included in the planned sandbox and was not found in the comparison baseline.,Review the added epic in the sandbox Project file.,175,2026-05-25,Immediate
Info,AddedEpic,PLAT-4023,PLAT-4023,PLAT,Epic,Scale Rows - Platform Services - Deployment guardrails wave 24,Fix Version,,Shared Services 2026,changed_cell,Epic is included in the planned sandbox and was not found in the comparison baseline.,Review the added epic in the sandbox Project file.,175,2026-05-25,Immediate
Info,AddedEpic,PLAT-4023,PLAT-4023,PLAT,Epic,Scale Rows - Platform Services - Deployment guardrails wave 24,% Complete,,50,changed_cell,Epic is included in the planned sandbox and was not found in the comparison baseline.,Review the added epic in the sandbox Project file.,175,2026-05-25,Immediate
Info,AddedEpic,PLAT-4023,PLAT-4023,PLAT,Epic,Scale Rows - Platform Services - Deployment guardrails wave 24,Total Story Points,,20,changed_cell,Epic is included in the planned sandbox and was not found in the comparison baseline.,Review the added epic in the sandbox Project file.,175,2026-05-25,Immediate
Info,AddedEpic,PLAT-4023,PLAT-4023,PLAT,Epic,Scale Rows - Platform Services - Deployment guardrails wave 24,Completed Story Points,,10,changed_cell,Epic is included in the planned sandbox and was not found in the comparison baseline.,Review the added epic in the sandbox Project file.,175,2026-05-25,Immediate
Info,AddedEpic,PLAT-4023,PLAT-4023,PLAT,Epic,Scale Rows - Platform Services - Deployment guardrails wave 24,Logged Hours,,19.5,changed_cell,Epic is included in the planned sandbox and was not found in the comparison baseline.,Review the added epic in the sandbox Project file.,175,2026-05-25,Immediate
Info,AddedEpic,PLAT-4023,PLAT-4023,PLAT,Epic,Scale Rows - Platform Services - Deployment guardrails wave 24,Story Point Ratio,,12.31,changed_cell,Epic is included in the planned sandbox and was not found in the comparison baseline.,Review the added epic in the sandbox Project file.,175,2026-05-25,Immediate
Info,AddedEpic,PLAT-4023,PLAT-4023,PLAT,Epic,Scale Rows - Platform Services - Deployment guardrails wave 24,Jira Target Start,,2026-08-17,changed_cell,Epic is included in the planned sandbox and was not found in the comparison baseline.,Review the added epic in the sandbox Project file.,175,2026-05-25,Immediate
Info,AddedEpic,PLAT-4023,PLAT-4023,PLAT,Epic,Scale Rows - Platform Services - Deployment guardrails wave 24,Jira Target End,,2026-10-05,changed_cell,Epic is included in the planned sandbox and was not found in the comparison baseline.,Review the added epic in the sandbox Project file.,175,2026-05-25,Immediate
Info,AddedEpic,PLAT-4023,PLAT-4023,PLAT,Epic,Scale Rows - Platform Services - Deployment guardrails wave 24,Predecessors,,PLAT-4022,changed_cell,Epic is included in the planned sandbox and was not found in the comparison baseline.,Review the added epic in the sandbox Project file.,175,2026-05-25,Immediate
Info,AddedEpic,PLAT-4014,PLAT-4014,PLAT,Epic,Scale Rows - Platform Services - Artifact retention wave 15,Name,,Scale Rows - Platform Services - Artifact retention wave 15,changed_cell,Epic is included in the planned sandbox and was not found in the comparison baseline.,Review the added epic in the sandbox Project file.,177,2026-05-25,Immediate
Info,AddedEpic,PLAT-4014,PLAT-4014,PLAT,Epic,Scale Rows - Platform Services - Artifact retention wave 15,Rollup Key,,Shared Services 2026,changed_cell,Epic is included in the planned sandbox and was not found in the comparison baseline.,Review the added epic in the sandbox Project file.,177,2026-05-25,Immediate
Info,AddedEpic,PLAT-4014,PLAT-4014,PLAT,Epic,Scale Rows - Platform Services - Artifact retention wave 15,Resource Group,,Platform Engineering,changed_cell,Epic is included in the planned sandbox and was not found in the comparison baseline.,Review the added epic in the sandbox Project file.,177,2026-05-25,Immediate
Info,AddedEpic,PLAT-4014,PLAT-4014,PLAT,Epic,Scale Rows - Platform Services - Artifact retention wave 15,Fix Version,,Shared Services 2026,changed_cell,Epic is included in the planned sandbox and was not found in the comparison baseline.,Review the added epic in the sandbox Project file.,177,2026-05-25,Immediate
Info,AddedEpic,PLAT-4014,PLAT-4014,PLAT,Epic,Scale Rows - Platform Services - Artifact retention wave 15,% Complete,,53,changed_cell,Epic is included in the planned sandbox and was not found in the comparison baseline.,Review the added epic in the sandbox Project file.,177,2026-05-25,Immediate
Info,AddedEpic,PLAT-4014,PLAT-4014,PLAT,Epic,Scale Rows - Platform Services - Artifact retention wave 15,Total Story Points,,19,changed_cell,Epic is included in the planned sandbox and was not found in the comparison baseline.,Review the added epic in the sandbox Project file.,177,2026-05-25,Immediate
Info,AddedEpic,PLAT-4014,PLAT-4014,PLAT,Epic,Scale Rows - Platform Services - Artifact retention wave 15,Completed Story Points,,10,changed_cell,Epic is included in the planned sandbox and was not found in the comparison baseline.,Review the added epic in the sandbox Project file.,177,2026-05-25,Immediate
Info,AddedEpic,PLAT-4014,PLAT-4014,PLAT,Epic,Scale Rows - Platform Services - Artifact retention wave 15,Logged Hours,,15,changed_cell,Epic is included in the planned sandbox and was not found in the comparison baseline.,Review the added epic in the sandbox Project file.,177,2026-05-25,Immediate
Info,AddedEpic,PLAT-4014,PLAT-4014,PLAT,Epic,Scale Rows - Platform Services - Artifact retention wave 15,Story Point Ratio,,17.78,changed_cell,Epic is included in the planned sandbox and was not found in the comparison baseline.,Review the added epic in the sandbox Project file.,177,2026-05-25,Immediate
Info,AddedEpic,PLAT-4014,PLAT-4014,PLAT,Epic,Scale Rows - Platform Services - Artifact retention wave 15,Jira Target Start,,2026-06-15,changed_cell,Epic is included in the planned sandbox and was not found in the comparison baseline.,Review the added epic in the sandbox Project file.,177,2026-05-25,Immediate
Info,AddedEpic,PLAT-4014,PLAT-4014,PLAT,Epic,Scale Rows - Platform Services - Artifact retention wave 15,Jira Target End,,2026-08-10,changed_cell,Epic is included in the planned sandbox and was not found in the comparison baseline.,Review the added epic in the sandbox Project file.,177,2026-05-25,Immediate
Info,AddedEpic,PLAT-4014,PLAT-4014,PLAT,Epic,Scale Rows - Platform Services - Artifact retention wave 15,Predecessors,,PLAT-4013,changed_cell,Epic is included in the planned sandbox and was not found in the comparison baseline.,Review the added epic in the sandbox Project file.,177,2026-05-25,Immediate
Info,AddedEpic,PLAT-4005,PLAT-4005,PLAT,Epic,Scale Rows - Platform Services - Environment provisioning wave 06,Name,,Scale Rows - Platform Services - Environment provisioning wave 06,changed_cell,Epic is included in the planned sandbox and was not found in the comparison baseline.,Review the added epic in the sandbox Project file.,179,2026-05-25,Immediate
Info,AddedEpic,PLAT-4005,PLAT-4005,PLAT,Epic,Scale Rows - Platform Services - Environment provisioning wave 06,Rollup Key,,Shared Services 2026,changed_cell,Epic is included in the planned sandbox and was not found in the comparison baseline.,Review the added epic in the sandbox Project file.,179,2026-05-25,Immediate
Info,AddedEpic,PLAT-4005,PLAT-4005,PLAT,Epic,Scale Rows - Platform Services - Environment provisioning wave 06,Resource Group,,Platform Engineering,changed_cell,Epic is included in the planned sandbox and was not found in the comparison baseline.,Review the added epic in the sandbox Project file.,179,2026-05-25,Immediate
Info,AddedEpic,PLAT-4005,PLAT-4005,PLAT,Epic,Scale Rows - Platform Services - Environment provisioning wave 06,Fix Version,,Shared Services 2026,changed_cell,Epic is included in the planned sandbox and was not found in the comparison baseline.,Review the added epic in the sandbox Project file.,179,2026-05-25,Immediate
Info,AddedEpic,PLAT-4005,PLAT-4005,PLAT,Epic,Scale Rows - Platform Services - Environment provisioning wave 06,% Complete,,50,changed_cell,Epic is included in the planned sandbox and was not found in the comparison baseline.,Review the added epic in the sandbox Project file.,179,2026-05-25,Immediate
Info,AddedEpic,PLAT-4005,PLAT-4005,PLAT,Epic,Scale Rows - Platform Services - Environment provisioning wave 06,Total Story Points,,22,changed_cell,Epic is included in the planned sandbox and was not found in the comparison baseline.,Review the added epic in the sandbox Project file.,179,2026-05-25,Immediate
Info,AddedEpic,PLAT-4005,PLAT-4005,PLAT,Epic,Scale Rows - Platform Services - Environment provisioning wave 06,Completed Story Points,,11,changed_cell,Epic is included in the planned sandbox and was not found in the comparison baseline.,Review the added epic in the sandbox Project file.,179,2026-05-25,Immediate
Info,AddedEpic,PLAT-4005,PLAT-4005,PLAT,Epic,Scale Rows - Platform Services - Environment provisioning wave 06,Logged Hours,,12.5,changed_cell,Epic is included in the planned sandbox and was not found in the comparison baseline.,Review the added epic in the sandbox Project file.,179,2026-05-25,Immediate
Info,AddedEpic,PLAT-4005,PLAT-4005,PLAT,Epic,Scale Rows - Platform Services - Environment provisioning wave 06,Story Point Ratio,,17.6,changed_cell,Epic is included in the planned sandbox and was not found in the comparison baseline.,Review the added epic in the sandbox Project file.,179,2026-05-25,Immediate
Info,AddedEpic,PLAT-4005,PLAT-4005,PLAT,Epic,Scale Rows - Platform Services - Environment provisioning wave 06,Jira Target Start,,2026-10-05,changed_cell,Epic is included in the planned sandbox and was not found in the comparison baseline.,Review the added epic in the sandbox Project file.,179,2026-05-25,Immediate
Info,AddedEpic,PLAT-4005,PLAT-4005,PLAT,Epic,Scale Rows - Platform Services - Environment provisioning wave 06,Jira Target End,,2026-11-02,changed_cell,Epic is included in the planned sandbox and was not found in the comparison baseline.,Review the added epic in the sandbox Project file.,179,2026-05-25,Immediate
Info,AddedEpic,PLAT-4005,PLAT-4005,PLAT,Epic,Scale Rows - Platform Services - Environment provisioning wave 06,Predecessors,,PLAT-4004,changed_cell,Epic is included in the planned sandbox and was not found in the comparison baseline.,Review the added epic in the sandbox Project file.,179,2026-05-25,Immediate
Info,AddedEpic,PLAT-4024,PLAT-4024,PLAT,Epic,Scale Rows - Platform Services - Kubernetes platform upgrade wave 25,Name,,Scale Rows - Platform Services - Kubernetes platform upgrade wave 25,changed_cell,Epic is included in the planned sandbox and was not found in the comparison baseline.,Review the added epic in the sandbox Project file.,183,2026-06-01,Immediate
Info,AddedEpic,PLAT-4024,PLAT-4024,PLAT,Epic,Scale Rows - Platform Services - Kubernetes platform upgrade wave 25,Rollup Key,,Platform Q1,changed_cell,Epic is included in the planned sandbox and was not found in the comparison baseline.,Review the added epic in the sandbox Project file.,183,2026-06-01,Immediate
Info,AddedEpic,PLAT-4024,PLAT-4024,PLAT,Epic,Scale Rows - Platform Services - Kubernetes platform upgrade wave 25,Resource Group,,Platform Engineering,changed_cell,Epic is included in the planned sandbox and was not found in the comparison baseline.,Review the added epic in the sandbox Project file.,183,2026-06-01,Immediate
Info,AddedEpic,PLAT-4024,PLAT-4024,PLAT,Epic,Scale Rows - Platform Services - Kubernetes platform upgrade wave 25,Fix Version,,Platform Q1,changed_cell,Epic is included in the planned sandbox and was not found in the comparison baseline.,Review the added epic in the sandbox Project file.,183,2026-06-01,Immediate
Info,AddedEpic,PLAT-4024,PLAT-4024,PLAT,Epic,Scale Rows - Platform Services - Kubernetes platform upgrade wave 25,% Complete,,32,changed_cell,Epic is included in the planned sandbox and was not found in the comparison baseline.,Review the added epic in the sandbox Project file.,183,2026-06-01,Immediate
Info,AddedEpic,PLAT-4024,PLAT-4024,PLAT,Epic,Scale Rows - Platform Services - Kubernetes platform upgrade wave 25,Total Story Points,,19,changed_cell,Epic is included in the planned sandbox and was not found in the comparison baseline.,Review the added epic in the sandbox Project file.,183,2026-06-01,Immediate
Info,AddedEpic,PLAT-4024,PLAT-4024,PLAT,Epic,Scale Rows - Platform Services - Kubernetes platform upgrade wave 25,Completed Story Points,,6,changed_cell,Epic is included in the planned sandbox and was not found in the comparison baseline.,Review the added epic in the sandbox Project file.,183,2026-06-01,Immediate
Info,AddedEpic,PLAT-4024,PLAT-4024,PLAT,Epic,Scale Rows - Platform Services - Kubernetes platform upgrade wave 25,Logged Hours,,15.5,changed_cell,Epic is included in the planned sandbox and was not found in the comparison baseline.,Review the added epic in the sandbox Project file.,183,2026-06-01,Immediate
Info,AddedEpic,PLAT-4024,PLAT-4024,PLAT,Epic,Scale Rows - Platform Services - Kubernetes platform upgrade wave 25,Story Point Ratio,,5.33,changed_cell,Epic is included in the planned sandbox and was not found in the comparison baseline.,Review the added epic in the sandbox Project file.,183,2026-06-01,Immediate
Info,AddedEpic,PLAT-4024,PLAT-4024,PLAT,Epic,Scale Rows - Platform Services - Kubernetes platform upgrade wave 25,Jira Target Start,,2026-08-24,changed_cell,Epic is included in the planned sandbox and was not found in the comparison baseline.,Review the added epic in the sandbox Project file.,183,2026-06-01,Immediate
Info,AddedEpic,PLAT-4024,PLAT-4024,PLAT,Epic,Scale Rows - Platform Services - Kubernetes platform upgrade wave 25,Jira Target End,,2026-10-19,changed_cell,Epic is included in the planned sandbox and was not found in the comparison baseline.,Review the added epic in the sandbox Project file.,183,2026-06-01,Immediate
Info,AddedEpic,PLAT-4015,PLAT-4015,PLAT,Epic,Scale Rows - Platform Services - Deployment guardrails wave 16,Name,,Scale Rows - Platform Services - Deployment guardrails wave 16,changed_cell,Epic is included in the planned sandbox and was not found in the comparison baseline.,Review the added epic in the sandbox Project file.,185,2026-06-01,Immediate
Info,AddedEpic,PLAT-4015,PLAT-4015,PLAT,Epic,Scale Rows - Platform Services - Deployment guardrails wave 16,Rollup Key,,Platform Q1,changed_cell,Epic is included in the planned sandbox and was not found in the comparison baseline.,Review the added epic in the sandbox Project file.,185,2026-06-01,Immediate
Info,AddedEpic,PLAT-4015,PLAT-4015,PLAT,Epic,Scale Rows - Platform Services - Deployment guardrails wave 16,Resource Group,,Platform Engineering,changed_cell,Epic is included in the planned sandbox and was not found in the comparison baseline.,Review the added epic in the sandbox Project file.,185,2026-06-01,Immediate
Info,AddedEpic,PLAT-4015,PLAT-4015,PLAT,Epic,Scale Rows - Platform Services - Deployment guardrails wave 16,Fix Version,,Platform Q1,changed_cell,Epic is included in the planned sandbox and was not found in the comparison baseline.,Review the added epic in the sandbox Project file.,185,2026-06-01,Immediate
Info,AddedEpic,PLAT-4015,PLAT-4015,PLAT,Epic,Scale Rows - Platform Services - Deployment guardrails wave 16,% Complete,,30,changed_cell,Epic is included in the planned sandbox and was not found in the comparison baseline.,Review the added epic in the sandbox Project file.,185,2026-06-01,Immediate
Info,AddedEpic,PLAT-4015,PLAT-4015,PLAT,Epic,Scale Rows - Platform Services - Deployment guardrails wave 16,Total Story Points,,20,changed_cell,Epic is included in the planned sandbox and was not found in the comparison baseline.,Review the added epic in the sandbox Project file.,185,2026-06-01,Immediate
Info,AddedEpic,PLAT-4015,PLAT-4015,PLAT,Epic,Scale Rows - Platform Services - Deployment guardrails wave 16,Completed Story Points,,6,changed_cell,Epic is included in the planned sandbox and was not found in the comparison baseline.,Review the added epic in the sandbox Project file.,185,2026-06-01,Immediate
Info,AddedEpic,PLAT-4015,PLAT-4015,PLAT,Epic,Scale Rows - Platform Services - Deployment guardrails wave 16,Logged Hours,,23.5,changed_cell,Epic is included in the planned sandbox and was not found in the comparison baseline.,Review the added epic in the sandbox Project file.,185,2026-06-01,Immediate
Info,AddedEpic,PLAT-4015,PLAT-4015,PLAT,Epic,Scale Rows - Platform Services - Deployment guardrails wave 16,Story Point Ratio,,6.86,changed_cell,Epic is included in the planned sandbox and was not found in the comparison baseline.,Review the added epic in the sandbox Project file.,185,2026-06-01,Immediate
Info,AddedEpic,PLAT-4015,PLAT-4015,PLAT,Epic,Scale Rows - Platform Services - Deployment guardrails wave 16,Jira Target Start,,2026-06-22,changed_cell,Epic is included in the planned sandbox and was not found in the comparison baseline.,Review the added epic in the sandbox Project file.,185,2026-06-01,Immediate
Info,AddedEpic,PLAT-4015,PLAT-4015,PLAT,Epic,Scale Rows - Platform Services - Deployment guardrails wave 16,Jira Target End,,2026-07-20,changed_cell,Epic is included in the planned sandbox and was not found in the comparison baseline.,Review the added epic in the sandbox Project file.,185,2026-06-01,Immediate
Info,AddedEpic,PLAT-4015,PLAT-4015,PLAT,Epic,Scale Rows - Platform Services - Deployment guardrails wave 16,Predecessors,,PLAT-4014,changed_cell,Epic is included in the planned sandbox and was not found in the comparison baseline.,Review the added epic in the sandbox Project file.,185,2026-06-01,Immediate
Info,AddedEpic,PLAT-4006,PLAT-4006,PLAT,Epic,Scale Rows - Platform Services - Artifact retention wave 07,Name,,Scale Rows - Platform Services - Artifact retention wave 07,changed_cell,Epic is included in the planned sandbox and was not found in the comparison baseline.,Review the added epic in the sandbox Project file.,187,2026-06-01,Immediate
Info,AddedEpic,PLAT-4006,PLAT-4006,PLAT,Epic,Scale Rows - Platform Services - Artifact retention wave 07,Rollup Key,,Platform Q1,changed_cell,Epic is included in the planned sandbox and was not found in the comparison baseline.,Review the added epic in the sandbox Project file.,187,2026-06-01,Immediate
Info,AddedEpic,PLAT-4006,PLAT-4006,PLAT,Epic,Scale Rows - Platform Services - Artifact retention wave 07,Resource Group,,Platform Engineering,changed_cell,Epic is included in the planned sandbox and was not found in the comparison baseline.,Review the added epic in the sandbox Project file.,187,2026-06-01,Immediate
Info,AddedEpic,PLAT-4006,PLAT-4006,PLAT,Epic,Scale Rows - Platform Services - Artifact retention wave 07,Fix Version,,Platform Q1,changed_cell,Epic is included in the planned sandbox and was not found in the comparison baseline.,Review the added epic in the sandbox Project file.,187,2026-06-01,Immediate
Info,AddedEpic,PLAT-4006,PLAT-4006,PLAT,Epic,Scale Rows - Platform Services - Artifact retention wave 07,% Complete,,26,changed_cell,Epic is included in the planned sandbox and was not found in the comparison baseline.,Review the added epic in the sandbox Project file.,187,2026-06-01,Immediate
Info,AddedEpic,PLAT-4006,PLAT-4006,PLAT,Epic,Scale Rows - Platform Services - Artifact retention wave 07,Total Story Points,,19,changed_cell,Epic is included in the planned sandbox and was not found in the comparison baseline.,Review the added epic in the sandbox Project file.,187,2026-06-01,Immediate
Info,AddedEpic,PLAT-4006,PLAT-4006,PLAT,Epic,Scale Rows - Platform Services - Artifact retention wave 07,Completed Story Points,,5,changed_cell,Epic is included in the planned sandbox and was not found in the comparison baseline.,Review the added epic in the sandbox Project file.,187,2026-06-01,Immediate
Info,AddedEpic,PLAT-4006,PLAT-4006,PLAT,Epic,Scale Rows - Platform Services - Artifact retention wave 07,Logged Hours,,14,changed_cell,Epic is included in the planned sandbox and was not found in the comparison baseline.,Review the added epic in the sandbox Project file.,187,2026-06-01,Immediate
Info,AddedEpic,PLAT-4006,PLAT-4006,PLAT,Epic,Scale Rows - Platform Services - Artifact retention wave 07,Story Point Ratio,,26.67,changed_cell,Epic is included in the planned sandbox and was not found in the comparison baseline.,Review the added epic in the sandbox Project file.,187,2026-06-01,Immediate
Info,AddedEpic,PLAT-4006,PLAT-4006,PLAT,Epic,Scale Rows - Platform Services - Artifact retention wave 07,Jira Target Start,,2026-10-12,changed_cell,Epic is included in the planned sandbox and was not found in the comparison baseline.,Review the added epic in the sandbox Project file.,187,2026-06-01,Immediate
Info,AddedEpic,PLAT-4006,PLAT-4006,PLAT,Epic,Scale Rows - Platform Services - Artifact retention wave 07,Jira Target End,,2026-11-16,changed_cell,Epic is included in the planned sandbox and was not found in the comparison baseline.,Review the added epic in the sandbox Project file.,187,2026-06-01,Immediate
Info,AddedEpic,PLAT-4006,PLAT-4006,PLAT,Epic,Scale Rows - Platform Services - Artifact retention wave 07,Predecessors,,PLAT-4005,changed_cell,Epic is included in the planned sandbox and was not found in the comparison baseline.,Review the added epic in the sandbox Project file.,187,2026-06-01,Immediate
Info,AddedEpic,PLAT-4025,PLAT-4025,PLAT,Epic,Scale Rows - Platform Services - Build runner rotation wave 26,Name,,Scale Rows - Platform Services - Build runner rotation wave 26,changed_cell,Epic is included in the planned sandbox and was not found in the comparison baseline.,Review the added epic in the sandbox Project file.,190,2026-05-18,Immediate
Info,AddedEpic,PLAT-4025,PLAT-4025,PLAT,Epic,Scale Rows - Platform Services - Build runner rotation wave 26,Rollup Key,,Platform Q2,changed_cell,Epic is included in the planned sandbox and was not found in the comparison baseline.,Review the added epic in the sandbox Project file.,190,2026-05-18,Immediate
Info,AddedEpic,PLAT-4025,PLAT-4025,PLAT,Epic,Scale Rows - Platform Services - Build runner rotation wave 26,Resource Group,,Platform Engineering,changed_cell,Epic is included in the planned sandbox and was not found in the comparison baseline.,Review the added epic in the sandbox Project file.,190,2026-05-18,Immediate
Info,AddedEpic,PLAT-4025,PLAT-4025,PLAT,Epic,Scale Rows - Platform Services - Build runner rotation wave 26,Fix Version,,Platform Q2,changed_cell,Epic is included in the planned sandbox and was not found in the comparison baseline.,Review the added epic in the sandbox Project file.,190,2026-05-18,Immediate
Info,AddedEpic,PLAT-4025,PLAT-4025,PLAT,Epic,Scale Rows - Platform Services - Build runner rotation wave 26,% Complete,,46,changed_cell,Epic is included in the planned sandbox and was not found in the comparison baseline.,Review the added epic in the sandbox Project file.,190,2026-05-18,Immediate
Info,AddedEpic,PLAT-4025,PLAT-4025,PLAT,Epic,Scale Rows - Platform Services - Build runner rotation wave 26,Total Story Points,,24,changed_cell,Epic is included in the planned sandbox and was not found in the comparison baseline.,Review the added epic in the sandbox Project file.,190,2026-05-18,Immediate
Info,AddedEpic,PLAT-4025,PLAT-4025,PLAT,Epic,Scale Rows - Platform Services - Build runner rotation wave 26,Completed Story Points,,11,changed_cell,Epic is included in the planned sandbox and was not found in the comparison baseline.,Review the added epic in the sandbox Project file.,190,2026-05-18,Immediate
Info,AddedEpic,PLAT-4025,PLAT-4025,PLAT,Epic,Scale Rows - Platform Services - Build runner rotation wave 26,Logged Hours,,15,changed_cell,Epic is included in the planned sandbox and was not found in the comparison baseline.,Review the added epic in the sandbox Project file.,190,2026-05-18,Immediate
Info,AddedEpic,PLAT-4025,PLAT-4025,PLAT,Epic,Scale Rows - Platform Services - Build runner rotation wave 26,Story Point Ratio,,17.6,changed_cell,Epic is included in the planned sandbox and was not found in the comparison baseline.,Review the added epic in the sandbox Project file.,190,2026-05-18,Immediate
Info,AddedEpic,PLAT-4025,PLAT-4025,PLAT,Epic,Scale Rows - Platform Services - Build runner rotation wave 26,Jira Target Start,,2026-08-31,changed_cell,Epic is included in the planned sandbox and was not found in the comparison baseline.,Review the added epic in the sandbox Project file.,190,2026-05-18,Immediate
Info,AddedEpic,PLAT-4025,PLAT-4025,PLAT,Epic,Scale Rows - Platform Services - Build runner rotation wave 26,Jira Target End,,2026-09-28,changed_cell,Epic is included in the planned sandbox and was not found in the comparison baseline.,Review the added epic in the sandbox Project file.,190,2026-05-18,Immediate
Info,AddedEpic,PLAT-4016,PLAT-4016,PLAT,Epic,Scale Rows - Platform Services - Kubernetes platform upgrade wave 17,Name,,Scale Rows - Platform Services - Kubernetes platform upgrade wave 17,changed_cell,Epic is included in the planned sandbox and was not found in the comparison baseline.,Review the added epic in the sandbox Project file.,192,2026-05-18,Immediate
Info,AddedEpic,PLAT-4016,PLAT-4016,PLAT,Epic,Scale Rows - Platform Services - Kubernetes platform upgrade wave 17,Rollup Key,,Platform Q2,changed_cell,Epic is included in the planned sandbox and was not found in the comparison baseline.,Review the added epic in the sandbox Project file.,192,2026-05-18,Immediate
Info,AddedEpic,PLAT-4016,PLAT-4016,PLAT,Epic,Scale Rows - Platform Services - Kubernetes platform upgrade wave 17,Resource Group,,Platform Engineering,changed_cell,Epic is included in the planned sandbox and was not found in the comparison baseline.,Review the added epic in the sandbox Project file.,192,2026-05-18,Immediate
Info,AddedEpic,PLAT-4016,PLAT-4016,PLAT,Epic,Scale Rows - Platform Services - Kubernetes platform upgrade wave 17,Fix Version,,Platform Q2,changed_cell,Epic is included in the planned sandbox and was not found in the comparison baseline.,Review the added epic in the sandbox Project file.,192,2026-05-18,Immediate
Info,AddedEpic,PLAT-4016,PLAT-4016,PLAT,Epic,Scale Rows - Platform Services - Kubernetes platform upgrade wave 17,% Complete,,58,changed_cell,Epic is included in the planned sandbox and was not found in the comparison baseline.,Review the added epic in the sandbox Project file.,192,2026-05-18,Immediate
Info,AddedEpic,PLAT-4016,PLAT-4016,PLAT,Epic,Scale Rows - Platform Services - Kubernetes platform upgrade wave 17,Total Story Points,,19,changed_cell,Epic is included in the planned sandbox and was not found in the comparison baseline.,Review the added epic in the sandbox Project file.,192,2026-05-18,Immediate
Info,AddedEpic,PLAT-4016,PLAT-4016,PLAT,Epic,Scale Rows - Platform Services - Kubernetes platform upgrade wave 17,Completed Story Points,,11,changed_cell,Epic is included in the planned sandbox and was not found in the comparison baseline.,Review the added epic in the sandbox Project file.,192,2026-05-18,Immediate
Info,AddedEpic,PLAT-4016,PLAT-4016,PLAT,Epic,Scale Rows - Platform Services - Kubernetes platform upgrade wave 17,Logged Hours,,14.5,changed_cell,Epic is included in the planned sandbox and was not found in the comparison baseline.,Review the added epic in the sandbox Project file.,192,2026-05-18,Immediate
Info,AddedEpic,PLAT-4016,PLAT-4016,PLAT,Epic,Scale Rows - Platform Services - Kubernetes platform upgrade wave 17,Story Point Ratio,,29.33,changed_cell,Epic is included in the planned sandbox and was not found in the comparison baseline.,Review the added epic in the sandbox Project file.,192,2026-05-18,Immediate
Info,AddedEpic,PLAT-4016,PLAT-4016,PLAT,Epic,Scale Rows - Platform Services - Kubernetes platform upgrade wave 17,Jira Target Start,,2026-06-29,changed_cell,Epic is included in the planned sandbox and was not found in the comparison baseline.,Review the added epic in the sandbox Project file.,192,2026-05-18,Immediate
Info,AddedEpic,PLAT-4016,PLAT-4016,PLAT,Epic,Scale Rows - Platform Services - Kubernetes platform upgrade wave 17,Jira Target End,,2026-08-03,changed_cell,Epic is included in the planned sandbox and was not found in the comparison baseline.,Review the added epic in the sandbox Project file.,192,2026-05-18,Immediate
Info,AddedEpic,PLAT-4016,PLAT-4016,PLAT,Epic,Scale Rows - Platform Services - Kubernetes platform upgrade wave 17,Predecessors,,PLAT-4015,changed_cell,Epic is included in the planned sandbox and was not found in the comparison baseline.,Review the added epic in the sandbox Project file.,192,2026-05-18,Immediate
Info,AddedEpic,PLAT-4007,PLAT-4007,PLAT,Epic,Scale Rows - Platform Services - Deployment guardrails wave 08,Name,,Scale Rows - Platform Services - Deployment guardrails wave 08,changed_cell,Epic is included in the planned sandbox and was not found in the comparison baseline.,Review the added epic in the sandbox Project file.,194,2026-05-18,Immediate
Info,AddedEpic,PLAT-4007,PLAT-4007,PLAT,Epic,Scale Rows - Platform Services - Deployment guardrails wave 08,Rollup Key,,Platform Q2,changed_cell,Epic is included in the planned sandbox and was not found in the comparison baseline.,Review the added epic in the sandbox Project file.,194,2026-05-18,Immediate
Info,AddedEpic,PLAT-4007,PLAT-4007,PLAT,Epic,Scale Rows - Platform Services - Deployment guardrails wave 08,Resource Group,,Platform Engineering,changed_cell,Epic is included in the planned sandbox and was not found in the comparison baseline.,Review the added epic in the sandbox Project file.,194,2026-05-18,Immediate
Info,AddedEpic,PLAT-4007,PLAT-4007,PLAT,Epic,Scale Rows - Platform Services - Deployment guardrails wave 08,Fix Version,,Platform Q2,changed_cell,Epic is included in the planned sandbox and was not found in the comparison baseline.,Review the added epic in the sandbox Project file.,194,2026-05-18,Immediate
Info,AddedEpic,PLAT-4007,PLAT-4007,PLAT,Epic,Scale Rows - Platform Services - Deployment guardrails wave 08,% Complete,,20,changed_cell,Epic is included in the planned sandbox and was not found in the comparison baseline.,Review the added epic in the sandbox Project file.,194,2026-05-18,Immediate
Info,AddedEpic,PLAT-4007,PLAT-4007,PLAT,Epic,Scale Rows - Platform Services - Deployment guardrails wave 08,Total Story Points,,20,changed_cell,Epic is included in the planned sandbox and was not found in the comparison baseline.,Review the added epic in the sandbox Project file.,194,2026-05-18,Immediate
Info,AddedEpic,PLAT-4007,PLAT-4007,PLAT,Epic,Scale Rows - Platform Services - Deployment guardrails wave 08,Completed Story Points,,4,changed_cell,Epic is included in the planned sandbox and was not found in the comparison baseline.,Review the added epic in the sandbox Project file.,194,2026-05-18,Immediate
Info,AddedEpic,PLAT-4007,PLAT-4007,PLAT,Epic,Scale Rows - Platform Services - Deployment guardrails wave 08,Logged Hours,,21,changed_cell,Epic is included in the planned sandbox and was not found in the comparison baseline.,Review the added epic in the sandbox Project file.,194,2026-05-18,Immediate
Info,AddedEpic,PLAT-4007,PLAT-4007,PLAT,Epic,Scale Rows - Platform Services - Deployment guardrails wave 08,Story Point Ratio,,3.2,changed_cell,Epic is included in the planned sandbox and was not found in the comparison baseline.,Review the added epic in the sandbox Project file.,194,2026-05-18,Immediate
Info,AddedEpic,PLAT-4007,PLAT-4007,PLAT,Epic,Scale Rows - Platform Services - Deployment guardrails wave 08,Jira Target Start,,2026-10-19,changed_cell,Epic is included in the planned sandbox and was not found in the comparison baseline.,Review the added epic in the sandbox Project file.,194,2026-05-18,Immediate
Info,AddedEpic,PLAT-4007,PLAT-4007,PLAT,Epic,Scale Rows - Platform Services - Deployment guardrails wave 08,Jira Target End,,2026-11-30,changed_cell,Epic is included in the planned sandbox and was not found in the comparison baseline.,Review the added epic in the sandbox Project file.,194,2026-05-18,Immediate
Info,AddedEpic,PLAT-4007,PLAT-4007,PLAT,Epic,Scale Rows - Platform Services - Deployment guardrails wave 08,Predecessors,,PLAT-4006,changed_cell,Epic is included in the planned sandbox and was not found in the comparison baseline.,Review the added epic in the sandbox Project file.,194,2026-05-18,Immediate
Info,AddedEpic,PLAT-4017,PLAT-4017,PLAT,Epic,Scale Rows - Platform Services - Build runner rotation wave 18,Name,,Scale Rows - Platform Services - Build runner rotation wave 18,changed_cell,Epic is included in the planned sandbox and was not found in the comparison baseline.,Review the added epic in the sandbox Project file.,196,2026-05-25,Immediate
Info,AddedEpic,PLAT-4017,PLAT-4017,PLAT,Epic,Scale Rows - Platform Services - Build runner rotation wave 18,Rollup Key,,Shared Services 2026,changed_cell,Epic is included in the planned sandbox and was not found in the comparison baseline.,Review the added epic in the sandbox Project file.,196,2026-05-25,Immediate
Info,AddedEpic,PLAT-4017,PLAT-4017,PLAT,Epic,Scale Rows - Platform Services - Build runner rotation wave 18,Resource Group,,Platform Engineering,changed_cell,Epic is included in the planned sandbox and was not found in the comparison baseline.,Review the added epic in the sandbox Project file.,196,2026-05-25,Immediate
Info,AddedEpic,PLAT-4017,PLAT-4017,PLAT,Epic,Scale Rows - Platform Services - Build runner rotation wave 18,Fix Version,,Shared Services 2026,changed_cell,Epic is included in the planned sandbox and was not found in the comparison baseline.,Review the added epic in the sandbox Project file.,196,2026-05-25,Immediate
Info,AddedEpic,PLAT-4017,PLAT-4017,PLAT,Epic,Scale Rows - Platform Services - Build runner rotation wave 18,% Complete,,29,changed_cell,Epic is included in the planned sandbox and was not found in the comparison baseline.,Review the added epic in the sandbox Project file.,196,2026-05-25,Immediate
Info,AddedEpic,PLAT-4017,PLAT-4017,PLAT,Epic,Scale Rows - Platform Services - Build runner rotation wave 18,Total Story Points,,24,changed_cell,Epic is included in the planned sandbox and was not found in the comparison baseline.,Review the added epic in the sandbox Project file.,196,2026-05-25,Immediate
Info,AddedEpic,PLAT-4017,PLAT-4017,PLAT,Epic,Scale Rows - Platform Services - Build runner rotation wave 18,Completed Story Points,,7,changed_cell,Epic is included in the planned sandbox and was not found in the comparison baseline.,Review the added epic in the sandbox Project file.,196,2026-05-25,Immediate
Info,AddedEpic,PLAT-4017,PLAT-4017,PLAT,Epic,Scale Rows - Platform Services - Build runner rotation wave 18,Logged Hours,,12.5,changed_cell,Epic is included in the planned sandbox and was not found in the comparison baseline.,Review the added epic in the sandbox Project file.,196,2026-05-25,Immediate
Info,AddedEpic,PLAT-4017,PLAT-4017,PLAT,Epic,Scale Rows - Platform Services - Build runner rotation wave 18,Story Point Ratio,,10.18,changed_cell,Epic is included in the planned sandbox and was not found in the comparison baseline.,Review the added epic in the sandbox Project file.,196,2026-05-25,Immediate
Info,AddedEpic,PLAT-4017,PLAT-4017,PLAT,Epic,Scale Rows - Platform Services - Build runner rotation wave 18,Jira Target Start,,2026-07-06,changed_cell,Epic is included in the planned sandbox and was not found in the comparison baseline.,Review the added epic in the sandbox Project file.,196,2026-05-25,Immediate
Info,AddedEpic,PLAT-4017,PLAT-4017,PLAT,Epic,Scale Rows - Platform Services - Build runner rotation wave 18,Jira Target End,,2026-08-17,changed_cell,Epic is included in the planned sandbox and was not found in the comparison baseline.,Review the added epic in the sandbox Project file.,196,2026-05-25,Immediate
Info,AddedEpic,PLAT-4017,PLAT-4017,PLAT,Epic,Scale Rows - Platform Services - Build runner rotation wave 18,Predecessors,,PLAT-4016,changed_cell,Epic is included in the planned sandbox and was not found in the comparison baseline.,Review the added epic in the sandbox Project file.,196,2026-05-25,Immediate
Info,AddedEpic,PLAT-4008,PLAT-4008,PLAT,Epic,Scale Rows - Platform Services - Kubernetes platform upgrade wave 09,Name,,Scale Rows - Platform Services - Kubernetes platform upgrade wave 09,changed_cell,Epic is included in the planned sandbox and was not found in the comparison baseline.,Review the added epic in the sandbox Project file.,197,2026-05-25,Immediate
Info,AddedEpic,PLAT-4008,PLAT-4008,PLAT,Epic,Scale Rows - Platform Services - Kubernetes platform upgrade wave 09,Rollup Key,,Shared Services 2026,changed_cell,Epic is included in the planned sandbox and was not found in the comparison baseline.,Review the added epic in the sandbox Project file.,197,2026-05-25,Immediate
Info,AddedEpic,PLAT-4008,PLAT-4008,PLAT,Epic,Scale Rows - Platform Services - Kubernetes platform upgrade wave 09,Resource Group,,Platform Engineering,changed_cell,Epic is included in the planned sandbox and was not found in the comparison baseline.,Review the added epic in the sandbox Project file.,197,2026-05-25,Immediate
Info,AddedEpic,PLAT-4008,PLAT-4008,PLAT,Epic,Scale Rows - Platform Services - Kubernetes platform upgrade wave 09,Fix Version,,Shared Services 2026,changed_cell,Epic is included in the planned sandbox and was not found in the comparison baseline.,Review the added epic in the sandbox Project file.,197,2026-05-25,Immediate
Info,AddedEpic,PLAT-4008,PLAT-4008,PLAT,Epic,Scale Rows - Platform Services - Kubernetes platform upgrade wave 09,% Complete,,11,changed_cell,Epic is included in the planned sandbox and was not found in the comparison baseline.,Review the added epic in the sandbox Project file.,197,2026-05-25,Immediate
Info,AddedEpic,PLAT-4008,PLAT-4008,PLAT,Epic,Scale Rows - Platform Services - Kubernetes platform upgrade wave 09,Total Story Points,,19,changed_cell,Epic is included in the planned sandbox and was not found in the comparison baseline.,Review the added epic in the sandbox Project file.,197,2026-05-25,Immediate
Info,AddedEpic,PLAT-4008,PLAT-4008,PLAT,Epic,Scale Rows - Platform Services - Kubernetes platform upgrade wave 09,Completed Story Points,,2,changed_cell,Epic is included in the planned sandbox and was not found in the comparison baseline.,Review the added epic in the sandbox Project file.,197,2026-05-25,Immediate
Info,AddedEpic,PLAT-4008,PLAT-4008,PLAT,Epic,Scale Rows - Platform Services - Kubernetes platform upgrade wave 09,Logged Hours,,13.5,changed_cell,Epic is included in the planned sandbox and was not found in the comparison baseline.,Review the added epic in the sandbox Project file.,197,2026-05-25,Immediate
Info,AddedEpic,PLAT-4008,PLAT-4008,PLAT,Epic,Scale Rows - Platform Services - Kubernetes platform upgrade wave 09,Story Point Ratio,,4,changed_cell,Epic is included in the planned sandbox and was not found in the comparison baseline.,Review the added epic in the sandbox Project file.,197,2026-05-25,Immediate
Info,AddedEpic,PLAT-4008,PLAT-4008,PLAT,Epic,Scale Rows - Platform Services - Kubernetes platform upgrade wave 09,Jira Target Start,,2026-10-26,changed_cell,Epic is included in the planned sandbox and was not found in the comparison baseline.,Review the added epic in the sandbox Project file.,197,2026-05-25,Immediate
Info,AddedEpic,PLAT-4008,PLAT-4008,PLAT,Epic,Scale Rows - Platform Services - Kubernetes platform upgrade wave 09,Jira Target End,,2026-12-14,changed_cell,Epic is included in the planned sandbox and was not found in the comparison baseline.,Review the added epic in the sandbox Project file.,197,2026-05-25,Immediate
Info,AddedEpic,PLAT-4008,PLAT-4008,PLAT,Epic,Scale Rows - Platform Services - Kubernetes platform upgrade wave 09,Predecessors,,PLAT-4007,changed_cell,Epic is included in the planned sandbox and was not found in the comparison baseline.,Review the added epic in the sandbox Project file.,197,2026-05-25,Immediate
Info,AddedEpic,PLAT-4018,PLAT-4018,PLAT,Epic,Scale Rows - Platform Services - Secrets management wave 19,Name,,Scale Rows - Platform Services - Secrets management wave 19,changed_cell,Epic is included in the planned sandbox and was not found in the comparison baseline.,Review the added epic in the sandbox Project file.,198,2026-06-01,Immediate
Info,AddedEpic,PLAT-4018,PLAT-4018,PLAT,Epic,Scale Rows - Platform Services - Secrets management wave 19,Rollup Key,,Platform Q1,changed_cell,Epic is included in the planned sandbox and was not found in the comparison baseline.,Review the added epic in the sandbox Project file.,198,2026-06-01,Immediate
Info,AddedEpic,PLAT-4018,PLAT-4018,PLAT,Epic,Scale Rows - Platform Services - Secrets management wave 19,Resource Group,,Platform Engineering,changed_cell,Epic is included in the planned sandbox and was not found in the comparison baseline.,Review the added epic in the sandbox Project file.,198,2026-06-01,Immediate
Info,AddedEpic,PLAT-4018,PLAT-4018,PLAT,Epic,Scale Rows - Platform Services - Secrets management wave 19,Fix Version,,Platform Q1,changed_cell,Epic is included in the planned sandbox and was not found in the comparison baseline.,Review the added epic in the sandbox Project file.,198,2026-06-01,Immediate
Info,AddedEpic,PLAT-4018,PLAT-4018,PLAT,Epic,Scale Rows - Platform Services - Secrets management wave 19,% Complete,,21,changed_cell,Epic is included in the planned sandbox and was not found in the comparison baseline.,Review the added epic in the sandbox Project file.,198,2026-06-01,Immediate
Info,AddedEpic,PLAT-4018,PLAT-4018,PLAT,Epic,Scale Rows - Platform Services - Secrets management wave 19,Total Story Points,,19,changed_cell,Epic is included in the planned sandbox and was not found in the comparison baseline.,Review the added epic in the sandbox Project file.,198,2026-06-01,Immediate
Info,AddedEpic,PLAT-4018,PLAT-4018,PLAT,Epic,Scale Rows - Platform Services - Secrets management wave 19,Completed Story Points,,4,changed_cell,Epic is included in the planned sandbox and was not found in the comparison baseline.,Review the added epic in the sandbox Project file.,198,2026-06-01,Immediate
Info,AddedEpic,PLAT-4018,PLAT-4018,PLAT,Epic,Scale Rows - Platform Services - Secrets management wave 19,Logged Hours,,14,changed_cell,Epic is included in the planned sandbox and was not found in the comparison baseline.,Review the added epic in the sandbox Project file.,198,2026-06-01,Immediate
Info,AddedEpic,PLAT-4018,PLAT-4018,PLAT,Epic,Scale Rows - Platform Services - Secrets management wave 19,Story Point Ratio,,4,changed_cell,Epic is included in the planned sandbox and was not found in the comparison baseline.,Review the added epic in the sandbox Project file.,198,2026-06-01,Immediate
Info,AddedEpic,PLAT-4018,PLAT-4018,PLAT,Epic,Scale Rows - Platform Services - Secrets management wave 19,Jira Target Start,,2026-07-13,changed_cell,Epic is included in the planned sandbox and was not found in the comparison baseline.,Review the added epic in the sandbox Project file.,198,2026-06-01,Immediate
Info,AddedEpic,PLAT-4018,PLAT-4018,PLAT,Epic,Scale Rows - Platform Services - Secrets management wave 19,Jira Target End,,2026-08-31,changed_cell,Epic is included in the planned sandbox and was not found in the comparison baseline.,Review the added epic in the sandbox Project file.,198,2026-06-01,Immediate
Info,AddedEpic,PLAT-4018,PLAT-4018,PLAT,Epic,Scale Rows - Platform Services - Secrets management wave 19,Predecessors,,PLAT-4017,changed_cell,Epic is included in the planned sandbox and was not found in the comparison baseline.,Review the added epic in the sandbox Project file.,198,2026-06-01,Immediate
Info,AddedEpic,PLAT-4009,PLAT-4009,PLAT,Epic,Scale Rows - Platform Services - Build runner rotation wave 10,Name,,Scale Rows - Platform Services - Build runner rotation wave 10,changed_cell,Epic is included in the planned sandbox and was not found in the comparison baseline.,Review the added epic in the sandbox Project file.,199,2026-06-01,Immediate
Info,AddedEpic,PLAT-4009,PLAT-4009,PLAT,Epic,Scale Rows - Platform Services - Build runner rotation wave 10,Rollup Key,,Platform Q1,changed_cell,Epic is included in the planned sandbox and was not found in the comparison baseline.,Review the added epic in the sandbox Project file.,199,2026-06-01,Immediate
Info,AddedEpic,PLAT-4009,PLAT-4009,PLAT,Epic,Scale Rows - Platform Services - Build runner rotation wave 10,Resource Group,,Platform Engineering,changed_cell,Epic is included in the planned sandbox and was not found in the comparison baseline.,Review the added epic in the sandbox Project file.,199,2026-06-01,Immediate
Info,AddedEpic,PLAT-4009,PLAT-4009,PLAT,Epic,Scale Rows - Platform Services - Build runner rotation wave 10,Fix Version,,Platform Q1,changed_cell,Epic is included in the planned sandbox and was not found in the comparison baseline.,Review the added epic in the sandbox Project file.,199,2026-06-01,Immediate
Info,AddedEpic,PLAT-4009,PLAT-4009,PLAT,Epic,Scale Rows - Platform Services - Build runner rotation wave 10,% Complete,,25,changed_cell,Epic is included in the planned sandbox and was not found in the comparison baseline.,Review the added epic in the sandbox Project file.,199,2026-06-01,Immediate
Info,AddedEpic,PLAT-4009,PLAT-4009,PLAT,Epic,Scale Rows - Platform Services - Build runner rotation wave 10,Total Story Points,,24,changed_cell,Epic is included in the planned sandbox and was not found in the comparison baseline.,Review the added epic in the sandbox Project file.,199,2026-06-01,Immediate
Info,AddedEpic,PLAT-4009,PLAT-4009,PLAT,Epic,Scale Rows - Platform Services - Build runner rotation wave 10,Completed Story Points,,6,changed_cell,Epic is included in the planned sandbox and was not found in the comparison baseline.,Review the added epic in the sandbox Project file.,199,2026-06-01,Immediate
Info,AddedEpic,PLAT-4009,PLAT-4009,PLAT,Epic,Scale Rows - Platform Services - Build runner rotation wave 10,Logged Hours,,16.5,changed_cell,Epic is included in the planned sandbox and was not found in the comparison baseline.,Review the added epic in the sandbox Project file.,199,2026-06-01,Immediate
Info,AddedEpic,PLAT-4009,PLAT-4009,PLAT,Epic,Scale Rows - Platform Services - Build runner rotation wave 10,Story Point Ratio,,24,changed_cell,Epic is included in the planned sandbox and was not found in the comparison baseline.,Review the added epic in the sandbox Project file.,199,2026-06-01,Immediate
Info,AddedEpic,PLAT-4009,PLAT-4009,PLAT,Epic,Scale Rows - Platform Services - Build runner rotation wave 10,Jira Target Start,,2026-11-02,changed_cell,Epic is included in the planned sandbox and was not found in the comparison baseline.,Review the added epic in the sandbox Project file.,199,2026-06-01,Immediate
Info,AddedEpic,PLAT-4009,PLAT-4009,PLAT,Epic,Scale Rows - Platform Services - Build runner rotation wave 10,Jira Target End,,2026-12-28,changed_cell,Epic is included in the planned sandbox and was not found in the comparison baseline.,Review the added epic in the sandbox Project file.,199,2026-06-01,Immediate
Info,AddedEpic,PLAT-4009,PLAT-4009,PLAT,Epic,Scale Rows - Platform Services - Build runner rotation wave 10,Predecessors,,PLAT-4008,changed_cell,Epic is included in the planned sandbox and was not found in the comparison baseline.,Review the added epic in the sandbox Project file.,199,2026-06-01,Immediate
Info,AddedEpic,PLAT-4019,PLAT-4019,PLAT,Epic,Scale Rows - Platform Services - Shared logging wave 20,Name,,Scale Rows - Platform Services - Shared logging wave 20,changed_cell,Epic is included in the planned sandbox and was not found in the comparison baseline.,Review the added epic in the sandbox Project file.,200,2026-05-18,Immediate
Info,AddedEpic,PLAT-4019,PLAT-4019,PLAT,Epic,Scale Rows - Platform Services - Shared logging wave 20,Rollup Key,,Platform Q2,changed_cell,Epic is included in the planned sandbox and was not found in the comparison baseline.,Review the added epic in the sandbox Project file.,200,2026-05-18,Immediate
Info,AddedEpic,PLAT-4019,PLAT-4019,PLAT,Epic,Scale Rows - Platform Services - Shared logging wave 20,Resource Group,,Platform Engineering,changed_cell,Epic is included in the planned sandbox and was not found in the comparison baseline.,Review the added epic in the sandbox Project file.,200,2026-05-18,Immediate
Info,AddedEpic,PLAT-4019,PLAT-4019,PLAT,Epic,Scale Rows - Platform Services - Shared logging wave 20,Fix Version,,Platform Q2,changed_cell,Epic is included in the planned sandbox and was not found in the comparison baseline.,Review the added epic in the sandbox Project file.,200,2026-05-18,Immediate
Info,AddedEpic,PLAT-4019,PLAT-4019,PLAT,Epic,Scale Rows - Platform Services - Shared logging wave 20,% Complete,,48,changed_cell,Epic is included in the planned sandbox and was not found in the comparison baseline.,Review the added epic in the sandbox Project file.,200,2026-05-18,Immediate
Info,AddedEpic,PLAT-4019,PLAT-4019,PLAT,Epic,Scale Rows - Platform Services - Shared logging wave 20,Total Story Points,,21,changed_cell,Epic is included in the planned sandbox and was not found in the comparison baseline.,Review the added epic in the sandbox Project file.,200,2026-05-18,Immediate
Info,AddedEpic,PLAT-4019,PLAT-4019,PLAT,Epic,Scale Rows - Platform Services - Shared logging wave 20,Completed Story Points,,10,changed_cell,Epic is included in the planned sandbox and was not found in the comparison baseline.,Review the added epic in the sandbox Project file.,200,2026-05-18,Immediate
Info,AddedEpic,PLAT-4019,PLAT-4019,PLAT,Epic,Scale Rows - Platform Services - Shared logging wave 20,Logged Hours,,21,changed_cell,Epic is included in the planned sandbox and was not found in the comparison baseline.,Review the added epic in the sandbox Project file.,200,2026-05-18,Immediate
Info,AddedEpic,PLAT-4019,PLAT-4019,PLAT,Epic,Scale Rows - Platform Services - Shared logging wave 20,Story Point Ratio,,20,changed_cell,Epic is included in the planned sandbox and was not found in the comparison baseline.,Review the added epic in the sandbox Project file.,200,2026-05-18,Immediate
Info,AddedEpic,PLAT-4019,PLAT-4019,PLAT,Epic,Scale Rows - Platform Services - Shared logging wave 20,Jira Target Start,,2026-07-20,changed_cell,Epic is included in the planned sandbox and was not found in the comparison baseline.,Review the added epic in the sandbox Project file.,200,2026-05-18,Immediate
Info,AddedEpic,PLAT-4019,PLAT-4019,PLAT,Epic,Scale Rows - Platform Services - Shared logging wave 20,Jira Target End,,2026-09-14,changed_cell,Epic is included in the planned sandbox and was not found in the comparison baseline.,Review the added epic in the sandbox Project file.,200,2026-05-18,Immediate
Info,AddedEpic,PLAT-4019,PLAT-4019,PLAT,Epic,Scale Rows - Platform Services - Shared logging wave 20,Predecessors,,PLAT-4018,changed_cell,Epic is included in the planned sandbox and was not found in the comparison baseline.,Review the added epic in the sandbox Project file.,200,2026-05-18,Immediate
Info,SuppressedCompletedFixVersion,PLAT-4026,fixVersion:Legacy Platform Release,PLAT,fixVersion,Legacy Platform Release,Resolved,2026-01-12,Hidden from manager HTML reports after 90 days,,FixVersion 'Legacy Platform Release' is complete by Jira status and its latest Resolved date is older than 90 days.,No manager review needed unless the release should remain visible.,34,2025-10-06,Immediate
Review,CompletedFixVersionMissingResolvedDate,PLAT-4027,fixVersion:Resolved Date Review Release,PLAT,fixVersion,Resolved Date Review Release,Resolved,,,review_needed,FixVersion 'Resolved Date Review Release' is complete by status but 7 issue(s) are missing a usable Resolved date.,Keep the fixVersion visible until Jira Resolved dates are populated or suppression is intentionally disabled.,35,2025-11-03,Immediate
