severity,category,jira_key,project_key,issue_type,summary,field,old_value,new_value,color,message,reviewer_action,source_row
Warning,CsvRowMissingJiraKey,,UNASSIGNED,,,,,,,CSV row 201 has no Jira key and was skipped.,Correct the Jira export or remove the blank row.,201
Warning,StoryMissingEpicLink,CORE-899999,CORE,Story,Orphan story with no Epic Link,,,,,Story/task row has no Epic Link and cannot contribute to epic completion.,Confirm the Jira export includes Epic Link for child work.,202
Review,InPlanning,WEB-2010,WEB,Epic,Web experience green-gray in planning,In Planning,,Yes,in_planning,Epic has no pointed child stories/tasks and is marked In Planning.,Confirm this epic is intentionally unestimated or add pointed child work.,77
Warning,ExcludedUnknownPrefix,UNK-9000,UNK,Epic,Unknown prefix yellow unknown Jira key prefix,Resource Group,UNK,,review_needed,Epic key prefix 'UNK' is not mapped to a resource group.,Add the prefix to resource_groups or confirm the epic should be excluded.,197
Warning,ExcludedUnknownPrefix,UNK-9001,UNK,Epic,Unknown prefix epic 02,Resource Group,UNK,,review_needed,Epic key prefix 'UNK' is not mapped to a resource group.,Add the prefix to resource_groups or confirm the epic should be excluded.,198
Warning,ExcludedUnknownPrefix,UNK-9002,UNK,Epic,Unknown prefix epic 03,Resource Group,UNK,,review_needed,Epic key prefix 'UNK' is not mapped to a resource group.,Add the prefix to resource_groups or confirm the epic should be excluded.,199
Warning,ExcludedUnknownPrefix,UNK-9003,UNK,Epic,Unknown prefix epic 04,Resource Group,UNK,,review_needed,Epic key prefix 'UNK' is not mapped to a resource group.,Add the prefix to resource_groups or confirm the epic should be excluded.,200
Info,AddedEpic,CORE-1000,CORE,Epic,Core platform green changed name,Name,,Core platform green changed name,changed_cell,Epic is included in the planned sandbox and was not found in the comparison baseline.,Review the added epic in the sandbox Project file.,17
Info,AddedEpic,CORE-1000,CORE,Epic,Core platform green changed name,Rollup Key,,INIT-100,changed_cell,Epic is included in the planned sandbox and was not found in the comparison baseline.,Review the added epic in the sandbox Project file.,17
Info,AddedEpic,CORE-1000,CORE,Epic,Core platform green changed name,Resource Group,,Core Product Engineering,changed_cell,Epic is included in the planned sandbox and was not found in the comparison baseline.,Review the added epic in the sandbox Project file.,17
Info,AddedEpic,CORE-1000,CORE,Epic,Core platform green changed name,% Complete,,29,changed_cell,Epic is included in the planned sandbox and was not found in the comparison baseline.,Review the added epic in the sandbox Project file.,17
Info,AddedEpic,CORE-1000,CORE,Epic,Core platform green changed name,Total Story Points,,24,changed_cell,Epic is included in the planned sandbox and was not found in the comparison baseline.,Review the added epic in the sandbox Project file.,17
Info,AddedEpic,CORE-1000,CORE,Epic,Core platform green changed name,Completed Story Points,,7,changed_cell,Epic is included in the planned sandbox and was not found in the comparison baseline.,Review the added epic in the sandbox Project file.,17
Info,AddedEpic,CORE-1000,CORE,Epic,Core platform green changed name,Jira Target Start,,2026-02-02,changed_cell,Epic is included in the planned sandbox and was not found in the comparison baseline.,Review the added epic in the sandbox Project file.,17
Info,AddedEpic,CORE-1000,CORE,Epic,Core platform green changed name,Jira Target End,,2026-03-02,changed_cell,Epic is included in the planned sandbox and was not found in the comparison baseline.,Review the added epic in the sandbox Project file.,17
Info,AddedEpic,CORE-1001,CORE,Epic,Core platform green percent/date changes,Name,,Core platform green percent/date changes,changed_cell,Epic is included in the planned sandbox and was not found in the comparison baseline.,Review the added epic in the sandbox Project file.,18
Info,AddedEpic,CORE-1001,CORE,Epic,Core platform green percent/date changes,Rollup Key,,INIT-200,changed_cell,Epic is included in the planned sandbox and was not found in the comparison baseline.,Review the added epic in the sandbox Project file.,18
Info,AddedEpic,CORE-1001,CORE,Epic,Core platform green percent/date changes,Resource Group,,Core Product Engineering,changed_cell,Epic is included in the planned sandbox and was not found in the comparison baseline.,Review the added epic in the sandbox Project file.,18
Info,AddedEpic,CORE-1001,CORE,Epic,Core platform green percent/date changes,% Complete,,11,changed_cell,Epic is included in the planned sandbox and was not found in the comparison baseline.,Review the added epic in the sandbox Project file.,18
Info,AddedEpic,CORE-1001,CORE,Epic,Core platform green percent/date changes,Total Story Points,,27,changed_cell,Epic is included in the planned sandbox and was not found in the comparison baseline.,Review the added epic in the sandbox Project file.,18
Info,AddedEpic,CORE-1001,CORE,Epic,Core platform green percent/date changes,Completed Story Points,,3,changed_cell,Epic is included in the planned sandbox and was not found in the comparison baseline.,Review the added epic in the sandbox Project file.,18
Info,AddedEpic,CORE-1001,CORE,Epic,Core platform green percent/date changes,Jira Target Start,,2026-02-09,changed_cell,Epic is included in the planned sandbox and was not found in the comparison baseline.,Review the added epic in the sandbox Project file.,18
Info,AddedEpic,CORE-1001,CORE,Epic,Core platform green percent/date changes,Jira Target End,,2026-03-16,changed_cell,Epic is included in the planned sandbox and was not found in the comparison baseline.,Review the added epic in the sandbox Project file.,18
Info,AddedEpic,CORE-1002,CORE,Epic,Core platform completed since last update,Name,,Core platform completed since last update,changed_cell,Epic is included in the planned sandbox and was not found in the comparison baseline.,Review the added epic in the sandbox Project file.,19
Info,AddedEpic,CORE-1002,CORE,Epic,Core platform completed since last update,Rollup Key,,INIT-700,changed_cell,Epic is included in the planned sandbox and was not found in the comparison baseline.,Review the added epic in the sandbox Project file.,19
Info,AddedEpic,CORE-1002,CORE,Epic,Core platform completed since last update,Resource Group,,Core Product Engineering,changed_cell,Epic is included in the planned sandbox and was not found in the comparison baseline.,Review the added epic in the sandbox Project file.,19
Info,AddedEpic,CORE-1002,CORE,Epic,Core platform completed since last update,% Complete,,48,changed_cell,Epic is included in the planned sandbox and was not found in the comparison baseline.,Review the added epic in the sandbox Project file.,19
Info,AddedEpic,CORE-1002,CORE,Epic,Core platform completed since last update,Total Story Points,,21,changed_cell,Epic is included in the planned sandbox and was not found in the comparison baseline.,Review the added epic in the sandbox Project file.,19
Info,AddedEpic,CORE-1002,CORE,Epic,Core platform completed since last update,Completed Story Points,,10,changed_cell,Epic is included in the planned sandbox and was not found in the comparison baseline.,Review the added epic in the sandbox Project file.,19
Info,AddedEpic,CORE-1002,CORE,Epic,Core platform completed since last update,Jira Target Start,,2026-02-16,changed_cell,Epic is included in the planned sandbox and was not found in the comparison baseline.,Review the added epic in the sandbox Project file.,19
Info,AddedEpic,CORE-1002,CORE,Epic,Core platform completed since last update,Jira Target End,,2026-03-30,changed_cell,Epic is included in the planned sandbox and was not found in the comparison baseline.,Review the added epic in the sandbox Project file.,19
Info,AddedEpic,CORE-1003,CORE,Epic,Core platform rollup move,Name,,Core platform rollup move,changed_cell,Epic is included in the planned sandbox and was not found in the comparison baseline.,Review the added epic in the sandbox Project file.,20
Info,AddedEpic,CORE-1003,CORE,Epic,Core platform rollup move,Rollup Key,,INIT-100,changed_cell,Epic is included in the planned sandbox and was not found in the comparison baseline.,Review the added epic in the sandbox Project file.,20
Info,AddedEpic,CORE-1003,CORE,Epic,Core platform rollup move,Resource Group,,Core Product Engineering,changed_cell,Epic is included in the planned sandbox and was not found in the comparison baseline.,Review the added epic in the sandbox Project file.,20
Info,AddedEpic,CORE-1003,CORE,Epic,Core platform rollup move,% Complete,,36,changed_cell,Epic is included in the planned sandbox and was not found in the comparison baseline.,Review the added epic in the sandbox Project file.,20
Info,AddedEpic,CORE-1003,CORE,Epic,Core platform rollup move,Total Story Points,,22,changed_cell,Epic is included in the planned sandbox and was not found in the comparison baseline.,Review the added epic in the sandbox Project file.,20
Info,AddedEpic,CORE-1003,CORE,Epic,Core platform rollup move,Completed Story Points,,8,changed_cell,Epic is included in the planned sandbox and was not found in the comparison baseline.,Review the added epic in the sandbox Project file.,20
Info,AddedEpic,CORE-1003,CORE,Epic,Core platform rollup move,Jira Target Start,,2026-02-23,changed_cell,Epic is included in the planned sandbox and was not found in the comparison baseline.,Review the added epic in the sandbox Project file.,20
Info,AddedEpic,CORE-1003,CORE,Epic,Core platform rollup move,Jira Target End,,2026-04-13,changed_cell,Epic is included in the planned sandbox and was not found in the comparison baseline.,Review the added epic in the sandbox Project file.,20
Info,AddedEpic,CORE-1004,CORE,Epic,Core platform intended red schedule cascade root when run through Microsoft Project,Name,,Core platform intended red schedule cascade root when run through Microsoft Project,changed_cell,Epic is included in the planned sandbox and was not found in the comparison baseline.,Review the added epic in the sandbox Project file.,21
Info,AddedEpic,CORE-1004,CORE,Epic,Core platform intended red schedule cascade root when run through Microsoft Project,Rollup Key,,INIT-100,changed_cell,Epic is included in the planned sandbox and was not found in the comparison baseline.,Review the added epic in the sandbox Project file.,21
Info,AddedEpic,CORE-1004,CORE,Epic,Core platform intended red schedule cascade root when run through Microsoft Project,Resource Group,,Core Product Engineering,changed_cell,Epic is included in the planned sandbox and was not found in the comparison baseline.,Review the added epic in the sandbox Project file.,21
Info,AddedEpic,CORE-1004,CORE,Epic,Core platform intended red schedule cascade root when run through Microsoft Project,% Complete,,41,changed_cell,Epic is included in the planned sandbox and was not found in the comparison baseline.,Review the added epic in the sandbox Project file.,21
Info,AddedEpic,CORE-1004,CORE,Epic,Core platform intended red schedule cascade root when run through Microsoft Project,Total Story Points,,27,changed_cell,Epic is included in the planned sandbox and was not found in the comparison baseline.,Review the added epic in the sandbox Project file.,21
Info,AddedEpic,CORE-1004,CORE,Epic,Core platform intended red schedule cascade root when run through Microsoft Project,Completed Story Points,,11,changed_cell,Epic is included in the planned sandbox and was not found in the comparison baseline.,Review the added epic in the sandbox Project file.,21
Info,AddedEpic,CORE-1004,CORE,Epic,Core platform intended red schedule cascade root when run through Microsoft Project,Jira Target Start,,2026-03-02,changed_cell,Epic is included in the planned sandbox and was not found in the comparison baseline.,Review the added epic in the sandbox Project file.,21
Info,AddedEpic,CORE-1004,CORE,Epic,Core platform intended red schedule cascade root when run through Microsoft Project,Jira Target End,,2026-04-27,changed_cell,Epic is included in the planned sandbox and was not found in the comparison baseline.,Review the added epic in the sandbox Project file.,21
Info,AddedEpic,CORE-1005,CORE,Epic,Core platform intended downstream schedule cascade item,Name,,Core platform intended downstream schedule cascade item,changed_cell,Epic is included in the planned sandbox and was not found in the comparison baseline.,Review the added epic in the sandbox Project file.,22
Info,AddedEpic,CORE-1005,CORE,Epic,Core platform intended downstream schedule cascade item,Rollup Key,,INIT-200,changed_cell,Epic is included in the planned sandbox and was not found in the comparison baseline.,Review the added epic in the sandbox Project file.,22
Info,AddedEpic,CORE-1005,CORE,Epic,Core platform intended downstream schedule cascade item,Resource Group,,Core Product Engineering,changed_cell,Epic is included in the planned sandbox and was not found in the comparison baseline.,Review the added epic in the sandbox Project file.,22
Info,AddedEpic,CORE-1005,CORE,Epic,Core platform intended downstream schedule cascade item,% Complete,,47,changed_cell,Epic is included in the planned sandbox and was not found in the comparison baseline.,Review the added epic in the sandbox Project file.,22
Info,AddedEpic,CORE-1005,CORE,Epic,Core platform intended downstream schedule cascade item,Total Story Points,,32,changed_cell,Epic is included in the planned sandbox and was not found in the comparison baseline.,Review the added epic in the sandbox Project file.,22
Info,AddedEpic,CORE-1005,CORE,Epic,Core platform intended downstream schedule cascade item,Completed Story Points,,15,changed_cell,Epic is included in the planned sandbox and was not found in the comparison baseline.,Review the added epic in the sandbox Project file.,22
Info,AddedEpic,CORE-1005,CORE,Epic,Core platform intended downstream schedule cascade item,Jira Target Start,,2026-03-09,changed_cell,Epic is included in the planned sandbox and was not found in the comparison baseline.,Review the added epic in the sandbox Project file.,22
Info,AddedEpic,CORE-1005,CORE,Epic,Core platform intended downstream schedule cascade item,Jira Target End,,2026-04-06,changed_cell,Epic is included in the planned sandbox and was not found in the comparison baseline.,Review the added epic in the sandbox Project file.,22
Info,AddedEpic,CORE-1005,CORE,Epic,Core platform intended downstream schedule cascade item,Predecessors,,CORE-1004,changed_cell,Epic is included in the planned sandbox and was not found in the comparison baseline.,Review the added epic in the sandbox Project file.,22
Info,AddedEpic,CORE-1006,CORE,Epic,Core platform blue missing dependency target,Name,,Core platform blue missing dependency target,changed_cell,Epic is included in the planned sandbox and was not found in the comparison baseline.,Review the added epic in the sandbox Project file.,23
Info,AddedEpic,CORE-1006,CORE,Epic,Core platform blue missing dependency target,Rollup Key,,INIT-700,changed_cell,Epic is included in the planned sandbox and was not found in the comparison baseline.,Review the added epic in the sandbox Project file.,23
Info,AddedEpic,CORE-1006,CORE,Epic,Core platform blue missing dependency target,Resource Group,,Core Product Engineering,changed_cell,Epic is included in the planned sandbox and was not found in the comparison baseline.,Review the added epic in the sandbox Project file.,23
Info,AddedEpic,CORE-1006,CORE,Epic,Core platform blue missing dependency target,% Complete,,18,changed_cell,Epic is included in the planned sandbox and was not found in the comparison baseline.,Review the added epic in the sandbox Project file.,23
Info,AddedEpic,CORE-1006,CORE,Epic,Core platform blue missing dependency target,Total Story Points,,22,changed_cell,Epic is included in the planned sandbox and was not found in the comparison baseline.,Review the added epic in the sandbox Project file.,23
Info,AddedEpic,CORE-1006,CORE,Epic,Core platform blue missing dependency target,Completed Story Points,,4,changed_cell,Epic is included in the planned sandbox and was not found in the comparison baseline.,Review the added epic in the sandbox Project file.,23
Info,AddedEpic,CORE-1006,CORE,Epic,Core platform blue missing dependency target,Jira Target Start,,2026-03-16,changed_cell,Epic is included in the planned sandbox and was not found in the comparison baseline.,Review the added epic in the sandbox Project file.,23
Info,AddedEpic,CORE-1006,CORE,Epic,Core platform blue missing dependency target,Jira Target End,,2026-04-20,changed_cell,Epic is included in the planned sandbox and was not found in the comparison baseline.,Review the added epic in the sandbox Project file.,23
Info,AddedEpic,CORE-1007,CORE,Epic,Core platform green dependency change,Name,,Core platform green dependency change,changed_cell,Epic is included in the planned sandbox and was not found in the comparison baseline.,Review the added epic in the sandbox Project file.,24
Info,AddedEpic,CORE-1007,CORE,Epic,Core platform green dependency change,Rollup Key,,INIT-800,changed_cell,Epic is included in the planned sandbox and was not found in the comparison baseline.,Review the added epic in the sandbox Project file.,24
Info,AddedEpic,CORE-1007,CORE,Epic,Core platform green dependency change,Resource Group,,Core Product Engineering,changed_cell,Epic is included in the planned sandbox and was not found in the comparison baseline.,Review the added epic in the sandbox Project file.,24
Info,AddedEpic,CORE-1007,CORE,Epic,Core platform green dependency change,% Complete,,54,changed_cell,Epic is included in the planned sandbox and was not found in the comparison baseline.,Review the added epic in the sandbox Project file.,24
Info,AddedEpic,CORE-1007,CORE,Epic,Core platform green dependency change,Total Story Points,,24,changed_cell,Epic is included in the planned sandbox and was not found in the comparison baseline.,Review the added epic in the sandbox Project file.,24
Info,AddedEpic,CORE-1007,CORE,Epic,Core platform green dependency change,Completed Story Points,,13,changed_cell,Epic is included in the planned sandbox and was not found in the comparison baseline.,Review the added epic in the sandbox Project file.,24
Info,AddedEpic,CORE-1007,CORE,Epic,Core platform green dependency change,Jira Target Start,,2026-03-23,changed_cell,Epic is included in the planned sandbox and was not found in the comparison baseline.,Review the added epic in the sandbox Project file.,24
Info,AddedEpic,CORE-1007,CORE,Epic,Core platform green dependency change,Jira Target End,,2026-05-04,changed_cell,Epic is included in the planned sandbox and was not found in the comparison baseline.,Review the added epic in the sandbox Project file.,24
Info,AddedEpic,CORE-1008,CORE,Epic,Core platform epic 09,Name,,Core platform epic 09,changed_cell,Epic is included in the planned sandbox and was not found in the comparison baseline.,Review the added epic in the sandbox Project file.,25
Info,AddedEpic,CORE-1008,CORE,Epic,Core platform epic 09,Rollup Key,,INIT-100,changed_cell,Epic is included in the planned sandbox and was not found in the comparison baseline.,Review the added epic in the sandbox Project file.,25
Info,AddedEpic,CORE-1008,CORE,Epic,Core platform epic 09,Resource Group,,Core Product Engineering,changed_cell,Epic is included in the planned sandbox and was not found in the comparison baseline.,Review the added epic in the sandbox Project file.,25
Info,AddedEpic,CORE-1008,CORE,Epic,Core platform epic 09,% Complete,,30,changed_cell,Epic is included in the planned sandbox and was not found in the comparison baseline.,Review the added epic in the sandbox Project file.,25
Info,AddedEpic,CORE-1008,CORE,Epic,Core platform epic 09,Total Story Points,,20,changed_cell,Epic is included in the planned sandbox and was not found in the comparison baseline.,Review the added epic in the sandbox Project file.,25
Info,AddedEpic,CORE-1008,CORE,Epic,Core platform epic 09,Completed Story Points,,6,changed_cell,Epic is included in the planned sandbox and was not found in the comparison baseline.,Review the added epic in the sandbox Project file.,25
Info,AddedEpic,CORE-1008,CORE,Epic,Core platform epic 09,Jira Target Start,,2026-03-30,changed_cell,Epic is included in the planned sandbox and was not found in the comparison baseline.,Review the added epic in the sandbox Project file.,25
Info,AddedEpic,CORE-1008,CORE,Epic,Core platform epic 09,Jira Target End,,2026-05-18,changed_cell,Epic is included in the planned sandbox and was not found in the comparison baseline.,Review the added epic in the sandbox Project file.,25
Info,AddedEpic,CORE-1009,CORE,Epic,Core platform epic 10,Name,,Core platform epic 10,changed_cell,Epic is included in the planned sandbox and was not found in the comparison baseline.,Review the added epic in the sandbox Project file.,26
Info,AddedEpic,CORE-1009,CORE,Epic,Core platform epic 10,Rollup Key,,INIT-200,changed_cell,Epic is included in the planned sandbox and was not found in the comparison baseline.,Review the added epic in the sandbox Project file.,26
Info,AddedEpic,CORE-1009,CORE,Epic,Core platform epic 10,Resource Group,,Core Product Engineering,changed_cell,Epic is included in the planned sandbox and was not found in the comparison baseline.,Review the added epic in the sandbox Project file.,26
Info,AddedEpic,CORE-1009,CORE,Epic,Core platform epic 10,% Complete,,43,changed_cell,Epic is included in the planned sandbox and was not found in the comparison baseline.,Review the added epic in the sandbox Project file.,26
Info,AddedEpic,CORE-1009,CORE,Epic,Core platform epic 10,Total Story Points,,28,changed_cell,Epic is included in the planned sandbox and was not found in the comparison baseline.,Review the added epic in the sandbox Project file.,26
Info,AddedEpic,CORE-1009,CORE,Epic,Core platform epic 10,Completed Story Points,,12,changed_cell,Epic is included in the planned sandbox and was not found in the comparison baseline.,Review the added epic in the sandbox Project file.,26
Info,AddedEpic,CORE-1009,CORE,Epic,Core platform epic 10,Jira Target Start,,2026-04-06,changed_cell,Epic is included in the planned sandbox and was not found in the comparison baseline.,Review the added epic in the sandbox Project file.,26
Info,AddedEpic,CORE-1009,CORE,Epic,Core platform epic 10,Jira Target End,,2026-06-01,changed_cell,Epic is included in the planned sandbox and was not found in the comparison baseline.,Review the added epic in the sandbox Project file.,26
Info,AddedEpic,CORE-1010,CORE,Epic,Core platform epic 11,Name,,Core platform epic 11,changed_cell,Epic is included in the planned sandbox and was not found in the comparison baseline.,Review the added epic in the sandbox Project file.,27
Info,AddedEpic,CORE-1010,CORE,Epic,Core platform epic 11,Rollup Key,,INIT-700,changed_cell,Epic is included in the planned sandbox and was not found in the comparison baseline.,Review the added epic in the sandbox Project file.,27
Info,AddedEpic,CORE-1010,CORE,Epic,Core platform epic 11,Resource Group,,Core Product Engineering,changed_cell,Epic is included in the planned sandbox and was not found in the comparison baseline.,Review the added epic in the sandbox Project file.,27
Info,AddedEpic,CORE-1010,CORE,Epic,Core platform epic 11,% Complete,,21,changed_cell,Epic is included in the planned sandbox and was not found in the comparison baseline.,Review the added epic in the sandbox Project file.,27
Info,AddedEpic,CORE-1010,CORE,Epic,Core platform epic 11,Total Story Points,,19,changed_cell,Epic is included in the planned sandbox and was not found in the comparison baseline.,Review the added epic in the sandbox Project file.,27
Info,AddedEpic,CORE-1010,CORE,Epic,Core platform epic 11,Completed Story Points,,4,changed_cell,Epic is included in the planned sandbox and was not found in the comparison baseline.,Review the added epic in the sandbox Project file.,27
Info,AddedEpic,CORE-1010,CORE,Epic,Core platform epic 11,Jira Target Start,,2026-04-13,changed_cell,Epic is included in the planned sandbox and was not found in the comparison baseline.,Review the added epic in the sandbox Project file.,27
Info,AddedEpic,CORE-1010,CORE,Epic,Core platform epic 11,Jira Target End,,2026-05-11,changed_cell,Epic is included in the planned sandbox and was not found in the comparison baseline.,Review the added epic in the sandbox Project file.,27
Info,AddedEpic,CORE-1011,CORE,Epic,Core platform epic 12,Name,,Core platform epic 12,changed_cell,Epic is included in the planned sandbox and was not found in the comparison baseline.,Review the added epic in the sandbox Project file.,28
Info,AddedEpic,CORE-1011,CORE,Epic,Core platform epic 12,Rollup Key,,INIT-800,changed_cell,Epic is included in the planned sandbox and was not found in the comparison baseline.,Review the added epic in the sandbox Project file.,28
Info,AddedEpic,CORE-1011,CORE,Epic,Core platform epic 12,Resource Group,,Core Product Engineering,changed_cell,Epic is included in the planned sandbox and was not found in the comparison baseline.,Review the added epic in the sandbox Project file.,28
Info,AddedEpic,CORE-1011,CORE,Epic,Core platform epic 12,% Complete,,50,changed_cell,Epic is included in the planned sandbox and was not found in the comparison baseline.,Review the added epic in the sandbox Project file.,28
Info,AddedEpic,CORE-1011,CORE,Epic,Core platform epic 12,Total Story Points,,20,changed_cell,Epic is included in the planned sandbox and was not found in the comparison baseline.,Review the added epic in the sandbox Project file.,28
Info,AddedEpic,CORE-1011,CORE,Epic,Core platform epic 12,Completed Story Points,,10,changed_cell,Epic is included in the planned sandbox and was not found in the comparison baseline.,Review the added epic in the sandbox Project file.,28
Info,AddedEpic,CORE-1011,CORE,Epic,Core platform epic 12,Jira Target Start,,2026-04-20,changed_cell,Epic is included in the planned sandbox and was not found in the comparison baseline.,Review the added epic in the sandbox Project file.,28
Info,AddedEpic,CORE-1011,CORE,Epic,Core platform epic 12,Jira Target End,,2026-05-25,changed_cell,Epic is included in the planned sandbox and was not found in the comparison baseline.,Review the added epic in the sandbox Project file.,28
Info,AddedEpic,CORE-1012,CORE,Epic,Core platform epic 13,Name,,Core platform epic 13,changed_cell,Epic is included in the planned sandbox and was not found in the comparison baseline.,Review the added epic in the sandbox Project file.,29
Info,AddedEpic,CORE-1012,CORE,Epic,Core platform epic 13,Rollup Key,,INIT-100,changed_cell,Epic is included in the planned sandbox and was not found in the comparison baseline.,Review the added epic in the sandbox Project file.,29
Info,AddedEpic,CORE-1012,CORE,Epic,Core platform epic 13,Resource Group,,Core Product Engineering,changed_cell,Epic is included in the planned sandbox and was not found in the comparison baseline.,Review the added epic in the sandbox Project file.,29
Info,AddedEpic,CORE-1012,CORE,Epic,Core platform epic 13,% Complete,,32,changed_cell,Epic is included in the planned sandbox and was not found in the comparison baseline.,Review the added epic in the sandbox Project file.,29
Info,AddedEpic,CORE-1012,CORE,Epic,Core platform epic 13,Total Story Points,,19,changed_cell,Epic is included in the planned sandbox and was not found in the comparison baseline.,Review the added epic in the sandbox Project file.,29
Info,AddedEpic,CORE-1012,CORE,Epic,Core platform epic 13,Completed Story Points,,6,changed_cell,Epic is included in the planned sandbox and was not found in the comparison baseline.,Review the added epic in the sandbox Project file.,29
Info,AddedEpic,CORE-1012,CORE,Epic,Core platform epic 13,Jira Target Start,,2026-04-27,changed_cell,Epic is included in the planned sandbox and was not found in the comparison baseline.,Review the added epic in the sandbox Project file.,29
Info,AddedEpic,CORE-1012,CORE,Epic,Core platform epic 13,Jira Target End,,2026-06-08,changed_cell,Epic is included in the planned sandbox and was not found in the comparison baseline.,Review the added epic in the sandbox Project file.,29
Info,AddedEpic,CORE-1013,CORE,Epic,Core platform epic 14,Name,,Core platform epic 14,changed_cell,Epic is included in the planned sandbox and was not found in the comparison baseline.,Review the added epic in the sandbox Project file.,30
Info,AddedEpic,CORE-1013,CORE,Epic,Core platform epic 14,Rollup Key,,INIT-200,changed_cell,Epic is included in the planned sandbox and was not found in the comparison baseline.,Review the added epic in the sandbox Project file.,30
Info,AddedEpic,CORE-1013,CORE,Epic,Core platform epic 14,Resource Group,,Core Product Engineering,changed_cell,Epic is included in the planned sandbox and was not found in the comparison baseline.,Review the added epic in the sandbox Project file.,30
Info,AddedEpic,CORE-1013,CORE,Epic,Core platform epic 14,% Complete,,46,changed_cell,Epic is included in the planned sandbox and was not found in the comparison baseline.,Review the added epic in the sandbox Project file.,30
Info,AddedEpic,CORE-1013,CORE,Epic,Core platform epic 14,Total Story Points,,24,changed_cell,Epic is included in the planned sandbox and was not found in the comparison baseline.,Review the added epic in the sandbox Project file.,30
Info,AddedEpic,CORE-1013,CORE,Epic,Core platform epic 14,Completed Story Points,,11,changed_cell,Epic is included in the planned sandbox and was not found in the comparison baseline.,Review the added epic in the sandbox Project file.,30
Info,AddedEpic,CORE-1013,CORE,Epic,Core platform epic 14,Jira Target Start,,2026-05-04,changed_cell,Epic is included in the planned sandbox and was not found in the comparison baseline.,Review the added epic in the sandbox Project file.,30
Info,AddedEpic,CORE-1013,CORE,Epic,Core platform epic 14,Jira Target End,,2026-06-22,changed_cell,Epic is included in the planned sandbox and was not found in the comparison baseline.,Review the added epic in the sandbox Project file.,30
Info,AddedEpic,CORE-1014,CORE,Epic,Core platform epic 15,Name,,Core platform epic 15,changed_cell,Epic is included in the planned sandbox and was not found in the comparison baseline.,Review the added epic in the sandbox Project file.,31
Info,AddedEpic,CORE-1014,CORE,Epic,Core platform epic 15,Rollup Key,,INIT-700,changed_cell,Epic is included in the planned sandbox and was not found in the comparison baseline.,Review the added epic in the sandbox Project file.,31
Info,AddedEpic,CORE-1014,CORE,Epic,Core platform epic 15,Resource Group,,Core Product Engineering,changed_cell,Epic is included in the planned sandbox and was not found in the comparison baseline.,Review the added epic in the sandbox Project file.,31
Info,AddedEpic,CORE-1014,CORE,Epic,Core platform epic 15,% Complete,,37,changed_cell,Epic is included in the planned sandbox and was not found in the comparison baseline.,Review the added epic in the sandbox Project file.,31
Info,AddedEpic,CORE-1014,CORE,Epic,Core platform epic 15,Total Story Points,,19,changed_cell,Epic is included in the planned sandbox and was not found in the comparison baseline.,Review the added epic in the sandbox Project file.,31
Info,AddedEpic,CORE-1014,CORE,Epic,Core platform epic 15,Completed Story Points,,7,changed_cell,Epic is included in the planned sandbox and was not found in the comparison baseline.,Review the added epic in the sandbox Project file.,31
Info,AddedEpic,CORE-1014,CORE,Epic,Core platform epic 15,Jira Target Start,,2026-05-11,changed_cell,Epic is included in the planned sandbox and was not found in the comparison baseline.,Review the added epic in the sandbox Project file.,31
Info,AddedEpic,CORE-1014,CORE,Epic,Core platform epic 15,Jira Target End,,2026-07-06,changed_cell,Epic is included in the planned sandbox and was not found in the comparison baseline.,Review the added epic in the sandbox Project file.,31
Info,AddedEpic,CORE-1015,CORE,Epic,Core platform epic 16,Name,,Core platform epic 16,changed_cell,Epic is included in the planned sandbox and was not found in the comparison baseline.,Review the added epic in the sandbox Project file.,32
Info,AddedEpic,CORE-1015,CORE,Epic,Core platform epic 16,Rollup Key,,INIT-800,changed_cell,Epic is included in the planned sandbox and was not found in the comparison baseline.,Review the added epic in the sandbox Project file.,32
Info,AddedEpic,CORE-1015,CORE,Epic,Core platform epic 16,Resource Group,,Core Product Engineering,changed_cell,Epic is included in the planned sandbox and was not found in the comparison baseline.,Review the added epic in the sandbox Project file.,32
Info,AddedEpic,CORE-1015,CORE,Epic,Core platform epic 16,% Complete,,19,changed_cell,Epic is included in the planned sandbox and was not found in the comparison baseline.,Review the added epic in the sandbox Project file.,32
Info,AddedEpic,CORE-1015,CORE,Epic,Core platform epic 16,Total Story Points,,21,changed_cell,Epic is included in the planned sandbox and was not found in the comparison baseline.,Review the added epic in the sandbox Project file.,32
Info,AddedEpic,CORE-1015,CORE,Epic,Core platform epic 16,Completed Story Points,,4,changed_cell,Epic is included in the planned sandbox and was not found in the comparison baseline.,Review the added epic in the sandbox Project file.,32
Info,AddedEpic,CORE-1015,CORE,Epic,Core platform epic 16,Jira Target Start,,2026-05-18,changed_cell,Epic is included in the planned sandbox and was not found in the comparison baseline.,Review the added epic in the sandbox Project file.,32
Info,AddedEpic,CORE-1015,CORE,Epic,Core platform epic 16,Jira Target End,,2026-06-15,changed_cell,Epic is included in the planned sandbox and was not found in the comparison baseline.,Review the added epic in the sandbox Project file.,32
Info,AddedEpic,CORE-1016,CORE,Epic,Core platform epic 17,Name,,Core platform epic 17,changed_cell,Epic is included in the planned sandbox and was not found in the comparison baseline.,Review the added epic in the sandbox Project file.,33
Info,AddedEpic,CORE-1016,CORE,Epic,Core platform epic 17,Rollup Key,,INIT-100,changed_cell,Epic is included in the planned sandbox and was not found in the comparison baseline.,Review the added epic in the sandbox Project file.,33
Info,AddedEpic,CORE-1016,CORE,Epic,Core platform epic 17,Resource Group,,Core Product Engineering,changed_cell,Epic is included in the planned sandbox and was not found in the comparison baseline.,Review the added epic in the sandbox Project file.,33
Info,AddedEpic,CORE-1016,CORE,Epic,Core platform epic 17,% Complete,,53,changed_cell,Epic is included in the planned sandbox and was not found in the comparison baseline.,Review the added epic in the sandbox Project file.,33
Info,AddedEpic,CORE-1016,CORE,Epic,Core platform epic 17,Total Story Points,,19,changed_cell,Epic is included in the planned sandbox and was not found in the comparison baseline.,Review the added epic in the sandbox Project file.,33
Info,AddedEpic,CORE-1016,CORE,Epic,Core platform epic 17,Completed Story Points,,10,changed_cell,Epic is included in the planned sandbox and was not found in the comparison baseline.,Review the added epic in the sandbox Project file.,33
Info,AddedEpic,CORE-1016,CORE,Epic,Core platform epic 17,Jira Target Start,,2026-05-25,changed_cell,Epic is included in the planned sandbox and was not found in the comparison baseline.,Review the added epic in the sandbox Project file.,33
Info,AddedEpic,CORE-1016,CORE,Epic,Core platform epic 17,Jira Target End,,2026-06-29,changed_cell,Epic is included in the planned sandbox and was not found in the comparison baseline.,Review the added epic in the sandbox Project file.,33
Info,AddedEpic,CORE-1017,CORE,Epic,Core platform epic 18,Name,,Core platform epic 18,changed_cell,Epic is included in the planned sandbox and was not found in the comparison baseline.,Review the added epic in the sandbox Project file.,34
Info,AddedEpic,CORE-1017,CORE,Epic,Core platform epic 18,Rollup Key,,INIT-200,changed_cell,Epic is included in the planned sandbox and was not found in the comparison baseline.,Review the added epic in the sandbox Project file.,34
Info,AddedEpic,CORE-1017,CORE,Epic,Core platform epic 18,Resource Group,,Core Product Engineering,changed_cell,Epic is included in the planned sandbox and was not found in the comparison baseline.,Review the added epic in the sandbox Project file.,34
Info,AddedEpic,CORE-1017,CORE,Epic,Core platform epic 18,% Complete,,22,changed_cell,Epic is included in the planned sandbox and was not found in the comparison baseline.,Review the added epic in the sandbox Project file.,34
Info,AddedEpic,CORE-1017,CORE,Epic,Core platform epic 18,Total Story Points,,27,changed_cell,Epic is included in the planned sandbox and was not found in the comparison baseline.,Review the added epic in the sandbox Project file.,34
Info,AddedEpic,CORE-1017,CORE,Epic,Core platform epic 18,Completed Story Points,,6,changed_cell,Epic is included in the planned sandbox and was not found in the comparison baseline.,Review the added epic in the sandbox Project file.,34
Info,AddedEpic,CORE-1017,CORE,Epic,Core platform epic 18,Jira Target Start,,2026-06-01,changed_cell,Epic is included in the planned sandbox and was not found in the comparison baseline.,Review the added epic in the sandbox Project file.,34
Info,AddedEpic,CORE-1017,CORE,Epic,Core platform epic 18,Jira Target End,,2026-07-13,changed_cell,Epic is included in the planned sandbox and was not found in the comparison baseline.,Review the added epic in the sandbox Project file.,34
Info,AddedEpic,CORE-1018,CORE,Epic,Core platform epic 19,Name,,Core platform epic 19,changed_cell,Epic is included in the planned sandbox and was not found in the comparison baseline.,Review the added epic in the sandbox Project file.,35
Info,AddedEpic,CORE-1018,CORE,Epic,Core platform epic 19,Rollup Key,,INIT-700,changed_cell,Epic is included in the planned sandbox and was not found in the comparison baseline.,Review the added epic in the sandbox Project file.,35
Info,AddedEpic,CORE-1018,CORE,Epic,Core platform epic 19,Resource Group,,Core Product Engineering,changed_cell,Epic is included in the planned sandbox and was not found in the comparison baseline.,Review the added epic in the sandbox Project file.,35
Info,AddedEpic,CORE-1018,CORE,Epic,Core platform epic 19,% Complete,,58,changed_cell,Epic is included in the planned sandbox and was not found in the comparison baseline.,Review the added epic in the sandbox Project file.,35
Info,AddedEpic,CORE-1018,CORE,Epic,Core platform epic 19,Total Story Points,,19,changed_cell,Epic is included in the planned sandbox and was not found in the comparison baseline.,Review the added epic in the sandbox Project file.,35
Info,AddedEpic,CORE-1018,CORE,Epic,Core platform epic 19,Completed Story Points,,11,changed_cell,Epic is included in the planned sandbox and was not found in the comparison baseline.,Review the added epic in the sandbox Project file.,35
Info,AddedEpic,CORE-1018,CORE,Epic,Core platform epic 19,Jira Target Start,,2026-06-08,changed_cell,Epic is included in the planned sandbox and was not found in the comparison baseline.,Review the added epic in the sandbox Project file.,35
Info,AddedEpic,CORE-1018,CORE,Epic,Core platform epic 19,Jira Target End,,2026-07-27,changed_cell,Epic is included in the planned sandbox and was not found in the comparison baseline.,Review the added epic in the sandbox Project file.,35
Info,AddedEpic,CORE-1019,CORE,Epic,Core platform epic 20,Name,,Core platform epic 20,changed_cell,Epic is included in the planned sandbox and was not found in the comparison baseline.,Review the added epic in the sandbox Project file.,36
Info,AddedEpic,CORE-1019,CORE,Epic,Core platform epic 20,Rollup Key,,INIT-800,changed_cell,Epic is included in the planned sandbox and was not found in the comparison baseline.,Review the added epic in the sandbox Project file.,36
Info,AddedEpic,CORE-1019,CORE,Epic,Core platform epic 20,Resource Group,,Core Product Engineering,changed_cell,Epic is included in the planned sandbox and was not found in the comparison baseline.,Review the added epic in the sandbox Project file.,36
Info,AddedEpic,CORE-1019,CORE,Epic,Core platform epic 20,% Complete,,32,changed_cell,Epic is included in the planned sandbox and was not found in the comparison baseline.,Review the added epic in the sandbox Project file.,36
Info,AddedEpic,CORE-1019,CORE,Epic,Core platform epic 20,Total Story Points,,22,changed_cell,Epic is included in the planned sandbox and was not found in the comparison baseline.,Review the added epic in the sandbox Project file.,36
Info,AddedEpic,CORE-1019,CORE,Epic,Core platform epic 20,Completed Story Points,,7,changed_cell,Epic is included in the planned sandbox and was not found in the comparison baseline.,Review the added epic in the sandbox Project file.,36
Info,AddedEpic,CORE-1019,CORE,Epic,Core platform epic 20,Jira Target Start,,2026-06-15,changed_cell,Epic is included in the planned sandbox and was not found in the comparison baseline.,Review the added epic in the sandbox Project file.,36
Info,AddedEpic,CORE-1019,CORE,Epic,Core platform epic 20,Jira Target End,,2026-08-10,changed_cell,Epic is included in the planned sandbox and was not found in the comparison baseline.,Review the added epic in the sandbox Project file.,36
Info,AddedEpic,CORE-1020,CORE,Epic,Core platform epic 21,Name,,Core platform epic 21,changed_cell,Epic is included in the planned sandbox and was not found in the comparison baseline.,Review the added epic in the sandbox Project file.,37
Info,AddedEpic,CORE-1020,CORE,Epic,Core platform epic 21,Rollup Key,,INIT-100,changed_cell,Epic is included in the planned sandbox and was not found in the comparison baseline.,Review the added epic in the sandbox Project file.,37
Info,AddedEpic,CORE-1020,CORE,Epic,Core platform epic 21,Resource Group,,Core Product Engineering,changed_cell,Epic is included in the planned sandbox and was not found in the comparison baseline.,Review the added epic in the sandbox Project file.,37
Info,AddedEpic,CORE-1020,CORE,Epic,Core platform epic 21,% Complete,,11,changed_cell,Epic is included in the planned sandbox and was not found in the comparison baseline.,Review the added epic in the sandbox Project file.,37
Info,AddedEpic,CORE-1020,CORE,Epic,Core platform epic 21,Total Story Points,,19,changed_cell,Epic is included in the planned sandbox and was not found in the comparison baseline.,Review the added epic in the sandbox Project file.,37
Info,AddedEpic,CORE-1020,CORE,Epic,Core platform epic 21,Completed Story Points,,2,changed_cell,Epic is included in the planned sandbox and was not found in the comparison baseline.,Review the added epic in the sandbox Project file.,37
Info,AddedEpic,CORE-1020,CORE,Epic,Core platform epic 21,Jira Target Start,,2026-06-22,changed_cell,Epic is included in the planned sandbox and was not found in the comparison baseline.,Review the added epic in the sandbox Project file.,37
Info,AddedEpic,CORE-1020,CORE,Epic,Core platform epic 21,Jira Target End,,2026-07-20,changed_cell,Epic is included in the planned sandbox and was not found in the comparison baseline.,Review the added epic in the sandbox Project file.,37
Info,AddedEpic,CORE-1021,CORE,Epic,Core platform epic 22,Name,,Core platform epic 22,changed_cell,Epic is included in the planned sandbox and was not found in the comparison baseline.,Review the added epic in the sandbox Project file.,38
Info,AddedEpic,CORE-1021,CORE,Epic,Core platform epic 22,Rollup Key,,INIT-200,changed_cell,Epic is included in the planned sandbox and was not found in the comparison baseline.,Review the added epic in the sandbox Project file.,38
Info,AddedEpic,CORE-1021,CORE,Epic,Core platform epic 22,Resource Group,,Core Product Engineering,changed_cell,Epic is included in the planned sandbox and was not found in the comparison baseline.,Review the added epic in the sandbox Project file.,38
Info,AddedEpic,CORE-1021,CORE,Epic,Core platform epic 22,% Complete,,25,changed_cell,Epic is included in the planned sandbox and was not found in the comparison baseline.,Review the added epic in the sandbox Project file.,38
Info,AddedEpic,CORE-1021,CORE,Epic,Core platform epic 22,Total Story Points,,24,changed_cell,Epic is included in the planned sandbox and was not found in the comparison baseline.,Review the added epic in the sandbox Project file.,38
Info,AddedEpic,CORE-1021,CORE,Epic,Core platform epic 22,Completed Story Points,,6,changed_cell,Epic is included in the planned sandbox and was not found in the comparison baseline.,Review the added epic in the sandbox Project file.,38
Info,AddedEpic,CORE-1021,CORE,Epic,Core platform epic 22,Jira Target Start,,2026-06-29,changed_cell,Epic is included in the planned sandbox and was not found in the comparison baseline.,Review the added epic in the sandbox Project file.,38
Info,AddedEpic,CORE-1021,CORE,Epic,Core platform epic 22,Jira Target End,,2026-08-03,changed_cell,Epic is included in the planned sandbox and was not found in the comparison baseline.,Review the added epic in the sandbox Project file.,38
Info,AddedEpic,CORE-1022,CORE,Epic,Core platform epic 23,Name,,Core platform epic 23,changed_cell,Epic is included in the planned sandbox and was not found in the comparison baseline.,Review the added epic in the sandbox Project file.,39
Info,AddedEpic,CORE-1022,CORE,Epic,Core platform epic 23,Rollup Key,,INIT-700,changed_cell,Epic is included in the planned sandbox and was not found in the comparison baseline.,Review the added epic in the sandbox Project file.,39
Info,AddedEpic,CORE-1022,CORE,Epic,Core platform epic 23,Resource Group,,Core Product Engineering,changed_cell,Epic is included in the planned sandbox and was not found in the comparison baseline.,Review the added epic in the sandbox Project file.,39
Info,AddedEpic,CORE-1022,CORE,Epic,Core platform epic 23,% Complete,,42,changed_cell,Epic is included in the planned sandbox and was not found in the comparison baseline.,Review the added epic in the sandbox Project file.,39
Info,AddedEpic,CORE-1022,CORE,Epic,Core platform epic 23,Total Story Points,,19,changed_cell,Epic is included in the planned sandbox and was not found in the comparison baseline.,Review the added epic in the sandbox Project file.,39
Info,AddedEpic,CORE-1022,CORE,Epic,Core platform epic 23,Completed Story Points,,8,changed_cell,Epic is included in the planned sandbox and was not found in the comparison baseline.,Review the added epic in the sandbox Project file.,39
Info,AddedEpic,CORE-1022,CORE,Epic,Core platform epic 23,Jira Target Start,,2026-07-06,changed_cell,Epic is included in the planned sandbox and was not found in the comparison baseline.,Review the added epic in the sandbox Project file.,39
Info,AddedEpic,CORE-1022,CORE,Epic,Core platform epic 23,Jira Target End,,2026-08-17,changed_cell,Epic is included in the planned sandbox and was not found in the comparison baseline.,Review the added epic in the sandbox Project file.,39
Info,AddedEpic,CORE-1023,CORE,Epic,Core platform epic 24,Name,,Core platform epic 24,changed_cell,Epic is included in the planned sandbox and was not found in the comparison baseline.,Review the added epic in the sandbox Project file.,40
Info,AddedEpic,CORE-1023,CORE,Epic,Core platform epic 24,Rollup Key,,INIT-800,changed_cell,Epic is included in the planned sandbox and was not found in the comparison baseline.,Review the added epic in the sandbox Project file.,40
Info,AddedEpic,CORE-1023,CORE,Epic,Core platform epic 24,Resource Group,,Core Product Engineering,changed_cell,Epic is included in the planned sandbox and was not found in the comparison baseline.,Review the added epic in the sandbox Project file.,40
Info,AddedEpic,CORE-1023,CORE,Epic,Core platform epic 24,% Complete,,33,changed_cell,Epic is included in the planned sandbox and was not found in the comparison baseline.,Review the added epic in the sandbox Project file.,40
Info,AddedEpic,CORE-1023,CORE,Epic,Core platform epic 24,Total Story Points,,21,changed_cell,Epic is included in the planned sandbox and was not found in the comparison baseline.,Review the added epic in the sandbox Project file.,40
Info,AddedEpic,CORE-1023,CORE,Epic,Core platform epic 24,Completed Story Points,,7,changed_cell,Epic is included in the planned sandbox and was not found in the comparison baseline.,Review the added epic in the sandbox Project file.,40
Info,AddedEpic,CORE-1023,CORE,Epic,Core platform epic 24,Jira Target Start,,2026-07-13,changed_cell,Epic is included in the planned sandbox and was not found in the comparison baseline.,Review the added epic in the sandbox Project file.,40
Info,AddedEpic,CORE-1023,CORE,Epic,Core platform epic 24,Jira Target End,,2026-08-31,changed_cell,Epic is included in the planned sandbox and was not found in the comparison baseline.,Review the added epic in the sandbox Project file.,40
Info,AddedEpic,CORE-1024,CORE,Epic,Core platform epic 25,Name,,Core platform epic 25,changed_cell,Epic is included in the planned sandbox and was not found in the comparison baseline.,Review the added epic in the sandbox Project file.,41
Info,AddedEpic,CORE-1024,CORE,Epic,Core platform epic 25,Rollup Key,,INIT-100,changed_cell,Epic is included in the planned sandbox and was not found in the comparison baseline.,Review the added epic in the sandbox Project file.,41
Info,AddedEpic,CORE-1024,CORE,Epic,Core platform epic 25,Resource Group,,Core Product Engineering,changed_cell,Epic is included in the planned sandbox and was not found in the comparison baseline.,Review the added epic in the sandbox Project file.,41
Info,AddedEpic,CORE-1024,CORE,Epic,Core platform epic 25,% Complete,,16,changed_cell,Epic is included in the planned sandbox and was not found in the comparison baseline.,Review the added epic in the sandbox Project file.,41
Info,AddedEpic,CORE-1024,CORE,Epic,Core platform epic 25,Total Story Points,,19,changed_cell,Epic is included in the planned sandbox and was not found in the comparison baseline.,Review the added epic in the sandbox Project file.,41
Info,AddedEpic,CORE-1024,CORE,Epic,Core platform epic 25,Completed Story Points,,3,changed_cell,Epic is included in the planned sandbox and was not found in the comparison baseline.,Review the added epic in the sandbox Project file.,41
Info,AddedEpic,CORE-1024,CORE,Epic,Core platform epic 25,Jira Target Start,,2026-07-20,changed_cell,Epic is included in the planned sandbox and was not found in the comparison baseline.,Review the added epic in the sandbox Project file.,41
Info,AddedEpic,CORE-1024,CORE,Epic,Core platform epic 25,Jira Target End,,2026-09-14,changed_cell,Epic is included in the planned sandbox and was not found in the comparison baseline.,Review the added epic in the sandbox Project file.,41
Info,AddedEpic,CORE-1025,CORE,Epic,Core platform epic 26,Name,,Core platform epic 26,changed_cell,Epic is included in the planned sandbox and was not found in the comparison baseline.,Review the added epic in the sandbox Project file.,42
Info,AddedEpic,CORE-1025,CORE,Epic,Core platform epic 26,Rollup Key,,INIT-200,changed_cell,Epic is included in the planned sandbox and was not found in the comparison baseline.,Review the added epic in the sandbox Project file.,42
Info,AddedEpic,CORE-1025,CORE,Epic,Core platform epic 26,Resource Group,,Core Product Engineering,changed_cell,Epic is included in the planned sandbox and was not found in the comparison baseline.,Review the added epic in the sandbox Project file.,42
Info,AddedEpic,CORE-1025,CORE,Epic,Core platform epic 26,% Complete,,37,changed_cell,Epic is included in the planned sandbox and was not found in the comparison baseline.,Review the added epic in the sandbox Project file.,42
Info,AddedEpic,CORE-1025,CORE,Epic,Core platform epic 26,Total Story Points,,27,changed_cell,Epic is included in the planned sandbox and was not found in the comparison baseline.,Review the added epic in the sandbox Project file.,42
Info,AddedEpic,CORE-1025,CORE,Epic,Core platform epic 26,Completed Story Points,,10,changed_cell,Epic is included in the planned sandbox and was not found in the comparison baseline.,Review the added epic in the sandbox Project file.,42
Info,AddedEpic,CORE-1025,CORE,Epic,Core platform epic 26,Jira Target Start,,2026-07-27,changed_cell,Epic is included in the planned sandbox and was not found in the comparison baseline.,Review the added epic in the sandbox Project file.,42
Info,AddedEpic,CORE-1025,CORE,Epic,Core platform epic 26,Jira Target End,,2026-08-24,changed_cell,Epic is included in the planned sandbox and was not found in the comparison baseline.,Review the added epic in the sandbox Project file.,42
Info,AddedEpic,CORE-1026,CORE,Epic,Core platform epic 27,Name,,Core platform epic 27,changed_cell,Epic is included in the planned sandbox and was not found in the comparison baseline.,Review the added epic in the sandbox Project file.,43
Info,AddedEpic,CORE-1026,CORE,Epic,Core platform epic 27,Rollup Key,,INIT-700,changed_cell,Epic is included in the planned sandbox and was not found in the comparison baseline.,Review the added epic in the sandbox Project file.,43
Info,AddedEpic,CORE-1026,CORE,Epic,Core platform epic 27,Resource Group,,Core Product Engineering,changed_cell,Epic is included in the planned sandbox and was not found in the comparison baseline.,Review the added epic in the sandbox Project file.,43
Info,AddedEpic,CORE-1026,CORE,Epic,Core platform epic 27,% Complete,,5,changed_cell,Epic is included in the planned sandbox and was not found in the comparison baseline.,Review the added epic in the sandbox Project file.,43
Info,AddedEpic,CORE-1026,CORE,Epic,Core platform epic 27,Total Story Points,,19,changed_cell,Epic is included in the planned sandbox and was not found in the comparison baseline.,Review the added epic in the sandbox Project file.,43
Info,AddedEpic,CORE-1026,CORE,Epic,Core platform epic 27,Completed Story Points,,1,changed_cell,Epic is included in the planned sandbox and was not found in the comparison baseline.,Review the added epic in the sandbox Project file.,43
Info,AddedEpic,CORE-1026,CORE,Epic,Core platform epic 27,Jira Target Start,,2026-08-03,changed_cell,Epic is included in the planned sandbox and was not found in the comparison baseline.,Review the added epic in the sandbox Project file.,43
Info,AddedEpic,CORE-1026,CORE,Epic,Core platform epic 27,Jira Target End,,2026-09-07,changed_cell,Epic is included in the planned sandbox and was not found in the comparison baseline.,Review the added epic in the sandbox Project file.,43
Info,AddedEpic,CORE-1027,CORE,Epic,Core platform epic 28,Name,,Core platform epic 28,changed_cell,Epic is included in the planned sandbox and was not found in the comparison baseline.,Review the added epic in the sandbox Project file.,44
Info,AddedEpic,CORE-1027,CORE,Epic,Core platform epic 28,Rollup Key,,INIT-800,changed_cell,Epic is included in the planned sandbox and was not found in the comparison baseline.,Review the added epic in the sandbox Project file.,44
Info,AddedEpic,CORE-1027,CORE,Epic,Core platform epic 28,Resource Group,,Core Product Engineering,changed_cell,Epic is included in the planned sandbox and was not found in the comparison baseline.,Review the added epic in the sandbox Project file.,44
Info,AddedEpic,CORE-1027,CORE,Epic,Core platform epic 28,% Complete,,50,changed_cell,Epic is included in the planned sandbox and was not found in the comparison baseline.,Review the added epic in the sandbox Project file.,44
Info,AddedEpic,CORE-1027,CORE,Epic,Core platform epic 28,Total Story Points,,22,changed_cell,Epic is included in the planned sandbox and was not found in the comparison baseline.,Review the added epic in the sandbox Project file.,44
Info,AddedEpic,CORE-1027,CORE,Epic,Core platform epic 28,Completed Story Points,,11,changed_cell,Epic is included in the planned sandbox and was not found in the comparison baseline.,Review the added epic in the sandbox Project file.,44
Info,AddedEpic,CORE-1027,CORE,Epic,Core platform epic 28,Jira Target Start,,2026-08-10,changed_cell,Epic is included in the planned sandbox and was not found in the comparison baseline.,Review the added epic in the sandbox Project file.,44
Info,AddedEpic,CORE-1027,CORE,Epic,Core platform epic 28,Jira Target End,,2026-09-21,changed_cell,Epic is included in the planned sandbox and was not found in the comparison baseline.,Review the added epic in the sandbox Project file.,44
Info,AddedEpic,CORE-1028,CORE,Epic,Core platform epic 29,Name,,Core platform epic 29,changed_cell,Epic is included in the planned sandbox and was not found in the comparison baseline.,Review the added epic in the sandbox Project file.,45
Info,AddedEpic,CORE-1028,CORE,Epic,Core platform epic 29,Rollup Key,,INIT-100,changed_cell,Epic is included in the planned sandbox and was not found in the comparison baseline.,Review the added epic in the sandbox Project file.,45
Info,AddedEpic,CORE-1028,CORE,Epic,Core platform epic 29,Resource Group,,Core Product Engineering,changed_cell,Epic is included in the planned sandbox and was not found in the comparison baseline.,Review the added epic in the sandbox Project file.,45
Info,AddedEpic,CORE-1028,CORE,Epic,Core platform epic 29,% Complete,,26,changed_cell,Epic is included in the planned sandbox and was not found in the comparison baseline.,Review the added epic in the sandbox Project file.,45
Info,AddedEpic,CORE-1028,CORE,Epic,Core platform epic 29,Total Story Points,,19,changed_cell,Epic is included in the planned sandbox and was not found in the comparison baseline.,Review the added epic in the sandbox Project file.,45
Info,AddedEpic,CORE-1028,CORE,Epic,Core platform epic 29,Completed Story Points,,5,changed_cell,Epic is included in the planned sandbox and was not found in the comparison baseline.,Review the added epic in the sandbox Project file.,45
Info,AddedEpic,CORE-1028,CORE,Epic,Core platform epic 29,Jira Target Start,,2026-02-23,changed_cell,Epic is included in the planned sandbox and was not found in the comparison baseline.,Review the added epic in the sandbox Project file.,45
Info,AddedEpic,CORE-1028,CORE,Epic,Core platform epic 29,Jira Target End,,2026-04-13,changed_cell,Epic is included in the planned sandbox and was not found in the comparison baseline.,Review the added epic in the sandbox Project file.,45
Info,AddedEpic,CORE-1029,CORE,Epic,Core platform epic 30,Name,,Core platform epic 30,changed_cell,Epic is included in the planned sandbox and was not found in the comparison baseline.,Review the added epic in the sandbox Project file.,46
Info,AddedEpic,CORE-1029,CORE,Epic,Core platform epic 30,Rollup Key,,INIT-200,changed_cell,Epic is included in the planned sandbox and was not found in the comparison baseline.,Review the added epic in the sandbox Project file.,46
Info,AddedEpic,CORE-1029,CORE,Epic,Core platform epic 30,Resource Group,,Core Product Engineering,changed_cell,Epic is included in the planned sandbox and was not found in the comparison baseline.,Review the added epic in the sandbox Project file.,46
Info,AddedEpic,CORE-1029,CORE,Epic,Core platform epic 30,% Complete,,20,changed_cell,Epic is included in the planned sandbox and was not found in the comparison baseline.,Review the added epic in the sandbox Project file.,46
Info,AddedEpic,CORE-1029,CORE,Epic,Core platform epic 30,Total Story Points,,20,changed_cell,Epic is included in the planned sandbox and was not found in the comparison baseline.,Review the added epic in the sandbox Project file.,46
Info,AddedEpic,CORE-1029,CORE,Epic,Core platform epic 30,Completed Story Points,,4,changed_cell,Epic is included in the planned sandbox and was not found in the comparison baseline.,Review the added epic in the sandbox Project file.,46
Info,AddedEpic,CORE-1029,CORE,Epic,Core platform epic 30,Jira Target Start,,2026-03-02,changed_cell,Epic is included in the planned sandbox and was not found in the comparison baseline.,Review the added epic in the sandbox Project file.,46
Info,AddedEpic,CORE-1029,CORE,Epic,Core platform epic 30,Jira Target End,,2026-04-27,changed_cell,Epic is included in the planned sandbox and was not found in the comparison baseline.,Review the added epic in the sandbox Project file.,46
Info,AddedEpic,CORE-1030,CORE,Epic,Core platform epic 31,Name,,Core platform epic 31,changed_cell,Epic is included in the planned sandbox and was not found in the comparison baseline.,Review the added epic in the sandbox Project file.,47
Info,AddedEpic,CORE-1030,CORE,Epic,Core platform epic 31,Rollup Key,,INIT-700,changed_cell,Epic is included in the planned sandbox and was not found in the comparison baseline.,Review the added epic in the sandbox Project file.,47
Info,AddedEpic,CORE-1030,CORE,Epic,Core platform epic 31,Resource Group,,Core Product Engineering,changed_cell,Epic is included in the planned sandbox and was not found in the comparison baseline.,Review the added epic in the sandbox Project file.,47
Info,AddedEpic,CORE-1030,CORE,Epic,Core platform epic 31,% Complete,,21,changed_cell,Epic is included in the planned sandbox and was not found in the comparison baseline.,Review the added epic in the sandbox Project file.,47
Info,AddedEpic,CORE-1030,CORE,Epic,Core platform epic 31,Total Story Points,,19,changed_cell,Epic is included in the planned sandbox and was not found in the comparison baseline.,Review the added epic in the sandbox Project file.,47
Info,AddedEpic,CORE-1030,CORE,Epic,Core platform epic 31,Completed Story Points,,4,changed_cell,Epic is included in the planned sandbox and was not found in the comparison baseline.,Review the added epic in the sandbox Project file.,47
Info,AddedEpic,CORE-1030,CORE,Epic,Core platform epic 31,Jira Target Start,,2026-03-09,changed_cell,Epic is included in the planned sandbox and was not found in the comparison baseline.,Review the added epic in the sandbox Project file.,47
Info,AddedEpic,CORE-1030,CORE,Epic,Core platform epic 31,Jira Target End,,2026-04-06,changed_cell,Epic is included in the planned sandbox and was not found in the comparison baseline.,Review the added epic in the sandbox Project file.,47
Info,AddedEpic,CORE-1031,CORE,Epic,Core platform epic 32,Name,,Core platform epic 32,changed_cell,Epic is included in the planned sandbox and was not found in the comparison baseline.,Review the added epic in the sandbox Project file.,48
Info,AddedEpic,CORE-1031,CORE,Epic,Core platform epic 32,Rollup Key,,INIT-800,changed_cell,Epic is included in the planned sandbox and was not found in the comparison baseline.,Review the added epic in the sandbox Project file.,48
Info,AddedEpic,CORE-1031,CORE,Epic,Core platform epic 32,Resource Group,,Core Product Engineering,changed_cell,Epic is included in the planned sandbox and was not found in the comparison baseline.,Review the added epic in the sandbox Project file.,48
Info,AddedEpic,CORE-1031,CORE,Epic,Core platform epic 32,% Complete,,48,changed_cell,Epic is included in the planned sandbox and was not found in the comparison baseline.,Review the added epic in the sandbox Project file.,48
Info,AddedEpic,CORE-1031,CORE,Epic,Core platform epic 32,Total Story Points,,21,changed_cell,Epic is included in the planned sandbox and was not found in the comparison baseline.,Review the added epic in the sandbox Project file.,48
Info,AddedEpic,CORE-1031,CORE,Epic,Core platform epic 32,Completed Story Points,,10,changed_cell,Epic is included in the planned sandbox and was not found in the comparison baseline.,Review the added epic in the sandbox Project file.,48
Info,AddedEpic,CORE-1031,CORE,Epic,Core platform epic 32,Jira Target Start,,2026-03-16,changed_cell,Epic is included in the planned sandbox and was not found in the comparison baseline.,Review the added epic in the sandbox Project file.,48
Info,AddedEpic,CORE-1031,CORE,Epic,Core platform epic 32,Jira Target End,,2026-04-20,changed_cell,Epic is included in the planned sandbox and was not found in the comparison baseline.,Review the added epic in the sandbox Project file.,48
Info,AddedEpic,CORE-1032,CORE,Epic,Core platform epic 33,Name,,Core platform epic 33,changed_cell,Epic is included in the planned sandbox and was not found in the comparison baseline.,Review the added epic in the sandbox Project file.,49
Info,AddedEpic,CORE-1032,CORE,Epic,Core platform epic 33,Rollup Key,,INIT-100,changed_cell,Epic is included in the planned sandbox and was not found in the comparison baseline.,Review the added epic in the sandbox Project file.,49
Info,AddedEpic,CORE-1032,CORE,Epic,Core platform epic 33,Resource Group,,Core Product Engineering,changed_cell,Epic is included in the planned sandbox and was not found in the comparison baseline.,Review the added epic in the sandbox Project file.,49
Info,AddedEpic,CORE-1032,CORE,Epic,Core platform epic 33,% Complete,,32,changed_cell,Epic is included in the planned sandbox and was not found in the comparison baseline.,Review the added epic in the sandbox Project file.,49
Info,AddedEpic,CORE-1032,CORE,Epic,Core platform epic 33,Total Story Points,,19,changed_cell,Epic is included in the planned sandbox and was not found in the comparison baseline.,Review the added epic in the sandbox Project file.,49
Info,AddedEpic,CORE-1032,CORE,Epic,Core platform epic 33,Completed Story Points,,6,changed_cell,Epic is included in the planned sandbox and was not found in the comparison baseline.,Review the added epic in the sandbox Project file.,49
Info,AddedEpic,CORE-1032,CORE,Epic,Core platform epic 33,Jira Target Start,,2026-03-23,changed_cell,Epic is included in the planned sandbox and was not found in the comparison baseline.,Review the added epic in the sandbox Project file.,49
Info,AddedEpic,CORE-1032,CORE,Epic,Core platform epic 33,Jira Target End,,2026-05-04,changed_cell,Epic is included in the planned sandbox and was not found in the comparison baseline.,Review the added epic in the sandbox Project file.,49
Info,AddedEpic,CORE-1033,CORE,Epic,Core platform epic 34,Name,,Core platform epic 34,changed_cell,Epic is included in the planned sandbox and was not found in the comparison baseline.,Review the added epic in the sandbox Project file.,50
Info,AddedEpic,CORE-1033,CORE,Epic,Core platform epic 34,Rollup Key,,INIT-200,changed_cell,Epic is included in the planned sandbox and was not found in the comparison baseline.,Review the added epic in the sandbox Project file.,50
Info,AddedEpic,CORE-1033,CORE,Epic,Core platform epic 34,Resource Group,,Core Product Engineering,changed_cell,Epic is included in the planned sandbox and was not found in the comparison baseline.,Review the added epic in the sandbox Project file.,50
Info,AddedEpic,CORE-1033,CORE,Epic,Core platform epic 34,% Complete,,41,changed_cell,Epic is included in the planned sandbox and was not found in the comparison baseline.,Review the added epic in the sandbox Project file.,50
Info,AddedEpic,CORE-1033,CORE,Epic,Core platform epic 34,Total Story Points,,27,changed_cell,Epic is included in the planned sandbox and was not found in the comparison baseline.,Review the added epic in the sandbox Project file.,50
Info,AddedEpic,CORE-1033,CORE,Epic,Core platform epic 34,Completed Story Points,,11,changed_cell,Epic is included in the planned sandbox and was not found in the comparison baseline.,Review the added epic in the sandbox Project file.,50
Info,AddedEpic,CORE-1033,CORE,Epic,Core platform epic 34,Jira Target Start,,2026-03-30,changed_cell,Epic is included in the planned sandbox and was not found in the comparison baseline.,Review the added epic in the sandbox Project file.,50
Info,AddedEpic,CORE-1033,CORE,Epic,Core platform epic 34,Jira Target End,,2026-05-18,changed_cell,Epic is included in the planned sandbox and was not found in the comparison baseline.,Review the added epic in the sandbox Project file.,50
Info,AddedEpic,CORE-1034,CORE,Epic,Core platform epic 35,Name,,Core platform epic 35,changed_cell,Epic is included in the planned sandbox and was not found in the comparison baseline.,Review the added epic in the sandbox Project file.,51
Info,AddedEpic,CORE-1034,CORE,Epic,Core platform epic 35,Rollup Key,,INIT-700,changed_cell,Epic is included in the planned sandbox and was not found in the comparison baseline.,Review the added epic in the sandbox Project file.,51
Info,AddedEpic,CORE-1034,CORE,Epic,Core platform epic 35,Resource Group,,Core Product Engineering,changed_cell,Epic is included in the planned sandbox and was not found in the comparison baseline.,Review the added epic in the sandbox Project file.,51
Info,AddedEpic,CORE-1034,CORE,Epic,Core platform epic 35,% Complete,,37,changed_cell,Epic is included in the planned sandbox and was not found in the comparison baseline.,Review the added epic in the sandbox Project file.,51
Info,AddedEpic,CORE-1034,CORE,Epic,Core platform epic 35,Total Story Points,,19,changed_cell,Epic is included in the planned sandbox and was not found in the comparison baseline.,Review the added epic in the sandbox Project file.,51
Info,AddedEpic,CORE-1034,CORE,Epic,Core platform epic 35,Completed Story Points,,7,changed_cell,Epic is included in the planned sandbox and was not found in the comparison baseline.,Review the added epic in the sandbox Project file.,51
Info,AddedEpic,CORE-1034,CORE,Epic,Core platform epic 35,Jira Target Start,,2026-04-06,changed_cell,Epic is included in the planned sandbox and was not found in the comparison baseline.,Review the added epic in the sandbox Project file.,51
Info,AddedEpic,CORE-1034,CORE,Epic,Core platform epic 35,Jira Target End,,2026-06-01,changed_cell,Epic is included in the planned sandbox and was not found in the comparison baseline.,Review the added epic in the sandbox Project file.,51
Info,AddedEpic,CORE-1035,CORE,Epic,Core platform epic 36,Name,,Core platform epic 36,changed_cell,Epic is included in the planned sandbox and was not found in the comparison baseline.,Review the added epic in the sandbox Project file.,52
Info,AddedEpic,CORE-1035,CORE,Epic,Core platform epic 36,Rollup Key,,INIT-800,changed_cell,Epic is included in the planned sandbox and was not found in the comparison baseline.,Review the added epic in the sandbox Project file.,52
Info,AddedEpic,CORE-1035,CORE,Epic,Core platform epic 36,Resource Group,,Core Product Engineering,changed_cell,Epic is included in the planned sandbox and was not found in the comparison baseline.,Review the added epic in the sandbox Project file.,52
Info,AddedEpic,CORE-1035,CORE,Epic,Core platform epic 36,% Complete,,18,changed_cell,Epic is included in the planned sandbox and was not found in the comparison baseline.,Review the added epic in the sandbox Project file.,52
Info,AddedEpic,CORE-1035,CORE,Epic,Core platform epic 36,Total Story Points,,22,changed_cell,Epic is included in the planned sandbox and was not found in the comparison baseline.,Review the added epic in the sandbox Project file.,52
Info,AddedEpic,CORE-1035,CORE,Epic,Core platform epic 36,Completed Story Points,,4,changed_cell,Epic is included in the planned sandbox and was not found in the comparison baseline.,Review the added epic in the sandbox Project file.,52
Info,AddedEpic,CORE-1035,CORE,Epic,Core platform epic 36,Jira Target Start,,2026-04-13,changed_cell,Epic is included in the planned sandbox and was not found in the comparison baseline.,Review the added epic in the sandbox Project file.,52
Info,AddedEpic,CORE-1035,CORE,Epic,Core platform epic 36,Jira Target End,,2026-05-11,changed_cell,Epic is included in the planned sandbox and was not found in the comparison baseline.,Review the added epic in the sandbox Project file.,52
Info,AddedEpic,CORE-1036,CORE,Epic,Core platform epic 37,Name,,Core platform epic 37,changed_cell,Epic is included in the planned sandbox and was not found in the comparison baseline.,Review the added epic in the sandbox Project file.,53
Info,AddedEpic,CORE-1036,CORE,Epic,Core platform epic 37,Rollup Key,,INIT-100,changed_cell,Epic is included in the planned sandbox and was not found in the comparison baseline.,Review the added epic in the sandbox Project file.,53
Info,AddedEpic,CORE-1036,CORE,Epic,Core platform epic 37,Resource Group,,Core Product Engineering,changed_cell,Epic is included in the planned sandbox and was not found in the comparison baseline.,Review the added epic in the sandbox Project file.,53
Info,AddedEpic,CORE-1036,CORE,Epic,Core platform epic 37,% Complete,,53,changed_cell,Epic is included in the planned sandbox and was not found in the comparison baseline.,Review the added epic in the sandbox Project file.,53
Info,AddedEpic,CORE-1036,CORE,Epic,Core platform epic 37,Total Story Points,,19,changed_cell,Epic is included in the planned sandbox and was not found in the comparison baseline.,Review the added epic in the sandbox Project file.,53
Info,AddedEpic,CORE-1036,CORE,Epic,Core platform epic 37,Completed Story Points,,10,changed_cell,Epic is included in the planned sandbox and was not found in the comparison baseline.,Review the added epic in the sandbox Project file.,53
Info,AddedEpic,CORE-1036,CORE,Epic,Core platform epic 37,Jira Target Start,,2026-04-20,changed_cell,Epic is included in the planned sandbox and was not found in the comparison baseline.,Review the added epic in the sandbox Project file.,53
Info,AddedEpic,CORE-1036,CORE,Epic,Core platform epic 37,Jira Target End,,2026-05-25,changed_cell,Epic is included in the planned sandbox and was not found in the comparison baseline.,Review the added epic in the sandbox Project file.,53
Info,AddedEpic,CORE-1037,CORE,Epic,Core platform epic 38,Name,,Core platform epic 38,changed_cell,Epic is included in the planned sandbox and was not found in the comparison baseline.,Review the added epic in the sandbox Project file.,54
Info,AddedEpic,CORE-1037,CORE,Epic,Core platform epic 38,Rollup Key,,INIT-200,changed_cell,Epic is included in the planned sandbox and was not found in the comparison baseline.,Review the added epic in the sandbox Project file.,54
Info,AddedEpic,CORE-1037,CORE,Epic,Core platform epic 38,Resource Group,,Core Product Engineering,changed_cell,Epic is included in the planned sandbox and was not found in the comparison baseline.,Review the added epic in the sandbox Project file.,54
Info,AddedEpic,CORE-1037,CORE,Epic,Core platform epic 38,% Complete,,30,changed_cell,Epic is included in the planned sandbox and was not found in the comparison baseline.,Review the added epic in the sandbox Project file.,54
Info,AddedEpic,CORE-1037,CORE,Epic,Core platform epic 38,Total Story Points,,20,changed_cell,Epic is included in the planned sandbox and was not found in the comparison baseline.,Review the added epic in the sandbox Project file.,54
Info,AddedEpic,CORE-1037,CORE,Epic,Core platform epic 38,Completed Story Points,,6,changed_cell,Epic is included in the planned sandbox and was not found in the comparison baseline.,Review the added epic in the sandbox Project file.,54
Info,AddedEpic,CORE-1037,CORE,Epic,Core platform epic 38,Jira Target Start,,2026-04-27,changed_cell,Epic is included in the planned sandbox and was not found in the comparison baseline.,Review the added epic in the sandbox Project file.,54
Info,AddedEpic,CORE-1037,CORE,Epic,Core platform epic 38,Jira Target End,,2026-06-08,changed_cell,Epic is included in the planned sandbox and was not found in the comparison baseline.,Review the added epic in the sandbox Project file.,54
Info,AddedEpic,CORE-1038,CORE,Epic,Core platform epic 39,Name,,Core platform epic 39,changed_cell,Epic is included in the planned sandbox and was not found in the comparison baseline.,Review the added epic in the sandbox Project file.,55
Info,AddedEpic,CORE-1038,CORE,Epic,Core platform epic 39,Rollup Key,,INIT-700,changed_cell,Epic is included in the planned sandbox and was not found in the comparison baseline.,Review the added epic in the sandbox Project file.,55
Info,AddedEpic,CORE-1038,CORE,Epic,Core platform epic 39,Resource Group,,Core Product Engineering,changed_cell,Epic is included in the planned sandbox and was not found in the comparison baseline.,Review the added epic in the sandbox Project file.,55
Info,AddedEpic,CORE-1038,CORE,Epic,Core platform epic 39,% Complete,,58,changed_cell,Epic is included in the planned sandbox and was not found in the comparison baseline.,Review the added epic in the sandbox Project file.,55
Info,AddedEpic,CORE-1038,CORE,Epic,Core platform epic 39,Total Story Points,,19,changed_cell,Epic is included in the planned sandbox and was not found in the comparison baseline.,Review the added epic in the sandbox Project file.,55
Info,AddedEpic,CORE-1038,CORE,Epic,Core platform epic 39,Completed Story Points,,11,changed_cell,Epic is included in the planned sandbox and was not found in the comparison baseline.,Review the added epic in the sandbox Project file.,55
Info,AddedEpic,CORE-1038,CORE,Epic,Core platform epic 39,Jira Target Start,,2026-05-04,changed_cell,Epic is included in the planned sandbox and was not found in the comparison baseline.,Review the added epic in the sandbox Project file.,55
Info,AddedEpic,CORE-1038,CORE,Epic,Core platform epic 39,Jira Target End,,2026-06-22,changed_cell,Epic is included in the planned sandbox and was not found in the comparison baseline.,Review the added epic in the sandbox Project file.,55
Info,AddedEpic,CORE-1039,CORE,Epic,Core platform epic 40,Name,,Core platform epic 40,changed_cell,Epic is included in the planned sandbox and was not found in the comparison baseline.,Review the added epic in the sandbox Project file.,56
Info,AddedEpic,CORE-1039,CORE,Epic,Core platform epic 40,Rollup Key,,INIT-800,changed_cell,Epic is included in the planned sandbox and was not found in the comparison baseline.,Review the added epic in the sandbox Project file.,56
Info,AddedEpic,CORE-1039,CORE,Epic,Core platform epic 40,Resource Group,,Core Product Engineering,changed_cell,Epic is included in the planned sandbox and was not found in the comparison baseline.,Review the added epic in the sandbox Project file.,56
Info,AddedEpic,CORE-1039,CORE,Epic,Core platform epic 40,% Complete,,29,changed_cell,Epic is included in the planned sandbox and was not found in the comparison baseline.,Review the added epic in the sandbox Project file.,56
Info,AddedEpic,CORE-1039,CORE,Epic,Core platform epic 40,Total Story Points,,24,changed_cell,Epic is included in the planned sandbox and was not found in the comparison baseline.,Review the added epic in the sandbox Project file.,56
Info,AddedEpic,CORE-1039,CORE,Epic,Core platform epic 40,Completed Story Points,,7,changed_cell,Epic is included in the planned sandbox and was not found in the comparison baseline.,Review the added epic in the sandbox Project file.,56
Info,AddedEpic,CORE-1039,CORE,Epic,Core platform epic 40,Jira Target Start,,2026-05-11,changed_cell,Epic is included in the planned sandbox and was not found in the comparison baseline.,Review the added epic in the sandbox Project file.,56
Info,AddedEpic,CORE-1039,CORE,Epic,Core platform epic 40,Jira Target End,,2026-07-06,changed_cell,Epic is included in the planned sandbox and was not found in the comparison baseline.,Review the added epic in the sandbox Project file.,56
Info,AddedEpic,CORE-1040,CORE,Epic,Core platform epic 41,Name,,Core platform epic 41,changed_cell,Epic is included in the planned sandbox and was not found in the comparison baseline.,Review the added epic in the sandbox Project file.,57
Info,AddedEpic,CORE-1040,CORE,Epic,Core platform epic 41,Rollup Key,,INIT-100,changed_cell,Epic is included in the planned sandbox and was not found in the comparison baseline.,Review the added epic in the sandbox Project file.,57
Info,AddedEpic,CORE-1040,CORE,Epic,Core platform epic 41,Resource Group,,Core Product Engineering,changed_cell,Epic is included in the planned sandbox and was not found in the comparison baseline.,Review the added epic in the sandbox Project file.,57
Info,AddedEpic,CORE-1040,CORE,Epic,Core platform epic 41,% Complete,,53,changed_cell,Epic is included in the planned sandbox and was not found in the comparison baseline.,Review the added epic in the sandbox Project file.,57
Info,AddedEpic,CORE-1040,CORE,Epic,Core platform epic 41,Total Story Points,,19,changed_cell,Epic is included in the planned sandbox and was not found in the comparison baseline.,Review the added epic in the sandbox Project file.,57
Info,AddedEpic,CORE-1040,CORE,Epic,Core platform epic 41,Completed Story Points,,10,changed_cell,Epic is included in the planned sandbox and was not found in the comparison baseline.,Review the added epic in the sandbox Project file.,57
Info,AddedEpic,CORE-1040,CORE,Epic,Core platform epic 41,Jira Target Start,,2026-05-18,changed_cell,Epic is included in the planned sandbox and was not found in the comparison baseline.,Review the added epic in the sandbox Project file.,57
Info,AddedEpic,CORE-1040,CORE,Epic,Core platform epic 41,Jira Target End,,2026-06-15,changed_cell,Epic is included in the planned sandbox and was not found in the comparison baseline.,Review the added epic in the sandbox Project file.,57
Info,AddedEpic,CORE-1041,CORE,Epic,Core platform epic 42,Name,,Core platform epic 42,changed_cell,Epic is included in the planned sandbox and was not found in the comparison baseline.,Review the added epic in the sandbox Project file.,58
Info,AddedEpic,CORE-1041,CORE,Epic,Core platform epic 42,Rollup Key,,INIT-200,changed_cell,Epic is included in the planned sandbox and was not found in the comparison baseline.,Review the added epic in the sandbox Project file.,58
Info,AddedEpic,CORE-1041,CORE,Epic,Core platform epic 42,Resource Group,,Core Product Engineering,changed_cell,Epic is included in the planned sandbox and was not found in the comparison baseline.,Review the added epic in the sandbox Project file.,58
Info,AddedEpic,CORE-1041,CORE,Epic,Core platform epic 42,% Complete,,22,changed_cell,Epic is included in the planned sandbox and was not found in the comparison baseline.,Review the added epic in the sandbox Project file.,58
Info,AddedEpic,CORE-1041,CORE,Epic,Core platform epic 42,Total Story Points,,27,changed_cell,Epic is included in the planned sandbox and was not found in the comparison baseline.,Review the added epic in the sandbox Project file.,58
Info,AddedEpic,CORE-1041,CORE,Epic,Core platform epic 42,Completed Story Points,,6,changed_cell,Epic is included in the planned sandbox and was not found in the comparison baseline.,Review the added epic in the sandbox Project file.,58
Info,AddedEpic,CORE-1041,CORE,Epic,Core platform epic 42,Jira Target Start,,2026-05-25,changed_cell,Epic is included in the planned sandbox and was not found in the comparison baseline.,Review the added epic in the sandbox Project file.,58
Info,AddedEpic,CORE-1041,CORE,Epic,Core platform epic 42,Jira Target End,,2026-06-29,changed_cell,Epic is included in the planned sandbox and was not found in the comparison baseline.,Review the added epic in the sandbox Project file.,58
Info,AddedEpic,CORE-1042,CORE,Epic,Core platform epic 43,Name,,Core platform epic 43,changed_cell,Epic is included in the planned sandbox and was not found in the comparison baseline.,Review the added epic in the sandbox Project file.,59
Info,AddedEpic,CORE-1042,CORE,Epic,Core platform epic 43,Rollup Key,,INIT-700,changed_cell,Epic is included in the planned sandbox and was not found in the comparison baseline.,Review the added epic in the sandbox Project file.,59
Info,AddedEpic,CORE-1042,CORE,Epic,Core platform epic 43,Resource Group,,Core Product Engineering,changed_cell,Epic is included in the planned sandbox and was not found in the comparison baseline.,Review the added epic in the sandbox Project file.,59
Info,AddedEpic,CORE-1042,CORE,Epic,Core platform epic 43,% Complete,,58,changed_cell,Epic is included in the planned sandbox and was not found in the comparison baseline.,Review the added epic in the sandbox Project file.,59
Info,AddedEpic,CORE-1042,CORE,Epic,Core platform epic 43,Total Story Points,,19,changed_cell,Epic is included in the planned sandbox and was not found in the comparison baseline.,Review the added epic in the sandbox Project file.,59
Info,AddedEpic,CORE-1042,CORE,Epic,Core platform epic 43,Completed Story Points,,11,changed_cell,Epic is included in the planned sandbox and was not found in the comparison baseline.,Review the added epic in the sandbox Project file.,59
Info,AddedEpic,CORE-1042,CORE,Epic,Core platform epic 43,Jira Target Start,,2026-06-01,changed_cell,Epic is included in the planned sandbox and was not found in the comparison baseline.,Review the added epic in the sandbox Project file.,59
Info,AddedEpic,CORE-1042,CORE,Epic,Core platform epic 43,Jira Target End,,2026-07-13,changed_cell,Epic is included in the planned sandbox and was not found in the comparison baseline.,Review the added epic in the sandbox Project file.,59
Info,AddedEpic,CORE-1043,CORE,Epic,Core platform epic 44,Name,,Core platform epic 44,changed_cell,Epic is included in the planned sandbox and was not found in the comparison baseline.,Review the added epic in the sandbox Project file.,60
Info,AddedEpic,CORE-1043,CORE,Epic,Core platform epic 44,Rollup Key,,INIT-800,changed_cell,Epic is included in the planned sandbox and was not found in the comparison baseline.,Review the added epic in the sandbox Project file.,60
Info,AddedEpic,CORE-1043,CORE,Epic,Core platform epic 44,Resource Group,,Core Product Engineering,changed_cell,Epic is included in the planned sandbox and was not found in the comparison baseline.,Review the added epic in the sandbox Project file.,60
Info,AddedEpic,CORE-1043,CORE,Epic,Core platform epic 44,% Complete,,32,changed_cell,Epic is included in the planned sandbox and was not found in the comparison baseline.,Review the added epic in the sandbox Project file.,60
Info,AddedEpic,CORE-1043,CORE,Epic,Core platform epic 44,Total Story Points,,22,changed_cell,Epic is included in the planned sandbox and was not found in the comparison baseline.,Review the added epic in the sandbox Project file.,60
Info,AddedEpic,CORE-1043,CORE,Epic,Core platform epic 44,Completed Story Points,,7,changed_cell,Epic is included in the planned sandbox and was not found in the comparison baseline.,Review the added epic in the sandbox Project file.,60
Info,AddedEpic,CORE-1043,CORE,Epic,Core platform epic 44,Jira Target Start,,2026-06-08,changed_cell,Epic is included in the planned sandbox and was not found in the comparison baseline.,Review the added epic in the sandbox Project file.,60
Info,AddedEpic,CORE-1043,CORE,Epic,Core platform epic 44,Jira Target End,,2026-07-27,changed_cell,Epic is included in the planned sandbox and was not found in the comparison baseline.,Review the added epic in the sandbox Project file.,60
Info,AddedEpic,CORE-1044,CORE,Epic,Core platform epic 45,Name,,Core platform epic 45,changed_cell,Epic is included in the planned sandbox and was not found in the comparison baseline.,Review the added epic in the sandbox Project file.,61
Info,AddedEpic,CORE-1044,CORE,Epic,Core platform epic 45,Rollup Key,,INIT-100,changed_cell,Epic is included in the planned sandbox and was not found in the comparison baseline.,Review the added epic in the sandbox Project file.,61
Info,AddedEpic,CORE-1044,CORE,Epic,Core platform epic 45,Resource Group,,Core Product Engineering,changed_cell,Epic is included in the planned sandbox and was not found in the comparison baseline.,Review the added epic in the sandbox Project file.,61
Info,AddedEpic,CORE-1044,CORE,Epic,Core platform epic 45,% Complete,,21,changed_cell,Epic is included in the planned sandbox and was not found in the comparison baseline.,Review the added epic in the sandbox Project file.,61
Info,AddedEpic,CORE-1044,CORE,Epic,Core platform epic 45,Total Story Points,,19,changed_cell,Epic is included in the planned sandbox and was not found in the comparison baseline.,Review the added epic in the sandbox Project file.,61
Info,AddedEpic,CORE-1044,CORE,Epic,Core platform epic 45,Completed Story Points,,4,changed_cell,Epic is included in the planned sandbox and was not found in the comparison baseline.,Review the added epic in the sandbox Project file.,61
Info,AddedEpic,CORE-1044,CORE,Epic,Core platform epic 45,Jira Target Start,,2026-06-15,changed_cell,Epic is included in the planned sandbox and was not found in the comparison baseline.,Review the added epic in the sandbox Project file.,61
Info,AddedEpic,CORE-1044,CORE,Epic,Core platform epic 45,Jira Target End,,2026-08-10,changed_cell,Epic is included in the planned sandbox and was not found in the comparison baseline.,Review the added epic in the sandbox Project file.,61
Info,AddedEpic,CORE-1045,CORE,Epic,Core platform epic 46,Name,,Core platform epic 46,changed_cell,Epic is included in the planned sandbox and was not found in the comparison baseline.,Review the added epic in the sandbox Project file.,62
Info,AddedEpic,CORE-1045,CORE,Epic,Core platform epic 46,Rollup Key,,INIT-200,changed_cell,Epic is included in the planned sandbox and was not found in the comparison baseline.,Review the added epic in the sandbox Project file.,62
Info,AddedEpic,CORE-1045,CORE,Epic,Core platform epic 46,Resource Group,,Core Product Engineering,changed_cell,Epic is included in the planned sandbox and was not found in the comparison baseline.,Review the added epic in the sandbox Project file.,62
Info,AddedEpic,CORE-1045,CORE,Epic,Core platform epic 46,% Complete,,50,changed_cell,Epic is included in the planned sandbox and was not found in the comparison baseline.,Review the added epic in the sandbox Project file.,62
Info,AddedEpic,CORE-1045,CORE,Epic,Core platform epic 46,Total Story Points,,20,changed_cell,Epic is included in the planned sandbox and was not found in the comparison baseline.,Review the added epic in the sandbox Project file.,62
Info,AddedEpic,CORE-1045,CORE,Epic,Core platform epic 46,Completed Story Points,,10,changed_cell,Epic is included in the planned sandbox and was not found in the comparison baseline.,Review the added epic in the sandbox Project file.,62
Info,AddedEpic,CORE-1045,CORE,Epic,Core platform epic 46,Jira Target Start,,2026-06-22,changed_cell,Epic is included in the planned sandbox and was not found in the comparison baseline.,Review the added epic in the sandbox Project file.,62
Info,AddedEpic,CORE-1045,CORE,Epic,Core platform epic 46,Jira Target End,,2026-07-20,changed_cell,Epic is included in the planned sandbox and was not found in the comparison baseline.,Review the added epic in the sandbox Project file.,62
Info,AddedEpic,CORE-1046,CORE,Epic,Core platform epic 47,Name,,Core platform epic 47,changed_cell,Epic is included in the planned sandbox and was not found in the comparison baseline.,Review the added epic in the sandbox Project file.,63
Info,AddedEpic,CORE-1046,CORE,Epic,Core platform epic 47,Rollup Key,,INIT-700,changed_cell,Epic is included in the planned sandbox and was not found in the comparison baseline.,Review the added epic in the sandbox Project file.,63
Info,AddedEpic,CORE-1046,CORE,Epic,Core platform epic 47,Resource Group,,Core Product Engineering,changed_cell,Epic is included in the planned sandbox and was not found in the comparison baseline.,Review the added epic in the sandbox Project file.,63
Info,AddedEpic,CORE-1046,CORE,Epic,Core platform epic 47,% Complete,,32,changed_cell,Epic is included in the planned sandbox and was not found in the comparison baseline.,Review the added epic in the sandbox Project file.,63
Info,AddedEpic,CORE-1046,CORE,Epic,Core platform epic 47,Total Story Points,,19,changed_cell,Epic is included in the planned sandbox and was not found in the comparison baseline.,Review the added epic in the sandbox Project file.,63
Info,AddedEpic,CORE-1046,CORE,Epic,Core platform epic 47,Completed Story Points,,6,changed_cell,Epic is included in the planned sandbox and was not found in the comparison baseline.,Review the added epic in the sandbox Project file.,63
Info,AddedEpic,CORE-1046,CORE,Epic,Core platform epic 47,Jira Target Start,,2026-06-29,changed_cell,Epic is included in the planned sandbox and was not found in the comparison baseline.,Review the added epic in the sandbox Project file.,63
Info,AddedEpic,CORE-1046,CORE,Epic,Core platform epic 47,Jira Target End,,2026-08-03,changed_cell,Epic is included in the planned sandbox and was not found in the comparison baseline.,Review the added epic in the sandbox Project file.,63
Info,AddedEpic,CORE-1047,CORE,Epic,Core platform epic 48,Name,,Core platform epic 48,changed_cell,Epic is included in the planned sandbox and was not found in the comparison baseline.,Review the added epic in the sandbox Project file.,64
Info,AddedEpic,CORE-1047,CORE,Epic,Core platform epic 48,Rollup Key,,INIT-800,changed_cell,Epic is included in the planned sandbox and was not found in the comparison baseline.,Review the added epic in the sandbox Project file.,64
Info,AddedEpic,CORE-1047,CORE,Epic,Core platform epic 48,Resource Group,,Core Product Engineering,changed_cell,Epic is included in the planned sandbox and was not found in the comparison baseline.,Review the added epic in the sandbox Project file.,64
Info,AddedEpic,CORE-1047,CORE,Epic,Core platform epic 48,% Complete,,46,changed_cell,Epic is included in the planned sandbox and was not found in the comparison baseline.,Review the added epic in the sandbox Project file.,64
Info,AddedEpic,CORE-1047,CORE,Epic,Core platform epic 48,Total Story Points,,24,changed_cell,Epic is included in the planned sandbox and was not found in the comparison baseline.,Review the added epic in the sandbox Project file.,64
Info,AddedEpic,CORE-1047,CORE,Epic,Core platform epic 48,Completed Story Points,,11,changed_cell,Epic is included in the planned sandbox and was not found in the comparison baseline.,Review the added epic in the sandbox Project file.,64
Info,AddedEpic,CORE-1047,CORE,Epic,Core platform epic 48,Jira Target Start,,2026-07-06,changed_cell,Epic is included in the planned sandbox and was not found in the comparison baseline.,Review the added epic in the sandbox Project file.,64
Info,AddedEpic,CORE-1047,CORE,Epic,Core platform epic 48,Jira Target End,,2026-08-17,changed_cell,Epic is included in the planned sandbox and was not found in the comparison baseline.,Review the added epic in the sandbox Project file.,64
Info,AddedEpic,CORE-1048,CORE,Epic,Core platform baseline-only unmatched Project task,Name,,Core platform baseline-only unmatched Project task,changed_cell,Epic is included in the planned sandbox and was not found in the comparison baseline.,Review the added epic in the sandbox Project file.,65
Info,AddedEpic,CORE-1048,CORE,Epic,Core platform baseline-only unmatched Project task,Rollup Key,,INIT-100,changed_cell,Epic is included in the planned sandbox and was not found in the comparison baseline.,Review the added epic in the sandbox Project file.,65
Info,AddedEpic,CORE-1048,CORE,Epic,Core platform baseline-only unmatched Project task,Resource Group,,Core Product Engineering,changed_cell,Epic is included in the planned sandbox and was not found in the comparison baseline.,Review the added epic in the sandbox Project file.,65
Info,AddedEpic,CORE-1048,CORE,Epic,Core platform baseline-only unmatched Project task,% Complete,,37,changed_cell,Epic is included in the planned sandbox and was not found in the comparison baseline.,Review the added epic in the sandbox Project file.,65
Info,AddedEpic,CORE-1048,CORE,Epic,Core platform baseline-only unmatched Project task,Total Story Points,,19,changed_cell,Epic is included in the planned sandbox and was not found in the comparison baseline.,Review the added epic in the sandbox Project file.,65
Info,AddedEpic,CORE-1048,CORE,Epic,Core platform baseline-only unmatched Project task,Completed Story Points,,7,changed_cell,Epic is included in the planned sandbox and was not found in the comparison baseline.,Review the added epic in the sandbox Project file.,65
Info,AddedEpic,CORE-1048,CORE,Epic,Core platform baseline-only unmatched Project task,Jira Target Start,,2026-07-13,changed_cell,Epic is included in the planned sandbox and was not found in the comparison baseline.,Review the added epic in the sandbox Project file.,65
Info,AddedEpic,CORE-1048,CORE,Epic,Core platform baseline-only unmatched Project task,Jira Target End,,2026-08-31,changed_cell,Epic is included in the planned sandbox and was not found in the comparison baseline.,Review the added epic in the sandbox Project file.,65
Info,AddedEpic,CORE-1049,CORE,Epic,Core platform yellow missing initiative rollup in updated CSV,Name,,Core platform yellow missing initiative rollup in updated CSV,changed_cell,Epic is included in the planned sandbox and was not found in the comparison baseline.,Review the added epic in the sandbox Project file.,66
Info,AddedEpic,CORE-1049,CORE,Epic,Core platform yellow missing initiative rollup in updated CSV,Rollup Key,,INIT-200,changed_cell,Epic is included in the planned sandbox and was not found in the comparison baseline.,Review the added epic in the sandbox Project file.,66
Info,AddedEpic,CORE-1049,CORE,Epic,Core platform yellow missing initiative rollup in updated CSV,Resource Group,,Core Product Engineering,changed_cell,Epic is included in the planned sandbox and was not found in the comparison baseline.,Review the added epic in the sandbox Project file.,66
Info,AddedEpic,CORE-1049,CORE,Epic,Core platform yellow missing initiative rollup in updated CSV,% Complete,,19,changed_cell,Epic is included in the planned sandbox and was not found in the comparison baseline.,Review the added epic in the sandbox Project file.,66
Info,AddedEpic,CORE-1049,CORE,Epic,Core platform yellow missing initiative rollup in updated CSV,Total Story Points,,21,changed_cell,Epic is included in the planned sandbox and was not found in the comparison baseline.,Review the added epic in the sandbox Project file.,66
Info,AddedEpic,CORE-1049,CORE,Epic,Core platform yellow missing initiative rollup in updated CSV,Completed Story Points,,4,changed_cell,Epic is included in the planned sandbox and was not found in the comparison baseline.,Review the added epic in the sandbox Project file.,66
Info,AddedEpic,CORE-1049,CORE,Epic,Core platform yellow missing initiative rollup in updated CSV,Jira Target Start,,2026-07-20,changed_cell,Epic is included in the planned sandbox and was not found in the comparison baseline.,Review the added epic in the sandbox Project file.,66
Info,AddedEpic,CORE-1049,CORE,Epic,Core platform yellow missing initiative rollup in updated CSV,Jira Target End,,2026-09-14,changed_cell,Epic is included in the planned sandbox and was not found in the comparison baseline.,Review the added epic in the sandbox Project file.,66
Info,AddedEpic,WEB-2000,WEB,Epic,Web experience epic 01,Name,,Web experience epic 01,changed_cell,Epic is included in the planned sandbox and was not found in the comparison baseline.,Review the added epic in the sandbox Project file.,67
Info,AddedEpic,WEB-2000,WEB,Epic,Web experience epic 01,Rollup Key,,INIT-500,changed_cell,Epic is included in the planned sandbox and was not found in the comparison baseline.,Review the added epic in the sandbox Project file.,67
Info,AddedEpic,WEB-2000,WEB,Epic,Web experience epic 01,Resource Group,,Web Experience,changed_cell,Epic is included in the planned sandbox and was not found in the comparison baseline.,Review the added epic in the sandbox Project file.,67
Info,AddedEpic,WEB-2000,WEB,Epic,Web experience epic 01,% Complete,,33,changed_cell,Epic is included in the planned sandbox and was not found in the comparison baseline.,Review the added epic in the sandbox Project file.,67
Info,AddedEpic,WEB-2000,WEB,Epic,Web experience epic 01,Total Story Points,,21,changed_cell,Epic is included in the planned sandbox and was not found in the comparison baseline.,Review the added epic in the sandbox Project file.,67
Info,AddedEpic,WEB-2000,WEB,Epic,Web experience epic 01,Completed Story Points,,7,changed_cell,Epic is included in the planned sandbox and was not found in the comparison baseline.,Review the added epic in the sandbox Project file.,67
Info,AddedEpic,WEB-2000,WEB,Epic,Web experience epic 01,Jira Target Start,,2026-07-27,changed_cell,Epic is included in the planned sandbox and was not found in the comparison baseline.,Review the added epic in the sandbox Project file.,67
Info,AddedEpic,WEB-2000,WEB,Epic,Web experience epic 01,Jira Target End,,2026-08-24,changed_cell,Epic is included in the planned sandbox and was not found in the comparison baseline.,Review the added epic in the sandbox Project file.,67
Info,AddedEpic,WEB-2001,WEB,Epic,Web experience epic 02,Name,,Web experience epic 02,changed_cell,Epic is included in the planned sandbox and was not found in the comparison baseline.,Review the added epic in the sandbox Project file.,68
Info,AddedEpic,WEB-2001,WEB,Epic,Web experience epic 02,Rollup Key,,INIT-100,changed_cell,Epic is included in the planned sandbox and was not found in the comparison baseline.,Review the added epic in the sandbox Project file.,68
Info,AddedEpic,WEB-2001,WEB,Epic,Web experience epic 02,Resource Group,,Web Experience,changed_cell,Epic is included in the planned sandbox and was not found in the comparison baseline.,Review the added epic in the sandbox Project file.,68
Info,AddedEpic,WEB-2001,WEB,Epic,Web experience epic 02,% Complete,,41,changed_cell,Epic is included in the planned sandbox and was not found in the comparison baseline.,Review the added epic in the sandbox Project file.,68
Info,AddedEpic,WEB-2001,WEB,Epic,Web experience epic 02,Total Story Points,,27,changed_cell,Epic is included in the planned sandbox and was not found in the comparison baseline.,Review the added epic in the sandbox Project file.,68
Info,AddedEpic,WEB-2001,WEB,Epic,Web experience epic 02,Completed Story Points,,11,changed_cell,Epic is included in the planned sandbox and was not found in the comparison baseline.,Review the added epic in the sandbox Project file.,68
Info,AddedEpic,WEB-2001,WEB,Epic,Web experience epic 02,Jira Target Start,,2026-08-03,changed_cell,Epic is included in the planned sandbox and was not found in the comparison baseline.,Review the added epic in the sandbox Project file.,68
Info,AddedEpic,WEB-2001,WEB,Epic,Web experience epic 02,Jira Target End,,2026-09-07,changed_cell,Epic is included in the planned sandbox and was not found in the comparison baseline.,Review the added epic in the sandbox Project file.,68
Info,AddedEpic,WEB-2002,WEB,Epic,Web experience epic 03,Name,,Web experience epic 03,changed_cell,Epic is included in the planned sandbox and was not found in the comparison baseline.,Review the added epic in the sandbox Project file.,69
Info,AddedEpic,WEB-2002,WEB,Epic,Web experience epic 03,Rollup Key,,INIT-1200,changed_cell,Epic is included in the planned sandbox and was not found in the comparison baseline.,Review the added epic in the sandbox Project file.,69
Info,AddedEpic,WEB-2002,WEB,Epic,Web experience epic 03,Resource Group,,Web Experience,changed_cell,Epic is included in the planned sandbox and was not found in the comparison baseline.,Review the added epic in the sandbox Project file.,69
Info,AddedEpic,WEB-2002,WEB,Epic,Web experience epic 03,% Complete,,32,changed_cell,Epic is included in the planned sandbox and was not found in the comparison baseline.,Review the added epic in the sandbox Project file.,69
Info,AddedEpic,WEB-2002,WEB,Epic,Web experience epic 03,Total Story Points,,22,changed_cell,Epic is included in the planned sandbox and was not found in the comparison baseline.,Review the added epic in the sandbox Project file.,69
Info,AddedEpic,WEB-2002,WEB,Epic,Web experience epic 03,Completed Story Points,,7,changed_cell,Epic is included in the planned sandbox and was not found in the comparison baseline.,Review the added epic in the sandbox Project file.,69
Info,AddedEpic,WEB-2002,WEB,Epic,Web experience epic 03,Jira Target Start,,2026-08-10,changed_cell,Epic is included in the planned sandbox and was not found in the comparison baseline.,Review the added epic in the sandbox Project file.,69
Info,AddedEpic,WEB-2002,WEB,Epic,Web experience epic 03,Jira Target End,,2026-09-21,changed_cell,Epic is included in the planned sandbox and was not found in the comparison baseline.,Review the added epic in the sandbox Project file.,69
Info,AddedEpic,WEB-2003,WEB,Epic,Web experience epic 04,Name,,Web experience epic 04,changed_cell,Epic is included in the planned sandbox and was not found in the comparison baseline.,Review the added epic in the sandbox Project file.,70
Info,AddedEpic,WEB-2003,WEB,Epic,Web experience epic 04,Rollup Key,,INIT-500,changed_cell,Epic is included in the planned sandbox and was not found in the comparison baseline.,Review the added epic in the sandbox Project file.,70
Info,AddedEpic,WEB-2003,WEB,Epic,Web experience epic 04,Resource Group,,Web Experience,changed_cell,Epic is included in the planned sandbox and was not found in the comparison baseline.,Review the added epic in the sandbox Project file.,70
Info,AddedEpic,WEB-2003,WEB,Epic,Web experience epic 04,% Complete,,20,changed_cell,Epic is included in the planned sandbox and was not found in the comparison baseline.,Review the added epic in the sandbox Project file.,70
Info,AddedEpic,WEB-2003,WEB,Epic,Web experience epic 04,Total Story Points,,20,changed_cell,Epic is included in the planned sandbox and was not found in the comparison baseline.,Review the added epic in the sandbox Project file.,70
Info,AddedEpic,WEB-2003,WEB,Epic,Web experience epic 04,Completed Story Points,,4,changed_cell,Epic is included in the planned sandbox and was not found in the comparison baseline.,Review the added epic in the sandbox Project file.,70
Info,AddedEpic,WEB-2003,WEB,Epic,Web experience epic 04,Jira Target Start,,2026-08-17,changed_cell,Epic is included in the planned sandbox and was not found in the comparison baseline.,Review the added epic in the sandbox Project file.,70
Info,AddedEpic,WEB-2003,WEB,Epic,Web experience epic 04,Jira Target End,,2026-10-05,changed_cell,Epic is included in the planned sandbox and was not found in the comparison baseline.,Review the added epic in the sandbox Project file.,70
Info,AddedEpic,WEB-2004,WEB,Epic,Web experience epic 05,Name,,Web experience epic 05,changed_cell,Epic is included in the planned sandbox and was not found in the comparison baseline.,Review the added epic in the sandbox Project file.,71
Info,AddedEpic,WEB-2004,WEB,Epic,Web experience epic 05,Rollup Key,,INIT-100,changed_cell,Epic is included in the planned sandbox and was not found in the comparison baseline.,Review the added epic in the sandbox Project file.,71
Info,AddedEpic,WEB-2004,WEB,Epic,Web experience epic 05,Resource Group,,Web Experience,changed_cell,Epic is included in the planned sandbox and was not found in the comparison baseline.,Review the added epic in the sandbox Project file.,71
Info,AddedEpic,WEB-2004,WEB,Epic,Web experience epic 05,% Complete,,29,changed_cell,Epic is included in the planned sandbox and was not found in the comparison baseline.,Review the added epic in the sandbox Project file.,71
Info,AddedEpic,WEB-2004,WEB,Epic,Web experience epic 05,Total Story Points,,24,changed_cell,Epic is included in the planned sandbox and was not found in the comparison baseline.,Review the added epic in the sandbox Project file.,71
Info,AddedEpic,WEB-2004,WEB,Epic,Web experience epic 05,Completed Story Points,,7,changed_cell,Epic is included in the planned sandbox and was not found in the comparison baseline.,Review the added epic in the sandbox Project file.,71
Info,AddedEpic,WEB-2004,WEB,Epic,Web experience epic 05,Jira Target Start,,2026-08-24,changed_cell,Epic is included in the planned sandbox and was not found in the comparison baseline.,Review the added epic in the sandbox Project file.,71
Info,AddedEpic,WEB-2004,WEB,Epic,Web experience epic 05,Jira Target End,,2026-10-19,changed_cell,Epic is included in the planned sandbox and was not found in the comparison baseline.,Review the added epic in the sandbox Project file.,71
Info,AddedEpic,WEB-2005,WEB,Epic,Web experience epic 06,Name,,Web experience epic 06,changed_cell,Epic is included in the planned sandbox and was not found in the comparison baseline.,Review the added epic in the sandbox Project file.,72
Info,AddedEpic,WEB-2005,WEB,Epic,Web experience epic 06,Rollup Key,,INIT-1200,changed_cell,Epic is included in the planned sandbox and was not found in the comparison baseline.,Review the added epic in the sandbox Project file.,72
Info,AddedEpic,WEB-2005,WEB,Epic,Web experience epic 06,Resource Group,,Web Experience,changed_cell,Epic is included in the planned sandbox and was not found in the comparison baseline.,Review the added epic in the sandbox Project file.,72
Info,AddedEpic,WEB-2005,WEB,Epic,Web experience epic 06,% Complete,,19,changed_cell,Epic is included in the planned sandbox and was not found in the comparison baseline.,Review the added epic in the sandbox Project file.,72
Info,AddedEpic,WEB-2005,WEB,Epic,Web experience epic 06,Total Story Points,,21,changed_cell,Epic is included in the planned sandbox and was not found in the comparison baseline.,Review the added epic in the sandbox Project file.,72
Info,AddedEpic,WEB-2005,WEB,Epic,Web experience epic 06,Completed Story Points,,4,changed_cell,Epic is included in the planned sandbox and was not found in the comparison baseline.,Review the added epic in the sandbox Project file.,72
Info,AddedEpic,WEB-2005,WEB,Epic,Web experience epic 06,Jira Target Start,,2026-08-31,changed_cell,Epic is included in the planned sandbox and was not found in the comparison baseline.,Review the added epic in the sandbox Project file.,72
Info,AddedEpic,WEB-2005,WEB,Epic,Web experience epic 06,Jira Target End,,2026-09-28,changed_cell,Epic is included in the planned sandbox and was not found in the comparison baseline.,Review the added epic in the sandbox Project file.,72
Info,AddedEpic,WEB-2006,WEB,Epic,Web experience epic 07,Name,,Web experience epic 07,changed_cell,Epic is included in the planned sandbox and was not found in the comparison baseline.,Review the added epic in the sandbox Project file.,73
Info,AddedEpic,WEB-2006,WEB,Epic,Web experience epic 07,Rollup Key,,INIT-500,changed_cell,Epic is included in the planned sandbox and was not found in the comparison baseline.,Review the added epic in the sandbox Project file.,73
Info,AddedEpic,WEB-2006,WEB,Epic,Web experience epic 07,Resource Group,,Web Experience,changed_cell,Epic is included in the planned sandbox and was not found in the comparison baseline.,Review the added epic in the sandbox Project file.,73
Info,AddedEpic,WEB-2006,WEB,Epic,Web experience epic 07,% Complete,,37,changed_cell,Epic is included in the planned sandbox and was not found in the comparison baseline.,Review the added epic in the sandbox Project file.,73
Info,AddedEpic,WEB-2006,WEB,Epic,Web experience epic 07,Total Story Points,,27,changed_cell,Epic is included in the planned sandbox and was not found in the comparison baseline.,Review the added epic in the sandbox Project file.,73
Info,AddedEpic,WEB-2006,WEB,Epic,Web experience epic 07,Completed Story Points,,10,changed_cell,Epic is included in the planned sandbox and was not found in the comparison baseline.,Review the added epic in the sandbox Project file.,73
Info,AddedEpic,WEB-2006,WEB,Epic,Web experience epic 07,Jira Target Start,,2026-03-16,changed_cell,Epic is included in the planned sandbox and was not found in the comparison baseline.,Review the added epic in the sandbox Project file.,73
Info,AddedEpic,WEB-2006,WEB,Epic,Web experience epic 07,Jira Target End,,2026-04-20,changed_cell,Epic is included in the planned sandbox and was not found in the comparison baseline.,Review the added epic in the sandbox Project file.,73
Info,AddedEpic,WEB-2007,WEB,Epic,Web experience epic 08,Name,,Web experience epic 08,changed_cell,Epic is included in the planned sandbox and was not found in the comparison baseline.,Review the added epic in the sandbox Project file.,74
Info,AddedEpic,WEB-2007,WEB,Epic,Web experience epic 08,Rollup Key,,INIT-100,changed_cell,Epic is included in the planned sandbox and was not found in the comparison baseline.,Review the added epic in the sandbox Project file.,74
Info,AddedEpic,WEB-2007,WEB,Epic,Web experience epic 08,Resource Group,,Web Experience,changed_cell,Epic is included in the planned sandbox and was not found in the comparison baseline.,Review the added epic in the sandbox Project file.,74
Info,AddedEpic,WEB-2007,WEB,Epic,Web experience epic 08,% Complete,,18,changed_cell,Epic is included in the planned sandbox and was not found in the comparison baseline.,Review the added epic in the sandbox Project file.,74
Info,AddedEpic,WEB-2007,WEB,Epic,Web experience epic 08,Total Story Points,,22,changed_cell,Epic is included in the planned sandbox and was not found in the comparison baseline.,Review the added epic in the sandbox Project file.,74
Info,AddedEpic,WEB-2007,WEB,Epic,Web experience epic 08,Completed Story Points,,4,changed_cell,Epic is included in the planned sandbox and was not found in the comparison baseline.,Review the added epic in the sandbox Project file.,74
Info,AddedEpic,WEB-2007,WEB,Epic,Web experience epic 08,Jira Target Start,,2026-03-23,changed_cell,Epic is included in the planned sandbox and was not found in the comparison baseline.,Review the added epic in the sandbox Project file.,74
Info,AddedEpic,WEB-2007,WEB,Epic,Web experience epic 08,Jira Target End,,2026-05-04,changed_cell,Epic is included in the planned sandbox and was not found in the comparison baseline.,Review the added epic in the sandbox Project file.,74
Info,AddedEpic,WEB-2008,WEB,Epic,Web experience blue self dependency,Name,,Web experience blue self dependency,changed_cell,Epic is included in the planned sandbox and was not found in the comparison baseline.,Review the added epic in the sandbox Project file.,75
Info,AddedEpic,WEB-2008,WEB,Epic,Web experience blue self dependency,Rollup Key,,INIT-1200,changed_cell,Epic is included in the planned sandbox and was not found in the comparison baseline.,Review the added epic in the sandbox Project file.,75
Info,AddedEpic,WEB-2008,WEB,Epic,Web experience blue self dependency,Resource Group,,Web Experience,changed_cell,Epic is included in the planned sandbox and was not found in the comparison baseline.,Review the added epic in the sandbox Project file.,75
Info,AddedEpic,WEB-2008,WEB,Epic,Web experience blue self dependency,% Complete,,50,changed_cell,Epic is included in the planned sandbox and was not found in the comparison baseline.,Review the added epic in the sandbox Project file.,75
Info,AddedEpic,WEB-2008,WEB,Epic,Web experience blue self dependency,Total Story Points,,20,changed_cell,Epic is included in the planned sandbox and was not found in the comparison baseline.,Review the added epic in the sandbox Project file.,75
Info,AddedEpic,WEB-2008,WEB,Epic,Web experience blue self dependency,Completed Story Points,,10,changed_cell,Epic is included in the planned sandbox and was not found in the comparison baseline.,Review the added epic in the sandbox Project file.,75
Info,AddedEpic,WEB-2008,WEB,Epic,Web experience blue self dependency,Jira Target Start,,2026-03-30,changed_cell,Epic is included in the planned sandbox and was not found in the comparison baseline.,Review the added epic in the sandbox Project file.,75
Info,AddedEpic,WEB-2008,WEB,Epic,Web experience blue self dependency,Jira Target End,,2026-05-18,changed_cell,Epic is included in the planned sandbox and was not found in the comparison baseline.,Review the added epic in the sandbox Project file.,75
Info,AddedEpic,WEB-2009,WEB,Epic,Web experience epic 10,Name,,Web experience epic 10,changed_cell,Epic is included in the planned sandbox and was not found in the comparison baseline.,Review the added epic in the sandbox Project file.,76
Info,AddedEpic,WEB-2009,WEB,Epic,Web experience epic 10,Rollup Key,,INIT-500,changed_cell,Epic is included in the planned sandbox and was not found in the comparison baseline.,Review the added epic in the sandbox Project file.,76
Info,AddedEpic,WEB-2009,WEB,Epic,Web experience epic 10,Resource Group,,Web Experience,changed_cell,Epic is included in the planned sandbox and was not found in the comparison baseline.,Review the added epic in the sandbox Project file.,76
Info,AddedEpic,WEB-2009,WEB,Epic,Web experience epic 10,% Complete,,25,changed_cell,Epic is included in the planned sandbox and was not found in the comparison baseline.,Review the added epic in the sandbox Project file.,76
Info,AddedEpic,WEB-2009,WEB,Epic,Web experience epic 10,Total Story Points,,24,changed_cell,Epic is included in the planned sandbox and was not found in the comparison baseline.,Review the added epic in the sandbox Project file.,76
Info,AddedEpic,WEB-2009,WEB,Epic,Web experience epic 10,Completed Story Points,,6,changed_cell,Epic is included in the planned sandbox and was not found in the comparison baseline.,Review the added epic in the sandbox Project file.,76
Info,AddedEpic,WEB-2009,WEB,Epic,Web experience epic 10,Jira Target Start,,2026-04-06,changed_cell,Epic is included in the planned sandbox and was not found in the comparison baseline.,Review the added epic in the sandbox Project file.,76
Info,AddedEpic,WEB-2009,WEB,Epic,Web experience epic 10,Jira Target End,,2026-06-01,changed_cell,Epic is included in the planned sandbox and was not found in the comparison baseline.,Review the added epic in the sandbox Project file.,76
Info,AddedEpic,WEB-2010,WEB,Epic,Web experience green-gray in planning,Name,,Web experience green-gray in planning,changed_cell,Epic is included in the planned sandbox and was not found in the comparison baseline.,Review the added epic in the sandbox Project file.,77
Info,AddedEpic,WEB-2010,WEB,Epic,Web experience green-gray in planning,Rollup Key,,INIT-100,changed_cell,Epic is included in the planned sandbox and was not found in the comparison baseline.,Review the added epic in the sandbox Project file.,77
Info,AddedEpic,WEB-2010,WEB,Epic,Web experience green-gray in planning,Resource Group,,Web Experience,changed_cell,Epic is included in the planned sandbox and was not found in the comparison baseline.,Review the added epic in the sandbox Project file.,77
Info,AddedEpic,WEB-2010,WEB,Epic,Web experience green-gray in planning,% Complete,,0,changed_cell,Epic is included in the planned sandbox and was not found in the comparison baseline.,Review the added epic in the sandbox Project file.,77
Info,AddedEpic,WEB-2010,WEB,Epic,Web experience green-gray in planning,Total Story Points,,0,changed_cell,Epic is included in the planned sandbox and was not found in the comparison baseline.,Review the added epic in the sandbox Project file.,77
Info,AddedEpic,WEB-2010,WEB,Epic,Web experience green-gray in planning,Completed Story Points,,0,changed_cell,Epic is included in the planned sandbox and was not found in the comparison baseline.,Review the added epic in the sandbox Project file.,77
Info,AddedEpic,WEB-2010,WEB,Epic,Web experience green-gray in planning,Jira Target Start,,2026-04-13,changed_cell,Epic is included in the planned sandbox and was not found in the comparison baseline.,Review the added epic in the sandbox Project file.,77
Info,AddedEpic,WEB-2010,WEB,Epic,Web experience green-gray in planning,Jira Target End,,2026-05-11,changed_cell,Epic is included in the planned sandbox and was not found in the comparison baseline.,Review the added epic in the sandbox Project file.,77
Info,AddedEpic,WEB-2011,WEB,Epic,Web experience epic 12,Name,,Web experience epic 12,changed_cell,Epic is included in the planned sandbox and was not found in the comparison baseline.,Review the added epic in the sandbox Project file.,78
Info,AddedEpic,WEB-2011,WEB,Epic,Web experience epic 12,Rollup Key,,INIT-1200,changed_cell,Epic is included in the planned sandbox and was not found in the comparison baseline.,Review the added epic in the sandbox Project file.,78
Info,AddedEpic,WEB-2011,WEB,Epic,Web experience epic 12,Resource Group,,Web Experience,changed_cell,Epic is included in the planned sandbox and was not found in the comparison baseline.,Review the added epic in the sandbox Project file.,78
Info,AddedEpic,WEB-2011,WEB,Epic,Web experience epic 12,% Complete,,26,changed_cell,Epic is included in the planned sandbox and was not found in the comparison baseline.,Review the added epic in the sandbox Project file.,78
Info,AddedEpic,WEB-2011,WEB,Epic,Web experience epic 12,Total Story Points,,19,changed_cell,Epic is included in the planned sandbox and was not found in the comparison baseline.,Review the added epic in the sandbox Project file.,78
Info,AddedEpic,WEB-2011,WEB,Epic,Web experience epic 12,Completed Story Points,,5,changed_cell,Epic is included in the planned sandbox and was not found in the comparison baseline.,Review the added epic in the sandbox Project file.,78
Info,AddedEpic,WEB-2011,WEB,Epic,Web experience epic 12,Jira Target Start,,2026-04-20,changed_cell,Epic is included in the planned sandbox and was not found in the comparison baseline.,Review the added epic in the sandbox Project file.,78
Info,AddedEpic,WEB-2011,WEB,Epic,Web experience epic 12,Jira Target End,,2026-05-25,changed_cell,Epic is included in the planned sandbox and was not found in the comparison baseline.,Review the added epic in the sandbox Project file.,78
Info,AddedEpic,WEB-2012,WEB,Epic,Web experience epic 13,Name,,Web experience epic 13,changed_cell,Epic is included in the planned sandbox and was not found in the comparison baseline.,Review the added epic in the sandbox Project file.,79
Info,AddedEpic,WEB-2012,WEB,Epic,Web experience epic 13,Rollup Key,,INIT-500,changed_cell,Epic is included in the planned sandbox and was not found in the comparison baseline.,Review the added epic in the sandbox Project file.,79
Info,AddedEpic,WEB-2012,WEB,Epic,Web experience epic 13,Resource Group,,Web Experience,changed_cell,Epic is included in the planned sandbox and was not found in the comparison baseline.,Review the added epic in the sandbox Project file.,79
Info,AddedEpic,WEB-2012,WEB,Epic,Web experience epic 13,% Complete,,58,changed_cell,Epic is included in the planned sandbox and was not found in the comparison baseline.,Review the added epic in the sandbox Project file.,79
Info,AddedEpic,WEB-2012,WEB,Epic,Web experience epic 13,Total Story Points,,19,changed_cell,Epic is included in the planned sandbox and was not found in the comparison baseline.,Review the added epic in the sandbox Project file.,79
Info,AddedEpic,WEB-2012,WEB,Epic,Web experience epic 13,Completed Story Points,,11,changed_cell,Epic is included in the planned sandbox and was not found in the comparison baseline.,Review the added epic in the sandbox Project file.,79
Info,AddedEpic,WEB-2012,WEB,Epic,Web experience epic 13,Jira Target Start,,2026-04-27,changed_cell,Epic is included in the planned sandbox and was not found in the comparison baseline.,Review the added epic in the sandbox Project file.,79
Info,AddedEpic,WEB-2012,WEB,Epic,Web experience epic 13,Jira Target End,,2026-06-08,changed_cell,Epic is included in the planned sandbox and was not found in the comparison baseline.,Review the added epic in the sandbox Project file.,79
Info,AddedEpic,WEB-2013,WEB,Epic,Web experience epic 14,Name,,Web experience epic 14,changed_cell,Epic is included in the planned sandbox and was not found in the comparison baseline.,Review the added epic in the sandbox Project file.,80
Info,AddedEpic,WEB-2013,WEB,Epic,Web experience epic 14,Rollup Key,,INIT-100,changed_cell,Epic is included in the planned sandbox and was not found in the comparison baseline.,Review the added epic in the sandbox Project file.,80
Info,AddedEpic,WEB-2013,WEB,Epic,Web experience epic 14,Resource Group,,Web Experience,changed_cell,Epic is included in the planned sandbox and was not found in the comparison baseline.,Review the added epic in the sandbox Project file.,80
Info,AddedEpic,WEB-2013,WEB,Epic,Web experience epic 14,% Complete,,37,changed_cell,Epic is included in the planned sandbox and was not found in the comparison baseline.,Review the added epic in the sandbox Project file.,80
Info,AddedEpic,WEB-2013,WEB,Epic,Web experience epic 14,Total Story Points,,19,changed_cell,Epic is included in the planned sandbox and was not found in the comparison baseline.,Review the added epic in the sandbox Project file.,80
Info,AddedEpic,WEB-2013,WEB,Epic,Web experience epic 14,Completed Story Points,,7,changed_cell,Epic is included in the planned sandbox and was not found in the comparison baseline.,Review the added epic in the sandbox Project file.,80
Info,AddedEpic,WEB-2013,WEB,Epic,Web experience epic 14,Jira Target Start,,2026-05-04,changed_cell,Epic is included in the planned sandbox and was not found in the comparison baseline.,Review the added epic in the sandbox Project file.,80
Info,AddedEpic,WEB-2013,WEB,Epic,Web experience epic 14,Jira Target End,,2026-06-22,changed_cell,Epic is included in the planned sandbox and was not found in the comparison baseline.,Review the added epic in the sandbox Project file.,80
Info,AddedEpic,WEB-2014,WEB,Epic,Web experience epic 15,Name,,Web experience epic 15,changed_cell,Epic is included in the planned sandbox and was not found in the comparison baseline.,Review the added epic in the sandbox Project file.,81
Info,AddedEpic,WEB-2014,WEB,Epic,Web experience epic 15,Rollup Key,,INIT-1200,changed_cell,Epic is included in the planned sandbox and was not found in the comparison baseline.,Review the added epic in the sandbox Project file.,81
Info,AddedEpic,WEB-2014,WEB,Epic,Web experience epic 15,Resource Group,,Web Experience,changed_cell,Epic is included in the planned sandbox and was not found in the comparison baseline.,Review the added epic in the sandbox Project file.,81
Info,AddedEpic,WEB-2014,WEB,Epic,Web experience epic 15,% Complete,,16,changed_cell,Epic is included in the planned sandbox and was not found in the comparison baseline.,Review the added epic in the sandbox Project file.,81
Info,AddedEpic,WEB-2014,WEB,Epic,Web experience epic 15,Total Story Points,,19,changed_cell,Epic is included in the planned sandbox and was not found in the comparison baseline.,Review the added epic in the sandbox Project file.,81
Info,AddedEpic,WEB-2014,WEB,Epic,Web experience epic 15,Completed Story Points,,3,changed_cell,Epic is included in the planned sandbox and was not found in the comparison baseline.,Review the added epic in the sandbox Project file.,81
Info,AddedEpic,WEB-2014,WEB,Epic,Web experience epic 15,Jira Target Start,,2026-05-11,changed_cell,Epic is included in the planned sandbox and was not found in the comparison baseline.,Review the added epic in the sandbox Project file.,81
Info,AddedEpic,WEB-2014,WEB,Epic,Web experience epic 15,Jira Target End,,2026-07-06,changed_cell,Epic is included in the planned sandbox and was not found in the comparison baseline.,Review the added epic in the sandbox Project file.,81
Info,AddedEpic,WEB-2015,WEB,Epic,Web experience epic 16,Name,,Web experience epic 16,changed_cell,Epic is included in the planned sandbox and was not found in the comparison baseline.,Review the added epic in the sandbox Project file.,82
Info,AddedEpic,WEB-2015,WEB,Epic,Web experience epic 16,Rollup Key,,INIT-500,changed_cell,Epic is included in the planned sandbox and was not found in the comparison baseline.,Review the added epic in the sandbox Project file.,82
Info,AddedEpic,WEB-2015,WEB,Epic,Web experience epic 16,Resource Group,,Web Experience,changed_cell,Epic is included in the planned sandbox and was not found in the comparison baseline.,Review the added epic in the sandbox Project file.,82
Info,AddedEpic,WEB-2015,WEB,Epic,Web experience epic 16,% Complete,,37,changed_cell,Epic is included in the planned sandbox and was not found in the comparison baseline.,Review the added epic in the sandbox Project file.,82
Info,AddedEpic,WEB-2015,WEB,Epic,Web experience epic 16,Total Story Points,,19,changed_cell,Epic is included in the planned sandbox and was not found in the comparison baseline.,Review the added epic in the sandbox Project file.,82
Info,AddedEpic,WEB-2015,WEB,Epic,Web experience epic 16,Completed Story Points,,7,changed_cell,Epic is included in the planned sandbox and was not found in the comparison baseline.,Review the added epic in the sandbox Project file.,82
Info,AddedEpic,WEB-2015,WEB,Epic,Web experience epic 16,Jira Target Start,,2026-05-18,changed_cell,Epic is included in the planned sandbox and was not found in the comparison baseline.,Review the added epic in the sandbox Project file.,82
Info,AddedEpic,WEB-2015,WEB,Epic,Web experience epic 16,Jira Target End,,2026-06-15,changed_cell,Epic is included in the planned sandbox and was not found in the comparison baseline.,Review the added epic in the sandbox Project file.,82
Info,AddedEpic,WEB-2016,WEB,Epic,Web experience epic 17,Name,,Web experience epic 17,changed_cell,Epic is included in the planned sandbox and was not found in the comparison baseline.,Review the added epic in the sandbox Project file.,83
Info,AddedEpic,WEB-2016,WEB,Epic,Web experience epic 17,Rollup Key,,INIT-100,changed_cell,Epic is included in the planned sandbox and was not found in the comparison baseline.,Review the added epic in the sandbox Project file.,83
Info,AddedEpic,WEB-2016,WEB,Epic,Web experience epic 17,Resource Group,,Web Experience,changed_cell,Epic is included in the planned sandbox and was not found in the comparison baseline.,Review the added epic in the sandbox Project file.,83
Info,AddedEpic,WEB-2016,WEB,Epic,Web experience epic 17,% Complete,,21,changed_cell,Epic is included in the planned sandbox and was not found in the comparison baseline.,Review the added epic in the sandbox Project file.,83
Info,AddedEpic,WEB-2016,WEB,Epic,Web experience epic 17,Total Story Points,,19,changed_cell,Epic is included in the planned sandbox and was not found in the comparison baseline.,Review the added epic in the sandbox Project file.,83
Info,AddedEpic,WEB-2016,WEB,Epic,Web experience epic 17,Completed Story Points,,4,changed_cell,Epic is included in the planned sandbox and was not found in the comparison baseline.,Review the added epic in the sandbox Project file.,83
Info,AddedEpic,WEB-2016,WEB,Epic,Web experience epic 17,Jira Target Start,,2026-05-25,changed_cell,Epic is included in the planned sandbox and was not found in the comparison baseline.,Review the added epic in the sandbox Project file.,83
Info,AddedEpic,WEB-2016,WEB,Epic,Web experience epic 17,Jira Target End,,2026-06-29,changed_cell,Epic is included in the planned sandbox and was not found in the comparison baseline.,Review the added epic in the sandbox Project file.,83
Info,AddedEpic,WEB-2017,WEB,Epic,Web experience epic 18,Name,,Web experience epic 18,changed_cell,Epic is included in the planned sandbox and was not found in the comparison baseline.,Review the added epic in the sandbox Project file.,84
Info,AddedEpic,WEB-2017,WEB,Epic,Web experience epic 18,Rollup Key,,INIT-1200,changed_cell,Epic is included in the planned sandbox and was not found in the comparison baseline.,Review the added epic in the sandbox Project file.,84
Info,AddedEpic,WEB-2017,WEB,Epic,Web experience epic 18,Resource Group,,Web Experience,changed_cell,Epic is included in the planned sandbox and was not found in the comparison baseline.,Review the added epic in the sandbox Project file.,84
Info,AddedEpic,WEB-2017,WEB,Epic,Web experience epic 18,% Complete,,11,changed_cell,Epic is included in the planned sandbox and was not found in the comparison baseline.,Review the added epic in the sandbox Project file.,84
Info,AddedEpic,WEB-2017,WEB,Epic,Web experience epic 18,Total Story Points,,19,changed_cell,Epic is included in the planned sandbox and was not found in the comparison baseline.,Review the added epic in the sandbox Project file.,84
Info,AddedEpic,WEB-2017,WEB,Epic,Web experience epic 18,Completed Story Points,,2,changed_cell,Epic is included in the planned sandbox and was not found in the comparison baseline.,Review the added epic in the sandbox Project file.,84
Info,AddedEpic,WEB-2017,WEB,Epic,Web experience epic 18,Jira Target Start,,2026-06-01,changed_cell,Epic is included in the planned sandbox and was not found in the comparison baseline.,Review the added epic in the sandbox Project file.,84
Info,AddedEpic,WEB-2017,WEB,Epic,Web experience epic 18,Jira Target End,,2026-07-13,changed_cell,Epic is included in the planned sandbox and was not found in the comparison baseline.,Review the added epic in the sandbox Project file.,84
Info,AddedEpic,WEB-2018,WEB,Epic,Web experience epic 19,Name,,Web experience epic 19,changed_cell,Epic is included in the planned sandbox and was not found in the comparison baseline.,Review the added epic in the sandbox Project file.,85
Info,AddedEpic,WEB-2018,WEB,Epic,Web experience epic 19,Rollup Key,,INIT-500,changed_cell,Epic is included in the planned sandbox and was not found in the comparison baseline.,Review the added epic in the sandbox Project file.,85
Info,AddedEpic,WEB-2018,WEB,Epic,Web experience epic 19,Resource Group,,Web Experience,changed_cell,Epic is included in the planned sandbox and was not found in the comparison baseline.,Review the added epic in the sandbox Project file.,85
Info,AddedEpic,WEB-2018,WEB,Epic,Web experience epic 19,% Complete,,21,changed_cell,Epic is included in the planned sandbox and was not found in the comparison baseline.,Review the added epic in the sandbox Project file.,85
Info,AddedEpic,WEB-2018,WEB,Epic,Web experience epic 19,Total Story Points,,19,changed_cell,Epic is included in the planned sandbox and was not found in the comparison baseline.,Review the added epic in the sandbox Project file.,85
Info,AddedEpic,WEB-2018,WEB,Epic,Web experience epic 19,Completed Story Points,,4,changed_cell,Epic is included in the planned sandbox and was not found in the comparison baseline.,Review the added epic in the sandbox Project file.,85
Info,AddedEpic,WEB-2018,WEB,Epic,Web experience epic 19,Jira Target Start,,2026-06-08,changed_cell,Epic is included in the planned sandbox and was not found in the comparison baseline.,Review the added epic in the sandbox Project file.,85
Info,AddedEpic,WEB-2018,WEB,Epic,Web experience epic 19,Jira Target End,,2026-07-27,changed_cell,Epic is included in the planned sandbox and was not found in the comparison baseline.,Review the added epic in the sandbox Project file.,85
Info,AddedEpic,WEB-2019,WEB,Epic,Web experience epic 20,Name,,Web experience epic 20,changed_cell,Epic is included in the planned sandbox and was not found in the comparison baseline.,Review the added epic in the sandbox Project file.,86
Info,AddedEpic,WEB-2019,WEB,Epic,Web experience epic 20,Rollup Key,,INIT-100,changed_cell,Epic is included in the planned sandbox and was not found in the comparison baseline.,Review the added epic in the sandbox Project file.,86
Info,AddedEpic,WEB-2019,WEB,Epic,Web experience epic 20,Resource Group,,Web Experience,changed_cell,Epic is included in the planned sandbox and was not found in the comparison baseline.,Review the added epic in the sandbox Project file.,86
Info,AddedEpic,WEB-2019,WEB,Epic,Web experience epic 20,% Complete,,53,changed_cell,Epic is included in the planned sandbox and was not found in the comparison baseline.,Review the added epic in the sandbox Project file.,86
Info,AddedEpic,WEB-2019,WEB,Epic,Web experience epic 20,Total Story Points,,19,changed_cell,Epic is included in the planned sandbox and was not found in the comparison baseline.,Review the added epic in the sandbox Project file.,86
Info,AddedEpic,WEB-2019,WEB,Epic,Web experience epic 20,Completed Story Points,,10,changed_cell,Epic is included in the planned sandbox and was not found in the comparison baseline.,Review the added epic in the sandbox Project file.,86
Info,AddedEpic,WEB-2019,WEB,Epic,Web experience epic 20,Jira Target Start,,2026-06-15,changed_cell,Epic is included in the planned sandbox and was not found in the comparison baseline.,Review the added epic in the sandbox Project file.,86
Info,AddedEpic,WEB-2019,WEB,Epic,Web experience epic 20,Jira Target End,,2026-08-10,changed_cell,Epic is included in the planned sandbox and was not found in the comparison baseline.,Review the added epic in the sandbox Project file.,86
Info,AddedEpic,WEB-2020,WEB,Epic,Web experience epic 21,Name,,Web experience epic 21,changed_cell,Epic is included in the planned sandbox and was not found in the comparison baseline.,Review the added epic in the sandbox Project file.,87
Info,AddedEpic,WEB-2020,WEB,Epic,Web experience epic 21,Rollup Key,,INIT-1200,changed_cell,Epic is included in the planned sandbox and was not found in the comparison baseline.,Review the added epic in the sandbox Project file.,87
Info,AddedEpic,WEB-2020,WEB,Epic,Web experience epic 21,Resource Group,,Web Experience,changed_cell,Epic is included in the planned sandbox and was not found in the comparison baseline.,Review the added epic in the sandbox Project file.,87
Info,AddedEpic,WEB-2020,WEB,Epic,Web experience epic 21,% Complete,,30,changed_cell,Epic is included in the planned sandbox and was not found in the comparison baseline.,Review the added epic in the sandbox Project file.,87
Info,AddedEpic,WEB-2020,WEB,Epic,Web experience epic 21,Total Story Points,,20,changed_cell,Epic is included in the planned sandbox and was not found in the comparison baseline.,Review the added epic in the sandbox Project file.,87
Info,AddedEpic,WEB-2020,WEB,Epic,Web experience epic 21,Completed Story Points,,6,changed_cell,Epic is included in the planned sandbox and was not found in the comparison baseline.,Review the added epic in the sandbox Project file.,87
Info,AddedEpic,WEB-2020,WEB,Epic,Web experience epic 21,Jira Target Start,,2026-06-22,changed_cell,Epic is included in the planned sandbox and was not found in the comparison baseline.,Review the added epic in the sandbox Project file.,87
Info,AddedEpic,WEB-2020,WEB,Epic,Web experience epic 21,Jira Target End,,2026-07-20,changed_cell,Epic is included in the planned sandbox and was not found in the comparison baseline.,Review the added epic in the sandbox Project file.,87
Info,AddedEpic,WEB-2021,WEB,Epic,Web experience epic 22,Name,,Web experience epic 22,changed_cell,Epic is included in the planned sandbox and was not found in the comparison baseline.,Review the added epic in the sandbox Project file.,88
Info,AddedEpic,WEB-2021,WEB,Epic,Web experience epic 22,Rollup Key,,INIT-500,changed_cell,Epic is included in the planned sandbox and was not found in the comparison baseline.,Review the added epic in the sandbox Project file.,88
Info,AddedEpic,WEB-2021,WEB,Epic,Web experience epic 22,Resource Group,,Web Experience,changed_cell,Epic is included in the planned sandbox and was not found in the comparison baseline.,Review the added epic in the sandbox Project file.,88
Info,AddedEpic,WEB-2021,WEB,Epic,Web experience epic 22,% Complete,,46,changed_cell,Epic is included in the planned sandbox and was not found in the comparison baseline.,Review the added epic in the sandbox Project file.,88
Info,AddedEpic,WEB-2021,WEB,Epic,Web experience epic 22,Total Story Points,,24,changed_cell,Epic is included in the planned sandbox and was not found in the comparison baseline.,Review the added epic in the sandbox Project file.,88
Info,AddedEpic,WEB-2021,WEB,Epic,Web experience epic 22,Completed Story Points,,11,changed_cell,Epic is included in the planned sandbox and was not found in the comparison baseline.,Review the added epic in the sandbox Project file.,88
Info,AddedEpic,WEB-2021,WEB,Epic,Web experience epic 22,Jira Target Start,,2026-06-29,changed_cell,Epic is included in the planned sandbox and was not found in the comparison baseline.,Review the added epic in the sandbox Project file.,88
Info,AddedEpic,WEB-2021,WEB,Epic,Web experience epic 22,Jira Target End,,2026-08-03,changed_cell,Epic is included in the planned sandbox and was not found in the comparison baseline.,Review the added epic in the sandbox Project file.,88
Info,AddedEpic,WEB-2022,WEB,Epic,Web experience epic 23,Name,,Web experience epic 23,changed_cell,Epic is included in the planned sandbox and was not found in the comparison baseline.,Review the added epic in the sandbox Project file.,89
Info,AddedEpic,WEB-2022,WEB,Epic,Web experience epic 23,Rollup Key,,INIT-100,changed_cell,Epic is included in the planned sandbox and was not found in the comparison baseline.,Review the added epic in the sandbox Project file.,89
Info,AddedEpic,WEB-2022,WEB,Epic,Web experience epic 23,Resource Group,,Web Experience,changed_cell,Epic is included in the planned sandbox and was not found in the comparison baseline.,Review the added epic in the sandbox Project file.,89
Info,AddedEpic,WEB-2022,WEB,Epic,Web experience epic 23,% Complete,,33,changed_cell,Epic is included in the planned sandbox and was not found in the comparison baseline.,Review the added epic in the sandbox Project file.,89
Info,AddedEpic,WEB-2022,WEB,Epic,Web experience epic 23,Total Story Points,,21,changed_cell,Epic is included in the planned sandbox and was not found in the comparison baseline.,Review the added epic in the sandbox Project file.,89
Info,AddedEpic,WEB-2022,WEB,Epic,Web experience epic 23,Completed Story Points,,7,changed_cell,Epic is included in the planned sandbox and was not found in the comparison baseline.,Review the added epic in the sandbox Project file.,89
Info,AddedEpic,WEB-2022,WEB,Epic,Web experience epic 23,Jira Target Start,,2026-07-06,changed_cell,Epic is included in the planned sandbox and was not found in the comparison baseline.,Review the added epic in the sandbox Project file.,89
Info,AddedEpic,WEB-2022,WEB,Epic,Web experience epic 23,Jira Target End,,2026-08-17,changed_cell,Epic is included in the planned sandbox and was not found in the comparison baseline.,Review the added epic in the sandbox Project file.,89
Info,AddedEpic,WEB-2023,WEB,Epic,Web experience epic 24,Name,,Web experience epic 24,changed_cell,Epic is included in the planned sandbox and was not found in the comparison baseline.,Review the added epic in the sandbox Project file.,90
Info,AddedEpic,WEB-2023,WEB,Epic,Web experience epic 24,Rollup Key,,INIT-1200,changed_cell,Epic is included in the planned sandbox and was not found in the comparison baseline.,Review the added epic in the sandbox Project file.,90
Info,AddedEpic,WEB-2023,WEB,Epic,Web experience epic 24,Resource Group,,Web Experience,changed_cell,Epic is included in the planned sandbox and was not found in the comparison baseline.,Review the added epic in the sandbox Project file.,90
Info,AddedEpic,WEB-2023,WEB,Epic,Web experience epic 24,% Complete,,41,changed_cell,Epic is included in the planned sandbox and was not found in the comparison baseline.,Review the added epic in the sandbox Project file.,90
Info,AddedEpic,WEB-2023,WEB,Epic,Web experience epic 24,Total Story Points,,27,changed_cell,Epic is included in the planned sandbox and was not found in the comparison baseline.,Review the added epic in the sandbox Project file.,90
Info,AddedEpic,WEB-2023,WEB,Epic,Web experience epic 24,Completed Story Points,,11,changed_cell,Epic is included in the planned sandbox and was not found in the comparison baseline.,Review the added epic in the sandbox Project file.,90
Info,AddedEpic,WEB-2023,WEB,Epic,Web experience epic 24,Jira Target Start,,2026-07-13,changed_cell,Epic is included in the planned sandbox and was not found in the comparison baseline.,Review the added epic in the sandbox Project file.,90
Info,AddedEpic,WEB-2023,WEB,Epic,Web experience epic 24,Jira Target End,,2026-08-31,changed_cell,Epic is included in the planned sandbox and was not found in the comparison baseline.,Review the added epic in the sandbox Project file.,90
Info,AddedEpic,WEB-2024,WEB,Epic,Web experience epic 25,Name,,Web experience epic 25,changed_cell,Epic is included in the planned sandbox and was not found in the comparison baseline.,Review the added epic in the sandbox Project file.,91
Info,AddedEpic,WEB-2024,WEB,Epic,Web experience epic 25,Rollup Key,,INIT-500,changed_cell,Epic is included in the planned sandbox and was not found in the comparison baseline.,Review the added epic in the sandbox Project file.,91
Info,AddedEpic,WEB-2024,WEB,Epic,Web experience epic 25,Resource Group,,Web Experience,changed_cell,Epic is included in the planned sandbox and was not found in the comparison baseline.,Review the added epic in the sandbox Project file.,91
Info,AddedEpic,WEB-2024,WEB,Epic,Web experience epic 25,% Complete,,32,changed_cell,Epic is included in the planned sandbox and was not found in the comparison baseline.,Review the added epic in the sandbox Project file.,91
Info,AddedEpic,WEB-2024,WEB,Epic,Web experience epic 25,Total Story Points,,22,changed_cell,Epic is included in the planned sandbox and was not found in the comparison baseline.,Review the added epic in the sandbox Project file.,91
Info,AddedEpic,WEB-2024,WEB,Epic,Web experience epic 25,Completed Story Points,,7,changed_cell,Epic is included in the planned sandbox and was not found in the comparison baseline.,Review the added epic in the sandbox Project file.,91
Info,AddedEpic,WEB-2024,WEB,Epic,Web experience epic 25,Jira Target Start,,2026-07-20,changed_cell,Epic is included in the planned sandbox and was not found in the comparison baseline.,Review the added epic in the sandbox Project file.,91
Info,AddedEpic,WEB-2024,WEB,Epic,Web experience epic 25,Jira Target End,,2026-09-14,changed_cell,Epic is included in the planned sandbox and was not found in the comparison baseline.,Review the added epic in the sandbox Project file.,91
Info,AddedEpic,WEB-2025,WEB,Epic,Web experience epic 26,Name,,Web experience epic 26,changed_cell,Epic is included in the planned sandbox and was not found in the comparison baseline.,Review the added epic in the sandbox Project file.,92
Info,AddedEpic,WEB-2025,WEB,Epic,Web experience epic 26,Rollup Key,,INIT-100,changed_cell,Epic is included in the planned sandbox and was not found in the comparison baseline.,Review the added epic in the sandbox Project file.,92
Info,AddedEpic,WEB-2025,WEB,Epic,Web experience epic 26,Resource Group,,Web Experience,changed_cell,Epic is included in the planned sandbox and was not found in the comparison baseline.,Review the added epic in the sandbox Project file.,92
Info,AddedEpic,WEB-2025,WEB,Epic,Web experience epic 26,% Complete,,20,changed_cell,Epic is included in the planned sandbox and was not found in the comparison baseline.,Review the added epic in the sandbox Project file.,92
Info,AddedEpic,WEB-2025,WEB,Epic,Web experience epic 26,Total Story Points,,20,changed_cell,Epic is included in the planned sandbox and was not found in the comparison baseline.,Review the added epic in the sandbox Project file.,92
Info,AddedEpic,WEB-2025,WEB,Epic,Web experience epic 26,Completed Story Points,,4,changed_cell,Epic is included in the planned sandbox and was not found in the comparison baseline.,Review the added epic in the sandbox Project file.,92
Info,AddedEpic,WEB-2025,WEB,Epic,Web experience epic 26,Jira Target Start,,2026-07-27,changed_cell,Epic is included in the planned sandbox and was not found in the comparison baseline.,Review the added epic in the sandbox Project file.,92
Info,AddedEpic,WEB-2025,WEB,Epic,Web experience epic 26,Jira Target End,,2026-08-24,changed_cell,Epic is included in the planned sandbox and was not found in the comparison baseline.,Review the added epic in the sandbox Project file.,92
Info,AddedEpic,WEB-2026,WEB,Epic,Web experience epic 27,Name,,Web experience epic 27,changed_cell,Epic is included in the planned sandbox and was not found in the comparison baseline.,Review the added epic in the sandbox Project file.,93
Info,AddedEpic,WEB-2026,WEB,Epic,Web experience epic 27,Rollup Key,,INIT-1200,changed_cell,Epic is included in the planned sandbox and was not found in the comparison baseline.,Review the added epic in the sandbox Project file.,93
Info,AddedEpic,WEB-2026,WEB,Epic,Web experience epic 27,Resource Group,,Web Experience,changed_cell,Epic is included in the planned sandbox and was not found in the comparison baseline.,Review the added epic in the sandbox Project file.,93
Info,AddedEpic,WEB-2026,WEB,Epic,Web experience epic 27,% Complete,,29,changed_cell,Epic is included in the planned sandbox and was not found in the comparison baseline.,Review the added epic in the sandbox Project file.,93
Info,AddedEpic,WEB-2026,WEB,Epic,Web experience epic 27,Total Story Points,,24,changed_cell,Epic is included in the planned sandbox and was not found in the comparison baseline.,Review the added epic in the sandbox Project file.,93
Info,AddedEpic,WEB-2026,WEB,Epic,Web experience epic 27,Completed Story Points,,7,changed_cell,Epic is included in the planned sandbox and was not found in the comparison baseline.,Review the added epic in the sandbox Project file.,93
Info,AddedEpic,WEB-2026,WEB,Epic,Web experience epic 27,Jira Target Start,,2026-08-03,changed_cell,Epic is included in the planned sandbox and was not found in the comparison baseline.,Review the added epic in the sandbox Project file.,93
Info,AddedEpic,WEB-2026,WEB,Epic,Web experience epic 27,Jira Target End,,2026-09-07,changed_cell,Epic is included in the planned sandbox and was not found in the comparison baseline.,Review the added epic in the sandbox Project file.,93
Info,AddedEpic,WEB-2027,WEB,Epic,Web experience epic 28,Name,,Web experience epic 28,changed_cell,Epic is included in the planned sandbox and was not found in the comparison baseline.,Review the added epic in the sandbox Project file.,94
Info,AddedEpic,WEB-2027,WEB,Epic,Web experience epic 28,Rollup Key,,INIT-500,changed_cell,Epic is included in the planned sandbox and was not found in the comparison baseline.,Review the added epic in the sandbox Project file.,94
Info,AddedEpic,WEB-2027,WEB,Epic,Web experience epic 28,Resource Group,,Web Experience,changed_cell,Epic is included in the planned sandbox and was not found in the comparison baseline.,Review the added epic in the sandbox Project file.,94
Info,AddedEpic,WEB-2027,WEB,Epic,Web experience epic 28,% Complete,,19,changed_cell,Epic is included in the planned sandbox and was not found in the comparison baseline.,Review the added epic in the sandbox Project file.,94
Info,AddedEpic,WEB-2027,WEB,Epic,Web experience epic 28,Total Story Points,,21,changed_cell,Epic is included in the planned sandbox and was not found in the comparison baseline.,Review the added epic in the sandbox Project file.,94
Info,AddedEpic,WEB-2027,WEB,Epic,Web experience epic 28,Completed Story Points,,4,changed_cell,Epic is included in the planned sandbox and was not found in the comparison baseline.,Review the added epic in the sandbox Project file.,94
Info,AddedEpic,WEB-2027,WEB,Epic,Web experience epic 28,Jira Target Start,,2026-08-10,changed_cell,Epic is included in the planned sandbox and was not found in the comparison baseline.,Review the added epic in the sandbox Project file.,94
Info,AddedEpic,WEB-2027,WEB,Epic,Web experience epic 28,Jira Target End,,2026-09-21,changed_cell,Epic is included in the planned sandbox and was not found in the comparison baseline.,Review the added epic in the sandbox Project file.,94
Info,AddedEpic,WEB-2028,WEB,Epic,Web experience epic 29,Name,,Web experience epic 29,changed_cell,Epic is included in the planned sandbox and was not found in the comparison baseline.,Review the added epic in the sandbox Project file.,95
Info,AddedEpic,WEB-2028,WEB,Epic,Web experience epic 29,Rollup Key,,INIT-100,changed_cell,Epic is included in the planned sandbox and was not found in the comparison baseline.,Review the added epic in the sandbox Project file.,95
Info,AddedEpic,WEB-2028,WEB,Epic,Web experience epic 29,Resource Group,,Web Experience,changed_cell,Epic is included in the planned sandbox and was not found in the comparison baseline.,Review the added epic in the sandbox Project file.,95
Info,AddedEpic,WEB-2028,WEB,Epic,Web experience epic 29,% Complete,,37,changed_cell,Epic is included in the planned sandbox and was not found in the comparison baseline.,Review the added epic in the sandbox Project file.,95
Info,AddedEpic,WEB-2028,WEB,Epic,Web experience epic 29,Total Story Points,,27,changed_cell,Epic is included in the planned sandbox and was not found in the comparison baseline.,Review the added epic in the sandbox Project file.,95
Info,AddedEpic,WEB-2028,WEB,Epic,Web experience epic 29,Completed Story Points,,10,changed_cell,Epic is included in the planned sandbox and was not found in the comparison baseline.,Review the added epic in the sandbox Project file.,95
Info,AddedEpic,WEB-2028,WEB,Epic,Web experience epic 29,Jira Target Start,,2026-08-17,changed_cell,Epic is included in the planned sandbox and was not found in the comparison baseline.,Review the added epic in the sandbox Project file.,95
Info,AddedEpic,WEB-2028,WEB,Epic,Web experience epic 29,Jira Target End,,2026-10-05,changed_cell,Epic is included in the planned sandbox and was not found in the comparison baseline.,Review the added epic in the sandbox Project file.,95
Info,AddedEpic,WEB-2029,WEB,Epic,Web experience epic 30,Name,,Web experience epic 30,changed_cell,Epic is included in the planned sandbox and was not found in the comparison baseline.,Review the added epic in the sandbox Project file.,96
Info,AddedEpic,WEB-2029,WEB,Epic,Web experience epic 30,Rollup Key,,INIT-1200,changed_cell,Epic is included in the planned sandbox and was not found in the comparison baseline.,Review the added epic in the sandbox Project file.,96
Info,AddedEpic,WEB-2029,WEB,Epic,Web experience epic 30,Resource Group,,Web Experience,changed_cell,Epic is included in the planned sandbox and was not found in the comparison baseline.,Review the added epic in the sandbox Project file.,96
Info,AddedEpic,WEB-2029,WEB,Epic,Web experience epic 30,% Complete,,18,changed_cell,Epic is included in the planned sandbox and was not found in the comparison baseline.,Review the added epic in the sandbox Project file.,96
Info,AddedEpic,WEB-2029,WEB,Epic,Web experience epic 30,Total Story Points,,22,changed_cell,Epic is included in the planned sandbox and was not found in the comparison baseline.,Review the added epic in the sandbox Project file.,96
Info,AddedEpic,WEB-2029,WEB,Epic,Web experience epic 30,Completed Story Points,,4,changed_cell,Epic is included in the planned sandbox and was not found in the comparison baseline.,Review the added epic in the sandbox Project file.,96
Info,AddedEpic,WEB-2029,WEB,Epic,Web experience epic 30,Jira Target Start,,2026-08-24,changed_cell,Epic is included in the planned sandbox and was not found in the comparison baseline.,Review the added epic in the sandbox Project file.,96
Info,AddedEpic,WEB-2029,WEB,Epic,Web experience epic 30,Jira Target End,,2026-10-19,changed_cell,Epic is included in the planned sandbox and was not found in the comparison baseline.,Review the added epic in the sandbox Project file.,96
Info,AddedEpic,WEB-2030,WEB,Epic,Web experience epic 31,Name,,Web experience epic 31,changed_cell,Epic is included in the planned sandbox and was not found in the comparison baseline.,Review the added epic in the sandbox Project file.,97
Info,AddedEpic,WEB-2030,WEB,Epic,Web experience epic 31,Rollup Key,,INIT-500,changed_cell,Epic is included in the planned sandbox and was not found in the comparison baseline.,Review the added epic in the sandbox Project file.,97
Info,AddedEpic,WEB-2030,WEB,Epic,Web experience epic 31,Resource Group,,Web Experience,changed_cell,Epic is included in the planned sandbox and was not found in the comparison baseline.,Review the added epic in the sandbox Project file.,97
Info,AddedEpic,WEB-2030,WEB,Epic,Web experience epic 31,% Complete,,42,changed_cell,Epic is included in the planned sandbox and was not found in the comparison baseline.,Review the added epic in the sandbox Project file.,97
Info,AddedEpic,WEB-2030,WEB,Epic,Web experience epic 31,Total Story Points,,19,changed_cell,Epic is included in the planned sandbox and was not found in the comparison baseline.,Review the added epic in the sandbox Project file.,97
Info,AddedEpic,WEB-2030,WEB,Epic,Web experience epic 31,Completed Story Points,,8,changed_cell,Epic is included in the planned sandbox and was not found in the comparison baseline.,Review the added epic in the sandbox Project file.,97
Info,AddedEpic,WEB-2030,WEB,Epic,Web experience epic 31,Jira Target Start,,2026-08-31,changed_cell,Epic is included in the planned sandbox and was not found in the comparison baseline.,Review the added epic in the sandbox Project file.,97
Info,AddedEpic,WEB-2030,WEB,Epic,Web experience epic 31,Jira Target End,,2026-09-28,changed_cell,Epic is included in the planned sandbox and was not found in the comparison baseline.,Review the added epic in the sandbox Project file.,97
Info,AddedEpic,WEB-2031,WEB,Epic,Web experience epic 32,Name,,Web experience epic 32,changed_cell,Epic is included in the planned sandbox and was not found in the comparison baseline.,Review the added epic in the sandbox Project file.,98
Info,AddedEpic,WEB-2031,WEB,Epic,Web experience epic 32,Rollup Key,,INIT-100,changed_cell,Epic is included in the planned sandbox and was not found in the comparison baseline.,Review the added epic in the sandbox Project file.,98
Info,AddedEpic,WEB-2031,WEB,Epic,Web experience epic 32,Resource Group,,Web Experience,changed_cell,Epic is included in the planned sandbox and was not found in the comparison baseline.,Review the added epic in the sandbox Project file.,98
Info,AddedEpic,WEB-2031,WEB,Epic,Web experience epic 32,% Complete,,32,changed_cell,Epic is included in the planned sandbox and was not found in the comparison baseline.,Review the added epic in the sandbox Project file.,98
Info,AddedEpic,WEB-2031,WEB,Epic,Web experience epic 32,Total Story Points,,19,changed_cell,Epic is included in the planned sandbox and was not found in the comparison baseline.,Review the added epic in the sandbox Project file.,98
Info,AddedEpic,WEB-2031,WEB,Epic,Web experience epic 32,Completed Story Points,,6,changed_cell,Epic is included in the planned sandbox and was not found in the comparison baseline.,Review the added epic in the sandbox Project file.,98
Info,AddedEpic,WEB-2031,WEB,Epic,Web experience epic 32,Jira Target Start,,2026-09-07,changed_cell,Epic is included in the planned sandbox and was not found in the comparison baseline.,Review the added epic in the sandbox Project file.,98
Info,AddedEpic,WEB-2031,WEB,Epic,Web experience epic 32,Jira Target End,,2026-10-12,changed_cell,Epic is included in the planned sandbox and was not found in the comparison baseline.,Review the added epic in the sandbox Project file.,98
Info,AddedEpic,WEB-2032,WEB,Epic,Web experience epic 33,Name,,Web experience epic 33,changed_cell,Epic is included in the planned sandbox and was not found in the comparison baseline.,Review the added epic in the sandbox Project file.,99
Info,AddedEpic,WEB-2032,WEB,Epic,Web experience epic 33,Rollup Key,,INIT-1200,changed_cell,Epic is included in the planned sandbox and was not found in the comparison baseline.,Review the added epic in the sandbox Project file.,99
Info,AddedEpic,WEB-2032,WEB,Epic,Web experience epic 33,Resource Group,,Web Experience,changed_cell,Epic is included in the planned sandbox and was not found in the comparison baseline.,Review the added epic in the sandbox Project file.,99
Info,AddedEpic,WEB-2032,WEB,Epic,Web experience epic 33,% Complete,,58,changed_cell,Epic is included in the planned sandbox and was not found in the comparison baseline.,Review the added epic in the sandbox Project file.,99
Info,AddedEpic,WEB-2032,WEB,Epic,Web experience epic 33,Total Story Points,,19,changed_cell,Epic is included in the planned sandbox and was not found in the comparison baseline.,Review the added epic in the sandbox Project file.,99
Info,AddedEpic,WEB-2032,WEB,Epic,Web experience epic 33,Completed Story Points,,11,changed_cell,Epic is included in the planned sandbox and was not found in the comparison baseline.,Review the added epic in the sandbox Project file.,99
Info,AddedEpic,WEB-2032,WEB,Epic,Web experience epic 33,Jira Target Start,,2026-09-14,changed_cell,Epic is included in the planned sandbox and was not found in the comparison baseline.,Review the added epic in the sandbox Project file.,99
Info,AddedEpic,WEB-2032,WEB,Epic,Web experience epic 33,Jira Target End,,2026-10-26,changed_cell,Epic is included in the planned sandbox and was not found in the comparison baseline.,Review the added epic in the sandbox Project file.,99
Info,AddedEpic,WEB-2033,WEB,Epic,Web experience epic 34,Name,,Web experience epic 34,changed_cell,Epic is included in the planned sandbox and was not found in the comparison baseline.,Review the added epic in the sandbox Project file.,100
Info,AddedEpic,WEB-2033,WEB,Epic,Web experience epic 34,Rollup Key,,INIT-500,changed_cell,Epic is included in the planned sandbox and was not found in the comparison baseline.,Review the added epic in the sandbox Project file.,100
Info,AddedEpic,WEB-2033,WEB,Epic,Web experience epic 34,Resource Group,,Web Experience,changed_cell,Epic is included in the planned sandbox and was not found in the comparison baseline.,Review the added epic in the sandbox Project file.,100
Info,AddedEpic,WEB-2033,WEB,Epic,Web experience epic 34,% Complete,,26,changed_cell,Epic is included in the planned sandbox and was not found in the comparison baseline.,Review the added epic in the sandbox Project file.,100
Info,AddedEpic,WEB-2033,WEB,Epic,Web experience epic 34,Total Story Points,,19,changed_cell,Epic is included in the planned sandbox and was not found in the comparison baseline.,Review the added epic in the sandbox Project file.,100
Info,AddedEpic,WEB-2033,WEB,Epic,Web experience epic 34,Completed Story Points,,5,changed_cell,Epic is included in the planned sandbox and was not found in the comparison baseline.,Review the added epic in the sandbox Project file.,100
Info,AddedEpic,WEB-2033,WEB,Epic,Web experience epic 34,Jira Target Start,,2026-09-21,changed_cell,Epic is included in the planned sandbox and was not found in the comparison baseline.,Review the added epic in the sandbox Project file.,100
Info,AddedEpic,WEB-2033,WEB,Epic,Web experience epic 34,Jira Target End,,2026-11-09,changed_cell,Epic is included in the planned sandbox and was not found in the comparison baseline.,Review the added epic in the sandbox Project file.,100
Info,AddedEpic,WEB-2034,WEB,Epic,Web experience epic 35,Name,,Web experience epic 35,changed_cell,Epic is included in the planned sandbox and was not found in the comparison baseline.,Review the added epic in the sandbox Project file.,101
Info,AddedEpic,WEB-2034,WEB,Epic,Web experience epic 35,Rollup Key,,INIT-100,changed_cell,Epic is included in the planned sandbox and was not found in the comparison baseline.,Review the added epic in the sandbox Project file.,101
Info,AddedEpic,WEB-2034,WEB,Epic,Web experience epic 35,Resource Group,,Web Experience,changed_cell,Epic is included in the planned sandbox and was not found in the comparison baseline.,Review the added epic in the sandbox Project file.,101
Info,AddedEpic,WEB-2034,WEB,Epic,Web experience epic 35,% Complete,,58,changed_cell,Epic is included in the planned sandbox and was not found in the comparison baseline.,Review the added epic in the sandbox Project file.,101
Info,AddedEpic,WEB-2034,WEB,Epic,Web experience epic 35,Total Story Points,,19,changed_cell,Epic is included in the planned sandbox and was not found in the comparison baseline.,Review the added epic in the sandbox Project file.,101
Info,AddedEpic,WEB-2034,WEB,Epic,Web experience epic 35,Completed Story Points,,11,changed_cell,Epic is included in the planned sandbox and was not found in the comparison baseline.,Review the added epic in the sandbox Project file.,101
Info,AddedEpic,WEB-2034,WEB,Epic,Web experience epic 35,Jira Target Start,,2026-04-06,changed_cell,Epic is included in the planned sandbox and was not found in the comparison baseline.,Review the added epic in the sandbox Project file.,101
Info,AddedEpic,WEB-2034,WEB,Epic,Web experience epic 35,Jira Target End,,2026-06-01,changed_cell,Epic is included in the planned sandbox and was not found in the comparison baseline.,Review the added epic in the sandbox Project file.,101
Info,AddedEpic,WEB-2035,WEB,Epic,Web experience epic 36,Name,,Web experience epic 36,changed_cell,Epic is included in the planned sandbox and was not found in the comparison baseline.,Review the added epic in the sandbox Project file.,102
Info,AddedEpic,WEB-2035,WEB,Epic,Web experience epic 36,Rollup Key,,INIT-1200,changed_cell,Epic is included in the planned sandbox and was not found in the comparison baseline.,Review the added epic in the sandbox Project file.,102
Info,AddedEpic,WEB-2035,WEB,Epic,Web experience epic 36,Resource Group,,Web Experience,changed_cell,Epic is included in the planned sandbox and was not found in the comparison baseline.,Review the added epic in the sandbox Project file.,102
Info,AddedEpic,WEB-2035,WEB,Epic,Web experience epic 36,% Complete,,37,changed_cell,Epic is included in the planned sandbox and was not found in the comparison baseline.,Review the added epic in the sandbox Project file.,102
Info,AddedEpic,WEB-2035,WEB,Epic,Web experience epic 36,Total Story Points,,19,changed_cell,Epic is included in the planned sandbox and was not found in the comparison baseline.,Review the added epic in the sandbox Project file.,102
Info,AddedEpic,WEB-2035,WEB,Epic,Web experience epic 36,Completed Story Points,,7,changed_cell,Epic is included in the planned sandbox and was not found in the comparison baseline.,Review the added epic in the sandbox Project file.,102
Info,AddedEpic,WEB-2035,WEB,Epic,Web experience epic 36,Jira Target Start,,2026-04-13,changed_cell,Epic is included in the planned sandbox and was not found in the comparison baseline.,Review the added epic in the sandbox Project file.,102
Info,AddedEpic,WEB-2035,WEB,Epic,Web experience epic 36,Jira Target End,,2026-05-11,changed_cell,Epic is included in the planned sandbox and was not found in the comparison baseline.,Review the added epic in the sandbox Project file.,102
Info,AddedEpic,WEB-2036,WEB,Epic,Web experience epic 37,Name,,Web experience epic 37,changed_cell,Epic is included in the planned sandbox and was not found in the comparison baseline.,Review the added epic in the sandbox Project file.,103
Info,AddedEpic,WEB-2036,WEB,Epic,Web experience epic 37,Rollup Key,,INIT-500,changed_cell,Epic is included in the planned sandbox and was not found in the comparison baseline.,Review the added epic in the sandbox Project file.,103
Info,AddedEpic,WEB-2036,WEB,Epic,Web experience epic 37,Resource Group,,Web Experience,changed_cell,Epic is included in the planned sandbox and was not found in the comparison baseline.,Review the added epic in the sandbox Project file.,103
Info,AddedEpic,WEB-2036,WEB,Epic,Web experience epic 37,% Complete,,16,changed_cell,Epic is included in the planned sandbox and was not found in the comparison baseline.,Review the added epic in the sandbox Project file.,103
Info,AddedEpic,WEB-2036,WEB,Epic,Web experience epic 37,Total Story Points,,19,changed_cell,Epic is included in the planned sandbox and was not found in the comparison baseline.,Review the added epic in the sandbox Project file.,103
Info,AddedEpic,WEB-2036,WEB,Epic,Web experience epic 37,Completed Story Points,,3,changed_cell,Epic is included in the planned sandbox and was not found in the comparison baseline.,Review the added epic in the sandbox Project file.,103
Info,AddedEpic,WEB-2036,WEB,Epic,Web experience epic 37,Jira Target Start,,2026-04-20,changed_cell,Epic is included in the planned sandbox and was not found in the comparison baseline.,Review the added epic in the sandbox Project file.,103
Info,AddedEpic,WEB-2036,WEB,Epic,Web experience epic 37,Jira Target End,,2026-05-25,changed_cell,Epic is included in the planned sandbox and was not found in the comparison baseline.,Review the added epic in the sandbox Project file.,103
Info,AddedEpic,WEB-2037,WEB,Epic,Web experience epic 38,Name,,Web experience epic 38,changed_cell,Epic is included in the planned sandbox and was not found in the comparison baseline.,Review the added epic in the sandbox Project file.,104
Info,AddedEpic,WEB-2037,WEB,Epic,Web experience epic 38,Rollup Key,,INIT-100,changed_cell,Epic is included in the planned sandbox and was not found in the comparison baseline.,Review the added epic in the sandbox Project file.,104
Info,AddedEpic,WEB-2037,WEB,Epic,Web experience epic 38,Resource Group,,Web Experience,changed_cell,Epic is included in the planned sandbox and was not found in the comparison baseline.,Review the added epic in the sandbox Project file.,104
Info,AddedEpic,WEB-2037,WEB,Epic,Web experience epic 38,% Complete,,37,changed_cell,Epic is included in the planned sandbox and was not found in the comparison baseline.,Review the added epic in the sandbox Project file.,104
Info,AddedEpic,WEB-2037,WEB,Epic,Web experience epic 38,Total Story Points,,19,changed_cell,Epic is included in the planned sandbox and was not found in the comparison baseline.,Review the added epic in the sandbox Project file.,104
Info,AddedEpic,WEB-2037,WEB,Epic,Web experience epic 38,Completed Story Points,,7,changed_cell,Epic is included in the planned sandbox and was not found in the comparison baseline.,Review the added epic in the sandbox Project file.,104
Info,AddedEpic,WEB-2037,WEB,Epic,Web experience epic 38,Jira Target Start,,2026-04-27,changed_cell,Epic is included in the planned sandbox and was not found in the comparison baseline.,Review the added epic in the sandbox Project file.,104
Info,AddedEpic,WEB-2037,WEB,Epic,Web experience epic 38,Jira Target End,,2026-06-08,changed_cell,Epic is included in the planned sandbox and was not found in the comparison baseline.,Review the added epic in the sandbox Project file.,104
Info,AddedEpic,WEB-2038,WEB,Epic,Web experience epic 39,Name,,Web experience epic 39,changed_cell,Epic is included in the planned sandbox and was not found in the comparison baseline.,Review the added epic in the sandbox Project file.,105
Info,AddedEpic,WEB-2038,WEB,Epic,Web experience epic 39,Rollup Key,,INIT-1200,changed_cell,Epic is included in the planned sandbox and was not found in the comparison baseline.,Review the added epic in the sandbox Project file.,105
Info,AddedEpic,WEB-2038,WEB,Epic,Web experience epic 39,Resource Group,,Web Experience,changed_cell,Epic is included in the planned sandbox and was not found in the comparison baseline.,Review the added epic in the sandbox Project file.,105
Info,AddedEpic,WEB-2038,WEB,Epic,Web experience epic 39,% Complete,,21,changed_cell,Epic is included in the planned sandbox and was not found in the comparison baseline.,Review the added epic in the sandbox Project file.,105
Info,AddedEpic,WEB-2038,WEB,Epic,Web experience epic 39,Total Story Points,,19,changed_cell,Epic is included in the planned sandbox and was not found in the comparison baseline.,Review the added epic in the sandbox Project file.,105
Info,AddedEpic,WEB-2038,WEB,Epic,Web experience epic 39,Completed Story Points,,4,changed_cell,Epic is included in the planned sandbox and was not found in the comparison baseline.,Review the added epic in the sandbox Project file.,105
Info,AddedEpic,WEB-2038,WEB,Epic,Web experience epic 39,Jira Target Start,,2026-05-04,changed_cell,Epic is included in the planned sandbox and was not found in the comparison baseline.,Review the added epic in the sandbox Project file.,105
Info,AddedEpic,WEB-2038,WEB,Epic,Web experience epic 39,Jira Target End,,2026-06-22,changed_cell,Epic is included in the planned sandbox and was not found in the comparison baseline.,Review the added epic in the sandbox Project file.,105
Info,AddedEpic,WEB-2039,WEB,Epic,Web experience epic 40,Name,,Web experience epic 40,changed_cell,Epic is included in the planned sandbox and was not found in the comparison baseline.,Review the added epic in the sandbox Project file.,106
Info,AddedEpic,WEB-2039,WEB,Epic,Web experience epic 40,Rollup Key,,INIT-500,changed_cell,Epic is included in the planned sandbox and was not found in the comparison baseline.,Review the added epic in the sandbox Project file.,106
Info,AddedEpic,WEB-2039,WEB,Epic,Web experience epic 40,Resource Group,,Web Experience,changed_cell,Epic is included in the planned sandbox and was not found in the comparison baseline.,Review the added epic in the sandbox Project file.,106
Info,AddedEpic,WEB-2039,WEB,Epic,Web experience epic 40,% Complete,,11,changed_cell,Epic is included in the planned sandbox and was not found in the comparison baseline.,Review the added epic in the sandbox Project file.,106
Info,AddedEpic,WEB-2039,WEB,Epic,Web experience epic 40,Total Story Points,,19,changed_cell,Epic is included in the planned sandbox and was not found in the comparison baseline.,Review the added epic in the sandbox Project file.,106
Info,AddedEpic,WEB-2039,WEB,Epic,Web experience epic 40,Completed Story Points,,2,changed_cell,Epic is included in the planned sandbox and was not found in the comparison baseline.,Review the added epic in the sandbox Project file.,106
Info,AddedEpic,WEB-2039,WEB,Epic,Web experience epic 40,Jira Target Start,,2026-05-11,changed_cell,Epic is included in the planned sandbox and was not found in the comparison baseline.,Review the added epic in the sandbox Project file.,106
Info,AddedEpic,WEB-2039,WEB,Epic,Web experience epic 40,Jira Target End,,2026-07-06,changed_cell,Epic is included in the planned sandbox and was not found in the comparison baseline.,Review the added epic in the sandbox Project file.,106
Info,AddedEpic,WEB-2040,WEB,Epic,Web experience epic 41,Name,,Web experience epic 41,changed_cell,Epic is included in the planned sandbox and was not found in the comparison baseline.,Review the added epic in the sandbox Project file.,107
Info,AddedEpic,WEB-2040,WEB,Epic,Web experience epic 41,Rollup Key,,INIT-100,changed_cell,Epic is included in the planned sandbox and was not found in the comparison baseline.,Review the added epic in the sandbox Project file.,107
Info,AddedEpic,WEB-2040,WEB,Epic,Web experience epic 41,Resource Group,,Web Experience,changed_cell,Epic is included in the planned sandbox and was not found in the comparison baseline.,Review the added epic in the sandbox Project file.,107
Info,AddedEpic,WEB-2040,WEB,Epic,Web experience epic 41,% Complete,,22,changed_cell,Epic is included in the planned sandbox and was not found in the comparison baseline.,Review the added epic in the sandbox Project file.,107
Info,AddedEpic,WEB-2040,WEB,Epic,Web experience epic 41,Total Story Points,,27,changed_cell,Epic is included in the planned sandbox and was not found in the comparison baseline.,Review the added epic in the sandbox Project file.,107
Info,AddedEpic,WEB-2040,WEB,Epic,Web experience epic 41,Completed Story Points,,6,changed_cell,Epic is included in the planned sandbox and was not found in the comparison baseline.,Review the added epic in the sandbox Project file.,107
Info,AddedEpic,WEB-2040,WEB,Epic,Web experience epic 41,Jira Target Start,,2026-05-18,changed_cell,Epic is included in the planned sandbox and was not found in the comparison baseline.,Review the added epic in the sandbox Project file.,107
Info,AddedEpic,WEB-2040,WEB,Epic,Web experience epic 41,Jira Target End,,2026-06-15,changed_cell,Epic is included in the planned sandbox and was not found in the comparison baseline.,Review the added epic in the sandbox Project file.,107
Info,AddedEpic,WEB-2041,WEB,Epic,Web experience epic 42,Name,,Web experience epic 42,changed_cell,Epic is included in the planned sandbox and was not found in the comparison baseline.,Review the added epic in the sandbox Project file.,108
Info,AddedEpic,WEB-2041,WEB,Epic,Web experience epic 42,Rollup Key,,INIT-1200,changed_cell,Epic is included in the planned sandbox and was not found in the comparison baseline.,Review the added epic in the sandbox Project file.,108
Info,AddedEpic,WEB-2041,WEB,Epic,Web experience epic 42,Resource Group,,Web Experience,changed_cell,Epic is included in the planned sandbox and was not found in the comparison baseline.,Review the added epic in the sandbox Project file.,108
Info,AddedEpic,WEB-2041,WEB,Epic,Web experience epic 42,% Complete,,50,changed_cell,Epic is included in the planned sandbox and was not found in the comparison baseline.,Review the added epic in the sandbox Project file.,108
Info,AddedEpic,WEB-2041,WEB,Epic,Web experience epic 42,Total Story Points,,22,changed_cell,Epic is included in the planned sandbox and was not found in the comparison baseline.,Review the added epic in the sandbox Project file.,108
Info,AddedEpic,WEB-2041,WEB,Epic,Web experience epic 42,Completed Story Points,,11,changed_cell,Epic is included in the planned sandbox and was not found in the comparison baseline.,Review the added epic in the sandbox Project file.,108
Info,AddedEpic,WEB-2041,WEB,Epic,Web experience epic 42,Jira Target Start,,2026-05-25,changed_cell,Epic is included in the planned sandbox and was not found in the comparison baseline.,Review the added epic in the sandbox Project file.,108
Info,AddedEpic,WEB-2041,WEB,Epic,Web experience epic 42,Jira Target End,,2026-06-29,changed_cell,Epic is included in the planned sandbox and was not found in the comparison baseline.,Review the added epic in the sandbox Project file.,108
Info,AddedEpic,WEB-2042,WEB,Epic,Web experience epic 43,Name,,Web experience epic 43,changed_cell,Epic is included in the planned sandbox and was not found in the comparison baseline.,Review the added epic in the sandbox Project file.,109
Info,AddedEpic,WEB-2042,WEB,Epic,Web experience epic 43,Rollup Key,,INIT-500,changed_cell,Epic is included in the planned sandbox and was not found in the comparison baseline.,Review the added epic in the sandbox Project file.,109
Info,AddedEpic,WEB-2042,WEB,Epic,Web experience epic 43,Resource Group,,Web Experience,changed_cell,Epic is included in the planned sandbox and was not found in the comparison baseline.,Review the added epic in the sandbox Project file.,109
Info,AddedEpic,WEB-2042,WEB,Epic,Web experience epic 43,% Complete,,30,changed_cell,Epic is included in the planned sandbox and was not found in the comparison baseline.,Review the added epic in the sandbox Project file.,109
Info,AddedEpic,WEB-2042,WEB,Epic,Web experience epic 43,Total Story Points,,20,changed_cell,Epic is included in the planned sandbox and was not found in the comparison baseline.,Review the added epic in the sandbox Project file.,109
Info,AddedEpic,WEB-2042,WEB,Epic,Web experience epic 43,Completed Story Points,,6,changed_cell,Epic is included in the planned sandbox and was not found in the comparison baseline.,Review the added epic in the sandbox Project file.,109
Info,AddedEpic,WEB-2042,WEB,Epic,Web experience epic 43,Jira Target Start,,2026-06-01,changed_cell,Epic is included in the planned sandbox and was not found in the comparison baseline.,Review the added epic in the sandbox Project file.,109
Info,AddedEpic,WEB-2042,WEB,Epic,Web experience epic 43,Jira Target End,,2026-07-13,changed_cell,Epic is included in the planned sandbox and was not found in the comparison baseline.,Review the added epic in the sandbox Project file.,109
Info,AddedEpic,WEB-2043,WEB,Epic,Web experience epic 44,Name,,Web experience epic 44,changed_cell,Epic is included in the planned sandbox and was not found in the comparison baseline.,Review the added epic in the sandbox Project file.,110
Info,AddedEpic,WEB-2043,WEB,Epic,Web experience epic 44,Rollup Key,,INIT-100,changed_cell,Epic is included in the planned sandbox and was not found in the comparison baseline.,Review the added epic in the sandbox Project file.,110
Info,AddedEpic,WEB-2043,WEB,Epic,Web experience epic 44,Resource Group,,Web Experience,changed_cell,Epic is included in the planned sandbox and was not found in the comparison baseline.,Review the added epic in the sandbox Project file.,110
Info,AddedEpic,WEB-2043,WEB,Epic,Web experience epic 44,% Complete,,46,changed_cell,Epic is included in the planned sandbox and was not found in the comparison baseline.,Review the added epic in the sandbox Project file.,110
Info,AddedEpic,WEB-2043,WEB,Epic,Web experience epic 44,Total Story Points,,24,changed_cell,Epic is included in the planned sandbox and was not found in the comparison baseline.,Review the added epic in the sandbox Project file.,110
Info,AddedEpic,WEB-2043,WEB,Epic,Web experience epic 44,Completed Story Points,,11,changed_cell,Epic is included in the planned sandbox and was not found in the comparison baseline.,Review the added epic in the sandbox Project file.,110
Info,AddedEpic,WEB-2043,WEB,Epic,Web experience epic 44,Jira Target Start,,2026-06-08,changed_cell,Epic is included in the planned sandbox and was not found in the comparison baseline.,Review the added epic in the sandbox Project file.,110
Info,AddedEpic,WEB-2043,WEB,Epic,Web experience epic 44,Jira Target End,,2026-07-27,changed_cell,Epic is included in the planned sandbox and was not found in the comparison baseline.,Review the added epic in the sandbox Project file.,110
Info,AddedEpic,WEB-2044,WEB,Epic,Web experience epic 45,Name,,Web experience epic 45,changed_cell,Epic is included in the planned sandbox and was not found in the comparison baseline.,Review the added epic in the sandbox Project file.,111
Info,AddedEpic,WEB-2044,WEB,Epic,Web experience epic 45,Rollup Key,,INIT-1200,changed_cell,Epic is included in the planned sandbox and was not found in the comparison baseline.,Review the added epic in the sandbox Project file.,111
Info,AddedEpic,WEB-2044,WEB,Epic,Web experience epic 45,Resource Group,,Web Experience,changed_cell,Epic is included in the planned sandbox and was not found in the comparison baseline.,Review the added epic in the sandbox Project file.,111
Info,AddedEpic,WEB-2044,WEB,Epic,Web experience epic 45,% Complete,,33,changed_cell,Epic is included in the planned sandbox and was not found in the comparison baseline.,Review the added epic in the sandbox Project file.,111
Info,AddedEpic,WEB-2044,WEB,Epic,Web experience epic 45,Total Story Points,,21,changed_cell,Epic is included in the planned sandbox and was not found in the comparison baseline.,Review the added epic in the sandbox Project file.,111
Info,AddedEpic,WEB-2044,WEB,Epic,Web experience epic 45,Completed Story Points,,7,changed_cell,Epic is included in the planned sandbox and was not found in the comparison baseline.,Review the added epic in the sandbox Project file.,111
Info,AddedEpic,WEB-2044,WEB,Epic,Web experience epic 45,Jira Target Start,,2026-06-15,changed_cell,Epic is included in the planned sandbox and was not found in the comparison baseline.,Review the added epic in the sandbox Project file.,111
Info,AddedEpic,WEB-2044,WEB,Epic,Web experience epic 45,Jira Target End,,2026-08-10,changed_cell,Epic is included in the planned sandbox and was not found in the comparison baseline.,Review the added epic in the sandbox Project file.,111
Info,AddedEpic,DATA-3000,DATA,Epic,Data platform epic 01,Name,,Data platform epic 01,changed_cell,Epic is included in the planned sandbox and was not found in the comparison baseline.,Review the added epic in the sandbox Project file.,112
Info,AddedEpic,DATA-3000,DATA,Epic,Data platform epic 01,Rollup Key,,INIT-300,changed_cell,Epic is included in the planned sandbox and was not found in the comparison baseline.,Review the added epic in the sandbox Project file.,112
Info,AddedEpic,DATA-3000,DATA,Epic,Data platform epic 01,Resource Group,,Data Engineering,changed_cell,Epic is included in the planned sandbox and was not found in the comparison baseline.,Review the added epic in the sandbox Project file.,112
Info,AddedEpic,DATA-3000,DATA,Epic,Data platform epic 01,% Complete,,46,changed_cell,Epic is included in the planned sandbox and was not found in the comparison baseline.,Review the added epic in the sandbox Project file.,112
Info,AddedEpic,DATA-3000,DATA,Epic,Data platform epic 01,Total Story Points,,24,changed_cell,Epic is included in the planned sandbox and was not found in the comparison baseline.,Review the added epic in the sandbox Project file.,112
Info,AddedEpic,DATA-3000,DATA,Epic,Data platform epic 01,Completed Story Points,,11,changed_cell,Epic is included in the planned sandbox and was not found in the comparison baseline.,Review the added epic in the sandbox Project file.,112
Info,AddedEpic,DATA-3000,DATA,Epic,Data platform epic 01,Jira Target Start,,2026-06-22,changed_cell,Epic is included in the planned sandbox and was not found in the comparison baseline.,Review the added epic in the sandbox Project file.,112
Info,AddedEpic,DATA-3000,DATA,Epic,Data platform epic 01,Jira Target End,,2026-07-20,changed_cell,Epic is included in the planned sandbox and was not found in the comparison baseline.,Review the added epic in the sandbox Project file.,112
Info,AddedEpic,DATA-3001,DATA,Epic,Data platform epic 02,Name,,Data platform epic 02,changed_cell,Epic is included in the planned sandbox and was not found in the comparison baseline.,Review the added epic in the sandbox Project file.,113
Info,AddedEpic,DATA-3001,DATA,Epic,Data platform epic 02,Rollup Key,,INIT-600,changed_cell,Epic is included in the planned sandbox and was not found in the comparison baseline.,Review the added epic in the sandbox Project file.,113
Info,AddedEpic,DATA-3001,DATA,Epic,Data platform epic 02,Resource Group,,Data Engineering,changed_cell,Epic is included in the planned sandbox and was not found in the comparison baseline.,Review the added epic in the sandbox Project file.,113
Info,AddedEpic,DATA-3001,DATA,Epic,Data platform epic 02,% Complete,,37,changed_cell,Epic is included in the planned sandbox and was not found in the comparison baseline.,Review the added epic in the sandbox Project file.,113
Info,AddedEpic,DATA-3001,DATA,Epic,Data platform epic 02,Total Story Points,,19,changed_cell,Epic is included in the planned sandbox and was not found in the comparison baseline.,Review the added epic in the sandbox Project file.,113
Info,AddedEpic,DATA-3001,DATA,Epic,Data platform epic 02,Completed Story Points,,7,changed_cell,Epic is included in the planned sandbox and was not found in the comparison baseline.,Review the added epic in the sandbox Project file.,113
Info,AddedEpic,DATA-3001,DATA,Epic,Data platform epic 02,Jira Target Start,,2026-06-29,changed_cell,Epic is included in the planned sandbox and was not found in the comparison baseline.,Review the added epic in the sandbox Project file.,113
Info,AddedEpic,DATA-3001,DATA,Epic,Data platform epic 02,Jira Target End,,2026-08-03,changed_cell,Epic is included in the planned sandbox and was not found in the comparison baseline.,Review the added epic in the sandbox Project file.,113
Info,AddedEpic,DATA-3002,DATA,Epic,Data platform epic 03,Name,,Data platform epic 03,changed_cell,Epic is included in the planned sandbox and was not found in the comparison baseline.,Review the added epic in the sandbox Project file.,114
Info,AddedEpic,DATA-3002,DATA,Epic,Data platform epic 03,Rollup Key,,INIT-1500,changed_cell,Epic is included in the planned sandbox and was not found in the comparison baseline.,Review the added epic in the sandbox Project file.,114
Info,AddedEpic,DATA-3002,DATA,Epic,Data platform epic 03,Resource Group,,Data Engineering,changed_cell,Epic is included in the planned sandbox and was not found in the comparison baseline.,Review the added epic in the sandbox Project file.,114
Info,AddedEpic,DATA-3002,DATA,Epic,Data platform epic 03,% Complete,,19,changed_cell,Epic is included in the planned sandbox and was not found in the comparison baseline.,Review the added epic in the sandbox Project file.,114
Info,AddedEpic,DATA-3002,DATA,Epic,Data platform epic 03,Total Story Points,,21,changed_cell,Epic is included in the planned sandbox and was not found in the comparison baseline.,Review the added epic in the sandbox Project file.,114
Info,AddedEpic,DATA-3002,DATA,Epic,Data platform epic 03,Completed Story Points,,4,changed_cell,Epic is included in the planned sandbox and was not found in the comparison baseline.,Review the added epic in the sandbox Project file.,114
Info,AddedEpic,DATA-3002,DATA,Epic,Data platform epic 03,Jira Target Start,,2026-07-06,changed_cell,Epic is included in the planned sandbox and was not found in the comparison baseline.,Review the added epic in the sandbox Project file.,114
Info,AddedEpic,DATA-3002,DATA,Epic,Data platform epic 03,Jira Target End,,2026-08-17,changed_cell,Epic is included in the planned sandbox and was not found in the comparison baseline.,Review the added epic in the sandbox Project file.,114
Info,AddedEpic,DATA-3003,DATA,Epic,Data platform epic 04,Name,,Data platform epic 04,changed_cell,Epic is included in the planned sandbox and was not found in the comparison baseline.,Review the added epic in the sandbox Project file.,115
Info,AddedEpic,DATA-3003,DATA,Epic,Data platform epic 04,Rollup Key,,INIT-300,changed_cell,Epic is included in the planned sandbox and was not found in the comparison baseline.,Review the added epic in the sandbox Project file.,115
Info,AddedEpic,DATA-3003,DATA,Epic,Data platform epic 04,Resource Group,,Data Engineering,changed_cell,Epic is included in the planned sandbox and was not found in the comparison baseline.,Review the added epic in the sandbox Project file.,115
Info,AddedEpic,DATA-3003,DATA,Epic,Data platform epic 04,% Complete,,53,changed_cell,Epic is included in the planned sandbox and was not found in the comparison baseline.,Review the added epic in the sandbox Project file.,115
Info,AddedEpic,DATA-3003,DATA,Epic,Data platform epic 04,Total Story Points,,19,changed_cell,Epic is included in the planned sandbox and was not found in the comparison baseline.,Review the added epic in the sandbox Project file.,115
Info,AddedEpic,DATA-3003,DATA,Epic,Data platform epic 04,Completed Story Points,,10,changed_cell,Epic is included in the planned sandbox and was not found in the comparison baseline.,Review the added epic in the sandbox Project file.,115
Info,AddedEpic,DATA-3003,DATA,Epic,Data platform epic 04,Jira Target Start,,2026-07-13,changed_cell,Epic is included in the planned sandbox and was not found in the comparison baseline.,Review the added epic in the sandbox Project file.,115
Info,AddedEpic,DATA-3003,DATA,Epic,Data platform epic 04,Jira Target End,,2026-08-31,changed_cell,Epic is included in the planned sandbox and was not found in the comparison baseline.,Review the added epic in the sandbox Project file.,115
Info,AddedEpic,DATA-3004,DATA,Epic,Data platform epic 05,Name,,Data platform epic 05,changed_cell,Epic is included in the planned sandbox and was not found in the comparison baseline.,Review the added epic in the sandbox Project file.,116
Info,AddedEpic,DATA-3004,DATA,Epic,Data platform epic 05,Rollup Key,,INIT-600,changed_cell,Epic is included in the planned sandbox and was not found in the comparison baseline.,Review the added epic in the sandbox Project file.,116
Info,AddedEpic,DATA-3004,DATA,Epic,Data platform epic 05,Resource Group,,Data Engineering,changed_cell,Epic is included in the planned sandbox and was not found in the comparison baseline.,Review the added epic in the sandbox Project file.,116
Info,AddedEpic,DATA-3004,DATA,Epic,Data platform epic 05,% Complete,,22,changed_cell,Epic is included in the planned sandbox and was not found in the comparison baseline.,Review the added epic in the sandbox Project file.,116
Info,AddedEpic,DATA-3004,DATA,Epic,Data platform epic 05,Total Story Points,,27,changed_cell,Epic is included in the planned sandbox and was not found in the comparison baseline.,Review the added epic in the sandbox Project file.,116
Info,AddedEpic,DATA-3004,DATA,Epic,Data platform epic 05,Completed Story Points,,6,changed_cell,Epic is included in the planned sandbox and was not found in the comparison baseline.,Review the added epic in the sandbox Project file.,116
Info,AddedEpic,DATA-3004,DATA,Epic,Data platform epic 05,Jira Target Start,,2026-07-20,changed_cell,Epic is included in the planned sandbox and was not found in the comparison baseline.,Review the added epic in the sandbox Project file.,116
Info,AddedEpic,DATA-3004,DATA,Epic,Data platform epic 05,Jira Target End,,2026-09-14,changed_cell,Epic is included in the planned sandbox and was not found in the comparison baseline.,Review the added epic in the sandbox Project file.,116
Info,AddedEpic,DATA-3005,DATA,Epic,Data platform epic 06,Name,,Data platform epic 06,changed_cell,Epic is included in the planned sandbox and was not found in the comparison baseline.,Review the added epic in the sandbox Project file.,117
Info,AddedEpic,DATA-3005,DATA,Epic,Data platform epic 06,Rollup Key,,INIT-1500,changed_cell,Epic is included in the planned sandbox and was not found in the comparison baseline.,Review the added epic in the sandbox Project file.,117
Info,AddedEpic,DATA-3005,DATA,Epic,Data platform epic 06,Resource Group,,Data Engineering,changed_cell,Epic is included in the planned sandbox and was not found in the comparison baseline.,Review the added epic in the sandbox Project file.,117
Info,AddedEpic,DATA-3005,DATA,Epic,Data platform epic 06,% Complete,,58,changed_cell,Epic is included in the planned sandbox and was not found in the comparison baseline.,Review the added epic in the sandbox Project file.,117
Info,AddedEpic,DATA-3005,DATA,Epic,Data platform epic 06,Total Story Points,,19,changed_cell,Epic is included in the planned sandbox and was not found in the comparison baseline.,Review the added epic in the sandbox Project file.,117
Info,AddedEpic,DATA-3005,DATA,Epic,Data platform epic 06,Completed Story Points,,11,changed_cell,Epic is included in the planned sandbox and was not found in the comparison baseline.,Review the added epic in the sandbox Project file.,117
Info,AddedEpic,DATA-3005,DATA,Epic,Data platform epic 06,Jira Target Start,,2026-07-27,changed_cell,Epic is included in the planned sandbox and was not found in the comparison baseline.,Review the added epic in the sandbox Project file.,117
Info,AddedEpic,DATA-3005,DATA,Epic,Data platform epic 06,Jira Target End,,2026-08-24,changed_cell,Epic is included in the planned sandbox and was not found in the comparison baseline.,Review the added epic in the sandbox Project file.,117
Info,AddedEpic,DATA-3006,DATA,Epic,Data platform epic 07,Name,,Data platform epic 07,changed_cell,Epic is included in the planned sandbox and was not found in the comparison baseline.,Review the added epic in the sandbox Project file.,118
Info,AddedEpic,DATA-3006,DATA,Epic,Data platform epic 07,Rollup Key,,INIT-300,changed_cell,Epic is included in the planned sandbox and was not found in the comparison baseline.,Review the added epic in the sandbox Project file.,118
Info,AddedEpic,DATA-3006,DATA,Epic,Data platform epic 07,Resource Group,,Data Engineering,changed_cell,Epic is included in the planned sandbox and was not found in the comparison baseline.,Review the added epic in the sandbox Project file.,118
Info,AddedEpic,DATA-3006,DATA,Epic,Data platform epic 07,% Complete,,32,changed_cell,Epic is included in the planned sandbox and was not found in the comparison baseline.,Review the added epic in the sandbox Project file.,118
Info,AddedEpic,DATA-3006,DATA,Epic,Data platform epic 07,Total Story Points,,22,changed_cell,Epic is included in the planned sandbox and was not found in the comparison baseline.,Review the added epic in the sandbox Project file.,118
Info,AddedEpic,DATA-3006,DATA,Epic,Data platform epic 07,Completed Story Points,,7,changed_cell,Epic is included in the planned sandbox and was not found in the comparison baseline.,Review the added epic in the sandbox Project file.,118
Info,AddedEpic,DATA-3006,DATA,Epic,Data platform epic 07,Jira Target Start,,2026-08-03,changed_cell,Epic is included in the planned sandbox and was not found in the comparison baseline.,Review the added epic in the sandbox Project file.,118
Info,AddedEpic,DATA-3006,DATA,Epic,Data platform epic 07,Jira Target End,,2026-09-07,changed_cell,Epic is included in the planned sandbox and was not found in the comparison baseline.,Review the added epic in the sandbox Project file.,118
Info,AddedEpic,DATA-3007,DATA,Epic,Data platform epic 08,Name,,Data platform epic 08,changed_cell,Epic is included in the planned sandbox and was not found in the comparison baseline.,Review the added epic in the sandbox Project file.,119
Info,AddedEpic,DATA-3007,DATA,Epic,Data platform epic 08,Rollup Key,,INIT-600,changed_cell,Epic is included in the planned sandbox and was not found in the comparison baseline.,Review the added epic in the sandbox Project file.,119
Info,AddedEpic,DATA-3007,DATA,Epic,Data platform epic 08,Resource Group,,Data Engineering,changed_cell,Epic is included in the planned sandbox and was not found in the comparison baseline.,Review the added epic in the sandbox Project file.,119
Info,AddedEpic,DATA-3007,DATA,Epic,Data platform epic 08,% Complete,,21,changed_cell,Epic is included in the planned sandbox and was not found in the comparison baseline.,Review the added epic in the sandbox Project file.,119
Info,AddedEpic,DATA-3007,DATA,Epic,Data platform epic 08,Total Story Points,,19,changed_cell,Epic is included in the planned sandbox and was not found in the comparison baseline.,Review the added epic in the sandbox Project file.,119
Info,AddedEpic,DATA-3007,DATA,Epic,Data platform epic 08,Completed Story Points,,4,changed_cell,Epic is included in the planned sandbox and was not found in the comparison baseline.,Review the added epic in the sandbox Project file.,119
Info,AddedEpic,DATA-3007,DATA,Epic,Data platform epic 08,Jira Target Start,,2026-08-10,changed_cell,Epic is included in the planned sandbox and was not found in the comparison baseline.,Review the added epic in the sandbox Project file.,119
Info,AddedEpic,DATA-3007,DATA,Epic,Data platform epic 08,Jira Target End,,2026-09-21,changed_cell,Epic is included in the planned sandbox and was not found in the comparison baseline.,Review the added epic in the sandbox Project file.,119
Info,AddedEpic,DATA-3008,DATA,Epic,Data platform blue circular dependency pair,Name,,Data platform blue circular dependency pair,changed_cell,Epic is included in the planned sandbox and was not found in the comparison baseline.,Review the added epic in the sandbox Project file.,120
Info,AddedEpic,DATA-3008,DATA,Epic,Data platform blue circular dependency pair,Rollup Key,,INIT-1500,changed_cell,Epic is included in the planned sandbox and was not found in the comparison baseline.,Review the added epic in the sandbox Project file.,120
Info,AddedEpic,DATA-3008,DATA,Epic,Data platform blue circular dependency pair,Resource Group,,Data Engineering,changed_cell,Epic is included in the planned sandbox and was not found in the comparison baseline.,Review the added epic in the sandbox Project file.,120
Info,AddedEpic,DATA-3008,DATA,Epic,Data platform blue circular dependency pair,% Complete,,50,changed_cell,Epic is included in the planned sandbox and was not found in the comparison baseline.,Review the added epic in the sandbox Project file.,120
Info,AddedEpic,DATA-3008,DATA,Epic,Data platform blue circular dependency pair,Total Story Points,,20,changed_cell,Epic is included in the planned sandbox and was not found in the comparison baseline.,Review the added epic in the sandbox Project file.,120
Info,AddedEpic,DATA-3008,DATA,Epic,Data platform blue circular dependency pair,Completed Story Points,,10,changed_cell,Epic is included in the planned sandbox and was not found in the comparison baseline.,Review the added epic in the sandbox Project file.,120
Info,AddedEpic,DATA-3008,DATA,Epic,Data platform blue circular dependency pair,Jira Target Start,,2026-08-17,changed_cell,Epic is included in the planned sandbox and was not found in the comparison baseline.,Review the added epic in the sandbox Project file.,120
Info,AddedEpic,DATA-3008,DATA,Epic,Data platform blue circular dependency pair,Jira Target End,,2026-10-05,changed_cell,Epic is included in the planned sandbox and was not found in the comparison baseline.,Review the added epic in the sandbox Project file.,120
Info,AddedEpic,DATA-3009,DATA,Epic,Data platform blue circular dependency pair,Name,,Data platform blue circular dependency pair,changed_cell,Epic is included in the planned sandbox and was not found in the comparison baseline.,Review the added epic in the sandbox Project file.,121
Info,AddedEpic,DATA-3009,DATA,Epic,Data platform blue circular dependency pair,Rollup Key,,INIT-300,changed_cell,Epic is included in the planned sandbox and was not found in the comparison baseline.,Review the added epic in the sandbox Project file.,121
Info,AddedEpic,DATA-3009,DATA,Epic,Data platform blue circular dependency pair,Resource Group,,Data Engineering,changed_cell,Epic is included in the planned sandbox and was not found in the comparison baseline.,Review the added epic in the sandbox Project file.,121
Info,AddedEpic,DATA-3009,DATA,Epic,Data platform blue circular dependency pair,% Complete,,32,changed_cell,Epic is included in the planned sandbox and was not found in the comparison baseline.,Review the added epic in the sandbox Project file.,121
Info,AddedEpic,DATA-3009,DATA,Epic,Data platform blue circular dependency pair,Total Story Points,,19,changed_cell,Epic is included in the planned sandbox and was not found in the comparison baseline.,Review the added epic in the sandbox Project file.,121
Info,AddedEpic,DATA-3009,DATA,Epic,Data platform blue circular dependency pair,Completed Story Points,,6,changed_cell,Epic is included in the planned sandbox and was not found in the comparison baseline.,Review the added epic in the sandbox Project file.,121
Info,AddedEpic,DATA-3009,DATA,Epic,Data platform blue circular dependency pair,Jira Target Start,,2026-08-24,changed_cell,Epic is included in the planned sandbox and was not found in the comparison baseline.,Review the added epic in the sandbox Project file.,121
Info,AddedEpic,DATA-3009,DATA,Epic,Data platform blue circular dependency pair,Jira Target End,,2026-10-19,changed_cell,Epic is included in the planned sandbox and was not found in the comparison baseline.,Review the added epic in the sandbox Project file.,121
Info,AddedEpic,DATA-3010,DATA,Epic,Data platform epic 11,Name,,Data platform epic 11,changed_cell,Epic is included in the planned sandbox and was not found in the comparison baseline.,Review the added epic in the sandbox Project file.,122
Info,AddedEpic,DATA-3010,DATA,Epic,Data platform epic 11,Rollup Key,,INIT-600,changed_cell,Epic is included in the planned sandbox and was not found in the comparison baseline.,Review the added epic in the sandbox Project file.,122
Info,AddedEpic,DATA-3010,DATA,Epic,Data platform epic 11,Resource Group,,Data Engineering,changed_cell,Epic is included in the planned sandbox and was not found in the comparison baseline.,Review the added epic in the sandbox Project file.,122
Info,AddedEpic,DATA-3010,DATA,Epic,Data platform epic 11,% Complete,,33,changed_cell,Epic is included in the planned sandbox and was not found in the comparison baseline.,Review the added epic in the sandbox Project file.,122
Info,AddedEpic,DATA-3010,DATA,Epic,Data platform epic 11,Total Story Points,,21,changed_cell,Epic is included in the planned sandbox and was not found in the comparison baseline.,Review the added epic in the sandbox Project file.,122
Info,AddedEpic,DATA-3010,DATA,Epic,Data platform epic 11,Completed Story Points,,7,changed_cell,Epic is included in the planned sandbox and was not found in the comparison baseline.,Review the added epic in the sandbox Project file.,122
Info,AddedEpic,DATA-3010,DATA,Epic,Data platform epic 11,Jira Target Start,,2026-08-31,changed_cell,Epic is included in the planned sandbox and was not found in the comparison baseline.,Review the added epic in the sandbox Project file.,122
Info,AddedEpic,DATA-3010,DATA,Epic,Data platform epic 11,Jira Target End,,2026-09-28,changed_cell,Epic is included in the planned sandbox and was not found in the comparison baseline.,Review the added epic in the sandbox Project file.,122
Info,AddedEpic,DATA-3011,DATA,Epic,Data platform epic 12,Name,,Data platform epic 12,changed_cell,Epic is included in the planned sandbox and was not found in the comparison baseline.,Review the added epic in the sandbox Project file.,123
Info,AddedEpic,DATA-3011,DATA,Epic,Data platform epic 12,Rollup Key,,INIT-1500,changed_cell,Epic is included in the planned sandbox and was not found in the comparison baseline.,Review the added epic in the sandbox Project file.,123
Info,AddedEpic,DATA-3011,DATA,Epic,Data platform epic 12,Resource Group,,Data Engineering,changed_cell,Epic is included in the planned sandbox and was not found in the comparison baseline.,Review the added epic in the sandbox Project file.,123
Info,AddedEpic,DATA-3011,DATA,Epic,Data platform epic 12,% Complete,,16,changed_cell,Epic is included in the planned sandbox and was not found in the comparison baseline.,Review the added epic in the sandbox Project file.,123
Info,AddedEpic,DATA-3011,DATA,Epic,Data platform epic 12,Total Story Points,,19,changed_cell,Epic is included in the planned sandbox and was not found in the comparison baseline.,Review the added epic in the sandbox Project file.,123
Info,AddedEpic,DATA-3011,DATA,Epic,Data platform epic 12,Completed Story Points,,3,changed_cell,Epic is included in the planned sandbox and was not found in the comparison baseline.,Review the added epic in the sandbox Project file.,123
Info,AddedEpic,DATA-3011,DATA,Epic,Data platform epic 12,Jira Target Start,,2026-09-07,changed_cell,Epic is included in the planned sandbox and was not found in the comparison baseline.,Review the added epic in the sandbox Project file.,123
Info,AddedEpic,DATA-3011,DATA,Epic,Data platform epic 12,Jira Target End,,2026-10-12,changed_cell,Epic is included in the planned sandbox and was not found in the comparison baseline.,Review the added epic in the sandbox Project file.,123
Info,AddedEpic,DATA-3012,DATA,Epic,Data platform epic 13,Name,,Data platform epic 13,changed_cell,Epic is included in the planned sandbox and was not found in the comparison baseline.,Review the added epic in the sandbox Project file.,124
Info,AddedEpic,DATA-3012,DATA,Epic,Data platform epic 13,Rollup Key,,INIT-300,changed_cell,Epic is included in the planned sandbox and was not found in the comparison baseline.,Review the added epic in the sandbox Project file.,124
Info,AddedEpic,DATA-3012,DATA,Epic,Data platform epic 13,Resource Group,,Data Engineering,changed_cell,Epic is included in the planned sandbox and was not found in the comparison baseline.,Review the added epic in the sandbox Project file.,124
Info,AddedEpic,DATA-3012,DATA,Epic,Data platform epic 13,% Complete,,37,changed_cell,Epic is included in the planned sandbox and was not found in the comparison baseline.,Review the added epic in the sandbox Project file.,124
Info,AddedEpic,DATA-3012,DATA,Epic,Data platform epic 13,Total Story Points,,27,changed_cell,Epic is included in the planned sandbox and was not found in the comparison baseline.,Review the added epic in the sandbox Project file.,124
Info,AddedEpic,DATA-3012,DATA,Epic,Data platform epic 13,Completed Story Points,,10,changed_cell,Epic is included in the planned sandbox and was not found in the comparison baseline.,Review the added epic in the sandbox Project file.,124
Info,AddedEpic,DATA-3012,DATA,Epic,Data platform epic 13,Jira Target Start,,2026-09-14,changed_cell,Epic is included in the planned sandbox and was not found in the comparison baseline.,Review the added epic in the sandbox Project file.,124
Info,AddedEpic,DATA-3012,DATA,Epic,Data platform epic 13,Jira Target End,,2026-10-26,changed_cell,Epic is included in the planned sandbox and was not found in the comparison baseline.,Review the added epic in the sandbox Project file.,124
Info,AddedEpic,DATA-3013,DATA,Epic,Data platform epic 14,Name,,Data platform epic 14,changed_cell,Epic is included in the planned sandbox and was not found in the comparison baseline.,Review the added epic in the sandbox Project file.,125
Info,AddedEpic,DATA-3013,DATA,Epic,Data platform epic 14,Rollup Key,,INIT-600,changed_cell,Epic is included in the planned sandbox and was not found in the comparison baseline.,Review the added epic in the sandbox Project file.,125
Info,AddedEpic,DATA-3013,DATA,Epic,Data platform epic 14,Resource Group,,Data Engineering,changed_cell,Epic is included in the planned sandbox and was not found in the comparison baseline.,Review the added epic in the sandbox Project file.,125
Info,AddedEpic,DATA-3013,DATA,Epic,Data platform epic 14,% Complete,,5,changed_cell,Epic is included in the planned sandbox and was not found in the comparison baseline.,Review the added epic in the sandbox Project file.,125
Info,AddedEpic,DATA-3013,DATA,Epic,Data platform epic 14,Total Story Points,,19,changed_cell,Epic is included in the planned sandbox and was not found in the comparison baseline.,Review the added epic in the sandbox Project file.,125
Info,AddedEpic,DATA-3013,DATA,Epic,Data platform epic 14,Completed Story Points,,1,changed_cell,Epic is included in the planned sandbox and was not found in the comparison baseline.,Review the added epic in the sandbox Project file.,125
Info,AddedEpic,DATA-3013,DATA,Epic,Data platform epic 14,Jira Target Start,,2026-09-21,changed_cell,Epic is included in the planned sandbox and was not found in the comparison baseline.,Review the added epic in the sandbox Project file.,125
Info,AddedEpic,DATA-3013,DATA,Epic,Data platform epic 14,Jira Target End,,2026-11-09,changed_cell,Epic is included in the planned sandbox and was not found in the comparison baseline.,Review the added epic in the sandbox Project file.,125
Info,AddedEpic,DATA-3014,DATA,Epic,Data platform epic 15,Name,,Data platform epic 15,changed_cell,Epic is included in the planned sandbox and was not found in the comparison baseline.,Review the added epic in the sandbox Project file.,126
Info,AddedEpic,DATA-3014,DATA,Epic,Data platform epic 15,Rollup Key,,INIT-1500,changed_cell,Epic is included in the planned sandbox and was not found in the comparison baseline.,Review the added epic in the sandbox Project file.,126
Info,AddedEpic,DATA-3014,DATA,Epic,Data platform epic 15,Resource Group,,Data Engineering,changed_cell,Epic is included in the planned sandbox and was not found in the comparison baseline.,Review the added epic in the sandbox Project file.,126
Info,AddedEpic,DATA-3014,DATA,Epic,Data platform epic 15,% Complete,,50,changed_cell,Epic is included in the planned sandbox and was not found in the comparison baseline.,Review the added epic in the sandbox Project file.,126
Info,AddedEpic,DATA-3014,DATA,Epic,Data platform epic 15,Total Story Points,,22,changed_cell,Epic is included in the planned sandbox and was not found in the comparison baseline.,Review the added epic in the sandbox Project file.,126
Info,AddedEpic,DATA-3014,DATA,Epic,Data platform epic 15,Completed Story Points,,11,changed_cell,Epic is included in the planned sandbox and was not found in the comparison baseline.,Review the added epic in the sandbox Project file.,126
Info,AddedEpic,DATA-3014,DATA,Epic,Data platform epic 15,Jira Target Start,,2026-09-28,changed_cell,Epic is included in the planned sandbox and was not found in the comparison baseline.,Review the added epic in the sandbox Project file.,126
Info,AddedEpic,DATA-3014,DATA,Epic,Data platform epic 15,Jira Target End,,2026-11-23,changed_cell,Epic is included in the planned sandbox and was not found in the comparison baseline.,Review the added epic in the sandbox Project file.,126
Info,AddedEpic,DATA-3015,DATA,Epic,Data platform epic 16,Name,,Data platform epic 16,changed_cell,Epic is included in the planned sandbox and was not found in the comparison baseline.,Review the added epic in the sandbox Project file.,127
Info,AddedEpic,DATA-3015,DATA,Epic,Data platform epic 16,Rollup Key,,INIT-300,changed_cell,Epic is included in the planned sandbox and was not found in the comparison baseline.,Review the added epic in the sandbox Project file.,127
Info,AddedEpic,DATA-3015,DATA,Epic,Data platform epic 16,Resource Group,,Data Engineering,changed_cell,Epic is included in the planned sandbox and was not found in the comparison baseline.,Review the added epic in the sandbox Project file.,127
Info,AddedEpic,DATA-3015,DATA,Epic,Data platform epic 16,% Complete,,26,changed_cell,Epic is included in the planned sandbox and was not found in the comparison baseline.,Review the added epic in the sandbox Project file.,127
Info,AddedEpic,DATA-3015,DATA,Epic,Data platform epic 16,Total Story Points,,19,changed_cell,Epic is included in the planned sandbox and was not found in the comparison baseline.,Review the added epic in the sandbox Project file.,127
Info,AddedEpic,DATA-3015,DATA,Epic,Data platform epic 16,Completed Story Points,,5,changed_cell,Epic is included in the planned sandbox and was not found in the comparison baseline.,Review the added epic in the sandbox Project file.,127
Info,AddedEpic,DATA-3015,DATA,Epic,Data platform epic 16,Jira Target Start,,2026-10-05,changed_cell,Epic is included in the planned sandbox and was not found in the comparison baseline.,Review the added epic in the sandbox Project file.,127
Info,AddedEpic,DATA-3015,DATA,Epic,Data platform epic 16,Jira Target End,,2026-11-02,changed_cell,Epic is included in the planned sandbox and was not found in the comparison baseline.,Review the added epic in the sandbox Project file.,127
Info,AddedEpic,DATA-3016,DATA,Epic,Data platform epic 17,Name,,Data platform epic 17,changed_cell,Epic is included in the planned sandbox and was not found in the comparison baseline.,Review the added epic in the sandbox Project file.,128
Info,AddedEpic,DATA-3016,DATA,Epic,Data platform epic 17,Rollup Key,,INIT-600,changed_cell,Epic is included in the planned sandbox and was not found in the comparison baseline.,Review the added epic in the sandbox Project file.,128
Info,AddedEpic,DATA-3016,DATA,Epic,Data platform epic 17,Resource Group,,Data Engineering,changed_cell,Epic is included in the planned sandbox and was not found in the comparison baseline.,Review the added epic in the sandbox Project file.,128
Info,AddedEpic,DATA-3016,DATA,Epic,Data platform epic 17,% Complete,,20,changed_cell,Epic is included in the planned sandbox and was not found in the comparison baseline.,Review the added epic in the sandbox Project file.,128
Info,AddedEpic,DATA-3016,DATA,Epic,Data platform epic 17,Total Story Points,,20,changed_cell,Epic is included in the planned sandbox and was not found in the comparison baseline.,Review the added epic in the sandbox Project file.,128
Info,AddedEpic,DATA-3016,DATA,Epic,Data platform epic 17,Completed Story Points,,4,changed_cell,Epic is included in the planned sandbox and was not found in the comparison baseline.,Review the added epic in the sandbox Project file.,128
Info,AddedEpic,DATA-3016,DATA,Epic,Data platform epic 17,Jira Target Start,,2026-10-12,changed_cell,Epic is included in the planned sandbox and was not found in the comparison baseline.,Review the added epic in the sandbox Project file.,128
Info,AddedEpic,DATA-3016,DATA,Epic,Data platform epic 17,Jira Target End,,2026-11-16,changed_cell,Epic is included in the planned sandbox and was not found in the comparison baseline.,Review the added epic in the sandbox Project file.,128
Info,AddedEpic,DATA-3017,DATA,Epic,Data platform epic 18,Name,,Data platform epic 18,changed_cell,Epic is included in the planned sandbox and was not found in the comparison baseline.,Review the added epic in the sandbox Project file.,129
Info,AddedEpic,DATA-3017,DATA,Epic,Data platform epic 18,Rollup Key,,INIT-1500,changed_cell,Epic is included in the planned sandbox and was not found in the comparison baseline.,Review the added epic in the sandbox Project file.,129
Info,AddedEpic,DATA-3017,DATA,Epic,Data platform epic 18,Resource Group,,Data Engineering,changed_cell,Epic is included in the planned sandbox and was not found in the comparison baseline.,Review the added epic in the sandbox Project file.,129
Info,AddedEpic,DATA-3017,DATA,Epic,Data platform epic 18,% Complete,,11,changed_cell,Epic is included in the planned sandbox and was not found in the comparison baseline.,Review the added epic in the sandbox Project file.,129
Info,AddedEpic,DATA-3017,DATA,Epic,Data platform epic 18,Total Story Points,,19,changed_cell,Epic is included in the planned sandbox and was not found in the comparison baseline.,Review the added epic in the sandbox Project file.,129
Info,AddedEpic,DATA-3017,DATA,Epic,Data platform epic 18,Completed Story Points,,2,changed_cell,Epic is included in the planned sandbox and was not found in the comparison baseline.,Review the added epic in the sandbox Project file.,129
Info,AddedEpic,DATA-3017,DATA,Epic,Data platform epic 18,Jira Target Start,,2026-04-27,changed_cell,Epic is included in the planned sandbox and was not found in the comparison baseline.,Review the added epic in the sandbox Project file.,129
Info,AddedEpic,DATA-3017,DATA,Epic,Data platform epic 18,Jira Target End,,2026-06-08,changed_cell,Epic is included in the planned sandbox and was not found in the comparison baseline.,Review the added epic in the sandbox Project file.,129
Info,AddedEpic,DATA-3018,DATA,Epic,Data platform epic 19,Name,,Data platform epic 19,changed_cell,Epic is included in the planned sandbox and was not found in the comparison baseline.,Review the added epic in the sandbox Project file.,130
Info,AddedEpic,DATA-3018,DATA,Epic,Data platform epic 19,Rollup Key,,INIT-300,changed_cell,Epic is included in the planned sandbox and was not found in the comparison baseline.,Review the added epic in the sandbox Project file.,130
Info,AddedEpic,DATA-3018,DATA,Epic,Data platform epic 19,Resource Group,,Data Engineering,changed_cell,Epic is included in the planned sandbox and was not found in the comparison baseline.,Review the added epic in the sandbox Project file.,130
Info,AddedEpic,DATA-3018,DATA,Epic,Data platform epic 19,% Complete,,25,changed_cell,Epic is included in the planned sandbox and was not found in the comparison baseline.,Review the added epic in the sandbox Project file.,130
Info,AddedEpic,DATA-3018,DATA,Epic,Data platform epic 19,Total Story Points,,24,changed_cell,Epic is included in the planned sandbox and was not found in the comparison baseline.,Review the added epic in the sandbox Project file.,130
Info,AddedEpic,DATA-3018,DATA,Epic,Data platform epic 19,Completed Story Points,,6,changed_cell,Epic is included in the planned sandbox and was not found in the comparison baseline.,Review the added epic in the sandbox Project file.,130
Info,AddedEpic,DATA-3018,DATA,Epic,Data platform epic 19,Jira Target Start,,2026-05-04,changed_cell,Epic is included in the planned sandbox and was not found in the comparison baseline.,Review the added epic in the sandbox Project file.,130
Info,AddedEpic,DATA-3018,DATA,Epic,Data platform epic 19,Jira Target End,,2026-06-22,changed_cell,Epic is included in the planned sandbox and was not found in the comparison baseline.,Review the added epic in the sandbox Project file.,130
Info,AddedEpic,DATA-3019,DATA,Epic,Data platform epic 20,Name,,Data platform epic 20,changed_cell,Epic is included in the planned sandbox and was not found in the comparison baseline.,Review the added epic in the sandbox Project file.,131
Info,AddedEpic,DATA-3019,DATA,Epic,Data platform epic 20,Rollup Key,,INIT-600,changed_cell,Epic is included in the planned sandbox and was not found in the comparison baseline.,Review the added epic in the sandbox Project file.,131
Info,AddedEpic,DATA-3019,DATA,Epic,Data platform epic 20,Resource Group,,Data Engineering,changed_cell,Epic is included in the planned sandbox and was not found in the comparison baseline.,Review the added epic in the sandbox Project file.,131
Info,AddedEpic,DATA-3019,DATA,Epic,Data platform epic 20,% Complete,,42,changed_cell,Epic is included in the planned sandbox and was not found in the comparison baseline.,Review the added epic in the sandbox Project file.,131
Info,AddedEpic,DATA-3019,DATA,Epic,Data platform epic 20,Total Story Points,,19,changed_cell,Epic is included in the planned sandbox and was not found in the comparison baseline.,Review the added epic in the sandbox Project file.,131
Info,AddedEpic,DATA-3019,DATA,Epic,Data platform epic 20,Completed Story Points,,8,changed_cell,Epic is included in the planned sandbox and was not found in the comparison baseline.,Review the added epic in the sandbox Project file.,131
Info,AddedEpic,DATA-3019,DATA,Epic,Data platform epic 20,Jira Target Start,,2026-05-11,changed_cell,Epic is included in the planned sandbox and was not found in the comparison baseline.,Review the added epic in the sandbox Project file.,131
Info,AddedEpic,DATA-3019,DATA,Epic,Data platform epic 20,Jira Target End,,2026-07-06,changed_cell,Epic is included in the planned sandbox and was not found in the comparison baseline.,Review the added epic in the sandbox Project file.,131
Info,AddedEpic,DATA-3020,DATA,Epic,Data platform epic 21,Name,,Data platform epic 21,changed_cell,Epic is included in the planned sandbox and was not found in the comparison baseline.,Review the added epic in the sandbox Project file.,132
Info,AddedEpic,DATA-3020,DATA,Epic,Data platform epic 21,Rollup Key,,INIT-1500,changed_cell,Epic is included in the planned sandbox and was not found in the comparison baseline.,Review the added epic in the sandbox Project file.,132
Info,AddedEpic,DATA-3020,DATA,Epic,Data platform epic 21,Resource Group,,Data Engineering,changed_cell,Epic is included in the planned sandbox and was not found in the comparison baseline.,Review the added epic in the sandbox Project file.,132
Info,AddedEpic,DATA-3020,DATA,Epic,Data platform epic 21,% Complete,,41,changed_cell,Epic is included in the planned sandbox and was not found in the comparison baseline.,Review the added epic in the sandbox Project file.,132
Info,AddedEpic,DATA-3020,DATA,Epic,Data platform epic 21,Total Story Points,,27,changed_cell,Epic is included in the planned sandbox and was not found in the comparison baseline.,Review the added epic in the sandbox Project file.,132
Info,AddedEpic,DATA-3020,DATA,Epic,Data platform epic 21,Completed Story Points,,11,changed_cell,Epic is included in the planned sandbox and was not found in the comparison baseline.,Review the added epic in the sandbox Project file.,132
Info,AddedEpic,DATA-3020,DATA,Epic,Data platform epic 21,Jira Target Start,,2026-05-18,changed_cell,Epic is included in the planned sandbox and was not found in the comparison baseline.,Review the added epic in the sandbox Project file.,132
Info,AddedEpic,DATA-3020,DATA,Epic,Data platform epic 21,Jira Target End,,2026-06-15,changed_cell,Epic is included in the planned sandbox and was not found in the comparison baseline.,Review the added epic in the sandbox Project file.,132
Info,AddedEpic,DATA-3021,DATA,Epic,Data platform epic 22,Name,,Data platform epic 22,changed_cell,Epic is included in the planned sandbox and was not found in the comparison baseline.,Review the added epic in the sandbox Project file.,133
Info,AddedEpic,DATA-3021,DATA,Epic,Data platform epic 22,Rollup Key,,INIT-300,changed_cell,Epic is included in the planned sandbox and was not found in the comparison baseline.,Review the added epic in the sandbox Project file.,133
Info,AddedEpic,DATA-3021,DATA,Epic,Data platform epic 22,Resource Group,,Data Engineering,changed_cell,Epic is included in the planned sandbox and was not found in the comparison baseline.,Review the added epic in the sandbox Project file.,133
Info,AddedEpic,DATA-3021,DATA,Epic,Data platform epic 22,% Complete,,37,changed_cell,Epic is included in the planned sandbox and was not found in the comparison baseline.,Review the added epic in the sandbox Project file.,133
Info,AddedEpic,DATA-3021,DATA,Epic,Data platform epic 22,Total Story Points,,19,changed_cell,Epic is included in the planned sandbox and was not found in the comparison baseline.,Review the added epic in the sandbox Project file.,133
Info,AddedEpic,DATA-3021,DATA,Epic,Data platform epic 22,Completed Story Points,,7,changed_cell,Epic is included in the planned sandbox and was not found in the comparison baseline.,Review the added epic in the sandbox Project file.,133
Info,AddedEpic,DATA-3021,DATA,Epic,Data platform epic 22,Jira Target Start,,2026-05-25,changed_cell,Epic is included in the planned sandbox and was not found in the comparison baseline.,Review the added epic in the sandbox Project file.,133
Info,AddedEpic,DATA-3021,DATA,Epic,Data platform epic 22,Jira Target End,,2026-06-29,changed_cell,Epic is included in the planned sandbox and was not found in the comparison baseline.,Review the added epic in the sandbox Project file.,133
Info,AddedEpic,DATA-3022,DATA,Epic,Data platform epic 23,Name,,Data platform epic 23,changed_cell,Epic is included in the planned sandbox and was not found in the comparison baseline.,Review the added epic in the sandbox Project file.,134
Info,AddedEpic,DATA-3022,DATA,Epic,Data platform epic 23,Rollup Key,,INIT-600,changed_cell,Epic is included in the planned sandbox and was not found in the comparison baseline.,Review the added epic in the sandbox Project file.,134
Info,AddedEpic,DATA-3022,DATA,Epic,Data platform epic 23,Resource Group,,Data Engineering,changed_cell,Epic is included in the planned sandbox and was not found in the comparison baseline.,Review the added epic in the sandbox Project file.,134
Info,AddedEpic,DATA-3022,DATA,Epic,Data platform epic 23,% Complete,,18,changed_cell,Epic is included in the planned sandbox and was not found in the comparison baseline.,Review the added epic in the sandbox Project file.,134
Info,AddedEpic,DATA-3022,DATA,Epic,Data platform epic 23,Total Story Points,,22,changed_cell,Epic is included in the planned sandbox and was not found in the comparison baseline.,Review the added epic in the sandbox Project file.,134
Info,AddedEpic,DATA-3022,DATA,Epic,Data platform epic 23,Completed Story Points,,4,changed_cell,Epic is included in the planned sandbox and was not found in the comparison baseline.,Review the added epic in the sandbox Project file.,134
Info,AddedEpic,DATA-3022,DATA,Epic,Data platform epic 23,Jira Target Start,,2026-06-01,changed_cell,Epic is included in the planned sandbox and was not found in the comparison baseline.,Review the added epic in the sandbox Project file.,134
Info,AddedEpic,DATA-3022,DATA,Epic,Data platform epic 23,Jira Target End,,2026-07-13,changed_cell,Epic is included in the planned sandbox and was not found in the comparison baseline.,Review the added epic in the sandbox Project file.,134
Info,AddedEpic,DATA-3023,DATA,Epic,Data platform epic 24,Name,,Data platform epic 24,changed_cell,Epic is included in the planned sandbox and was not found in the comparison baseline.,Review the added epic in the sandbox Project file.,135
Info,AddedEpic,DATA-3023,DATA,Epic,Data platform epic 24,Rollup Key,,INIT-1500,changed_cell,Epic is included in the planned sandbox and was not found in the comparison baseline.,Review the added epic in the sandbox Project file.,135
Info,AddedEpic,DATA-3023,DATA,Epic,Data platform epic 24,Resource Group,,Data Engineering,changed_cell,Epic is included in the planned sandbox and was not found in the comparison baseline.,Review the added epic in the sandbox Project file.,135
Info,AddedEpic,DATA-3023,DATA,Epic,Data platform epic 24,% Complete,,53,changed_cell,Epic is included in the planned sandbox and was not found in the comparison baseline.,Review the added epic in the sandbox Project file.,135
Info,AddedEpic,DATA-3023,DATA,Epic,Data platform epic 24,Total Story Points,,19,changed_cell,Epic is included in the planned sandbox and was not found in the comparison baseline.,Review the added epic in the sandbox Project file.,135
Info,AddedEpic,DATA-3023,DATA,Epic,Data platform epic 24,Completed Story Points,,10,changed_cell,Epic is included in the planned sandbox and was not found in the comparison baseline.,Review the added epic in the sandbox Project file.,135
Info,AddedEpic,DATA-3023,DATA,Epic,Data platform epic 24,Jira Target Start,,2026-06-08,changed_cell,Epic is included in the planned sandbox and was not found in the comparison baseline.,Review the added epic in the sandbox Project file.,135
Info,AddedEpic,DATA-3023,DATA,Epic,Data platform epic 24,Jira Target End,,2026-07-27,changed_cell,Epic is included in the planned sandbox and was not found in the comparison baseline.,Review the added epic in the sandbox Project file.,135
Info,AddedEpic,DATA-3024,DATA,Epic,Data platform epic 25,Name,,Data platform epic 25,changed_cell,Epic is included in the planned sandbox and was not found in the comparison baseline.,Review the added epic in the sandbox Project file.,136
Info,AddedEpic,DATA-3024,DATA,Epic,Data platform epic 25,Rollup Key,,INIT-300,changed_cell,Epic is included in the planned sandbox and was not found in the comparison baseline.,Review the added epic in the sandbox Project file.,136
Info,AddedEpic,DATA-3024,DATA,Epic,Data platform epic 25,Resource Group,,Data Engineering,changed_cell,Epic is included in the planned sandbox and was not found in the comparison baseline.,Review the added epic in the sandbox Project file.,136
Info,AddedEpic,DATA-3024,DATA,Epic,Data platform epic 25,% Complete,,30,changed_cell,Epic is included in the planned sandbox and was not found in the comparison baseline.,Review the added epic in the sandbox Project file.,136
Info,AddedEpic,DATA-3024,DATA,Epic,Data platform epic 25,Total Story Points,,20,changed_cell,Epic is included in the planned sandbox and was not found in the comparison baseline.,Review the added epic in the sandbox Project file.,136
Info,AddedEpic,DATA-3024,DATA,Epic,Data platform epic 25,Completed Story Points,,6,changed_cell,Epic is included in the planned sandbox and was not found in the comparison baseline.,Review the added epic in the sandbox Project file.,136
Info,AddedEpic,DATA-3024,DATA,Epic,Data platform epic 25,Jira Target Start,,2026-06-15,changed_cell,Epic is included in the planned sandbox and was not found in the comparison baseline.,Review the added epic in the sandbox Project file.,136
Info,AddedEpic,DATA-3024,DATA,Epic,Data platform epic 25,Jira Target End,,2026-08-10,changed_cell,Epic is included in the planned sandbox and was not found in the comparison baseline.,Review the added epic in the sandbox Project file.,136
Info,AddedEpic,DATA-3025,DATA,Epic,Data platform epic 26,Name,,Data platform epic 26,changed_cell,Epic is included in the planned sandbox and was not found in the comparison baseline.,Review the added epic in the sandbox Project file.,137
Info,AddedEpic,DATA-3025,DATA,Epic,Data platform epic 26,Rollup Key,,INIT-600,changed_cell,Epic is included in the planned sandbox and was not found in the comparison baseline.,Review the added epic in the sandbox Project file.,137
Info,AddedEpic,DATA-3025,DATA,Epic,Data platform epic 26,Resource Group,,Data Engineering,changed_cell,Epic is included in the planned sandbox and was not found in the comparison baseline.,Review the added epic in the sandbox Project file.,137
Info,AddedEpic,DATA-3025,DATA,Epic,Data platform epic 26,% Complete,,58,changed_cell,Epic is included in the planned sandbox and was not found in the comparison baseline.,Review the added epic in the sandbox Project file.,137
Info,AddedEpic,DATA-3025,DATA,Epic,Data platform epic 26,Total Story Points,,19,changed_cell,Epic is included in the planned sandbox and was not found in the comparison baseline.,Review the added epic in the sandbox Project file.,137
Info,AddedEpic,DATA-3025,DATA,Epic,Data platform epic 26,Completed Story Points,,11,changed_cell,Epic is included in the planned sandbox and was not found in the comparison baseline.,Review the added epic in the sandbox Project file.,137
Info,AddedEpic,DATA-3025,DATA,Epic,Data platform epic 26,Jira Target Start,,2026-06-22,changed_cell,Epic is included in the planned sandbox and was not found in the comparison baseline.,Review the added epic in the sandbox Project file.,137
Info,AddedEpic,DATA-3025,DATA,Epic,Data platform epic 26,Jira Target End,,2026-07-20,changed_cell,Epic is included in the planned sandbox and was not found in the comparison baseline.,Review the added epic in the sandbox Project file.,137
Info,AddedEpic,DATA-3026,DATA,Epic,Data platform epic 27,Name,,Data platform epic 27,changed_cell,Epic is included in the planned sandbox and was not found in the comparison baseline.,Review the added epic in the sandbox Project file.,138
Info,AddedEpic,DATA-3026,DATA,Epic,Data platform epic 27,Rollup Key,,INIT-1500,changed_cell,Epic is included in the planned sandbox and was not found in the comparison baseline.,Review the added epic in the sandbox Project file.,138
Info,AddedEpic,DATA-3026,DATA,Epic,Data platform epic 27,Resource Group,,Data Engineering,changed_cell,Epic is included in the planned sandbox and was not found in the comparison baseline.,Review the added epic in the sandbox Project file.,138
Info,AddedEpic,DATA-3026,DATA,Epic,Data platform epic 27,% Complete,,29,changed_cell,Epic is included in the planned sandbox and was not found in the comparison baseline.,Review the added epic in the sandbox Project file.,138
Info,AddedEpic,DATA-3026,DATA,Epic,Data platform epic 27,Total Story Points,,24,changed_cell,Epic is included in the planned sandbox and was not found in the comparison baseline.,Review the added epic in the sandbox Project file.,138
Info,AddedEpic,DATA-3026,DATA,Epic,Data platform epic 27,Completed Story Points,,7,changed_cell,Epic is included in the planned sandbox and was not found in the comparison baseline.,Review the added epic in the sandbox Project file.,138
Info,AddedEpic,DATA-3026,DATA,Epic,Data platform epic 27,Jira Target Start,,2026-06-29,changed_cell,Epic is included in the planned sandbox and was not found in the comparison baseline.,Review the added epic in the sandbox Project file.,138
Info,AddedEpic,DATA-3026,DATA,Epic,Data platform epic 27,Jira Target End,,2026-08-03,changed_cell,Epic is included in the planned sandbox and was not found in the comparison baseline.,Review the added epic in the sandbox Project file.,138
Info,AddedEpic,DATA-3027,DATA,Epic,Data platform epic 28,Name,,Data platform epic 28,changed_cell,Epic is included in the planned sandbox and was not found in the comparison baseline.,Review the added epic in the sandbox Project file.,139
Info,AddedEpic,DATA-3027,DATA,Epic,Data platform epic 28,Rollup Key,,INIT-300,changed_cell,Epic is included in the planned sandbox and was not found in the comparison baseline.,Review the added epic in the sandbox Project file.,139
Info,AddedEpic,DATA-3027,DATA,Epic,Data platform epic 28,Resource Group,,Data Engineering,changed_cell,Epic is included in the planned sandbox and was not found in the comparison baseline.,Review the added epic in the sandbox Project file.,139
Info,AddedEpic,DATA-3027,DATA,Epic,Data platform epic 28,% Complete,,21,changed_cell,Epic is included in the planned sandbox and was not found in the comparison baseline.,Review the added epic in the sandbox Project file.,139
Info,AddedEpic,DATA-3027,DATA,Epic,Data platform epic 28,Total Story Points,,19,changed_cell,Epic is included in the planned sandbox and was not found in the comparison baseline.,Review the added epic in the sandbox Project file.,139
Info,AddedEpic,DATA-3027,DATA,Epic,Data platform epic 28,Completed Story Points,,4,changed_cell,Epic is included in the planned sandbox and was not found in the comparison baseline.,Review the added epic in the sandbox Project file.,139
Info,AddedEpic,DATA-3027,DATA,Epic,Data platform epic 28,Jira Target Start,,2026-07-06,changed_cell,Epic is included in the planned sandbox and was not found in the comparison baseline.,Review the added epic in the sandbox Project file.,139
Info,AddedEpic,DATA-3027,DATA,Epic,Data platform epic 28,Jira Target End,,2026-08-17,changed_cell,Epic is included in the planned sandbox and was not found in the comparison baseline.,Review the added epic in the sandbox Project file.,139
Info,AddedEpic,DATA-3028,DATA,Epic,Data platform epic 29,Name,,Data platform epic 29,changed_cell,Epic is included in the planned sandbox and was not found in the comparison baseline.,Review the added epic in the sandbox Project file.,140
Info,AddedEpic,DATA-3028,DATA,Epic,Data platform epic 29,Rollup Key,,INIT-600,changed_cell,Epic is included in the planned sandbox and was not found in the comparison baseline.,Review the added epic in the sandbox Project file.,140
Info,AddedEpic,DATA-3028,DATA,Epic,Data platform epic 29,Resource Group,,Data Engineering,changed_cell,Epic is included in the planned sandbox and was not found in the comparison baseline.,Review the added epic in the sandbox Project file.,140
Info,AddedEpic,DATA-3028,DATA,Epic,Data platform epic 29,% Complete,,48,changed_cell,Epic is included in the planned sandbox and was not found in the comparison baseline.,Review the added epic in the sandbox Project file.,140
Info,AddedEpic,DATA-3028,DATA,Epic,Data platform epic 29,Total Story Points,,21,changed_cell,Epic is included in the planned sandbox and was not found in the comparison baseline.,Review the added epic in the sandbox Project file.,140
Info,AddedEpic,DATA-3028,DATA,Epic,Data platform epic 29,Completed Story Points,,10,changed_cell,Epic is included in the planned sandbox and was not found in the comparison baseline.,Review the added epic in the sandbox Project file.,140
Info,AddedEpic,DATA-3028,DATA,Epic,Data platform epic 29,Jira Target Start,,2026-07-13,changed_cell,Epic is included in the planned sandbox and was not found in the comparison baseline.,Review the added epic in the sandbox Project file.,140
Info,AddedEpic,DATA-3028,DATA,Epic,Data platform epic 29,Jira Target End,,2026-08-31,changed_cell,Epic is included in the planned sandbox and was not found in the comparison baseline.,Review the added epic in the sandbox Project file.,140
Info,AddedEpic,DATA-3029,DATA,Epic,Data platform epic 30,Name,,Data platform epic 30,changed_cell,Epic is included in the planned sandbox and was not found in the comparison baseline.,Review the added epic in the sandbox Project file.,141
Info,AddedEpic,DATA-3029,DATA,Epic,Data platform epic 30,Rollup Key,,INIT-1500,changed_cell,Epic is included in the planned sandbox and was not found in the comparison baseline.,Review the added epic in the sandbox Project file.,141
Info,AddedEpic,DATA-3029,DATA,Epic,Data platform epic 30,Resource Group,,Data Engineering,changed_cell,Epic is included in the planned sandbox and was not found in the comparison baseline.,Review the added epic in the sandbox Project file.,141
Info,AddedEpic,DATA-3029,DATA,Epic,Data platform epic 30,% Complete,,32,changed_cell,Epic is included in the planned sandbox and was not found in the comparison baseline.,Review the added epic in the sandbox Project file.,141
Info,AddedEpic,DATA-3029,DATA,Epic,Data platform epic 30,Total Story Points,,19,changed_cell,Epic is included in the planned sandbox and was not found in the comparison baseline.,Review the added epic in the sandbox Project file.,141
Info,AddedEpic,DATA-3029,DATA,Epic,Data platform epic 30,Completed Story Points,,6,changed_cell,Epic is included in the planned sandbox and was not found in the comparison baseline.,Review the added epic in the sandbox Project file.,141
Info,AddedEpic,DATA-3029,DATA,Epic,Data platform epic 30,Jira Target Start,,2026-07-20,changed_cell,Epic is included in the planned sandbox and was not found in the comparison baseline.,Review the added epic in the sandbox Project file.,141
Info,AddedEpic,DATA-3029,DATA,Epic,Data platform epic 30,Jira Target End,,2026-09-14,changed_cell,Epic is included in the planned sandbox and was not found in the comparison baseline.,Review the added epic in the sandbox Project file.,141
Info,AddedEpic,DATA-3030,DATA,Epic,Data platform epic 31,Name,,Data platform epic 31,changed_cell,Epic is included in the planned sandbox and was not found in the comparison baseline.,Review the added epic in the sandbox Project file.,142
Info,AddedEpic,DATA-3030,DATA,Epic,Data platform epic 31,Rollup Key,,INIT-300,changed_cell,Epic is included in the planned sandbox and was not found in the comparison baseline.,Review the added epic in the sandbox Project file.,142
Info,AddedEpic,DATA-3030,DATA,Epic,Data platform epic 31,Resource Group,,Data Engineering,changed_cell,Epic is included in the planned sandbox and was not found in the comparison baseline.,Review the added epic in the sandbox Project file.,142
Info,AddedEpic,DATA-3030,DATA,Epic,Data platform epic 31,% Complete,,32,changed_cell,Epic is included in the planned sandbox and was not found in the comparison baseline.,Review the added epic in the sandbox Project file.,142
Info,AddedEpic,DATA-3030,DATA,Epic,Data platform epic 31,Total Story Points,,22,changed_cell,Epic is included in the planned sandbox and was not found in the comparison baseline.,Review the added epic in the sandbox Project file.,142
Info,AddedEpic,DATA-3030,DATA,Epic,Data platform epic 31,Completed Story Points,,7,changed_cell,Epic is included in the planned sandbox and was not found in the comparison baseline.,Review the added epic in the sandbox Project file.,142
Info,AddedEpic,DATA-3030,DATA,Epic,Data platform epic 31,Jira Target Start,,2026-07-27,changed_cell,Epic is included in the planned sandbox and was not found in the comparison baseline.,Review the added epic in the sandbox Project file.,142
Info,AddedEpic,DATA-3030,DATA,Epic,Data platform epic 31,Jira Target End,,2026-08-24,changed_cell,Epic is included in the planned sandbox and was not found in the comparison baseline.,Review the added epic in the sandbox Project file.,142
Info,AddedEpic,DATA-3031,DATA,Epic,Data platform epic 32,Name,,Data platform epic 32,changed_cell,Epic is included in the planned sandbox and was not found in the comparison baseline.,Review the added epic in the sandbox Project file.,143
Info,AddedEpic,DATA-3031,DATA,Epic,Data platform epic 32,Rollup Key,,INIT-600,changed_cell,Epic is included in the planned sandbox and was not found in the comparison baseline.,Review the added epic in the sandbox Project file.,143
Info,AddedEpic,DATA-3031,DATA,Epic,Data platform epic 32,Resource Group,,Data Engineering,changed_cell,Epic is included in the planned sandbox and was not found in the comparison baseline.,Review the added epic in the sandbox Project file.,143
Info,AddedEpic,DATA-3031,DATA,Epic,Data platform epic 32,% Complete,,21,changed_cell,Epic is included in the planned sandbox and was not found in the comparison baseline.,Review the added epic in the sandbox Project file.,143
Info,AddedEpic,DATA-3031,DATA,Epic,Data platform epic 32,Total Story Points,,19,changed_cell,Epic is included in the planned sandbox and was not found in the comparison baseline.,Review the added epic in the sandbox Project file.,143
Info,AddedEpic,DATA-3031,DATA,Epic,Data platform epic 32,Completed Story Points,,4,changed_cell,Epic is included in the planned sandbox and was not found in the comparison baseline.,Review the added epic in the sandbox Project file.,143
Info,AddedEpic,DATA-3031,DATA,Epic,Data platform epic 32,Jira Target Start,,2026-08-03,changed_cell,Epic is included in the planned sandbox and was not found in the comparison baseline.,Review the added epic in the sandbox Project file.,143
Info,AddedEpic,DATA-3031,DATA,Epic,Data platform epic 32,Jira Target End,,2026-09-07,changed_cell,Epic is included in the planned sandbox and was not found in the comparison baseline.,Review the added epic in the sandbox Project file.,143
Info,AddedEpic,DATA-3032,DATA,Epic,Data platform epic 33,Name,,Data platform epic 33,changed_cell,Epic is included in the planned sandbox and was not found in the comparison baseline.,Review the added epic in the sandbox Project file.,144
Info,AddedEpic,DATA-3032,DATA,Epic,Data platform epic 33,Rollup Key,,INIT-1500,changed_cell,Epic is included in the planned sandbox and was not found in the comparison baseline.,Review the added epic in the sandbox Project file.,144
Info,AddedEpic,DATA-3032,DATA,Epic,Data platform epic 33,Resource Group,,Data Engineering,changed_cell,Epic is included in the planned sandbox and was not found in the comparison baseline.,Review the added epic in the sandbox Project file.,144
Info,AddedEpic,DATA-3032,DATA,Epic,Data platform epic 33,% Complete,,50,changed_cell,Epic is included in the planned sandbox and was not found in the comparison baseline.,Review the added epic in the sandbox Project file.,144
Info,AddedEpic,DATA-3032,DATA,Epic,Data platform epic 33,Total Story Points,,20,changed_cell,Epic is included in the planned sandbox and was not found in the comparison baseline.,Review the added epic in the sandbox Project file.,144
Info,AddedEpic,DATA-3032,DATA,Epic,Data platform epic 33,Completed Story Points,,10,changed_cell,Epic is included in the planned sandbox and was not found in the comparison baseline.,Review the added epic in the sandbox Project file.,144
Info,AddedEpic,DATA-3032,DATA,Epic,Data platform epic 33,Jira Target Start,,2026-08-10,changed_cell,Epic is included in the planned sandbox and was not found in the comparison baseline.,Review the added epic in the sandbox Project file.,144
Info,AddedEpic,DATA-3032,DATA,Epic,Data platform epic 33,Jira Target End,,2026-09-21,changed_cell,Epic is included in the planned sandbox and was not found in the comparison baseline.,Review the added epic in the sandbox Project file.,144
Info,AddedEpic,DATA-3033,DATA,Epic,Data platform epic 34,Name,,Data platform epic 34,changed_cell,Epic is included in the planned sandbox and was not found in the comparison baseline.,Review the added epic in the sandbox Project file.,145
Info,AddedEpic,DATA-3033,DATA,Epic,Data platform epic 34,Rollup Key,,INIT-300,changed_cell,Epic is included in the planned sandbox and was not found in the comparison baseline.,Review the added epic in the sandbox Project file.,145
Info,AddedEpic,DATA-3033,DATA,Epic,Data platform epic 34,Resource Group,,Data Engineering,changed_cell,Epic is included in the planned sandbox and was not found in the comparison baseline.,Review the added epic in the sandbox Project file.,145
Info,AddedEpic,DATA-3033,DATA,Epic,Data platform epic 34,% Complete,,32,changed_cell,Epic is included in the planned sandbox and was not found in the comparison baseline.,Review the added epic in the sandbox Project file.,145
Info,AddedEpic,DATA-3033,DATA,Epic,Data platform epic 34,Total Story Points,,19,changed_cell,Epic is included in the planned sandbox and was not found in the comparison baseline.,Review the added epic in the sandbox Project file.,145
Info,AddedEpic,DATA-3033,DATA,Epic,Data platform epic 34,Completed Story Points,,6,changed_cell,Epic is included in the planned sandbox and was not found in the comparison baseline.,Review the added epic in the sandbox Project file.,145
Info,AddedEpic,DATA-3033,DATA,Epic,Data platform epic 34,Jira Target Start,,2026-08-17,changed_cell,Epic is included in the planned sandbox and was not found in the comparison baseline.,Review the added epic in the sandbox Project file.,145
Info,AddedEpic,DATA-3033,DATA,Epic,Data platform epic 34,Jira Target End,,2026-10-05,changed_cell,Epic is included in the planned sandbox and was not found in the comparison baseline.,Review the added epic in the sandbox Project file.,145
Info,AddedEpic,DATA-3034,DATA,Epic,Data platform unparsed date warning,Name,,Data platform unparsed date warning,changed_cell,Epic is included in the planned sandbox and was not found in the comparison baseline.,Review the added epic in the sandbox Project file.,146
Info,AddedEpic,DATA-3034,DATA,Epic,Data platform unparsed date warning,Rollup Key,,INIT-600,changed_cell,Epic is included in the planned sandbox and was not found in the comparison baseline.,Review the added epic in the sandbox Project file.,146
Info,AddedEpic,DATA-3034,DATA,Epic,Data platform unparsed date warning,Resource Group,,Data Engineering,changed_cell,Epic is included in the planned sandbox and was not found in the comparison baseline.,Review the added epic in the sandbox Project file.,146
Info,AddedEpic,DATA-3034,DATA,Epic,Data platform unparsed date warning,% Complete,,46,changed_cell,Epic is included in the planned sandbox and was not found in the comparison baseline.,Review the added epic in the sandbox Project file.,146
Info,AddedEpic,DATA-3034,DATA,Epic,Data platform unparsed date warning,Total Story Points,,24,changed_cell,Epic is included in the planned sandbox and was not found in the comparison baseline.,Review the added epic in the sandbox Project file.,146
Info,AddedEpic,DATA-3034,DATA,Epic,Data platform unparsed date warning,Completed Story Points,,11,changed_cell,Epic is included in the planned sandbox and was not found in the comparison baseline.,Review the added epic in the sandbox Project file.,146
Info,AddedEpic,DATA-3034,DATA,Epic,Data platform unparsed date warning,Jira Target Start,,2026-08-24,changed_cell,Epic is included in the planned sandbox and was not found in the comparison baseline.,Review the added epic in the sandbox Project file.,146
Info,AddedEpic,DATA-3034,DATA,Epic,Data platform unparsed date warning,Jira Target End,,2026-10-19,changed_cell,Epic is included in the planned sandbox and was not found in the comparison baseline.,Review the added epic in the sandbox Project file.,146
Info,AddedEpic,PLAT-4000,PLAT,Epic,Platform services epic 01,Name,,Platform services epic 01,changed_cell,Epic is included in the planned sandbox and was not found in the comparison baseline.,Review the added epic in the sandbox Project file.,147
Info,AddedEpic,PLAT-4000,PLAT,Epic,Platform services epic 01,Rollup Key,,Platform Q1,changed_cell,Epic is included in the planned sandbox and was not found in the comparison baseline.,Review the added epic in the sandbox Project file.,147
Info,AddedEpic,PLAT-4000,PLAT,Epic,Platform services epic 01,Resource Group,,Platform Engineering,changed_cell,Epic is included in the planned sandbox and was not found in the comparison baseline.,Review the added epic in the sandbox Project file.,147
Info,AddedEpic,PLAT-4000,PLAT,Epic,Platform services epic 01,% Complete,,42,changed_cell,Epic is included in the planned sandbox and was not found in the comparison baseline.,Review the added epic in the sandbox Project file.,147
Info,AddedEpic,PLAT-4000,PLAT,Epic,Platform services epic 01,Total Story Points,,19,changed_cell,Epic is included in the planned sandbox and was not found in the comparison baseline.,Review the added epic in the sandbox Project file.,147
Info,AddedEpic,PLAT-4000,PLAT,Epic,Platform services epic 01,Completed Story Points,,8,changed_cell,Epic is included in the planned sandbox and was not found in the comparison baseline.,Review the added epic in the sandbox Project file.,147
Info,AddedEpic,PLAT-4000,PLAT,Epic,Platform services epic 01,Jira Target Start,,2026-08-31,changed_cell,Epic is included in the planned sandbox and was not found in the comparison baseline.,Review the added epic in the sandbox Project file.,147
Info,AddedEpic,PLAT-4000,PLAT,Epic,Platform services epic 01,Jira Target End,,2026-09-28,changed_cell,Epic is included in the planned sandbox and was not found in the comparison baseline.,Review the added epic in the sandbox Project file.,147
Info,AddedEpic,PLAT-4001,PLAT,Epic,Platform services epic 02,Name,,Platform services epic 02,changed_cell,Epic is included in the planned sandbox and was not found in the comparison baseline.,Review the added epic in the sandbox Project file.,148
Info,AddedEpic,PLAT-4001,PLAT,Epic,Platform services epic 02,Rollup Key,,Platform Q2,changed_cell,Epic is included in the planned sandbox and was not found in the comparison baseline.,Review the added epic in the sandbox Project file.,148
Info,AddedEpic,PLAT-4001,PLAT,Epic,Platform services epic 02,Resource Group,,Platform Engineering,changed_cell,Epic is included in the planned sandbox and was not found in the comparison baseline.,Review the added epic in the sandbox Project file.,148
Info,AddedEpic,PLAT-4001,PLAT,Epic,Platform services epic 02,% Complete,,33,changed_cell,Epic is included in the planned sandbox and was not found in the comparison baseline.,Review the added epic in the sandbox Project file.,148
Info,AddedEpic,PLAT-4001,PLAT,Epic,Platform services epic 02,Total Story Points,,21,changed_cell,Epic is included in the planned sandbox and was not found in the comparison baseline.,Review the added epic in the sandbox Project file.,148
Info,AddedEpic,PLAT-4001,PLAT,Epic,Platform services epic 02,Completed Story Points,,7,changed_cell,Epic is included in the planned sandbox and was not found in the comparison baseline.,Review the added epic in the sandbox Project file.,148
Info,AddedEpic,PLAT-4001,PLAT,Epic,Platform services epic 02,Jira Target Start,,2026-09-07,changed_cell,Epic is included in the planned sandbox and was not found in the comparison baseline.,Review the added epic in the sandbox Project file.,148
Info,AddedEpic,PLAT-4001,PLAT,Epic,Platform services epic 02,Jira Target End,,2026-10-12,changed_cell,Epic is included in the planned sandbox and was not found in the comparison baseline.,Review the added epic in the sandbox Project file.,148
Info,AddedEpic,PLAT-4002,PLAT,Epic,Platform services epic 03,Name,,Platform services epic 03,changed_cell,Epic is included in the planned sandbox and was not found in the comparison baseline.,Review the added epic in the sandbox Project file.,149
Info,AddedEpic,PLAT-4002,PLAT,Epic,Platform services epic 03,Rollup Key,,Shared Services 2026,changed_cell,Epic is included in the planned sandbox and was not found in the comparison baseline.,Review the added epic in the sandbox Project file.,149
Info,AddedEpic,PLAT-4002,PLAT,Epic,Platform services epic 03,Resource Group,,Platform Engineering,changed_cell,Epic is included in the planned sandbox and was not found in the comparison baseline.,Review the added epic in the sandbox Project file.,149
Info,AddedEpic,PLAT-4002,PLAT,Epic,Platform services epic 03,% Complete,,16,changed_cell,Epic is included in the planned sandbox and was not found in the comparison baseline.,Review the added epic in the sandbox Project file.,149
Info,AddedEpic,PLAT-4002,PLAT,Epic,Platform services epic 03,Total Story Points,,19,changed_cell,Epic is included in the planned sandbox and was not found in the comparison baseline.,Review the added epic in the sandbox Project file.,149
Info,AddedEpic,PLAT-4002,PLAT,Epic,Platform services epic 03,Completed Story Points,,3,changed_cell,Epic is included in the planned sandbox and was not found in the comparison baseline.,Review the added epic in the sandbox Project file.,149
Info,AddedEpic,PLAT-4002,PLAT,Epic,Platform services epic 03,Jira Target Start,,2026-09-14,changed_cell,Epic is included in the planned sandbox and was not found in the comparison baseline.,Review the added epic in the sandbox Project file.,149
Info,AddedEpic,PLAT-4002,PLAT,Epic,Platform services epic 03,Jira Target End,,2026-10-26,changed_cell,Epic is included in the planned sandbox and was not found in the comparison baseline.,Review the added epic in the sandbox Project file.,149
Info,AddedEpic,PLAT-4003,PLAT,Epic,Platform services epic 04,Name,,Platform services epic 04,changed_cell,Epic is included in the planned sandbox and was not found in the comparison baseline.,Review the added epic in the sandbox Project file.,150
Info,AddedEpic,PLAT-4003,PLAT,Epic,Platform services epic 04,Rollup Key,,Platform Q1,changed_cell,Epic is included in the planned sandbox and was not found in the comparison baseline.,Review the added epic in the sandbox Project file.,150
Info,AddedEpic,PLAT-4003,PLAT,Epic,Platform services epic 04,Resource Group,,Platform Engineering,changed_cell,Epic is included in the planned sandbox and was not found in the comparison baseline.,Review the added epic in the sandbox Project file.,150
Info,AddedEpic,PLAT-4003,PLAT,Epic,Platform services epic 04,% Complete,,37,changed_cell,Epic is included in the planned sandbox and was not found in the comparison baseline.,Review the added epic in the sandbox Project file.,150
Info,AddedEpic,PLAT-4003,PLAT,Epic,Platform services epic 04,Total Story Points,,27,changed_cell,Epic is included in the planned sandbox and was not found in the comparison baseline.,Review the added epic in the sandbox Project file.,150
Info,AddedEpic,PLAT-4003,PLAT,Epic,Platform services epic 04,Completed Story Points,,10,changed_cell,Epic is included in the planned sandbox and was not found in the comparison baseline.,Review the added epic in the sandbox Project file.,150
Info,AddedEpic,PLAT-4003,PLAT,Epic,Platform services epic 04,Jira Target Start,,2026-09-21,changed_cell,Epic is included in the planned sandbox and was not found in the comparison baseline.,Review the added epic in the sandbox Project file.,150
Info,AddedEpic,PLAT-4003,PLAT,Epic,Platform services epic 04,Jira Target End,,2026-11-09,changed_cell,Epic is included in the planned sandbox and was not found in the comparison baseline.,Review the added epic in the sandbox Project file.,150
Info,AddedEpic,PLAT-4004,PLAT,Epic,Platform services epic 05,Name,,Platform services epic 05,changed_cell,Epic is included in the planned sandbox and was not found in the comparison baseline.,Review the added epic in the sandbox Project file.,151
Info,AddedEpic,PLAT-4004,PLAT,Epic,Platform services epic 05,Rollup Key,,Platform Q2,changed_cell,Epic is included in the planned sandbox and was not found in the comparison baseline.,Review the added epic in the sandbox Project file.,151
Info,AddedEpic,PLAT-4004,PLAT,Epic,Platform services epic 05,Resource Group,,Platform Engineering,changed_cell,Epic is included in the planned sandbox and was not found in the comparison baseline.,Review the added epic in the sandbox Project file.,151
Info,AddedEpic,PLAT-4004,PLAT,Epic,Platform services epic 05,% Complete,,5,changed_cell,Epic is included in the planned sandbox and was not found in the comparison baseline.,Review the added epic in the sandbox Project file.,151
Info,AddedEpic,PLAT-4004,PLAT,Epic,Platform services epic 05,Total Story Points,,19,changed_cell,Epic is included in the planned sandbox and was not found in the comparison baseline.,Review the added epic in the sandbox Project file.,151
Info,AddedEpic,PLAT-4004,PLAT,Epic,Platform services epic 05,Completed Story Points,,1,changed_cell,Epic is included in the planned sandbox and was not found in the comparison baseline.,Review the added epic in the sandbox Project file.,151
Info,AddedEpic,PLAT-4004,PLAT,Epic,Platform services epic 05,Jira Target Start,,2026-09-28,changed_cell,Epic is included in the planned sandbox and was not found in the comparison baseline.,Review the added epic in the sandbox Project file.,151
Info,AddedEpic,PLAT-4004,PLAT,Epic,Platform services epic 05,Jira Target End,,2026-11-23,changed_cell,Epic is included in the planned sandbox and was not found in the comparison baseline.,Review the added epic in the sandbox Project file.,151
Info,AddedEpic,PLAT-4005,PLAT,Epic,Platform services epic 06,Name,,Platform services epic 06,changed_cell,Epic is included in the planned sandbox and was not found in the comparison baseline.,Review the added epic in the sandbox Project file.,152
Info,AddedEpic,PLAT-4005,PLAT,Epic,Platform services epic 06,Rollup Key,,Shared Services 2026,changed_cell,Epic is included in the planned sandbox and was not found in the comparison baseline.,Review the added epic in the sandbox Project file.,152
Info,AddedEpic,PLAT-4005,PLAT,Epic,Platform services epic 06,Resource Group,,Platform Engineering,changed_cell,Epic is included in the planned sandbox and was not found in the comparison baseline.,Review the added epic in the sandbox Project file.,152
Info,AddedEpic,PLAT-4005,PLAT,Epic,Platform services epic 06,% Complete,,50,changed_cell,Epic is included in the planned sandbox and was not found in the comparison baseline.,Review the added epic in the sandbox Project file.,152
Info,AddedEpic,PLAT-4005,PLAT,Epic,Platform services epic 06,Total Story Points,,22,changed_cell,Epic is included in the planned sandbox and was not found in the comparison baseline.,Review the added epic in the sandbox Project file.,152
Info,AddedEpic,PLAT-4005,PLAT,Epic,Platform services epic 06,Completed Story Points,,11,changed_cell,Epic is included in the planned sandbox and was not found in the comparison baseline.,Review the added epic in the sandbox Project file.,152
Info,AddedEpic,PLAT-4005,PLAT,Epic,Platform services epic 06,Jira Target Start,,2026-10-05,changed_cell,Epic is included in the planned sandbox and was not found in the comparison baseline.,Review the added epic in the sandbox Project file.,152
Info,AddedEpic,PLAT-4005,PLAT,Epic,Platform services epic 06,Jira Target End,,2026-11-02,changed_cell,Epic is included in the planned sandbox and was not found in the comparison baseline.,Review the added epic in the sandbox Project file.,152
Info,AddedEpic,PLAT-4006,PLAT,Epic,Platform services epic 07,Name,,Platform services epic 07,changed_cell,Epic is included in the planned sandbox and was not found in the comparison baseline.,Review the added epic in the sandbox Project file.,153
Info,AddedEpic,PLAT-4006,PLAT,Epic,Platform services epic 07,Rollup Key,,Platform Q1,changed_cell,Epic is included in the planned sandbox and was not found in the comparison baseline.,Review the added epic in the sandbox Project file.,153
Info,AddedEpic,PLAT-4006,PLAT,Epic,Platform services epic 07,Resource Group,,Platform Engineering,changed_cell,Epic is included in the planned sandbox and was not found in the comparison baseline.,Review the added epic in the sandbox Project file.,153
Info,AddedEpic,PLAT-4006,PLAT,Epic,Platform services epic 07,% Complete,,26,changed_cell,Epic is included in the planned sandbox and was not found in the comparison baseline.,Review the added epic in the sandbox Project file.,153
Info,AddedEpic,PLAT-4006,PLAT,Epic,Platform services epic 07,Total Story Points,,19,changed_cell,Epic is included in the planned sandbox and was not found in the comparison baseline.,Review the added epic in the sandbox Project file.,153
Info,AddedEpic,PLAT-4006,PLAT,Epic,Platform services epic 07,Completed Story Points,,5,changed_cell,Epic is included in the planned sandbox and was not found in the comparison baseline.,Review the added epic in the sandbox Project file.,153
Info,AddedEpic,PLAT-4006,PLAT,Epic,Platform services epic 07,Jira Target Start,,2026-10-12,changed_cell,Epic is included in the planned sandbox and was not found in the comparison baseline.,Review the added epic in the sandbox Project file.,153
Info,AddedEpic,PLAT-4006,PLAT,Epic,Platform services epic 07,Jira Target End,,2026-11-16,changed_cell,Epic is included in the planned sandbox and was not found in the comparison baseline.,Review the added epic in the sandbox Project file.,153
Info,AddedEpic,PLAT-4007,PLAT,Epic,Platform services epic 08,Name,,Platform services epic 08,changed_cell,Epic is included in the planned sandbox and was not found in the comparison baseline.,Review the added epic in the sandbox Project file.,154
Info,AddedEpic,PLAT-4007,PLAT,Epic,Platform services epic 08,Rollup Key,,Platform Q2,changed_cell,Epic is included in the planned sandbox and was not found in the comparison baseline.,Review the added epic in the sandbox Project file.,154
Info,AddedEpic,PLAT-4007,PLAT,Epic,Platform services epic 08,Resource Group,,Platform Engineering,changed_cell,Epic is included in the planned sandbox and was not found in the comparison baseline.,Review the added epic in the sandbox Project file.,154
Info,AddedEpic,PLAT-4007,PLAT,Epic,Platform services epic 08,% Complete,,20,changed_cell,Epic is included in the planned sandbox and was not found in the comparison baseline.,Review the added epic in the sandbox Project file.,154
Info,AddedEpic,PLAT-4007,PLAT,Epic,Platform services epic 08,Total Story Points,,20,changed_cell,Epic is included in the planned sandbox and was not found in the comparison baseline.,Review the added epic in the sandbox Project file.,154
Info,AddedEpic,PLAT-4007,PLAT,Epic,Platform services epic 08,Completed Story Points,,4,changed_cell,Epic is included in the planned sandbox and was not found in the comparison baseline.,Review the added epic in the sandbox Project file.,154
Info,AddedEpic,PLAT-4007,PLAT,Epic,Platform services epic 08,Jira Target Start,,2026-10-19,changed_cell,Epic is included in the planned sandbox and was not found in the comparison baseline.,Review the added epic in the sandbox Project file.,154
Info,AddedEpic,PLAT-4007,PLAT,Epic,Platform services epic 08,Jira Target End,,2026-11-30,changed_cell,Epic is included in the planned sandbox and was not found in the comparison baseline.,Review the added epic in the sandbox Project file.,154
Info,AddedEpic,PLAT-4008,PLAT,Epic,Platform services epic 09,Name,,Platform services epic 09,changed_cell,Epic is included in the planned sandbox and was not found in the comparison baseline.,Review the added epic in the sandbox Project file.,155
Info,AddedEpic,PLAT-4008,PLAT,Epic,Platform services epic 09,Rollup Key,,Shared Services 2026,changed_cell,Epic is included in the planned sandbox and was not found in the comparison baseline.,Review the added epic in the sandbox Project file.,155
Info,AddedEpic,PLAT-4008,PLAT,Epic,Platform services epic 09,Resource Group,,Platform Engineering,changed_cell,Epic is included in the planned sandbox and was not found in the comparison baseline.,Review the added epic in the sandbox Project file.,155
Info,AddedEpic,PLAT-4008,PLAT,Epic,Platform services epic 09,% Complete,,11,changed_cell,Epic is included in the planned sandbox and was not found in the comparison baseline.,Review the added epic in the sandbox Project file.,155
Info,AddedEpic,PLAT-4008,PLAT,Epic,Platform services epic 09,Total Story Points,,19,changed_cell,Epic is included in the planned sandbox and was not found in the comparison baseline.,Review the added epic in the sandbox Project file.,155
Info,AddedEpic,PLAT-4008,PLAT,Epic,Platform services epic 09,Completed Story Points,,2,changed_cell,Epic is included in the planned sandbox and was not found in the comparison baseline.,Review the added epic in the sandbox Project file.,155
Info,AddedEpic,PLAT-4008,PLAT,Epic,Platform services epic 09,Jira Target Start,,2026-10-26,changed_cell,Epic is included in the planned sandbox and was not found in the comparison baseline.,Review the added epic in the sandbox Project file.,155
Info,AddedEpic,PLAT-4008,PLAT,Epic,Platform services epic 09,Jira Target End,,2026-12-14,changed_cell,Epic is included in the planned sandbox and was not found in the comparison baseline.,Review the added epic in the sandbox Project file.,155
Info,AddedEpic,PLAT-4009,PLAT,Epic,Platform services epic 10,Name,,Platform services epic 10,changed_cell,Epic is included in the planned sandbox and was not found in the comparison baseline.,Review the added epic in the sandbox Project file.,156
Info,AddedEpic,PLAT-4009,PLAT,Epic,Platform services epic 10,Rollup Key,,Platform Q1,changed_cell,Epic is included in the planned sandbox and was not found in the comparison baseline.,Review the added epic in the sandbox Project file.,156
Info,AddedEpic,PLAT-4009,PLAT,Epic,Platform services epic 10,Resource Group,,Platform Engineering,changed_cell,Epic is included in the planned sandbox and was not found in the comparison baseline.,Review the added epic in the sandbox Project file.,156
Info,AddedEpic,PLAT-4009,PLAT,Epic,Platform services epic 10,% Complete,,25,changed_cell,Epic is included in the planned sandbox and was not found in the comparison baseline.,Review the added epic in the sandbox Project file.,156
Info,AddedEpic,PLAT-4009,PLAT,Epic,Platform services epic 10,Total Story Points,,24,changed_cell,Epic is included in the planned sandbox and was not found in the comparison baseline.,Review the added epic in the sandbox Project file.,156
Info,AddedEpic,PLAT-4009,PLAT,Epic,Platform services epic 10,Completed Story Points,,6,changed_cell,Epic is included in the planned sandbox and was not found in the comparison baseline.,Review the added epic in the sandbox Project file.,156
Info,AddedEpic,PLAT-4009,PLAT,Epic,Platform services epic 10,Jira Target Start,,2026-11-02,changed_cell,Epic is included in the planned sandbox and was not found in the comparison baseline.,Review the added epic in the sandbox Project file.,156
Info,AddedEpic,PLAT-4009,PLAT,Epic,Platform services epic 10,Jira Target End,,2026-12-28,changed_cell,Epic is included in the planned sandbox and was not found in the comparison baseline.,Review the added epic in the sandbox Project file.,156
Info,AddedEpic,PLAT-4010,PLAT,Epic,Platform services epic 11,Name,,Platform services epic 11,changed_cell,Epic is included in the planned sandbox and was not found in the comparison baseline.,Review the added epic in the sandbox Project file.,157
Info,AddedEpic,PLAT-4010,PLAT,Epic,Platform services epic 11,Rollup Key,,Platform Q2,changed_cell,Epic is included in the planned sandbox and was not found in the comparison baseline.,Review the added epic in the sandbox Project file.,157
Info,AddedEpic,PLAT-4010,PLAT,Epic,Platform services epic 11,Resource Group,,Platform Engineering,changed_cell,Epic is included in the planned sandbox and was not found in the comparison baseline.,Review the added epic in the sandbox Project file.,157
Info,AddedEpic,PLAT-4010,PLAT,Epic,Platform services epic 11,% Complete,,32,changed_cell,Epic is included in the planned sandbox and was not found in the comparison baseline.,Review the added epic in the sandbox Project file.,157
Info,AddedEpic,PLAT-4010,PLAT,Epic,Platform services epic 11,Total Story Points,,19,changed_cell,Epic is included in the planned sandbox and was not found in the comparison baseline.,Review the added epic in the sandbox Project file.,157
Info,AddedEpic,PLAT-4010,PLAT,Epic,Platform services epic 11,Completed Story Points,,6,changed_cell,Epic is included in the planned sandbox and was not found in the comparison baseline.,Review the added epic in the sandbox Project file.,157
Info,AddedEpic,PLAT-4010,PLAT,Epic,Platform services epic 11,Jira Target Start,,2026-05-18,changed_cell,Epic is included in the planned sandbox and was not found in the comparison baseline.,Review the added epic in the sandbox Project file.,157
Info,AddedEpic,PLAT-4010,PLAT,Epic,Platform services epic 11,Jira Target End,,2026-06-15,changed_cell,Epic is included in the planned sandbox and was not found in the comparison baseline.,Review the added epic in the sandbox Project file.,157
Info,AddedEpic,PLAT-4011,PLAT,Epic,Platform services epic 12,Name,,Platform services epic 12,changed_cell,Epic is included in the planned sandbox and was not found in the comparison baseline.,Review the added epic in the sandbox Project file.,158
Info,AddedEpic,PLAT-4011,PLAT,Epic,Platform services epic 12,Rollup Key,,Shared Services 2026,changed_cell,Epic is included in the planned sandbox and was not found in the comparison baseline.,Review the added epic in the sandbox Project file.,158
Info,AddedEpic,PLAT-4011,PLAT,Epic,Platform services epic 12,Resource Group,,Platform Engineering,changed_cell,Epic is included in the planned sandbox and was not found in the comparison baseline.,Review the added epic in the sandbox Project file.,158
Info,AddedEpic,PLAT-4011,PLAT,Epic,Platform services epic 12,% Complete,,41,changed_cell,Epic is included in the planned sandbox and was not found in the comparison baseline.,Review the added epic in the sandbox Project file.,158
Info,AddedEpic,PLAT-4011,PLAT,Epic,Platform services epic 12,Total Story Points,,27,changed_cell,Epic is included in the planned sandbox and was not found in the comparison baseline.,Review the added epic in the sandbox Project file.,158
Info,AddedEpic,PLAT-4011,PLAT,Epic,Platform services epic 12,Completed Story Points,,11,changed_cell,Epic is included in the planned sandbox and was not found in the comparison baseline.,Review the added epic in the sandbox Project file.,158
Info,AddedEpic,PLAT-4011,PLAT,Epic,Platform services epic 12,Jira Target Start,,2026-05-25,changed_cell,Epic is included in the planned sandbox and was not found in the comparison baseline.,Review the added epic in the sandbox Project file.,158
Info,AddedEpic,PLAT-4011,PLAT,Epic,Platform services epic 12,Jira Target End,,2026-06-29,changed_cell,Epic is included in the planned sandbox and was not found in the comparison baseline.,Review the added epic in the sandbox Project file.,158
Info,AddedEpic,PLAT-4012,PLAT,Epic,Platform services epic 13,Name,,Platform services epic 13,changed_cell,Epic is included in the planned sandbox and was not found in the comparison baseline.,Review the added epic in the sandbox Project file.,159
Info,AddedEpic,PLAT-4012,PLAT,Epic,Platform services epic 13,Rollup Key,,Platform Q1,changed_cell,Epic is included in the planned sandbox and was not found in the comparison baseline.,Review the added epic in the sandbox Project file.,159
Info,AddedEpic,PLAT-4012,PLAT,Epic,Platform services epic 13,Resource Group,,Platform Engineering,changed_cell,Epic is included in the planned sandbox and was not found in the comparison baseline.,Review the added epic in the sandbox Project file.,159
Info,AddedEpic,PLAT-4012,PLAT,Epic,Platform services epic 13,% Complete,,37,changed_cell,Epic is included in the planned sandbox and was not found in the comparison baseline.,Review the added epic in the sandbox Project file.,159
Info,AddedEpic,PLAT-4012,PLAT,Epic,Platform services epic 13,Total Story Points,,19,changed_cell,Epic is included in the planned sandbox and was not found in the comparison baseline.,Review the added epic in the sandbox Project file.,159
Info,AddedEpic,PLAT-4012,PLAT,Epic,Platform services epic 13,Completed Story Points,,7,changed_cell,Epic is included in the planned sandbox and was not found in the comparison baseline.,Review the added epic in the sandbox Project file.,159
Info,AddedEpic,PLAT-4012,PLAT,Epic,Platform services epic 13,Jira Target Start,,2026-06-01,changed_cell,Epic is included in the planned sandbox and was not found in the comparison baseline.,Review the added epic in the sandbox Project file.,159
Info,AddedEpic,PLAT-4012,PLAT,Epic,Platform services epic 13,Jira Target End,,2026-07-13,changed_cell,Epic is included in the planned sandbox and was not found in the comparison baseline.,Review the added epic in the sandbox Project file.,159
Info,AddedEpic,PLAT-4013,PLAT,Epic,Platform services epic 14,Name,,Platform services epic 14,changed_cell,Epic is included in the planned sandbox and was not found in the comparison baseline.,Review the added epic in the sandbox Project file.,160
Info,AddedEpic,PLAT-4013,PLAT,Epic,Platform services epic 14,Rollup Key,,Platform Q2,changed_cell,Epic is included in the planned sandbox and was not found in the comparison baseline.,Review the added epic in the sandbox Project file.,160
Info,AddedEpic,PLAT-4013,PLAT,Epic,Platform services epic 14,Resource Group,,Platform Engineering,changed_cell,Epic is included in the planned sandbox and was not found in the comparison baseline.,Review the added epic in the sandbox Project file.,160
Info,AddedEpic,PLAT-4013,PLAT,Epic,Platform services epic 14,% Complete,,18,changed_cell,Epic is included in the planned sandbox and was not found in the comparison baseline.,Review the added epic in the sandbox Project file.,160
Info,AddedEpic,PLAT-4013,PLAT,Epic,Platform services epic 14,Total Story Points,,22,changed_cell,Epic is included in the planned sandbox and was not found in the comparison baseline.,Review the added epic in the sandbox Project file.,160
Info,AddedEpic,PLAT-4013,PLAT,Epic,Platform services epic 14,Completed Story Points,,4,changed_cell,Epic is included in the planned sandbox and was not found in the comparison baseline.,Review the added epic in the sandbox Project file.,160
Info,AddedEpic,PLAT-4013,PLAT,Epic,Platform services epic 14,Jira Target Start,,2026-06-08,changed_cell,Epic is included in the planned sandbox and was not found in the comparison baseline.,Review the added epic in the sandbox Project file.,160
Info,AddedEpic,PLAT-4013,PLAT,Epic,Platform services epic 14,Jira Target End,,2026-07-27,changed_cell,Epic is included in the planned sandbox and was not found in the comparison baseline.,Review the added epic in the sandbox Project file.,160
Info,AddedEpic,PLAT-4014,PLAT,Epic,Platform services epic 15,Name,,Platform services epic 15,changed_cell,Epic is included in the planned sandbox and was not found in the comparison baseline.,Review the added epic in the sandbox Project file.,161
Info,AddedEpic,PLAT-4014,PLAT,Epic,Platform services epic 15,Rollup Key,,Shared Services 2026,changed_cell,Epic is included in the planned sandbox and was not found in the comparison baseline.,Review the added epic in the sandbox Project file.,161
Info,AddedEpic,PLAT-4014,PLAT,Epic,Platform services epic 15,Resource Group,,Platform Engineering,changed_cell,Epic is included in the planned sandbox and was not found in the comparison baseline.,Review the added epic in the sandbox Project file.,161
Info,AddedEpic,PLAT-4014,PLAT,Epic,Platform services epic 15,% Complete,,53,changed_cell,Epic is included in the planned sandbox and was not found in the comparison baseline.,Review the added epic in the sandbox Project file.,161
Info,AddedEpic,PLAT-4014,PLAT,Epic,Platform services epic 15,Total Story Points,,19,changed_cell,Epic is included in the planned sandbox and was not found in the comparison baseline.,Review the added epic in the sandbox Project file.,161
Info,AddedEpic,PLAT-4014,PLAT,Epic,Platform services epic 15,Completed Story Points,,10,changed_cell,Epic is included in the planned sandbox and was not found in the comparison baseline.,Review the added epic in the sandbox Project file.,161
Info,AddedEpic,PLAT-4014,PLAT,Epic,Platform services epic 15,Jira Target Start,,2026-06-15,changed_cell,Epic is included in the planned sandbox and was not found in the comparison baseline.,Review the added epic in the sandbox Project file.,161
Info,AddedEpic,PLAT-4014,PLAT,Epic,Platform services epic 15,Jira Target End,,2026-08-10,changed_cell,Epic is included in the planned sandbox and was not found in the comparison baseline.,Review the added epic in the sandbox Project file.,161
Info,AddedEpic,PLAT-4015,PLAT,Epic,Platform services epic 16,Name,,Platform services epic 16,changed_cell,Epic is included in the planned sandbox and was not found in the comparison baseline.,Review the added epic in the sandbox Project file.,162
Info,AddedEpic,PLAT-4015,PLAT,Epic,Platform services epic 16,Rollup Key,,Platform Q1,changed_cell,Epic is included in the planned sandbox and was not found in the comparison baseline.,Review the added epic in the sandbox Project file.,162
Info,AddedEpic,PLAT-4015,PLAT,Epic,Platform services epic 16,Resource Group,,Platform Engineering,changed_cell,Epic is included in the planned sandbox and was not found in the comparison baseline.,Review the added epic in the sandbox Project file.,162
Info,AddedEpic,PLAT-4015,PLAT,Epic,Platform services epic 16,% Complete,,30,changed_cell,Epic is included in the planned sandbox and was not found in the comparison baseline.,Review the added epic in the sandbox Project file.,162
Info,AddedEpic,PLAT-4015,PLAT,Epic,Platform services epic 16,Total Story Points,,20,changed_cell,Epic is included in the planned sandbox and was not found in the comparison baseline.,Review the added epic in the sandbox Project file.,162
Info,AddedEpic,PLAT-4015,PLAT,Epic,Platform services epic 16,Completed Story Points,,6,changed_cell,Epic is included in the planned sandbox and was not found in the comparison baseline.,Review the added epic in the sandbox Project file.,162
Info,AddedEpic,PLAT-4015,PLAT,Epic,Platform services epic 16,Jira Target Start,,2026-06-22,changed_cell,Epic is included in the planned sandbox and was not found in the comparison baseline.,Review the added epic in the sandbox Project file.,162
Info,AddedEpic,PLAT-4015,PLAT,Epic,Platform services epic 16,Jira Target End,,2026-07-20,changed_cell,Epic is included in the planned sandbox and was not found in the comparison baseline.,Review the added epic in the sandbox Project file.,162
Info,AddedEpic,PLAT-4016,PLAT,Epic,Platform services epic 17,Name,,Platform services epic 17,changed_cell,Epic is included in the planned sandbox and was not found in the comparison baseline.,Review the added epic in the sandbox Project file.,163
Info,AddedEpic,PLAT-4016,PLAT,Epic,Platform services epic 17,Rollup Key,,Platform Q2,changed_cell,Epic is included in the planned sandbox and was not found in the comparison baseline.,Review the added epic in the sandbox Project file.,163
Info,AddedEpic,PLAT-4016,PLAT,Epic,Platform services epic 17,Resource Group,,Platform Engineering,changed_cell,Epic is included in the planned sandbox and was not found in the comparison baseline.,Review the added epic in the sandbox Project file.,163
Info,AddedEpic,PLAT-4016,PLAT,Epic,Platform services epic 17,% Complete,,58,changed_cell,Epic is included in the planned sandbox and was not found in the comparison baseline.,Review the added epic in the sandbox Project file.,163
Info,AddedEpic,PLAT-4016,PLAT,Epic,Platform services epic 17,Total Story Points,,19,changed_cell,Epic is included in the planned sandbox and was not found in the comparison baseline.,Review the added epic in the sandbox Project file.,163
Info,AddedEpic,PLAT-4016,PLAT,Epic,Platform services epic 17,Completed Story Points,,11,changed_cell,Epic is included in the planned sandbox and was not found in the comparison baseline.,Review the added epic in the sandbox Project file.,163
Info,AddedEpic,PLAT-4016,PLAT,Epic,Platform services epic 17,Jira Target Start,,2026-06-29,changed_cell,Epic is included in the planned sandbox and was not found in the comparison baseline.,Review the added epic in the sandbox Project file.,163
Info,AddedEpic,PLAT-4016,PLAT,Epic,Platform services epic 17,Jira Target End,,2026-08-03,changed_cell,Epic is included in the planned sandbox and was not found in the comparison baseline.,Review the added epic in the sandbox Project file.,163
Info,AddedEpic,PLAT-4017,PLAT,Epic,Platform services epic 18,Name,,Platform services epic 18,changed_cell,Epic is included in the planned sandbox and was not found in the comparison baseline.,Review the added epic in the sandbox Project file.,164
Info,AddedEpic,PLAT-4017,PLAT,Epic,Platform services epic 18,Rollup Key,,Shared Services 2026,changed_cell,Epic is included in the planned sandbox and was not found in the comparison baseline.,Review the added epic in the sandbox Project file.,164
Info,AddedEpic,PLAT-4017,PLAT,Epic,Platform services epic 18,Resource Group,,Platform Engineering,changed_cell,Epic is included in the planned sandbox and was not found in the comparison baseline.,Review the added epic in the sandbox Project file.,164
Info,AddedEpic,PLAT-4017,PLAT,Epic,Platform services epic 18,% Complete,,29,changed_cell,Epic is included in the planned sandbox and was not found in the comparison baseline.,Review the added epic in the sandbox Project file.,164
Info,AddedEpic,PLAT-4017,PLAT,Epic,Platform services epic 18,Total Story Points,,24,changed_cell,Epic is included in the planned sandbox and was not found in the comparison baseline.,Review the added epic in the sandbox Project file.,164
Info,AddedEpic,PLAT-4017,PLAT,Epic,Platform services epic 18,Completed Story Points,,7,changed_cell,Epic is included in the planned sandbox and was not found in the comparison baseline.,Review the added epic in the sandbox Project file.,164
Info,AddedEpic,PLAT-4017,PLAT,Epic,Platform services epic 18,Jira Target Start,,2026-07-06,changed_cell,Epic is included in the planned sandbox and was not found in the comparison baseline.,Review the added epic in the sandbox Project file.,164
Info,AddedEpic,PLAT-4017,PLAT,Epic,Platform services epic 18,Jira Target End,,2026-08-17,changed_cell,Epic is included in the planned sandbox and was not found in the comparison baseline.,Review the added epic in the sandbox Project file.,164
Info,AddedEpic,PLAT-4018,PLAT,Epic,Platform services epic 19,Name,,Platform services epic 19,changed_cell,Epic is included in the planned sandbox and was not found in the comparison baseline.,Review the added epic in the sandbox Project file.,165
Info,AddedEpic,PLAT-4018,PLAT,Epic,Platform services epic 19,Rollup Key,,Platform Q1,changed_cell,Epic is included in the planned sandbox and was not found in the comparison baseline.,Review the added epic in the sandbox Project file.,165
Info,AddedEpic,PLAT-4018,PLAT,Epic,Platform services epic 19,Resource Group,,Platform Engineering,changed_cell,Epic is included in the planned sandbox and was not found in the comparison baseline.,Review the added epic in the sandbox Project file.,165
Info,AddedEpic,PLAT-4018,PLAT,Epic,Platform services epic 19,% Complete,,21,changed_cell,Epic is included in the planned sandbox and was not found in the comparison baseline.,Review the added epic in the sandbox Project file.,165
Info,AddedEpic,PLAT-4018,PLAT,Epic,Platform services epic 19,Total Story Points,,19,changed_cell,Epic is included in the planned sandbox and was not found in the comparison baseline.,Review the added epic in the sandbox Project file.,165
Info,AddedEpic,PLAT-4018,PLAT,Epic,Platform services epic 19,Completed Story Points,,4,changed_cell,Epic is included in the planned sandbox and was not found in the comparison baseline.,Review the added epic in the sandbox Project file.,165
Info,AddedEpic,PLAT-4018,PLAT,Epic,Platform services epic 19,Jira Target Start,,2026-07-13,changed_cell,Epic is included in the planned sandbox and was not found in the comparison baseline.,Review the added epic in the sandbox Project file.,165
Info,AddedEpic,PLAT-4018,PLAT,Epic,Platform services epic 19,Jira Target End,,2026-08-31,changed_cell,Epic is included in the planned sandbox and was not found in the comparison baseline.,Review the added epic in the sandbox Project file.,165
Info,AddedEpic,PLAT-4019,PLAT,Epic,Platform services epic 20,Name,,Platform services epic 20,changed_cell,Epic is included in the planned sandbox and was not found in the comparison baseline.,Review the added epic in the sandbox Project file.,166
Info,AddedEpic,PLAT-4019,PLAT,Epic,Platform services epic 20,Rollup Key,,Platform Q2,changed_cell,Epic is included in the planned sandbox and was not found in the comparison baseline.,Review the added epic in the sandbox Project file.,166
Info,AddedEpic,PLAT-4019,PLAT,Epic,Platform services epic 20,Resource Group,,Platform Engineering,changed_cell,Epic is included in the planned sandbox and was not found in the comparison baseline.,Review the added epic in the sandbox Project file.,166
Info,AddedEpic,PLAT-4019,PLAT,Epic,Platform services epic 20,% Complete,,48,changed_cell,Epic is included in the planned sandbox and was not found in the comparison baseline.,Review the added epic in the sandbox Project file.,166
Info,AddedEpic,PLAT-4019,PLAT,Epic,Platform services epic 20,Total Story Points,,21,changed_cell,Epic is included in the planned sandbox and was not found in the comparison baseline.,Review the added epic in the sandbox Project file.,166
Info,AddedEpic,PLAT-4019,PLAT,Epic,Platform services epic 20,Completed Story Points,,10,changed_cell,Epic is included in the planned sandbox and was not found in the comparison baseline.,Review the added epic in the sandbox Project file.,166
Info,AddedEpic,PLAT-4019,PLAT,Epic,Platform services epic 20,Jira Target Start,,2026-07-20,changed_cell,Epic is included in the planned sandbox and was not found in the comparison baseline.,Review the added epic in the sandbox Project file.,166
Info,AddedEpic,PLAT-4019,PLAT,Epic,Platform services epic 20,Jira Target End,,2026-09-14,changed_cell,Epic is included in the planned sandbox and was not found in the comparison baseline.,Review the added epic in the sandbox Project file.,166
Info,AddedEpic,PLAT-4020,PLAT,Epic,Platform services epic 21,Name,,Platform services epic 21,changed_cell,Epic is included in the planned sandbox and was not found in the comparison baseline.,Review the added epic in the sandbox Project file.,167
Info,AddedEpic,PLAT-4020,PLAT,Epic,Platform services epic 21,Rollup Key,,Shared Services 2026,changed_cell,Epic is included in the planned sandbox and was not found in the comparison baseline.,Review the added epic in the sandbox Project file.,167
Info,AddedEpic,PLAT-4020,PLAT,Epic,Platform services epic 21,Resource Group,,Platform Engineering,changed_cell,Epic is included in the planned sandbox and was not found in the comparison baseline.,Review the added epic in the sandbox Project file.,167
Info,AddedEpic,PLAT-4020,PLAT,Epic,Platform services epic 21,% Complete,,58,changed_cell,Epic is included in the planned sandbox and was not found in the comparison baseline.,Review the added epic in the sandbox Project file.,167
Info,AddedEpic,PLAT-4020,PLAT,Epic,Platform services epic 21,Total Story Points,,19,changed_cell,Epic is included in the planned sandbox and was not found in the comparison baseline.,Review the added epic in the sandbox Project file.,167
Info,AddedEpic,PLAT-4020,PLAT,Epic,Platform services epic 21,Completed Story Points,,11,changed_cell,Epic is included in the planned sandbox and was not found in the comparison baseline.,Review the added epic in the sandbox Project file.,167
Info,AddedEpic,PLAT-4020,PLAT,Epic,Platform services epic 21,Jira Target Start,,2026-07-27,changed_cell,Epic is included in the planned sandbox and was not found in the comparison baseline.,Review the added epic in the sandbox Project file.,167
Info,AddedEpic,PLAT-4020,PLAT,Epic,Platform services epic 21,Jira Target End,,2026-08-24,changed_cell,Epic is included in the planned sandbox and was not found in the comparison baseline.,Review the added epic in the sandbox Project file.,167
Info,AddedEpic,PLAT-4021,PLAT,Epic,Platform services epic 22,Name,,Platform services epic 22,changed_cell,Epic is included in the planned sandbox and was not found in the comparison baseline.,Review the added epic in the sandbox Project file.,168
Info,AddedEpic,PLAT-4021,PLAT,Epic,Platform services epic 22,Rollup Key,,Platform Q1,changed_cell,Epic is included in the planned sandbox and was not found in the comparison baseline.,Review the added epic in the sandbox Project file.,168
Info,AddedEpic,PLAT-4021,PLAT,Epic,Platform services epic 22,Resource Group,,Platform Engineering,changed_cell,Epic is included in the planned sandbox and was not found in the comparison baseline.,Review the added epic in the sandbox Project file.,168
Info,AddedEpic,PLAT-4021,PLAT,Epic,Platform services epic 22,% Complete,,32,changed_cell,Epic is included in the planned sandbox and was not found in the comparison baseline.,Review the added epic in the sandbox Project file.,168
Info,AddedEpic,PLAT-4021,PLAT,Epic,Platform services epic 22,Total Story Points,,22,changed_cell,Epic is included in the planned sandbox and was not found in the comparison baseline.,Review the added epic in the sandbox Project file.,168
Info,AddedEpic,PLAT-4021,PLAT,Epic,Platform services epic 22,Completed Story Points,,7,changed_cell,Epic is included in the planned sandbox and was not found in the comparison baseline.,Review the added epic in the sandbox Project file.,168
Info,AddedEpic,PLAT-4021,PLAT,Epic,Platform services epic 22,Jira Target Start,,2026-08-03,changed_cell,Epic is included in the planned sandbox and was not found in the comparison baseline.,Review the added epic in the sandbox Project file.,168
Info,AddedEpic,PLAT-4021,PLAT,Epic,Platform services epic 22,Jira Target End,,2026-09-07,changed_cell,Epic is included in the planned sandbox and was not found in the comparison baseline.,Review the added epic in the sandbox Project file.,168
Info,AddedEpic,PLAT-4022,PLAT,Epic,Platform services epic 23,Name,,Platform services epic 23,changed_cell,Epic is included in the planned sandbox and was not found in the comparison baseline.,Review the added epic in the sandbox Project file.,169
Info,AddedEpic,PLAT-4022,PLAT,Epic,Platform services epic 23,Rollup Key,,Platform Q2,changed_cell,Epic is included in the planned sandbox and was not found in the comparison baseline.,Review the added epic in the sandbox Project file.,169
Info,AddedEpic,PLAT-4022,PLAT,Epic,Platform services epic 23,Resource Group,,Platform Engineering,changed_cell,Epic is included in the planned sandbox and was not found in the comparison baseline.,Review the added epic in the sandbox Project file.,169
Info,AddedEpic,PLAT-4022,PLAT,Epic,Platform services epic 23,% Complete,,21,changed_cell,Epic is included in the planned sandbox and was not found in the comparison baseline.,Review the added epic in the sandbox Project file.,169
Info,AddedEpic,PLAT-4022,PLAT,Epic,Platform services epic 23,Total Story Points,,19,changed_cell,Epic is included in the planned sandbox and was not found in the comparison baseline.,Review the added epic in the sandbox Project file.,169
Info,AddedEpic,PLAT-4022,PLAT,Epic,Platform services epic 23,Completed Story Points,,4,changed_cell,Epic is included in the planned sandbox and was not found in the comparison baseline.,Review the added epic in the sandbox Project file.,169
Info,AddedEpic,PLAT-4022,PLAT,Epic,Platform services epic 23,Jira Target Start,,2026-08-10,changed_cell,Epic is included in the planned sandbox and was not found in the comparison baseline.,Review the added epic in the sandbox Project file.,169
Info,AddedEpic,PLAT-4022,PLAT,Epic,Platform services epic 23,Jira Target End,,2026-09-21,changed_cell,Epic is included in the planned sandbox and was not found in the comparison baseline.,Review the added epic in the sandbox Project file.,169
Info,AddedEpic,PLAT-4023,PLAT,Epic,Platform services epic 24,Name,,Platform services epic 24,changed_cell,Epic is included in the planned sandbox and was not found in the comparison baseline.,Review the added epic in the sandbox Project file.,170
Info,AddedEpic,PLAT-4023,PLAT,Epic,Platform services epic 24,Rollup Key,,Shared Services 2026,changed_cell,Epic is included in the planned sandbox and was not found in the comparison baseline.,Review the added epic in the sandbox Project file.,170
Info,AddedEpic,PLAT-4023,PLAT,Epic,Platform services epic 24,Resource Group,,Platform Engineering,changed_cell,Epic is included in the planned sandbox and was not found in the comparison baseline.,Review the added epic in the sandbox Project file.,170
Info,AddedEpic,PLAT-4023,PLAT,Epic,Platform services epic 24,% Complete,,50,changed_cell,Epic is included in the planned sandbox and was not found in the comparison baseline.,Review the added epic in the sandbox Project file.,170
Info,AddedEpic,PLAT-4023,PLAT,Epic,Platform services epic 24,Total Story Points,,20,changed_cell,Epic is included in the planned sandbox and was not found in the comparison baseline.,Review the added epic in the sandbox Project file.,170
Info,AddedEpic,PLAT-4023,PLAT,Epic,Platform services epic 24,Completed Story Points,,10,changed_cell,Epic is included in the planned sandbox and was not found in the comparison baseline.,Review the added epic in the sandbox Project file.,170
Info,AddedEpic,PLAT-4023,PLAT,Epic,Platform services epic 24,Jira Target Start,,2026-08-17,changed_cell,Epic is included in the planned sandbox and was not found in the comparison baseline.,Review the added epic in the sandbox Project file.,170
Info,AddedEpic,PLAT-4023,PLAT,Epic,Platform services epic 24,Jira Target End,,2026-10-05,changed_cell,Epic is included in the planned sandbox and was not found in the comparison baseline.,Review the added epic in the sandbox Project file.,170
Info,AddedEpic,PLAT-4024,PLAT,Epic,Platform services epic 25,Name,,Platform services epic 25,changed_cell,Epic is included in the planned sandbox and was not found in the comparison baseline.,Review the added epic in the sandbox Project file.,171
Info,AddedEpic,PLAT-4024,PLAT,Epic,Platform services epic 25,Rollup Key,,Platform Q1,changed_cell,Epic is included in the planned sandbox and was not found in the comparison baseline.,Review the added epic in the sandbox Project file.,171
Info,AddedEpic,PLAT-4024,PLAT,Epic,Platform services epic 25,Resource Group,,Platform Engineering,changed_cell,Epic is included in the planned sandbox and was not found in the comparison baseline.,Review the added epic in the sandbox Project file.,171
Info,AddedEpic,PLAT-4024,PLAT,Epic,Platform services epic 25,% Complete,,32,changed_cell,Epic is included in the planned sandbox and was not found in the comparison baseline.,Review the added epic in the sandbox Project file.,171
Info,AddedEpic,PLAT-4024,PLAT,Epic,Platform services epic 25,Total Story Points,,19,changed_cell,Epic is included in the planned sandbox and was not found in the comparison baseline.,Review the added epic in the sandbox Project file.,171
Info,AddedEpic,PLAT-4024,PLAT,Epic,Platform services epic 25,Completed Story Points,,6,changed_cell,Epic is included in the planned sandbox and was not found in the comparison baseline.,Review the added epic in the sandbox Project file.,171
Info,AddedEpic,PLAT-4024,PLAT,Epic,Platform services epic 25,Jira Target Start,,2026-08-24,changed_cell,Epic is included in the planned sandbox and was not found in the comparison baseline.,Review the added epic in the sandbox Project file.,171
Info,AddedEpic,PLAT-4024,PLAT,Epic,Platform services epic 25,Jira Target End,,2026-10-19,changed_cell,Epic is included in the planned sandbox and was not found in the comparison baseline.,Review the added epic in the sandbox Project file.,171
Info,AddedEpic,PLAT-4025,PLAT,Epic,Platform services epic 26,Name,,Platform services epic 26,changed_cell,Epic is included in the planned sandbox and was not found in the comparison baseline.,Review the added epic in the sandbox Project file.,172
Info,AddedEpic,PLAT-4025,PLAT,Epic,Platform services epic 26,Rollup Key,,Platform Q2,changed_cell,Epic is included in the planned sandbox and was not found in the comparison baseline.,Review the added epic in the sandbox Project file.,172
Info,AddedEpic,PLAT-4025,PLAT,Epic,Platform services epic 26,Resource Group,,Platform Engineering,changed_cell,Epic is included in the planned sandbox and was not found in the comparison baseline.,Review the added epic in the sandbox Project file.,172
Info,AddedEpic,PLAT-4025,PLAT,Epic,Platform services epic 26,% Complete,,46,changed_cell,Epic is included in the planned sandbox and was not found in the comparison baseline.,Review the added epic in the sandbox Project file.,172
Info,AddedEpic,PLAT-4025,PLAT,Epic,Platform services epic 26,Total Story Points,,24,changed_cell,Epic is included in the planned sandbox and was not found in the comparison baseline.,Review the added epic in the sandbox Project file.,172
Info,AddedEpic,PLAT-4025,PLAT,Epic,Platform services epic 26,Completed Story Points,,11,changed_cell,Epic is included in the planned sandbox and was not found in the comparison baseline.,Review the added epic in the sandbox Project file.,172
Info,AddedEpic,PLAT-4025,PLAT,Epic,Platform services epic 26,Jira Target Start,,2026-08-31,changed_cell,Epic is included in the planned sandbox and was not found in the comparison baseline.,Review the added epic in the sandbox Project file.,172
Info,AddedEpic,PLAT-4025,PLAT,Epic,Platform services epic 26,Jira Target End,,2026-09-28,changed_cell,Epic is included in the planned sandbox and was not found in the comparison baseline.,Review the added epic in the sandbox Project file.,172
Info,AddedEpic,PLAT-4026,PLAT,Epic,Platform services epic 27,Name,,Platform services epic 27,changed_cell,Epic is included in the planned sandbox and was not found in the comparison baseline.,Review the added epic in the sandbox Project file.,173
Info,AddedEpic,PLAT-4026,PLAT,Epic,Platform services epic 27,Rollup Key,,Shared Services 2026,changed_cell,Epic is included in the planned sandbox and was not found in the comparison baseline.,Review the added epic in the sandbox Project file.,173
Info,AddedEpic,PLAT-4026,PLAT,Epic,Platform services epic 27,Resource Group,,Platform Engineering,changed_cell,Epic is included in the planned sandbox and was not found in the comparison baseline.,Review the added epic in the sandbox Project file.,173
Info,AddedEpic,PLAT-4026,PLAT,Epic,Platform services epic 27,% Complete,,37,changed_cell,Epic is included in the planned sandbox and was not found in the comparison baseline.,Review the added epic in the sandbox Project file.,173
Info,AddedEpic,PLAT-4026,PLAT,Epic,Platform services epic 27,Total Story Points,,19,changed_cell,Epic is included in the planned sandbox and was not found in the comparison baseline.,Review the added epic in the sandbox Project file.,173
Info,AddedEpic,PLAT-4026,PLAT,Epic,Platform services epic 27,Completed Story Points,,7,changed_cell,Epic is included in the planned sandbox and was not found in the comparison baseline.,Review the added epic in the sandbox Project file.,173
Info,AddedEpic,PLAT-4026,PLAT,Epic,Platform services epic 27,Jira Target Start,,2026-09-07,changed_cell,Epic is included in the planned sandbox and was not found in the comparison baseline.,Review the added epic in the sandbox Project file.,173
Info,AddedEpic,PLAT-4026,PLAT,Epic,Platform services epic 27,Jira Target End,,2026-10-12,changed_cell,Epic is included in the planned sandbox and was not found in the comparison baseline.,Review the added epic in the sandbox Project file.,173
Info,AddedEpic,PLAT-4027,PLAT,Epic,Platform services epic 28,Name,,Platform services epic 28,changed_cell,Epic is included in the planned sandbox and was not found in the comparison baseline.,Review the added epic in the sandbox Project file.,174
Info,AddedEpic,PLAT-4027,PLAT,Epic,Platform services epic 28,Rollup Key,,Platform Q1,changed_cell,Epic is included in the planned sandbox and was not found in the comparison baseline.,Review the added epic in the sandbox Project file.,174
Info,AddedEpic,PLAT-4027,PLAT,Epic,Platform services epic 28,Resource Group,,Platform Engineering,changed_cell,Epic is included in the planned sandbox and was not found in the comparison baseline.,Review the added epic in the sandbox Project file.,174
Info,AddedEpic,PLAT-4027,PLAT,Epic,Platform services epic 28,% Complete,,19,changed_cell,Epic is included in the planned sandbox and was not found in the comparison baseline.,Review the added epic in the sandbox Project file.,174
Info,AddedEpic,PLAT-4027,PLAT,Epic,Platform services epic 28,Total Story Points,,21,changed_cell,Epic is included in the planned sandbox and was not found in the comparison baseline.,Review the added epic in the sandbox Project file.,174
Info,AddedEpic,PLAT-4027,PLAT,Epic,Platform services epic 28,Completed Story Points,,4,changed_cell,Epic is included in the planned sandbox and was not found in the comparison baseline.,Review the added epic in the sandbox Project file.,174
Info,AddedEpic,PLAT-4027,PLAT,Epic,Platform services epic 28,Jira Target Start,,2026-09-14,changed_cell,Epic is included in the planned sandbox and was not found in the comparison baseline.,Review the added epic in the sandbox Project file.,174
Info,AddedEpic,PLAT-4027,PLAT,Epic,Platform services epic 28,Jira Target End,,2026-10-26,changed_cell,Epic is included in the planned sandbox and was not found in the comparison baseline.,Review the added epic in the sandbox Project file.,174
Info,AddedEpic,PLAT-4028,PLAT,Epic,Platform services epic 29,Name,,Platform services epic 29,changed_cell,Epic is included in the planned sandbox and was not found in the comparison baseline.,Review the added epic in the sandbox Project file.,175
Info,AddedEpic,PLAT-4028,PLAT,Epic,Platform services epic 29,Rollup Key,,Platform Q2,changed_cell,Epic is included in the planned sandbox and was not found in the comparison baseline.,Review the added epic in the sandbox Project file.,175
Info,AddedEpic,PLAT-4028,PLAT,Epic,Platform services epic 29,Resource Group,,Platform Engineering,changed_cell,Epic is included in the planned sandbox and was not found in the comparison baseline.,Review the added epic in the sandbox Project file.,175
Info,AddedEpic,PLAT-4028,PLAT,Epic,Platform services epic 29,% Complete,,53,changed_cell,Epic is included in the planned sandbox and was not found in the comparison baseline.,Review the added epic in the sandbox Project file.,175
Info,AddedEpic,PLAT-4028,PLAT,Epic,Platform services epic 29,Total Story Points,,19,changed_cell,Epic is included in the planned sandbox and was not found in the comparison baseline.,Review the added epic in the sandbox Project file.,175
Info,AddedEpic,PLAT-4028,PLAT,Epic,Platform services epic 29,Completed Story Points,,10,changed_cell,Epic is included in the planned sandbox and was not found in the comparison baseline.,Review the added epic in the sandbox Project file.,175
Info,AddedEpic,PLAT-4028,PLAT,Epic,Platform services epic 29,Jira Target Start,,2026-09-21,changed_cell,Epic is included in the planned sandbox and was not found in the comparison baseline.,Review the added epic in the sandbox Project file.,175
Info,AddedEpic,PLAT-4028,PLAT,Epic,Platform services epic 29,Jira Target End,,2026-11-09,changed_cell,Epic is included in the planned sandbox and was not found in the comparison baseline.,Review the added epic in the sandbox Project file.,175
Info,AddedEpic,PLAT-4029,PLAT,Epic,Platform services yellow missing fixVersion in updated CSV,Name,,Platform services yellow missing fixVersion in updated CSV,changed_cell,Epic is included in the planned sandbox and was not found in the comparison baseline.,Review the added epic in the sandbox Project file.,176
Info,AddedEpic,PLAT-4029,PLAT,Epic,Platform services yellow missing fixVersion in updated CSV,Rollup Key,,Shared Services 2026,changed_cell,Epic is included in the planned sandbox and was not found in the comparison baseline.,Review the added epic in the sandbox Project file.,176
Info,AddedEpic,PLAT-4029,PLAT,Epic,Platform services yellow missing fixVersion in updated CSV,Resource Group,,Platform Engineering,changed_cell,Epic is included in the planned sandbox and was not found in the comparison baseline.,Review the added epic in the sandbox Project file.,176
Info,AddedEpic,PLAT-4029,PLAT,Epic,Platform services yellow missing fixVersion in updated CSV,% Complete,,22,changed_cell,Epic is included in the planned sandbox and was not found in the comparison baseline.,Review the added epic in the sandbox Project file.,176
Info,AddedEpic,PLAT-4029,PLAT,Epic,Platform services yellow missing fixVersion in updated CSV,Total Story Points,,27,changed_cell,Epic is included in the planned sandbox and was not found in the comparison baseline.,Review the added epic in the sandbox Project file.,176
Info,AddedEpic,PLAT-4029,PLAT,Epic,Platform services yellow missing fixVersion in updated CSV,Completed Story Points,,6,changed_cell,Epic is included in the planned sandbox and was not found in the comparison baseline.,Review the added epic in the sandbox Project file.,176
Info,AddedEpic,PLAT-4029,PLAT,Epic,Platform services yellow missing fixVersion in updated CSV,Jira Target Start,,2026-09-28,changed_cell,Epic is included in the planned sandbox and was not found in the comparison baseline.,Review the added epic in the sandbox Project file.,176
Info,AddedEpic,PLAT-4029,PLAT,Epic,Platform services yellow missing fixVersion in updated CSV,Jira Target End,,2026-11-23,changed_cell,Epic is included in the planned sandbox and was not found in the comparison baseline.,Review the added epic in the sandbox Project file.,176
Info,AddedEpic,OPS-5000,OPS,Epic,Operations epic 01,Name,,Operations epic 01,changed_cell,Epic is included in the planned sandbox and was not found in the comparison baseline.,Review the added epic in the sandbox Project file.,177
Info,AddedEpic,OPS-5000,OPS,Epic,Operations epic 01,Rollup Key,,Operations Q1,changed_cell,Epic is included in the planned sandbox and was not found in the comparison baseline.,Review the added epic in the sandbox Project file.,177
Info,AddedEpic,OPS-5000,OPS,Epic,Operations epic 01,Resource Group,,Operations,changed_cell,Epic is included in the planned sandbox and was not found in the comparison baseline.,Review the added epic in the sandbox Project file.,177
Info,AddedEpic,OPS-5000,OPS,Epic,Operations epic 01,% Complete,,48,changed_cell,Epic is included in the planned sandbox and was not found in the comparison baseline.,Review the added epic in the sandbox Project file.,177
Info,AddedEpic,OPS-5000,OPS,Epic,Operations epic 01,Total Story Points,,21,changed_cell,Epic is included in the planned sandbox and was not found in the comparison baseline.,Review the added epic in the sandbox Project file.,177
Info,AddedEpic,OPS-5000,OPS,Epic,Operations epic 01,Completed Story Points,,10,changed_cell,Epic is included in the planned sandbox and was not found in the comparison baseline.,Review the added epic in the sandbox Project file.,177
Info,AddedEpic,OPS-5000,OPS,Epic,Operations epic 01,Jira Target Start,,2026-10-05,changed_cell,Epic is included in the planned sandbox and was not found in the comparison baseline.,Review the added epic in the sandbox Project file.,177
Info,AddedEpic,OPS-5000,OPS,Epic,Operations epic 01,Jira Target End,,2026-11-02,changed_cell,Epic is included in the planned sandbox and was not found in the comparison baseline.,Review the added epic in the sandbox Project file.,177
Info,AddedEpic,OPS-5001,OPS,Epic,Operations epic 02,Name,,Operations epic 02,changed_cell,Epic is included in the planned sandbox and was not found in the comparison baseline.,Review the added epic in the sandbox Project file.,178
Info,AddedEpic,OPS-5001,OPS,Epic,Operations epic 02,Rollup Key,,Operations Q2,changed_cell,Epic is included in the planned sandbox and was not found in the comparison baseline.,Review the added epic in the sandbox Project file.,178
Info,AddedEpic,OPS-5001,OPS,Epic,Operations epic 02,Resource Group,,Operations,changed_cell,Epic is included in the planned sandbox and was not found in the comparison baseline.,Review the added epic in the sandbox Project file.,178
Info,AddedEpic,OPS-5001,OPS,Epic,Operations epic 02,% Complete,,22,changed_cell,Epic is included in the planned sandbox and was not found in the comparison baseline.,Review the added epic in the sandbox Project file.,178
Info,AddedEpic,OPS-5001,OPS,Epic,Operations epic 02,Total Story Points,,27,changed_cell,Epic is included in the planned sandbox and was not found in the comparison baseline.,Review the added epic in the sandbox Project file.,178
Info,AddedEpic,OPS-5001,OPS,Epic,Operations epic 02,Completed Story Points,,6,changed_cell,Epic is included in the planned sandbox and was not found in the comparison baseline.,Review the added epic in the sandbox Project file.,178
Info,AddedEpic,OPS-5001,OPS,Epic,Operations epic 02,Jira Target Start,,2026-10-12,changed_cell,Epic is included in the planned sandbox and was not found in the comparison baseline.,Review the added epic in the sandbox Project file.,178
Info,AddedEpic,OPS-5001,OPS,Epic,Operations epic 02,Jira Target End,,2026-11-16,changed_cell,Epic is included in the planned sandbox and was not found in the comparison baseline.,Review the added epic in the sandbox Project file.,178
Info,AddedEpic,OPS-5002,OPS,Epic,Operations epic 03,Name,,Operations epic 03,changed_cell,Epic is included in the planned sandbox and was not found in the comparison baseline.,Review the added epic in the sandbox Project file.,179
Info,AddedEpic,OPS-5002,OPS,Epic,Operations epic 03,Rollup Key,,Operations Q1,changed_cell,Epic is included in the planned sandbox and was not found in the comparison baseline.,Review the added epic in the sandbox Project file.,179
Info,AddedEpic,OPS-5002,OPS,Epic,Operations epic 03,Resource Group,,Operations,changed_cell,Epic is included in the planned sandbox and was not found in the comparison baseline.,Review the added epic in the sandbox Project file.,179
Info,AddedEpic,OPS-5002,OPS,Epic,Operations epic 03,% Complete,,50,changed_cell,Epic is included in the planned sandbox and was not found in the comparison baseline.,Review the added epic in the sandbox Project file.,179
Info,AddedEpic,OPS-5002,OPS,Epic,Operations epic 03,Total Story Points,,22,changed_cell,Epic is included in the planned sandbox and was not found in the comparison baseline.,Review the added epic in the sandbox Project file.,179
Info,AddedEpic,OPS-5002,OPS,Epic,Operations epic 03,Completed Story Points,,11,changed_cell,Epic is included in the planned sandbox and was not found in the comparison baseline.,Review the added epic in the sandbox Project file.,179
Info,AddedEpic,OPS-5002,OPS,Epic,Operations epic 03,Jira Target Start,,2026-10-19,changed_cell,Epic is included in the planned sandbox and was not found in the comparison baseline.,Review the added epic in the sandbox Project file.,179
Info,AddedEpic,OPS-5002,OPS,Epic,Operations epic 03,Jira Target End,,2026-11-30,changed_cell,Epic is included in the planned sandbox and was not found in the comparison baseline.,Review the added epic in the sandbox Project file.,179
Info,AddedEpic,OPS-5003,OPS,Epic,Operations epic 04,Name,,Operations epic 04,changed_cell,Epic is included in the planned sandbox and was not found in the comparison baseline.,Review the added epic in the sandbox Project file.,180
Info,AddedEpic,OPS-5003,OPS,Epic,Operations epic 04,Rollup Key,,Operations Q2,changed_cell,Epic is included in the planned sandbox and was not found in the comparison baseline.,Review the added epic in the sandbox Project file.,180
Info,AddedEpic,OPS-5003,OPS,Epic,Operations epic 04,Resource Group,,Operations,changed_cell,Epic is included in the planned sandbox and was not found in the comparison baseline.,Review the added epic in the sandbox Project file.,180
Info,AddedEpic,OPS-5003,OPS,Epic,Operations epic 04,% Complete,,30,changed_cell,Epic is included in the planned sandbox and was not found in the comparison baseline.,Review the added epic in the sandbox Project file.,180
Info,AddedEpic,OPS-5003,OPS,Epic,Operations epic 04,Total Story Points,,20,changed_cell,Epic is included in the planned sandbox and was not found in the comparison baseline.,Review the added epic in the sandbox Project file.,180
Info,AddedEpic,OPS-5003,OPS,Epic,Operations epic 04,Completed Story Points,,6,changed_cell,Epic is included in the planned sandbox and was not found in the comparison baseline.,Review the added epic in the sandbox Project file.,180
Info,AddedEpic,OPS-5003,OPS,Epic,Operations epic 04,Jira Target Start,,2026-10-26,changed_cell,Epic is included in the planned sandbox and was not found in the comparison baseline.,Review the added epic in the sandbox Project file.,180
Info,AddedEpic,OPS-5003,OPS,Epic,Operations epic 04,Jira Target End,,2026-12-14,changed_cell,Epic is included in the planned sandbox and was not found in the comparison baseline.,Review the added epic in the sandbox Project file.,180
Info,AddedEpic,OPS-5004,OPS,Epic,Operations epic 05,Name,,Operations epic 05,changed_cell,Epic is included in the planned sandbox and was not found in the comparison baseline.,Review the added epic in the sandbox Project file.,181
Info,AddedEpic,OPS-5004,OPS,Epic,Operations epic 05,Rollup Key,,Operations Q1,changed_cell,Epic is included in the planned sandbox and was not found in the comparison baseline.,Review the added epic in the sandbox Project file.,181
Info,AddedEpic,OPS-5004,OPS,Epic,Operations epic 05,Resource Group,,Operations,changed_cell,Epic is included in the planned sandbox and was not found in the comparison baseline.,Review the added epic in the sandbox Project file.,181
Info,AddedEpic,OPS-5004,OPS,Epic,Operations epic 05,% Complete,,46,changed_cell,Epic is included in the planned sandbox and was not found in the comparison baseline.,Review the added epic in the sandbox Project file.,181
Info,AddedEpic,OPS-5004,OPS,Epic,Operations epic 05,Total Story Points,,24,changed_cell,Epic is included in the planned sandbox and was not found in the comparison baseline.,Review the added epic in the sandbox Project file.,181
Info,AddedEpic,OPS-5004,OPS,Epic,Operations epic 05,Completed Story Points,,11,changed_cell,Epic is included in the planned sandbox and was not found in the comparison baseline.,Review the added epic in the sandbox Project file.,181
Info,AddedEpic,OPS-5004,OPS,Epic,Operations epic 05,Jira Target Start,,2026-11-02,changed_cell,Epic is included in the planned sandbox and was not found in the comparison baseline.,Review the added epic in the sandbox Project file.,181
Info,AddedEpic,OPS-5004,OPS,Epic,Operations epic 05,Jira Target End,,2026-12-28,changed_cell,Epic is included in the planned sandbox and was not found in the comparison baseline.,Review the added epic in the sandbox Project file.,181
Info,AddedEpic,OPS-5005,OPS,Epic,Operations epic 06,Name,,Operations epic 06,changed_cell,Epic is included in the planned sandbox and was not found in the comparison baseline.,Review the added epic in the sandbox Project file.,182
Info,AddedEpic,OPS-5005,OPS,Epic,Operations epic 06,Rollup Key,,Operations Q2,changed_cell,Epic is included in the planned sandbox and was not found in the comparison baseline.,Review the added epic in the sandbox Project file.,182
Info,AddedEpic,OPS-5005,OPS,Epic,Operations epic 06,Resource Group,,Operations,changed_cell,Epic is included in the planned sandbox and was not found in the comparison baseline.,Review the added epic in the sandbox Project file.,182
Info,AddedEpic,OPS-5005,OPS,Epic,Operations epic 06,% Complete,,33,changed_cell,Epic is included in the planned sandbox and was not found in the comparison baseline.,Review the added epic in the sandbox Project file.,182
Info,AddedEpic,OPS-5005,OPS,Epic,Operations epic 06,Total Story Points,,21,changed_cell,Epic is included in the planned sandbox and was not found in the comparison baseline.,Review the added epic in the sandbox Project file.,182
Info,AddedEpic,OPS-5005,OPS,Epic,Operations epic 06,Completed Story Points,,7,changed_cell,Epic is included in the planned sandbox and was not found in the comparison baseline.,Review the added epic in the sandbox Project file.,182
Info,AddedEpic,OPS-5005,OPS,Epic,Operations epic 06,Jira Target Start,,2026-11-09,changed_cell,Epic is included in the planned sandbox and was not found in the comparison baseline.,Review the added epic in the sandbox Project file.,182
Info,AddedEpic,OPS-5005,OPS,Epic,Operations epic 06,Jira Target End,,2026-12-07,changed_cell,Epic is included in the planned sandbox and was not found in the comparison baseline.,Review the added epic in the sandbox Project file.,182
Info,AddedEpic,OPS-5006,OPS,Epic,Operations epic 07,Name,,Operations epic 07,changed_cell,Epic is included in the planned sandbox and was not found in the comparison baseline.,Review the added epic in the sandbox Project file.,183
Info,AddedEpic,OPS-5006,OPS,Epic,Operations epic 07,Rollup Key,,Operations Q1,changed_cell,Epic is included in the planned sandbox and was not found in the comparison baseline.,Review the added epic in the sandbox Project file.,183
Info,AddedEpic,OPS-5006,OPS,Epic,Operations epic 07,Resource Group,,Operations,changed_cell,Epic is included in the planned sandbox and was not found in the comparison baseline.,Review the added epic in the sandbox Project file.,183
Info,AddedEpic,OPS-5006,OPS,Epic,Operations epic 07,% Complete,,41,changed_cell,Epic is included in the planned sandbox and was not found in the comparison baseline.,Review the added epic in the sandbox Project file.,183
Info,AddedEpic,OPS-5006,OPS,Epic,Operations epic 07,Total Story Points,,27,changed_cell,Epic is included in the planned sandbox and was not found in the comparison baseline.,Review the added epic in the sandbox Project file.,183
Info,AddedEpic,OPS-5006,OPS,Epic,Operations epic 07,Completed Story Points,,11,changed_cell,Epic is included in the planned sandbox and was not found in the comparison baseline.,Review the added epic in the sandbox Project file.,183
Info,AddedEpic,OPS-5006,OPS,Epic,Operations epic 07,Jira Target Start,,2026-11-16,changed_cell,Epic is included in the planned sandbox and was not found in the comparison baseline.,Review the added epic in the sandbox Project file.,183
Info,AddedEpic,OPS-5006,OPS,Epic,Operations epic 07,Jira Target End,,2026-12-21,changed_cell,Epic is included in the planned sandbox and was not found in the comparison baseline.,Review the added epic in the sandbox Project file.,183
Info,AddedEpic,OPS-5007,OPS,Epic,Operations epic 08,Name,,Operations epic 08,changed_cell,Epic is included in the planned sandbox and was not found in the comparison baseline.,Review the added epic in the sandbox Project file.,184
Info,AddedEpic,OPS-5007,OPS,Epic,Operations epic 08,Rollup Key,,Operations Q2,changed_cell,Epic is included in the planned sandbox and was not found in the comparison baseline.,Review the added epic in the sandbox Project file.,184
Info,AddedEpic,OPS-5007,OPS,Epic,Operations epic 08,Resource Group,,Operations,changed_cell,Epic is included in the planned sandbox and was not found in the comparison baseline.,Review the added epic in the sandbox Project file.,184
Info,AddedEpic,OPS-5007,OPS,Epic,Operations epic 08,% Complete,,32,changed_cell,Epic is included in the planned sandbox and was not found in the comparison baseline.,Review the added epic in the sandbox Project file.,184
Info,AddedEpic,OPS-5007,OPS,Epic,Operations epic 08,Total Story Points,,22,changed_cell,Epic is included in the planned sandbox and was not found in the comparison baseline.,Review the added epic in the sandbox Project file.,184
Info,AddedEpic,OPS-5007,OPS,Epic,Operations epic 08,Completed Story Points,,7,changed_cell,Epic is included in the planned sandbox and was not found in the comparison baseline.,Review the added epic in the sandbox Project file.,184
Info,AddedEpic,OPS-5007,OPS,Epic,Operations epic 08,Jira Target Start,,2026-11-23,changed_cell,Epic is included in the planned sandbox and was not found in the comparison baseline.,Review the added epic in the sandbox Project file.,184
Info,AddedEpic,OPS-5007,OPS,Epic,Operations epic 08,Jira Target End,,2027-01-04,changed_cell,Epic is included in the planned sandbox and was not found in the comparison baseline.,Review the added epic in the sandbox Project file.,184
Info,AddedEpic,OPS-5008,OPS,Epic,Operations epic 09,Name,,Operations epic 09,changed_cell,Epic is included in the planned sandbox and was not found in the comparison baseline.,Review the added epic in the sandbox Project file.,185
Info,AddedEpic,OPS-5008,OPS,Epic,Operations epic 09,Rollup Key,,Operations Q1,changed_cell,Epic is included in the planned sandbox and was not found in the comparison baseline.,Review the added epic in the sandbox Project file.,185
Info,AddedEpic,OPS-5008,OPS,Epic,Operations epic 09,Resource Group,,Operations,changed_cell,Epic is included in the planned sandbox and was not found in the comparison baseline.,Review the added epic in the sandbox Project file.,185
Info,AddedEpic,OPS-5008,OPS,Epic,Operations epic 09,% Complete,,20,changed_cell,Epic is included in the planned sandbox and was not found in the comparison baseline.,Review the added epic in the sandbox Project file.,185
Info,AddedEpic,OPS-5008,OPS,Epic,Operations epic 09,Total Story Points,,20,changed_cell,Epic is included in the planned sandbox and was not found in the comparison baseline.,Review the added epic in the sandbox Project file.,185
Info,AddedEpic,OPS-5008,OPS,Epic,Operations epic 09,Completed Story Points,,4,changed_cell,Epic is included in the planned sandbox and was not found in the comparison baseline.,Review the added epic in the sandbox Project file.,185
Info,AddedEpic,OPS-5008,OPS,Epic,Operations epic 09,Jira Target Start,,2026-06-08,changed_cell,Epic is included in the planned sandbox and was not found in the comparison baseline.,Review the added epic in the sandbox Project file.,185
Info,AddedEpic,OPS-5008,OPS,Epic,Operations epic 09,Jira Target End,,2026-07-27,changed_cell,Epic is included in the planned sandbox and was not found in the comparison baseline.,Review the added epic in the sandbox Project file.,185
Info,AddedEpic,OPS-5009,OPS,Epic,Operations epic 10,Name,,Operations epic 10,changed_cell,Epic is included in the planned sandbox and was not found in the comparison baseline.,Review the added epic in the sandbox Project file.,186
Info,AddedEpic,OPS-5009,OPS,Epic,Operations epic 10,Rollup Key,,Operations Q2,changed_cell,Epic is included in the planned sandbox and was not found in the comparison baseline.,Review the added epic in the sandbox Project file.,186
Info,AddedEpic,OPS-5009,OPS,Epic,Operations epic 10,Resource Group,,Operations,changed_cell,Epic is included in the planned sandbox and was not found in the comparison baseline.,Review the added epic in the sandbox Project file.,186
Info,AddedEpic,OPS-5009,OPS,Epic,Operations epic 10,% Complete,,29,changed_cell,Epic is included in the planned sandbox and was not found in the comparison baseline.,Review the added epic in the sandbox Project file.,186
Info,AddedEpic,OPS-5009,OPS,Epic,Operations epic 10,Total Story Points,,24,changed_cell,Epic is included in the planned sandbox and was not found in the comparison baseline.,Review the added epic in the sandbox Project file.,186
Info,AddedEpic,OPS-5009,OPS,Epic,Operations epic 10,Completed Story Points,,7,changed_cell,Epic is included in the planned sandbox and was not found in the comparison baseline.,Review the added epic in the sandbox Project file.,186
Info,AddedEpic,OPS-5009,OPS,Epic,Operations epic 10,Jira Target Start,,2026-06-15,changed_cell,Epic is included in the planned sandbox and was not found in the comparison baseline.,Review the added epic in the sandbox Project file.,186
Info,AddedEpic,OPS-5009,OPS,Epic,Operations epic 10,Jira Target End,,2026-08-10,changed_cell,Epic is included in the planned sandbox and was not found in the comparison baseline.,Review the added epic in the sandbox Project file.,186
Info,AddedEpic,OPS-5010,OPS,Epic,Operations epic 11,Name,,Operations epic 11,changed_cell,Epic is included in the planned sandbox and was not found in the comparison baseline.,Review the added epic in the sandbox Project file.,187
Info,AddedEpic,OPS-5010,OPS,Epic,Operations epic 11,Rollup Key,,Operations Q1,changed_cell,Epic is included in the planned sandbox and was not found in the comparison baseline.,Review the added epic in the sandbox Project file.,187
Info,AddedEpic,OPS-5010,OPS,Epic,Operations epic 11,Resource Group,,Operations,changed_cell,Epic is included in the planned sandbox and was not found in the comparison baseline.,Review the added epic in the sandbox Project file.,187
Info,AddedEpic,OPS-5010,OPS,Epic,Operations epic 11,% Complete,,5,changed_cell,Epic is included in the planned sandbox and was not found in the comparison baseline.,Review the added epic in the sandbox Project file.,187
Info,AddedEpic,OPS-5010,OPS,Epic,Operations epic 11,Total Story Points,,19,changed_cell,Epic is included in the planned sandbox and was not found in the comparison baseline.,Review the added epic in the sandbox Project file.,187
Info,AddedEpic,OPS-5010,OPS,Epic,Operations epic 11,Completed Story Points,,1,changed_cell,Epic is included in the planned sandbox and was not found in the comparison baseline.,Review the added epic in the sandbox Project file.,187
Info,AddedEpic,OPS-5010,OPS,Epic,Operations epic 11,Jira Target Start,,2026-06-22,changed_cell,Epic is included in the planned sandbox and was not found in the comparison baseline.,Review the added epic in the sandbox Project file.,187
Info,AddedEpic,OPS-5010,OPS,Epic,Operations epic 11,Jira Target End,,2026-07-20,changed_cell,Epic is included in the planned sandbox and was not found in the comparison baseline.,Review the added epic in the sandbox Project file.,187
Info,AddedEpic,OPS-5011,OPS,Epic,Operations epic 12,Name,,Operations epic 12,changed_cell,Epic is included in the planned sandbox and was not found in the comparison baseline.,Review the added epic in the sandbox Project file.,188
Info,AddedEpic,OPS-5011,OPS,Epic,Operations epic 12,Rollup Key,,Operations Q2,changed_cell,Epic is included in the planned sandbox and was not found in the comparison baseline.,Review the added epic in the sandbox Project file.,188
Info,AddedEpic,OPS-5011,OPS,Epic,Operations epic 12,Resource Group,,Operations,changed_cell,Epic is included in the planned sandbox and was not found in the comparison baseline.,Review the added epic in the sandbox Project file.,188
Info,AddedEpic,OPS-5011,OPS,Epic,Operations epic 12,% Complete,,53,changed_cell,Epic is included in the planned sandbox and was not found in the comparison baseline.,Review the added epic in the sandbox Project file.,188
Info,AddedEpic,OPS-5011,OPS,Epic,Operations epic 12,Total Story Points,,19,changed_cell,Epic is included in the planned sandbox and was not found in the comparison baseline.,Review the added epic in the sandbox Project file.,188
Info,AddedEpic,OPS-5011,OPS,Epic,Operations epic 12,Completed Story Points,,10,changed_cell,Epic is included in the planned sandbox and was not found in the comparison baseline.,Review the added epic in the sandbox Project file.,188
Info,AddedEpic,OPS-5011,OPS,Epic,Operations epic 12,Jira Target Start,,2026-06-29,changed_cell,Epic is included in the planned sandbox and was not found in the comparison baseline.,Review the added epic in the sandbox Project file.,188
Info,AddedEpic,OPS-5011,OPS,Epic,Operations epic 12,Jira Target End,,2026-08-03,changed_cell,Epic is included in the planned sandbox and was not found in the comparison baseline.,Review the added epic in the sandbox Project file.,188
Info,AddedEpic,OPS-5012,OPS,Epic,Operations epic 13,Name,,Operations epic 13,changed_cell,Epic is included in the planned sandbox and was not found in the comparison baseline.,Review the added epic in the sandbox Project file.,189
Info,AddedEpic,OPS-5012,OPS,Epic,Operations epic 13,Rollup Key,,Operations Q1,changed_cell,Epic is included in the planned sandbox and was not found in the comparison baseline.,Review the added epic in the sandbox Project file.,189
Info,AddedEpic,OPS-5012,OPS,Epic,Operations epic 13,Resource Group,,Operations,changed_cell,Epic is included in the planned sandbox and was not found in the comparison baseline.,Review the added epic in the sandbox Project file.,189
Info,AddedEpic,OPS-5012,OPS,Epic,Operations epic 13,% Complete,,32,changed_cell,Epic is included in the planned sandbox and was not found in the comparison baseline.,Review the added epic in the sandbox Project file.,189
Info,AddedEpic,OPS-5012,OPS,Epic,Operations epic 13,Total Story Points,,19,changed_cell,Epic is included in the planned sandbox and was not found in the comparison baseline.,Review the added epic in the sandbox Project file.,189
Info,AddedEpic,OPS-5012,OPS,Epic,Operations epic 13,Completed Story Points,,6,changed_cell,Epic is included in the planned sandbox and was not found in the comparison baseline.,Review the added epic in the sandbox Project file.,189
Info,AddedEpic,OPS-5012,OPS,Epic,Operations epic 13,Jira Target Start,,2026-07-06,changed_cell,Epic is included in the planned sandbox and was not found in the comparison baseline.,Review the added epic in the sandbox Project file.,189
Info,AddedEpic,OPS-5012,OPS,Epic,Operations epic 13,Jira Target End,,2026-08-17,changed_cell,Epic is included in the planned sandbox and was not found in the comparison baseline.,Review the added epic in the sandbox Project file.,189
Info,AddedEpic,OPS-5013,OPS,Epic,Operations epic 14,Name,,Operations epic 14,changed_cell,Epic is included in the planned sandbox and was not found in the comparison baseline.,Review the added epic in the sandbox Project file.,190
Info,AddedEpic,OPS-5013,OPS,Epic,Operations epic 14,Rollup Key,,Operations Q2,changed_cell,Epic is included in the planned sandbox and was not found in the comparison baseline.,Review the added epic in the sandbox Project file.,190
Info,AddedEpic,OPS-5013,OPS,Epic,Operations epic 14,Resource Group,,Operations,changed_cell,Epic is included in the planned sandbox and was not found in the comparison baseline.,Review the added epic in the sandbox Project file.,190
Info,AddedEpic,OPS-5013,OPS,Epic,Operations epic 14,% Complete,,42,changed_cell,Epic is included in the planned sandbox and was not found in the comparison baseline.,Review the added epic in the sandbox Project file.,190
Info,AddedEpic,OPS-5013,OPS,Epic,Operations epic 14,Total Story Points,,19,changed_cell,Epic is included in the planned sandbox and was not found in the comparison baseline.,Review the added epic in the sandbox Project file.,190
Info,AddedEpic,OPS-5013,OPS,Epic,Operations epic 14,Completed Story Points,,8,changed_cell,Epic is included in the planned sandbox and was not found in the comparison baseline.,Review the added epic in the sandbox Project file.,190
Info,AddedEpic,OPS-5013,OPS,Epic,Operations epic 14,Jira Target Start,,2026-07-13,changed_cell,Epic is included in the planned sandbox and was not found in the comparison baseline.,Review the added epic in the sandbox Project file.,190
Info,AddedEpic,OPS-5013,OPS,Epic,Operations epic 14,Jira Target End,,2026-08-31,changed_cell,Epic is included in the planned sandbox and was not found in the comparison baseline.,Review the added epic in the sandbox Project file.,190
Info,AddedEpic,OPS-5014,OPS,Epic,Operations epic 15,Name,,Operations epic 15,changed_cell,Epic is included in the planned sandbox and was not found in the comparison baseline.,Review the added epic in the sandbox Project file.,191
Info,AddedEpic,OPS-5014,OPS,Epic,Operations epic 15,Rollup Key,,Operations Q1,changed_cell,Epic is included in the planned sandbox and was not found in the comparison baseline.,Review the added epic in the sandbox Project file.,191
Info,AddedEpic,OPS-5014,OPS,Epic,Operations epic 15,Resource Group,,Operations,changed_cell,Epic is included in the planned sandbox and was not found in the comparison baseline.,Review the added epic in the sandbox Project file.,191
Info,AddedEpic,OPS-5014,OPS,Epic,Operations epic 15,% Complete,,32,changed_cell,Epic is included in the planned sandbox and was not found in the comparison baseline.,Review the added epic in the sandbox Project file.,191
Info,AddedEpic,OPS-5014,OPS,Epic,Operations epic 15,Total Story Points,,19,changed_cell,Epic is included in the planned sandbox and was not found in the comparison baseline.,Review the added epic in the sandbox Project file.,191
Info,AddedEpic,OPS-5014,OPS,Epic,Operations epic 15,Completed Story Points,,6,changed_cell,Epic is included in the planned sandbox and was not found in the comparison baseline.,Review the added epic in the sandbox Project file.,191
Info,AddedEpic,OPS-5014,OPS,Epic,Operations epic 15,Jira Target Start,,2026-07-20,changed_cell,Epic is included in the planned sandbox and was not found in the comparison baseline.,Review the added epic in the sandbox Project file.,191
Info,AddedEpic,OPS-5014,OPS,Epic,Operations epic 15,Jira Target End,,2026-09-14,changed_cell,Epic is included in the planned sandbox and was not found in the comparison baseline.,Review the added epic in the sandbox Project file.,191
Info,AddedEpic,OPS-5015,OPS,Epic,Operations epic 16,Name,,Operations epic 16,changed_cell,Epic is included in the planned sandbox and was not found in the comparison baseline.,Review the added epic in the sandbox Project file.,192
Info,AddedEpic,OPS-5015,OPS,Epic,Operations epic 16,Rollup Key,,Operations Q2,changed_cell,Epic is included in the planned sandbox and was not found in the comparison baseline.,Review the added epic in the sandbox Project file.,192
Info,AddedEpic,OPS-5015,OPS,Epic,Operations epic 16,Resource Group,,Operations,changed_cell,Epic is included in the planned sandbox and was not found in the comparison baseline.,Review the added epic in the sandbox Project file.,192
Info,AddedEpic,OPS-5015,OPS,Epic,Operations epic 16,% Complete,,58,changed_cell,Epic is included in the planned sandbox and was not found in the comparison baseline.,Review the added epic in the sandbox Project file.,192
Info,AddedEpic,OPS-5015,OPS,Epic,Operations epic 16,Total Story Points,,19,changed_cell,Epic is included in the planned sandbox and was not found in the comparison baseline.,Review the added epic in the sandbox Project file.,192
Info,AddedEpic,OPS-5015,OPS,Epic,Operations epic 16,Completed Story Points,,11,changed_cell,Epic is included in the planned sandbox and was not found in the comparison baseline.,Review the added epic in the sandbox Project file.,192
Info,AddedEpic,OPS-5015,OPS,Epic,Operations epic 16,Jira Target Start,,2026-07-27,changed_cell,Epic is included in the planned sandbox and was not found in the comparison baseline.,Review the added epic in the sandbox Project file.,192
Info,AddedEpic,OPS-5015,OPS,Epic,Operations epic 16,Jira Target End,,2026-08-24,changed_cell,Epic is included in the planned sandbox and was not found in the comparison baseline.,Review the added epic in the sandbox Project file.,192
Info,AddedEpic,OPS-5016,OPS,Epic,Operations epic 17,Name,,Operations epic 17,changed_cell,Epic is included in the planned sandbox and was not found in the comparison baseline.,Review the added epic in the sandbox Project file.,193
Info,AddedEpic,OPS-5016,OPS,Epic,Operations epic 17,Rollup Key,,Operations Q1,changed_cell,Epic is included in the planned sandbox and was not found in the comparison baseline.,Review the added epic in the sandbox Project file.,193
Info,AddedEpic,OPS-5016,OPS,Epic,Operations epic 17,Resource Group,,Operations,changed_cell,Epic is included in the planned sandbox and was not found in the comparison baseline.,Review the added epic in the sandbox Project file.,193
Info,AddedEpic,OPS-5016,OPS,Epic,Operations epic 17,% Complete,,26,changed_cell,Epic is included in the planned sandbox and was not found in the comparison baseline.,Review the added epic in the sandbox Project file.,193
Info,AddedEpic,OPS-5016,OPS,Epic,Operations epic 17,Total Story Points,,19,changed_cell,Epic is included in the planned sandbox and was not found in the comparison baseline.,Review the added epic in the sandbox Project file.,193
Info,AddedEpic,OPS-5016,OPS,Epic,Operations epic 17,Completed Story Points,,5,changed_cell,Epic is included in the planned sandbox and was not found in the comparison baseline.,Review the added epic in the sandbox Project file.,193
Info,AddedEpic,OPS-5016,OPS,Epic,Operations epic 17,Jira Target Start,,2026-08-03,changed_cell,Epic is included in the planned sandbox and was not found in the comparison baseline.,Review the added epic in the sandbox Project file.,193
Info,AddedEpic,OPS-5016,OPS,Epic,Operations epic 17,Jira Target End,,2026-09-07,changed_cell,Epic is included in the planned sandbox and was not found in the comparison baseline.,Review the added epic in the sandbox Project file.,193
Info,AddedEpic,OPS-5017,OPS,Epic,Operations epic 18,Name,,Operations epic 18,changed_cell,Epic is included in the planned sandbox and was not found in the comparison baseline.,Review the added epic in the sandbox Project file.,194
Info,AddedEpic,OPS-5017,OPS,Epic,Operations epic 18,Rollup Key,,Operations Q2,changed_cell,Epic is included in the planned sandbox and was not found in the comparison baseline.,Review the added epic in the sandbox Project file.,194
Info,AddedEpic,OPS-5017,OPS,Epic,Operations epic 18,Resource Group,,Operations,changed_cell,Epic is included in the planned sandbox and was not found in the comparison baseline.,Review the added epic in the sandbox Project file.,194
Info,AddedEpic,OPS-5017,OPS,Epic,Operations epic 18,% Complete,,58,changed_cell,Epic is included in the planned sandbox and was not found in the comparison baseline.,Review the added epic in the sandbox Project file.,194
Info,AddedEpic,OPS-5017,OPS,Epic,Operations epic 18,Total Story Points,,19,changed_cell,Epic is included in the planned sandbox and was not found in the comparison baseline.,Review the added epic in the sandbox Project file.,194
Info,AddedEpic,OPS-5017,OPS,Epic,Operations epic 18,Completed Story Points,,11,changed_cell,Epic is included in the planned sandbox and was not found in the comparison baseline.,Review the added epic in the sandbox Project file.,194
Info,AddedEpic,OPS-5017,OPS,Epic,Operations epic 18,Jira Target Start,,2026-08-10,changed_cell,Epic is included in the planned sandbox and was not found in the comparison baseline.,Review the added epic in the sandbox Project file.,194
Info,AddedEpic,OPS-5017,OPS,Epic,Operations epic 18,Jira Target End,,2026-09-21,changed_cell,Epic is included in the planned sandbox and was not found in the comparison baseline.,Review the added epic in the sandbox Project file.,194
Info,AddedEpic,OPS-5018,OPS,Epic,Operations epic 19,Name,,Operations epic 19,changed_cell,Epic is included in the planned sandbox and was not found in the comparison baseline.,Review the added epic in the sandbox Project file.,195
Info,AddedEpic,OPS-5018,OPS,Epic,Operations epic 19,Rollup Key,,Operations Q1,changed_cell,Epic is included in the planned sandbox and was not found in the comparison baseline.,Review the added epic in the sandbox Project file.,195
Info,AddedEpic,OPS-5018,OPS,Epic,Operations epic 19,Resource Group,,Operations,changed_cell,Epic is included in the planned sandbox and was not found in the comparison baseline.,Review the added epic in the sandbox Project file.,195
Info,AddedEpic,OPS-5018,OPS,Epic,Operations epic 19,% Complete,,37,changed_cell,Epic is included in the planned sandbox and was not found in the comparison baseline.,Review the added epic in the sandbox Project file.,195
Info,AddedEpic,OPS-5018,OPS,Epic,Operations epic 19,Total Story Points,,19,changed_cell,Epic is included in the planned sandbox and was not found in the comparison baseline.,Review the added epic in the sandbox Project file.,195
Info,AddedEpic,OPS-5018,OPS,Epic,Operations epic 19,Completed Story Points,,7,changed_cell,Epic is included in the planned sandbox and was not found in the comparison baseline.,Review the added epic in the sandbox Project file.,195
Info,AddedEpic,OPS-5018,OPS,Epic,Operations epic 19,Jira Target Start,,2026-08-17,changed_cell,Epic is included in the planned sandbox and was not found in the comparison baseline.,Review the added epic in the sandbox Project file.,195
Info,AddedEpic,OPS-5018,OPS,Epic,Operations epic 19,Jira Target End,,2026-10-05,changed_cell,Epic is included in the planned sandbox and was not found in the comparison baseline.,Review the added epic in the sandbox Project file.,195
Info,AddedEpic,OPS-5019,OPS,Epic,Operations yellow multiple fixVersions in updated CSV,Name,,Operations yellow multiple fixVersions in updated CSV,changed_cell,Epic is included in the planned sandbox and was not found in the comparison baseline.,Review the added epic in the sandbox Project file.,196
Info,AddedEpic,OPS-5019,OPS,Epic,Operations yellow multiple fixVersions in updated CSV,Rollup Key,,Operations Q2,changed_cell,Epic is included in the planned sandbox and was not found in the comparison baseline.,Review the added epic in the sandbox Project file.,196
Info,AddedEpic,OPS-5019,OPS,Epic,Operations yellow multiple fixVersions in updated CSV,Resource Group,,Operations,changed_cell,Epic is included in the planned sandbox and was not found in the comparison baseline.,Review the added epic in the sandbox Project file.,196
Info,AddedEpic,OPS-5019,OPS,Epic,Operations yellow multiple fixVersions in updated CSV,% Complete,,16,changed_cell,Epic is included in the planned sandbox and was not found in the comparison baseline.,Review the added epic in the sandbox Project file.,196
Info,AddedEpic,OPS-5019,OPS,Epic,Operations yellow multiple fixVersions in updated CSV,Total Story Points,,19,changed_cell,Epic is included in the planned sandbox and was not found in the comparison baseline.,Review the added epic in the sandbox Project file.,196
Info,AddedEpic,OPS-5019,OPS,Epic,Operations yellow multiple fixVersions in updated CSV,Completed Story Points,,3,changed_cell,Epic is included in the planned sandbox and was not found in the comparison baseline.,Review the added epic in the sandbox Project file.,196
Info,AddedEpic,OPS-5019,OPS,Epic,Operations yellow multiple fixVersions in updated CSV,Jira Target Start,,2026-08-24,changed_cell,Epic is included in the planned sandbox and was not found in the comparison baseline.,Review the added epic in the sandbox Project file.,196
Info,AddedEpic,OPS-5019,OPS,Epic,Operations yellow multiple fixVersions in updated CSV,Jira Target End,,2026-10-19,changed_cell,Epic is included in the planned sandbox and was not found in the comparison baseline.,Review the added epic in the sandbox Project file.,196
