Summary,Issue key,Issue id,Issue Type,Status,Project key,Project name,Project type,Project lead,Project description,Project url,Priority,Resolution,Assignee,Reporter,Creator,Created,Updated,Last Viewed,Resolved,Affects Version/s,Fix Version/s,Fix Version/s,Fix Version/s,Fix Version/s,Component/s,Component/s,Component/s,Component/s,Component/s,Component/s,Component/s,Component/s,Component/s,Component/s,Component/s,Component/s,Component/s,Component/s,Component/s,Component/s,Component/s,Component/s,Component/s,Component/s,Component/s,Due Date,Votes,Description,Environment,Watchers,Watchers,Watchers,Watchers,Watchers,Log Work,Log Work,Log Work,Log Work,Log Work,Log Work,Log Work,Log Work,Log Work,Original Estimate,Remaining Estimate,Time Spent,Work Ratio,Σ Original Estimate,Σ Remaining Estimate,Σ Time Spent,Security Level,Inward issue link (Blocks),Inward issue link (Blocks),Inward issue link (Blocks),Outward issue link (Blocks),Outward issue link (Blocks),Outward issue link (Blocks),Outward issue link (Blocks),Inward issue link (Cloners),Inward issue link (Cloners),Outward issue link (Cloners),Inward issue link (Issue split),Inward issue link (Issue split),Outward issue link (Issue split),Outward issue link (Issue split),Outward issue link (Issue split),Outward issue link (Issue split),Outward issue link (Issue split),Outward issue link (Issue split),Outward issue link (Issue split),Inward issue link (Relates),Inward issue link (Relates),Outward issue link (Relates),Outward issue link (Relates),Inward issue link (Requirement),Inward issue link (Requirement),Outward issue link (Requirement),Attachment,Attachment,Attachment,Attachment,Attachment,Attachment,Custom field (Approval History),Custom field (Build Manager),Custom field (Build Manager Responded),Custom field (Build Manager Response),Custom field (Completion Criteria),Custom field (Configuration Notes),Custom field (Customer),Custom field (Cyber Reviewer KB Comment),Custom field (Cyber Reviewer Responded),Custom field (Cyber Reviewer Response),Custom field (Dependency Needed From),Custom field (Dependency Needed From),Custom field (Dependency Needed From),Custom field (Dependency Needed From),Custom field (Dependency Needed From),Custom field (Dependency Needed From),Custom field (Dependency Needed From),Custom field (Dependency Owed To),Custom field (Developer),Custom field (Document Number),Custom field (Driver Response),Custom field (ECD),Custom field (Epic Colour),Custom field (Epic Link),Custom field (Epic Name),Custom field (Epic Status),Custom field (Epic Workflow Status),Custom field (Flagged),Custom field (GitLab URL IP Address),Custom field (Hardware Reviewer KB Comment),Custom field (Hardware Reviewer Responded),Custom field (Hardware Reviewer Response),Custom field (Issue Use),Custom field (Issue Use),Custom field (JQL Query),Custom field (Kickback Count),Custom field (Kickback Message),Custom field (Last Comment),Custom field (MR ID),Custom field (Milestone Entrance Criteria),Custom field (My Last Comment),Custom field (Network Reviewer),Custom field (Network Reviewer KB Comment),Custom field (Network Reviewer Responded),Custom field (Network Reviewer Response),Custom field (Original story points),Custom field (PTR ID),Custom field (Parent Link),Custom field (Peer Reviewer),Custom field (Peer Reviewer 2),Custom field (Peer Reviewer 3),Custom field (Peer Reviewer 3 Alloc (SP)),Custom field (Peer Reviewer 4),Custom field (Peer Reviewer 4 Alloc (SP)),Custom field (Peer Reviewer 5),Custom field (Project Engineer KB Comment),Custom field (Project Engineer Responded),Custom field (Project Engineer Response),Custom field (Project Lead KB Comment),Custom field (Project Lead Responded),Custom field (Project Lead Response),Custom field (Rank),Custom field (Reviewer 1 KB Comment),Custom field (Reviewer 1 Responded),Custom field (Reviewer 1 Response),Custom field (Reviewer 2 KB Comment),Custom field (Reviewer 2 Responded),Custom field (Reviewer 2 Response),Custom field (Reviewer 3 KB Comment),Custom field (Reviewer 3 Responded),Custom field (Reviewer 3 Response),Custom field (Reviewer 4 KB Comment),Custom field (Reviewer 4 Responded),Custom field (Reviewer 4 Response),Custom field (Reviewer 5 KB Comment),Custom field (Reviewer 5 Responded),Custom field (Reviewer 5 Response),Custom field (Risk),Custom field (Safety Reviewer KB Comment),Custom field (Safety Reviewer Responded),Custom field (Safety Reviewer Response),Custom field (Software Reviewer KB Comment),Custom field (Software Reviewer Responded),Custom field (Software Reviewer Response),Sprint,Sprint,Sprint,Sprint,Sprint,Sprint,Custom field (Sr. Peer Reviewer),Custom field (Sr. Peer Reviewer KB Comment),Custom field (Sr. Peer Reviewer Response),Custom field (Sr. Reviewer Responded),Custom field (Story Points),Custom field (Systems Reviewer KB Comment),Custom field (Systems Reviewer Responded),Custom field (Systems Reviewer Response),Custom field (Target Progress),Custom field (Target end),Custom field (Target start),Custom field (Team),Custom field (Test Reviewer KB Comment),Custom field (Test Reviewer Responded),Custom field (Test Reviewer Response),Custom field (Test Setup),Custom field (Time Spent By User),Custom field (Time Spent Total (hrs)),Custom field (Total Time Estimated (hrs)),Custom field (UUT),Custom field (Visual Verifier Response),Custom field (ΣBurnup (%)),Custom field (ΣDone SPs),Custom field (ΣIn Progress SPs),Custom field (ΣOrigEst (Hrs)),Custom field (ΣOriginal SPs),Custom field (ΣPercent Complete (%)),Custom field (ΣPercent Complete (%) (Hrs)),Custom field (ΣPlanned SPs),Custom field (ΣRemaining SPs),Custom field (ΣTime Estimate (Hrs)),Custom field (ΣTime Remaining (Hrs)),Custom field (ΣTime Spent (Hrs)),Comment,Comment,Comment,Comment,Comment,Comment,Comment,Comment
sxc UMS Test Task,SSWUMS-2489,110934,Task,To Do,SSWUMS,SSWUMS,software,mkuperst,"Welcome to the SSWUMS Team space, led by Meridith K (Product Owner). This space includes D440 and D454 resources, as well as Sprint and Kanban work.
",,Medium,,scodd,scodd,scodd,16/Sep/26 8:53 AM,16/Sep/26 9:03 AM,18/Sep/26 3:31 PM,,,,,,,,,,,,,,,,,,,,,,,,,,,,,0,,,scodd,,,,,,,,,,,,,,0,0,,0%,0,0,,,,,,,,,,,,,,,,,,,,,,,,,,,,,,,,,,,,,,,,,,,,,,,,,,,,,scodd,,,,,SSWUMS-1951,,,To Do,,,,,,Sprint,,,,,,,,No comments by current user.,,,,,,,,,,,,,,,,,,,,,"1|i0aum4:",,,,,,,,,,,,,,,,Medium,,,,,,,,,,,,,,,,,,,,,,,,,,,,,,,,,,,0.0,0.0,,0.0,,,0.0,,,,,,,,,,,,
Cyber Data Call PI20 Inputs - GDMS Inputs,SSWUMS-2488,110596,Task,To Do,SSWUMS,SSWUMS,software,mkuperst,"Welcome to the SSWUMS Team space, led by Meridith K (Product Owner). This space includes D440 and D454 resources, as well as Sprint and Kanban work.
",,Medium,,mkuperst,cwhite10,cwhite10,08/Sep/26 4:08 PM,08/Sep/26 4:08 PM,18/Sep/26 3:31 PM,,,PI20,,,,Cyber Data Call,,,,,,,,,,,,,,,,,,,,,,0,,,cwhite10,,,,,,,,,,,,,,5760,5760,,0%,5760,5760,,,,,,,,,,,,,,,,,,,,,,,,,,,,,,,,,,,,,,,,,dcatapan,,,,,,,,,,,SSWCYBER,mkuperst,,,,,SSWCYBER-1977,,,To Do,,,,,,Sprint,,,,,,,,No comments by current user.,,,,,,,,,,,,,,,,,,,,,"1|i0asvg:",,,,,,,,,,,,,,,,Medium,,,,,,,PI20 9/23/2026 - 1/3/2027,,,,,,,,,,0.2,,,,,,,,,,,,,,,,,,0.0,0.0,,0.0,,,0.0,,,,,,,,,,,,
EVENT - EB PI 19,SSWUMS-2487,110549,Task,To Do,SSWUMS,SSWUMS,software,mkuperst,"Welcome to the SSWUMS Team space, led by Meridith K (Product Owner). This space includes D440 and D454 resources, as well as Sprint and Kanban work.
",,Medium,,mkuperst,cwhite10,cwhite10,08/Sep/26 9:40 AM,08/Sep/26 9:41 AM,18/Sep/26 3:31 PM,,,PI20,,,,EB PI,,,,,,,,,,,,,,,,,,,,,26/Oct/26 12:00 AM,0,,,cwhite10,,,,,,,,,,,,,,0,0,,0%,0,0,,,,,,,,,,,,,,,,,,,,,,,,,,,,,,,,,,,,,,,,,msweene2,,,,,,,,,,,,mkuperst,,,26/Oct/26 12:00 AM,,SSWUMS-981,,,In Progress,,,,,,Sprint,,,,,,,,No comments by current user.,,,,,,,,,,,,,,,,,,,,,"1|i0askk:",,,,,,,,,,,,,,,,Medium,,,,,,,PI20 9/23/2026 - 1/3/2027,,,,,,,,,,0.0,,,,0%,26/Oct/26 12:00 AM,26/Oct/26 12:00 AM,,,,,,,,,,,,0.0,0.0,,0.0,,,0.0,,,,,,,,,,,,
EVENT - EB PI 19 In-Person Dry Run,SSWUMS-2486,110548,Task,To Do,SSWUMS,SSWUMS,software,mkuperst,"Welcome to the SSWUMS Team space, led by Meridith K (Product Owner). This space includes D440 and D454 resources, as well as Sprint and Kanban work.
",,Medium,,mkuperst,cwhite10,cwhite10,08/Sep/26 9:39 AM,15/Sep/26 12:36 PM,18/Sep/26 3:31 PM,,,PI20,,,,EB PI,,,,,,,,,,,,,,,,,,,,,23/Oct/26 12:00 AM,0,,,cwhite10,,,,,,,,,,,,,,14400,14400,,0%,14400,14400,,,,,,,,,,,,,,,,,,,,,,,,,,,,,,,,,,,,,,,,,msweene2,,,,,,,,,,,,mkuperst,,,23/Oct/26 12:00 AM,,SSWUMS-981,,,In Progress,,,,,,Sprint,,,,,,,,No comments by current user.,,,,,,,,,,,,,,,,,,,,,"1|i0askc:",,,,,,,,,,,,,,,,Medium,,,,,,,PI20 9/23/2026 - 1/3/2027,,,,,,,,,,0.5,,,,0%,23/Oct/26 12:00 AM,23/Oct/26 12:00 AM,,,,,,,,,,,,0.0,0.0,,0.0,,,0.0,,,,,,,,,,,,
EVENT - EB PI 19 Slide dry run 1,SSWUMS-2485,110546,Task,To Do,SSWUMS,SSWUMS,software,mkuperst,"Welcome to the SSWUMS Team space, led by Meridith K (Product Owner). This space includes D440 and D454 resources, as well as Sprint and Kanban work.
",,Medium,,mkuperst,cwhite10,cwhite10,08/Sep/26 9:38 AM,15/Sep/26 12:36 PM,18/Sep/26 3:31 PM,,,PI20,,,,EB PI,,,,,,,,,,,,,,,,,,,,,02/Oct/26 12:00 AM,0,,,cwhite10,,,,,,,,,,,,,,14400,14400,,0%,14400,14400,,,,,,,,,,,,,,,,,,,,,,,,,,,,,,,,,,,,,,,,,msweene2,,,,,,,,,,,,mkuperst,,,02/Oct/26 12:00 AM,,SSWUMS-981,,,In Progress,,,,,,Sprint,,,,,,,,No comments by current user.,,,,,,,,,,,,,,,,,,,,,"1|i0asjw:",,,,,,,,,,,,,,,,Medium,,,,,,,PI20 9/23/2026 - 1/3/2027,,,,,,,,,,0.5,,,,0%,02/Oct/26 12:00 AM,02/Oct/26 12:00 AM,,,,,,,,,,,,0.0,0.0,,0.0,,,0.0,,,,,,,,,,,,
EB PI 19 Slide Development,SSWUMS-2484,110545,Task,In Progress,SSWUMS,SSWUMS,software,mkuperst,"Welcome to the SSWUMS Team space, led by Meridith K (Product Owner). This space includes D440 and D454 resources, as well as Sprint and Kanban work.
",,Medium,,mkuperst,cwhite10,cwhite10,08/Sep/26 9:35 AM,14/Sep/26 1:56 PM,18/Sep/26 3:31 PM,,,PI19,,,,EB PI,,,,,,,,,,,,,,,,,,,,,24/Sep/26 12:00 AM,0,,,cwhite10,,,,,";14/Sep/26 1:56 PM;cwhite10;7200",,,,,,,,,28800,21600,7200,25%,28800,21600,7200,,,,,,,,,,,,,,,,,,,,,,,,,,,,,,,,,,,,,,,,msweene2,,,,,,,,,,,,mkuperst,,,24/Sep/26 12:00 AM,,SSWUMS-980,,,In Progress,,,,,,Sprint,,,,,,,,No comments by current user.,,,,,,,,,,,,,,,,,,,,,"1|i0asjo:",,,,,,,,,,,,,,,,Medium,,,,,,,PI19 7/1/2026 - 9/23/2026,,,,,,,,,,1.0,,,,66%,24/Sep/26 12:00 AM,08/Sep/26 12:00 AM,,,,,,,,,,,,0.0,0.0,,0.0,,,0.0,,,,,,,,,,,,
PHC SSW CB Drawers,SSWUMS-2481,110456,Task,Selected For Development,SSWUMS,SSWUMS,software,mkuperst,"Welcome to the SSWUMS Team space, led by Meridith K (Product Owner). This space includes D440 and D454 resources, as well as Sprint and Kanban work.
",,Medium,,mkuperst,mkuperst,mkuperst,03/Sep/26 3:38 PM,03/Sep/26 3:39 PM,18/Sep/26 3:31 PM,,,PI19,,,,,,,,,,,,,,,,,,,,,,,,,18/Sep/26 12:00 AM,0,"See email titled ""PHC SSW CB Drawers"" sent 9/3.

RAM looking for specifics on what the UMS cabinet CB is protecting and ramifications if they fail. Table to be filled was provided in the email.

Ask was forwarded out from [~dguen] ",,mkuperst,,,,,,,,,,,,,,0,0,,0%,0,0,,,,,,,,,,,,,,,,,,,,,,,,,,,,,,,,,,,,,,,,,dguen,,,,,,,,,,,SSWHW,mkuperst,,,18/Sep/26 12:00 AM,,SSWUMS-1481,,,In Progress,,,,,,Sprint,,,,,,,,No comments by current user.,,,,,,,,,,,,,,,,,,,,,"1|i0as0s:",,,,,,,,,,,,,,,,Medium,,,,,,,PI19 7/1/2026 - 9/23/2026,,,,,,,,,,,,,,,18/Sep/26 12:00 AM,,,,,,,,,,,,,0.0,0.0,,0.0,,,0.0,,,,,,,,,,,,
4.f. CCA HRS Test Plan Rev (A),SSWUMS-2480,110396,Epic,To Do,SSWUMS,SSWUMS,software,mkuperst,"Welcome to the SSWUMS Team space, led by Meridith K (Product Owner). This space includes D440 and D454 resources, as well as Sprint and Kanban work.
",,Medium,,,cwhite10,cwhite10,02/Sep/26 2:29 PM,02/Sep/26 2:33 PM,18/Sep/26 3:31 PM,,,,,,,,,,,,,,,,,,,,,,,,,,,,,0,,,cwhite10,,,,,,,,,,,,,,,0,,,,0,,,,,,,,,,,,,,,,,,,,,,,,,,,,,,,,,,,,,,,,,,,,,SSWHW,SSWIF,SSWTEST,,,,,,,,,,ghx-label-6,,4.f. CCA HRS Test Plan Rev (A),To Do,,,,,,,Sprint,,,,,,,,No comments by current user.,,,,,,,SSWUMS-2272,,,,,,,,,,,,,,"1|i03q43:5i056ri",,,,,,,,,,,,,,,,Medium,,,,,,,,,,,,,,,,,,,,,,,,,,,,,,,,,,,0.0,0.0,,0.0,,,0.0,,0.0,0.0,0.0,,,,,,,,
PHC SSS RCR 4249 - Leads Review,SSWUMS-2479,110314,Task,Done,SSWUMS,SSWUMS,software,mkuperst,"Welcome to the SSWUMS Team space, led by Meridith K (Product Owner). This space includes D440 and D454 resources, as well as Sprint and Kanban work.
",,Medium,Done,mkuperst,mkuperst,mkuperst,01/Sep/26 3:47 PM,08/Sep/26 2:21 PM,18/Sep/26 3:31 PM,08/Sep/26 2:19 PM,,PI19,,,,Review,,,,,,,,,,,,,,,,,,,,,08/Sep/26 12:00 AM,0,,,mkuperst,,,,,";08/Sep/26 2:19 PM;cwhite10;900",,,,,,,,,5760,4860,900,15%,5760,4860,900,,,,,,,,,,,,,,,,,,,,,,,,,,,,,,,,,,,,,,,,,,,,,,,,,,,SSWSYS,mkuperst,,,,,SSWSYS-5300,,,In Review,,,,,,Sprint,,,,,,,,No comments by current user.,,,,,,,,,,,,,,,,,,,,,"1|i0arb8:",,,,,,,,,,,,,,,,Medium,,,,,,,PI19 7/1/2026 - 9/23/2026,,,,,,,,,,0.2,,,,100%,08/Sep/26 12:00 AM,01/Sep/26 12:00 AM,,,,,,,,,,,,0.0,0.0,,0.0,,,0.0,,,,,,,,,,,,
PHC SSS RCR 4250 - Leads Review,SSWUMS-2478,110313,Task,Done,SSWUMS,SSWUMS,software,mkuperst,"Welcome to the SSWUMS Team space, led by Meridith K (Product Owner). This space includes D440 and D454 resources, as well as Sprint and Kanban work.
",,Medium,Done,mkuperst,mkuperst,mkuperst,01/Sep/26 3:45 PM,08/Sep/26 2:22 PM,18/Sep/26 3:31 PM,08/Sep/26 2:19 PM,,PI19,,,,Review,,,,,,,,,,,,,,,,,,,,,08/Sep/26 12:00 AM,0,,,mkuperst,,,,,";08/Sep/26 2:19 PM;cwhite10;900",,,,,,,,,5760,4860,900,15%,5760,4860,900,,,,,,,,,,,,,,,,,,,,,,,,,,,,,,,,,,,,,,,,,,,,,,,,,,,SSWSYS,mkuperst,,,,,SSWSYS-5306,,,In Review,,,,,,Sprint,,,,,,,,No comments by current user.,,,,,,,,,,,,,,,,,,,,,"1|i0arb0:",,,,,,,,,,,,,,,,Medium,,,,,,,PI19 7/1/2026 - 9/23/2026,,,,,,,,,,0.2,,,,100%,08/Sep/26 12:00 AM,01/Sep/26 12:00 AM,,,,,,,,,,,,0.0,0.0,,0.0,,,0.0,,,,,,,,,,,,
CAB SIM IS Rev 1.0 - Leads Adj.,SSWUMS-2471,110279,Task,To Do,SSWUMS,SSWUMS,software,mkuperst,"Welcome to the SSWUMS Team space, led by Meridith K (Product Owner). This space includes D440 and D454 resources, as well as Sprint and Kanban work.
",,Medium,,mkuperst,mkuperst,mkuperst,01/Sep/26 12:13 PM,08/Sep/26 12:15 PM,18/Sep/26 3:31 PM,,,PI20,,,,,,,,,,,,,,,,,,,,,,,,,04/Nov/26 12:00 AM,0,,,mkuperst,,,,,,,,,,,,,,14400,14400,,0%,14400,14400,,,,,,,,,,,,,,,,,,,,,,,,,,,,,,,,,,,,,,,,,mruiz3,,,,,,,,,,,SSWTEST,mkuperst,,,,,SSWTEST-3898,,,In Progress,,,,,,Sprint,,,,,,,,No comments by current user.,,,,,,,,,,,,,,,,,,,,,"1|i0ar3o:",,,,,,,,,,,,,,,,Medium,,,,,,,PI20 9/23/2026 - 1/3/2027,,,,,,,,,,0.5,,,,0%,04/Nov/26 12:00 AM,21/Oct/26 12:00 AM,,,,,,,,,,,,0.0,0.0,,0.0,,,0.0,,,,,,,,,,,,
CAB SIM IS Rev 1.0 - Leads Review,SSWUMS-2470,110278,Task,To Do,SSWUMS,SSWUMS,software,mkuperst,"Welcome to the SSWUMS Team space, led by Meridith K (Product Owner). This space includes D440 and D454 resources, as well as Sprint and Kanban work.
",,Medium,,mkuperst,mkuperst,mkuperst,01/Sep/26 12:12 PM,08/Sep/26 12:15 PM,18/Sep/26 3:31 PM,,,PI20,,,,,,,,,,,,,,,,,,,,,,,,,21/Oct/26 12:00 AM,0,,,mkuperst,,,,,,,,,,,,,,57600,57600,,0%,57600,57600,,,,,,,,,,,,,,,,,,,,,,,,,,,,,,,,,,,,,,,,,mruiz3,,,,,,,,,,,SSWTEST,mkuperst,,,,,SSWTEST-3898,,,In Progress,,,,,,Sprint,,,,,,,,No comments by current user.,,,,,,,,,,,,,,,,,,,,,"1|i0ar3g:",,,,,,,,,,,,,,,,Medium,,,,,,,PI20 9/23/2026 - 1/3/2027,,,,,,,,,,2.0,,,,0%,21/Oct/26 12:00 AM,07/Oct/26 12:00 AM,,,,,,,,,,,,0.0,0.0,,0.0,,,0.0,,,,,,,,,,,,
MILESTONE - Receive Tactical S-CCA from GDMS,SSWUMS-2469,110275,Task,To Do,SSWUMS,SSWUMS,software,mkuperst,"Welcome to the SSWUMS Team space, led by Meridith K (Product Owner). This space includes D440 and D454 resources, as well as Sprint and Kanban work.
",,Medium,,cwhite10,cwhite10,cwhite10,01/Sep/26 11:48 AM,14/Sep/26 1:03 PM,18/Sep/26 3:31 PM,,,PI25,,,,C2S,GDMS CCA Development,MILESTONE,,,,,,,,,,,,,,,,,,,,0,,,cwhite10,,,,,,,,,,,,,,0,0,,0%,0,0,,,,,,,,,,,,,,,,,,,,,,,,,,,,,,,,,,,,,,,,,,,,,,,,,,,,,cwhite10,,,,,SSWUMS-2444,,,To Do,,,,,,Sprint,,,,,,,,No comments by current user.,,,,,,,,,,,,,,,,,,,,,"1|i0ar2s:",,,,,,,,,,,,,,,,Medium,,,,,,,"PI25 ""Sprint""",,,,,,,,,,0.0,,,,0%,27/Jan/28 12:00 AM,27/Jan/28 12:00 AM,,,,,,,,,,,,0.0,0.0,,0.0,,,0.0,,,,,,,,,,,,
MILESTONE - Receive Tactical SS-CCA from GDMS,SSWUMS-2468,110274,Task,To Do,SSWUMS,SSWUMS,software,mkuperst,"Welcome to the SSWUMS Team space, led by Meridith K (Product Owner). This space includes D440 and D454 resources, as well as Sprint and Kanban work.
",,Medium,,cwhite10,cwhite10,cwhite10,01/Sep/26 11:48 AM,14/Sep/26 1:03 PM,18/Sep/26 3:31 PM,,,PI25,,,,C2S,GDMS CCA Development,MILESTONE,,,,,,,,,,,,,,,,,,,,0,,,cwhite10,,,,,,,,,,,,,,0,0,,0%,0,0,,,,,,,,,,,,,,,,,,,,,,,,,,,,,,,,,,,,,,,,,,,,,,,,,,,,,cwhite10,,,,,SSWUMS-2444,,,To Do,,,,,,Sprint,,,,,,,,No comments by current user.,,,,,,,,,,,,,,,,,,,,,"1|i0ar2k:",,,,,,,,,,,,,,,,Medium,,,,,,,"PI25 ""Sprint""",,,,,,,,,,0.0,,,,0%,27/Jan/28 12:00 AM,27/Jan/28 12:00 AM,,,,,,,,,,,,0.0,0.0,,0.0,,,0.0,,,,,,,,,,,,
MILESTONE - Receive Tactical CLS-CCA from GDMS,SSWUMS-2467,110273,Task,To Do,SSWUMS,SSWUMS,software,mkuperst,"Welcome to the SSWUMS Team space, led by Meridith K (Product Owner). This space includes D440 and D454 resources, as well as Sprint and Kanban work.
",,Medium,,cwhite10,cwhite10,cwhite10,01/Sep/26 11:48 AM,14/Sep/26 1:03 PM,18/Sep/26 3:31 PM,,,PI25,,,,C2S,GDMS CCA Development,MILESTONE,,,,,,,,,,,,,,,,,,,,0,,,cwhite10,,,,,,,,,,,,,,0,0,,0%,0,0,,,,,,,,,,,,,,,,,,,,,,,,,,,,,,,,,,,,,,,,,,,,,,,,,,,,,cwhite10,,,,,SSWUMS-2444,,,To Do,,,,,,Sprint,,,,,,,,No comments by current user.,,,,,,,,,,,,,,,,,,,,,"1|i0ar2c:",,,,,,,,,,,,,,,,Medium,,,,,,,"PI25 ""Sprint""",,,,,,,,,,0.0,,,,0%,27/Jan/28 12:00 AM,27/Jan/28 12:00 AM,,,,,,,,,,,,0.0,0.0,,0.0,,,0.0,,,,,,,,,,,,
MILESTONE - Receive Tactical AC-CCA from GDMS,SSWUMS-2466,110272,Task,To Do,SSWUMS,SSWUMS,software,mkuperst,"Welcome to the SSWUMS Team space, led by Meridith K (Product Owner). This space includes D440 and D454 resources, as well as Sprint and Kanban work.
",,Medium,,cwhite10,cwhite10,cwhite10,01/Sep/26 11:47 AM,14/Sep/26 1:03 PM,18/Sep/26 3:31 PM,,,PI25,,,,C2S,GDMS CCA Development,MILESTONE,,,,,,,,,,,,,,,,,,,,0,,,cwhite10,,,,,,,,,,,,,,0,0,,0%,0,0,,,,,,,,,,,,,,,,,,,,,,,,,,,,,,,,,,,,,,,,,,,,,,,,,,,,,cwhite10,,,,,SSWUMS-2444,,,To Do,,,,,,Sprint,,,,,,,,No comments by current user.,,,,,,,,,,,,,,,,,,,,,"1|i0ar24:",,,,,,,,,,,,,,,,Medium,,,,,,,"PI25 ""Sprint""",,,,,,,,,,0.0,,,,0%,27/Jan/28 12:00 AM,27/Jan/28 12:00 AM,,,,,,,,,,,,0.0,0.0,,0.0,,,0.0,,,,,,,,,,,,
MILESTONE  - Provide GDMS Approval to Procure the Tact S-CCA,SSWUMS-2465,110270,Task,To Do,SSWUMS,SSWUMS,software,mkuperst,"Welcome to the SSWUMS Team space, led by Meridith K (Product Owner). This space includes D440 and D454 resources, as well as Sprint and Kanban work.
",,Medium,,cwhite10,cwhite10,cwhite10,01/Sep/26 10:58 AM,14/Sep/26 2:18 PM,18/Sep/26 3:31 PM,,,PI21,,,,C2S,GDMS CCA Development,MILESTONE,,,,,,,,,,,,,,,,,,,,0,,,cwhite10,,,,,,,,,,,,,,0,0,,0%,0,0,,,,,,,,,,,,,,,,,,,,,,,,,,,,,,,,,,,,,,,,,,,,,,,,,,,,,cwhite10,,,,,SSWUMS-2187,,,To Do,,,,,,Sprint,,,,,,,,No comments by current user.,,,,,,,,,,,,,,,,,,,,,"1|i0ar1o:",,,,,,,,,,,,,,,,Medium,,,,,,,PI21 1/4/2027 - 3/24/2027,,,,,,,,,,0.0,,,,0%,01/Apr/27 12:00 AM,01/Apr/27 12:00 AM,,,,,,,,,,,,0.0,0.0,,0.0,,,0.0,,,,,,,,,,,,
MILESTONE  - Provide GDMS Approval to Procure the Tact SS-CCA,SSWUMS-2464,110269,Task,To Do,SSWUMS,SSWUMS,software,mkuperst,"Welcome to the SSWUMS Team space, led by Meridith K (Product Owner). This space includes D440 and D454 resources, as well as Sprint and Kanban work.
",,Medium,,cwhite10,cwhite10,cwhite10,01/Sep/26 10:57 AM,14/Sep/26 2:18 PM,18/Sep/26 3:31 PM,,,PI21,,,,C2S,GDMS CCA Development,MILESTONE,,,,,,,,,,,,,,,,,,,,0,,,cwhite10,,,,,,,,,,,,,,0,0,,0%,0,0,,,,,,,,,,,,,,,,,,,,,,,,,,,,,,,,,,,,,,,,,,,,,,,,,,,,,cwhite10,,,,,SSWUMS-2186,,,To Do,,,,,,Sprint,,,,,,,,No comments by current user.,,,,,,,,,,,,,,,,,,,,,"1|i0ar1g:",,,,,,,,,,,,,,,,Medium,,,,,,,PI21 1/4/2027 - 3/24/2027,,,,,,,,,,0.0,,,,0%,01/Apr/27 12:00 AM,01/Apr/27 12:00 AM,,,,,,,,,,,,0.0,0.0,,0.0,,,0.0,,,,,,,,,,,,
MILESTONE  - Provide GDMS Approval to Procure the Tact CLS-CCA,SSWUMS-2463,110268,Task,To Do,SSWUMS,SSWUMS,software,mkuperst,"Welcome to the SSWUMS Team space, led by Meridith K (Product Owner). This space includes D440 and D454 resources, as well as Sprint and Kanban work.
",,Medium,,cwhite10,cwhite10,cwhite10,01/Sep/26 10:57 AM,14/Sep/26 2:18 PM,18/Sep/26 3:31 PM,,,PI21,,,,C2S,GDMS CCA Development,MILESTONE,,,,,,,,,,,,,,,,,,,,0,,,cwhite10,,,,,,,,,,,,,,0,0,,0%,0,0,,,,,,,,,,,,,,,,,,,,,,,,,,,,,,,,,,,,,,,,,,,,,,,,,,,,,cwhite10,,,,,SSWUMS-2188,,,To Do,,,,,,Sprint,,,,,,,,No comments by current user.,,,,,,,,,,,,,,,,,,,,,"1|i0ar18:",,,,,,,,,,,,,,,,Medium,,,,,,,PI21 1/4/2027 - 3/24/2027,,,,,,,,,,0.0,,,,0%,01/Apr/27 12:00 AM,01/Apr/27 12:00 AM,,,,,,,,,,,,0.0,0.0,,0.0,,,0.0,,,,,,,,,,,,
MILESTONE  - Provide GDMS Approval to Procure the Tact AC-CCA,SSWUMS-2462,110267,Task,To Do,SSWUMS,SSWUMS,software,mkuperst,"Welcome to the SSWUMS Team space, led by Meridith K (Product Owner). This space includes D440 and D454 resources, as well as Sprint and Kanban work.
",,Medium,,cwhite10,cwhite10,cwhite10,01/Sep/26 10:55 AM,14/Sep/26 2:18 PM,18/Sep/26 3:31 PM,,,PI21,,,,C2S,GDMS CCA Development,MILESTONE,,,,,,,,,,,,,,,,,,,,0,,,cwhite10,,,,,,,,,,,,,,0,0,,0%,0,0,,,,,,,,,,,,,,,,,,,,,,,,,,,,,,,,,,,,,,,,,,,,,,,,,,,,,cwhite10,,,,,SSWUMS-2189,,,To Do,,,,,,Sprint,,,,,,,,No comments by current user.,,,,,,,,,,,,,,,,,,,,,"1|i0ar10:",,,,,,,,,,,,,,,,Medium,,,,,,,PI21 1/4/2027 - 3/24/2027,,,,,,,,,,0.0,,,,0%,01/Apr/27 12:00 AM,01/Apr/27 12:00 AM,,,,,,,,,,,,0.0,0.0,,0.0,,,0.0,,,,,,,,,,,,
MILESTONE - Receive FA SS-CCA from GDMS,SSWUMS-2461,110264,Task,To Do,SSWUMS,SSWUMS,software,mkuperst,"Welcome to the SSWUMS Team space, led by Meridith K (Product Owner). This space includes D440 and D454 resources, as well as Sprint and Kanban work.
",,Medium,,cwhite10,cwhite10,cwhite10,01/Sep/26 10:17 AM,14/Sep/26 1:04 PM,18/Sep/26 3:31 PM,,,PI20,,,,C2S,GDMS CCA Development,MILESTONE,,,,,,,,,,,,,,,,,,,,0,,,cwhite10,,,,,,,,,,,,,,0,0,,0%,0,0,,,,,,,,,,,,,,,,,,,,,,,,,,,,,,,,,,,,,,,,,,,,,,,,,,,,,cwhite10,,,,,SSWUMS-2443,,,To Do,,,,,,Sprint,,,,,,,,No comments by current user.,,,,,,,,,,,,,,,,,,,,,"1|i0ar0c:",,,,,,,,,,,,,,,,Medium,,,,,,,PI20 9/23/2026 - 1/3/2027,,,,,,,,,,0.0,,,,0%,27/Oct/26 12:00 AM,21/Oct/26 12:00 AM,,,,,,,,,,,,0.0,0.0,,0.0,,,0.0,,,,,,,,,,,,
MILESTONE - Receive FA S-CCA from GDMS,SSWUMS-2460,110263,Task,To Do,SSWUMS,SSWUMS,software,mkuperst,"Welcome to the SSWUMS Team space, led by Meridith K (Product Owner). This space includes D440 and D454 resources, as well as Sprint and Kanban work.
",,Medium,,cwhite10,cwhite10,cwhite10,01/Sep/26 10:17 AM,14/Sep/26 1:04 PM,18/Sep/26 3:31 PM,,,PI20,,,,C2S,GDMS CCA Development,MILESTONE,,,,,,,,,,,,,,,,,,,,0,,,cwhite10,,,,,,,,,,,,,,0,0,,0%,0,0,,,,,,,,,,,,,,,,,,,,,,,,,,,,,,,,,,,,,,,,,,,,,,,,,,,,,cwhite10,,,,,SSWUMS-2443,,,To Do,,,,,,Sprint,,,,,,,,No comments by current user.,,,,,,,,,,,,,,,,,,,,,"1|i0ar04:",,,,,,,,,,,,,,,,Medium,,,,,,,PI20 9/23/2026 - 1/3/2027,,,,,,,,,,0.0,,,,0%,27/Oct/26 12:00 AM,21/Oct/26 12:00 AM,,,,,,,,,,,,0.0,0.0,,0.0,,,0.0,,,,,,,,,,,,
MILESTONE - Receive FA CLS-CCA from GDMS,SSWUMS-2459,110262,Task,To Do,SSWUMS,SSWUMS,software,mkuperst,"Welcome to the SSWUMS Team space, led by Meridith K (Product Owner). This space includes D440 and D454 resources, as well as Sprint and Kanban work.
",,Medium,,cwhite10,cwhite10,cwhite10,01/Sep/26 10:17 AM,14/Sep/26 1:04 PM,18/Sep/26 3:31 PM,,,PI20,,,,C2S,GDMS CCA Development,MILESTONE,,,,,,,,,,,,,,,,,,,,0,,,cwhite10,,,,,,,,,,,,,,0,0,,0%,0,0,,,,,,,,,,,,,,,,,,,,,,,,,,,,,,,,,,,,,,,,,,,,,,,,,,,,,cwhite10,,,,,SSWUMS-2443,,,To Do,,,,,,Sprint,,,,,,,,No comments by current user.,,,,,,,,,,,,,,,,,,,,,"1|i0aqzw:",,,,,,,,,,,,,,,,Medium,,,,,,,PI20 9/23/2026 - 1/3/2027,,,,,,,,,,0.0,,,,0%,27/Oct/26 12:00 AM,21/Oct/26 12:00 AM,,,,,,,,,,,,0.0,0.0,,0.0,,,0.0,,,,,,,,,,,,
MILESTONE - Receive FA AC-CCA from GDMS,SSWUMS-2458,110261,Task,To Do,SSWUMS,SSWUMS,software,mkuperst,"Welcome to the SSWUMS Team space, led by Meridith K (Product Owner). This space includes D440 and D454 resources, as well as Sprint and Kanban work.
",,Medium,,cwhite10,cwhite10,cwhite10,01/Sep/26 10:17 AM,14/Sep/26 1:04 PM,18/Sep/26 3:31 PM,,,PI20,,,,C2S,GDMS CCA Development,MILESTONE,,,,,,,,,,,,,,,,,,,,0,,,cwhite10,,,,,,,,,,,,,,0,0,,0%,0,0,,,,,,,,,,,,,,,,,,,,,,,,,,,,,,,,,,,,,,,,,,,,,,,,,,,,,cwhite10,,,,,SSWUMS-2443,,,To Do,,,,,,Sprint,,,,,,,,No comments by current user.,,,,,,,,,,,,,,,,,,,,,"1|i0aqzo:",,,,,,,,,,,,,,,,Medium,,,,,,,PI20 9/23/2026 - 1/3/2027,,,,,,,,,,0.0,,,,0%,27/Oct/26 12:00 AM,21/Oct/26 12:00 AM,,,,,,,,,,,,0.0,0.0,,0.0,,,0.0,,,,,,,,,,,,
3.h. PDMS Outboard Junction Box,SSWUMS-2457,110143,Epic,To Do,SSWUMS,SSWUMS,software,mkuperst,"Welcome to the SSWUMS Team space, led by Meridith K (Product Owner). This space includes D440 and D454 resources, as well as Sprint and Kanban work.
",,Medium,,,mkuperst,mkuperst,28/Aug/26 11:55 AM,28/Aug/26 11:55 AM,18/Sep/26 3:31 PM,,,,,,,,,,,,,,,,,,,,,,,,,,,,,0,,,mkuperst,,,,,,,,,,,,,,,0,,,,0,,,,,,,,,,,,,,,,,,,,,,,,,,,,,,,,,,,,,,,,,,,,,,,,,,,,,,,,,ghx-label-1,,3.h. PDMS Outboard Junction Box,To Do,,,,,,,Sprint,,,,,,,,No comments by current user.,,,,,,,SSWUMS-2442,,,,,,,,,,,,,,"1|i0aqbw:",,,,,,,,,,,,,,,,Medium,,,,,,,,,,,,,,,,,,,,,,,,,,,,,,,,,,,0.0,0.0,,0.0,,,0.0,,0.0,0.0,0.0,,,,,,,,
3.g. IBT C&C,SSWUMS-2456,110142,Epic,To Do,SSWUMS,SSWUMS,software,mkuperst,"Welcome to the SSWUMS Team space, led by Meridith K (Product Owner). This space includes D440 and D454 resources, as well as Sprint and Kanban work.
",,Medium,,,mkuperst,mkuperst,28/Aug/26 11:54 AM,28/Aug/26 11:54 AM,18/Sep/26 3:31 PM,,,,,,,,,,,,,,,,,,,,,,,,,,,,,0,,,mkuperst,,,,,,,,,,,,,,,0,,,,0,,,,,,,,,,,,,,,,,,,,,,,,,,,,,,,,,,,,,,,,,,,,,,,,,,,,,,,,,ghx-label-12,,3.g. IBT C&C,To Do,,,,,,,Sprint,,,,,,,,No comments by current user.,,,,,,,SSWUMS-2442,,,,,,,,,,,,,,"1|i0aqbo:",,,,,,,,,,,,,,,,Medium,,,,,,,,,,,,,,,,,,,,,,,,,,,,,,,,,,,0.0,0.0,,0.0,,,0.0,,0.0,0.0,0.0,,,,,,,,
3.f. EOSR-5,SSWUMS-2455,110141,Epic,To Do,SSWUMS,SSWUMS,software,mkuperst,"Welcome to the SSWUMS Team space, led by Meridith K (Product Owner). This space includes D440 and D454 resources, as well as Sprint and Kanban work.
",,Medium,,,mkuperst,mkuperst,28/Aug/26 11:53 AM,28/Aug/26 11:53 AM,18/Sep/26 3:31 PM,,,,,,,,,,,,,,,,,,,,,,,,,,,,,0,,,mkuperst,,,,,,,,,,,,,,,0,,,,0,,,,,,,,,,,,,,,,,,,,,,,,,,,,,,,,,,,,,,,,,,,,,,,,,,,,,,,,,ghx-label-9,,3.f. EOSR-5,To Do,,,,,,,Sprint,,,,,,,,No comments by current user.,,,,,,,SSWUMS-2442,,,,,,,,,,,,,,"1|i0aqbg:",,,,,,,,,,,,,,,,Medium,,,,,,,,,,,,,,,,,,,,,,,,,,,,,,,,,,,0.0,0.0,,0.0,,,0.0,,0.0,0.0,0.0,,,,,,,,
3.f. EOSR-4,SSWUMS-2454,110140,Epic,To Do,SSWUMS,SSWUMS,software,mkuperst,"Welcome to the SSWUMS Team space, led by Meridith K (Product Owner). This space includes D440 and D454 resources, as well as Sprint and Kanban work.
",,Medium,,,mkuperst,mkuperst,28/Aug/26 11:53 AM,28/Aug/26 11:53 AM,18/Sep/26 3:31 PM,,,,,,,,,,,,,,,,,,,,,,,,,,,,,0,,,mkuperst,,,,,,,,,,,,,,,0,,,,0,,,,,,,,,,,,,,,,,,,,,,,,,,,,,,,,,,,,,,,,,,,,,,,,,,,,,,,,,ghx-label-6,,3.f. EOSR-4,To Do,,,,,,,Sprint,,,,,,,,No comments by current user.,,,,,,,SSWUMS-2442,,,,,,,,,,,,,,"1|i0aqb8:",,,,,,,,,,,,,,,,Medium,,,,,,,,,,,,,,,,,,,,,,,,,,,,,,,,,,,0.0,0.0,,0.0,,,0.0,,0.0,0.0,0.0,,,,,,,,
3.f. EOSR-3,SSWUMS-2453,110139,Epic,To Do,SSWUMS,SSWUMS,software,mkuperst,"Welcome to the SSWUMS Team space, led by Meridith K (Product Owner). This space includes D440 and D454 resources, as well as Sprint and Kanban work.
",,Medium,,,mkuperst,mkuperst,28/Aug/26 11:53 AM,28/Aug/26 11:53 AM,18/Sep/26 3:31 PM,,,,,,,,,,,,,,,,,,,,,,,,,,,,,0,,,mkuperst,,,,,,,,,,,,,,,0,,,,0,,,,,,,,,,,,,,,,,,,,,,,,,,,,,,,,,,,,,,,,,,,,,,,,,,,,,,,,,ghx-label-3,,3.f. EOSR-3,To Do,,,,,,,Sprint,,,,,,,,No comments by current user.,,,,,,,SSWUMS-2442,,,,,,,,,,,,,,"1|i0aqb0:",,,,,,,,,,,,,,,,Medium,,,,,,,,,,,,,,,,,,,,,,,,,,,,,,,,,,,0.0,0.0,,0.0,,,0.0,,0.0,0.0,0.0,,,,,,,,
3.e. Tactical DSS,SSWUMS-2452,110138,Epic,To Do,SSWUMS,SSWUMS,software,mkuperst,"Welcome to the SSWUMS Team space, led by Meridith K (Product Owner). This space includes D440 and D454 resources, as well as Sprint and Kanban work.
",,Medium,,,mkuperst,mkuperst,28/Aug/26 11:52 AM,28/Aug/26 11:52 AM,18/Sep/26 3:31 PM,,,,,,,,,,,,,,,,,,,,,,,,,,,,,0,,,mkuperst,,,,,,,,,,,,,,,0,,,,0,,,,,,,,,,,,,,,,,,,,,,,,,,,,,,,,,,,,,,,,,,,,,,,,,,,,,,,,,ghx-label-14,,3.e. Tactical DSS,To Do,,,,,,,Sprint,,,,,,,,No comments by current user.,,,,,,,SSWUMS-2442,,,,,,,,,,,,,,"1|i0aqas:",,,,,,,,,,,,,,,,Medium,,,,,,,,,,,,,,,,,,,,,,,,,,,,,,,,,,,0.0,0.0,,0.0,,,0.0,,0.0,0.0,0.0,,,,,,,,
3.e. FA DSS,SSWUMS-2451,110137,Epic,To Do,SSWUMS,SSWUMS,software,mkuperst,"Welcome to the SSWUMS Team space, led by Meridith K (Product Owner). This space includes D440 and D454 resources, as well as Sprint and Kanban work.
",,Medium,,,mkuperst,mkuperst,28/Aug/26 11:51 AM,28/Aug/26 11:51 AM,18/Sep/26 3:31 PM,,,,,,,,,,,,,,,,,,,,,,,,,,,,,0,,,mkuperst,,,,,,,,,,,,,,,0,,,,0,,,,,,,,,,,,,,,,,,,,,,,,,,,,,,,,,,,,,,,,,,,,,,,,,,,,,,,,,ghx-label-11,,3.e. FA DSS,To Do,,,,,,,Sprint,,,,,,,,No comments by current user.,,,,,,,SSWUMS-2442,,,,,,,,,,,,,,"1|i0aqak:",,,,,,,,,,,,,,,,Medium,,,,,,,,,,,,,,,,,,,,,,,,,,,,,,,,,,,0.0,0.0,,0.0,,,0.0,,0.0,0.0,0.0,,,,,,,,
3.d. Tactical DTS,SSWUMS-2450,110136,Epic,To Do,SSWUMS,SSWUMS,software,mkuperst,"Welcome to the SSWUMS Team space, led by Meridith K (Product Owner). This space includes D440 and D454 resources, as well as Sprint and Kanban work.
",,Medium,,,mkuperst,mkuperst,28/Aug/26 11:51 AM,28/Aug/26 11:51 AM,18/Sep/26 3:31 PM,,,,,,,,,,,,,,,,,,,,,,,,,,,,,0,,,mkuperst,,,,,,,,,,,,,,,0,,,,0,,,,,,,,,,,,,,,,,,,,,,,,,,,,,,,,,,,,,,,,,,,,,,,,,,,,,,,,,ghx-label-8,,3.d. Tactical DTS,To Do,,,,,,,Sprint,,,,,,,,No comments by current user.,,,,,,,SSWUMS-2442,,,,,,,,,,,,,,"1|i0aqac:",,,,,,,,,,,,,,,,Medium,,,,,,,,,,,,,,,,,,,,,,,,,,,,,,,,,,,0.0,0.0,,0.0,,,0.0,,0.0,0.0,0.0,,,,,,,,
3.d. FA DTS,SSWUMS-2449,110135,Epic,To Do,SSWUMS,SSWUMS,software,mkuperst,"Welcome to the SSWUMS Team space, led by Meridith K (Product Owner). This space includes D440 and D454 resources, as well as Sprint and Kanban work.
",,Medium,,,mkuperst,mkuperst,28/Aug/26 11:50 AM,28/Aug/26 11:50 AM,18/Sep/26 3:31 PM,,,,,,,,,,,,,,,,,,,,,,,,,,,,,0,,,mkuperst,,,,,,,,,,,,,,,0,,,,0,,,,,,,,,,,,,,,,,,,,,,,,,,,,,,,,,,,,,,,,,,,,,,,,,,,,,,,,,ghx-label-5,,3.d. FA DTS,To Do,,,,,,,Sprint,,,,,,,,No comments by current user.,,,,,,,SSWUMS-2442,,,,,,,,,,,,,,"1|i0aqa4:",,,,,,,,,,,,,,,,Medium,,,,,,,,,,,,,,,,,,,,,,,,,,,,,,,,,,,0.0,0.0,,0.0,,,0.0,,0.0,0.0,0.0,,,,,,,,
3.c. Tactical SCONE,SSWUMS-2448,110134,Epic,To Do,SSWUMS,SSWUMS,software,mkuperst,"Welcome to the SSWUMS Team space, led by Meridith K (Product Owner). This space includes D440 and D454 resources, as well as Sprint and Kanban work.
",,Medium,,,mkuperst,mkuperst,28/Aug/26 11:50 AM,28/Aug/26 11:50 AM,18/Sep/26 3:31 PM,,,,,,,,,,,,,,,,,,,,,,,,,,,,,0,,,mkuperst,,,,,,,,,,,,,,,0,,,,0,,,,,,,,,,,,,,,,,,,,,,,,,,,,,,,,,,,,,,,,,,,,,,,,,,,,,,,,,ghx-label-2,,3.c. Tactical SCONE,To Do,,,,,,,Sprint,,,,,,,,No comments by current user.,,,,,,,SSWUMS-2442,,,,,,,,,,,,,,"1|i0aq9w:",,,,,,,,,,,,,,,,Medium,,,,,,,,,,,,,,,,,,,,,,,,,,,,,,,,,,,0.0,0.0,,0.0,,,0.0,,0.0,0.0,0.0,,,,,,,,
3.c. FA SCONE,SSWUMS-2447,110133,Epic,To Do,SSWUMS,SSWUMS,software,mkuperst,"Welcome to the SSWUMS Team space, led by Meridith K (Product Owner). This space includes D440 and D454 resources, as well as Sprint and Kanban work.
",,Medium,,,mkuperst,mkuperst,28/Aug/26 11:49 AM,28/Aug/26 11:49 AM,18/Sep/26 3:31 PM,,,,,,,,,,,,,,,,,,,,,,,,,,,,,0,,,mkuperst,,,,,,,,,,,,,,,0,,,,0,,,,,,,,,,,,,,,,,,,,,,,,,,,,,,,,,,,,,,,,,,,,,,,,,,,,,,,,,ghx-label-13,,3.c. FA SCONE,To Do,,,,,,,Sprint,,,,,,,,No comments by current user.,,,,,,,SSWUMS-2442,,,,,,,,,,,,,,"1|i0aq9o:",,,,,,,,,,,,,,,,Medium,,,,,,,,,,,,,,,,,,,,,,,,,,,,,,,,,,,0.0,0.0,,0.0,,,0.0,,0.0,0.0,0.0,,,,,,,,
3.b. Tactical Leak Detect Electronics,SSWUMS-2446,110132,Epic,To Do,SSWUMS,SSWUMS,software,mkuperst,"Welcome to the SSWUMS Team space, led by Meridith K (Product Owner). This space includes D440 and D454 resources, as well as Sprint and Kanban work.
",,Medium,,,mkuperst,mkuperst,28/Aug/26 11:49 AM,28/Aug/26 11:49 AM,18/Sep/26 3:31 PM,,,,,,,,,,,,,,,,,,,,,,,,,,,,,0,,,mkuperst,,,,,,,,,,,,,,,0,,,,0,,,,,,,,,,,,,,,,,,,,,,,,,,,,,,,,,,,,,,,,,,,,,,,,,,,,,,,,,ghx-label-10,,3.b. Tactical Leak Detect Electronics,To Do,,,,,,,Sprint,,,,,,,,No comments by current user.,,,,,,,SSWUMS-2442,,,,,,,,,,,,,,"1|i0aq9g:",,,,,,,,,,,,,,,,Medium,,,,,,,,,,,,,,,,,,,,,,,,,,,,,,,,,,,0.0,0.0,,0.0,,,0.0,,0.0,0.0,0.0,,,,,,,,
3.b. FA Leak Detect Electronics,SSWUMS-2445,110131,Epic,To Do,SSWUMS,SSWUMS,software,mkuperst,"Welcome to the SSWUMS Team space, led by Meridith K (Product Owner). This space includes D440 and D454 resources, as well as Sprint and Kanban work.
",,Medium,,,mkuperst,mkuperst,28/Aug/26 11:49 AM,28/Aug/26 11:49 AM,18/Sep/26 3:31 PM,,,,,,,,,,,,,,,,,,,,,,,,,,,,,0,,,mkuperst,,,,,,,,,,,,,,,0,,,,0,,,,,,,,,,,,,,,,,,,,,,,,,,,,,,,,,,,,,,,,,,,,,,,,,,,,,,,,,ghx-label-7,,3.b. FA Leak Detect Electronics,To Do,,,,,,,Sprint,,,,,,,,No comments by current user.,,,,,,,SSWUMS-2442,,,,,,,,,,,,,,"1|i0aq98:",,,,,,,,,,,,,,,,Medium,,,,,,,,,,,,,,,,,,,,,,,,,,,,,,,,,,,0.0,0.0,,0.0,,,0.0,,0.0,0.0,0.0,,,,,,,,
3.a. Tactical C-CCA,SSWUMS-2444,110130,Epic,To Do,SSWUMS,SSWUMS,software,mkuperst,"Welcome to the SSWUMS Team space, led by Meridith K (Product Owner). This space includes D440 and D454 resources, as well as Sprint and Kanban work.
",,Medium,,,mkuperst,mkuperst,28/Aug/26 11:47 AM,01/Sep/26 11:48 AM,18/Sep/26 3:31 PM,,,,,,,C2S,GDMS CCA Development,MILESTONE,,,,,,,,,,,,,,,,,,,,0,,,mkuperst,,,,,,,,,,,,,,0,0,,0%,0,0,,,,,,,,,,,,,,,,,,,,,,,,,,,,,,,,,,,,,,,,,,,,,,,,,,,,,,,,,ghx-label-4,,3.a. Tactical C-CCA,To Do,,,,,,,Sprint,,,,,,,,No comments by current user.,,,,,,,SSWUMS-2442,,,,,,,,,,,,,,"1|i0aq90:",,,,,,,,,,,,,,,,Medium,,,,,,,,,,,,,,,,,,,,,,,,,,,,,,,,,,,0.0,0.0,,0.0,,,0.0,,0.0,0.0,0.0,,,,,,,,
3.a. FA C-CCA,SSWUMS-2443,110129,Epic,To Do,SSWUMS,SSWUMS,software,mkuperst,"Welcome to the SSWUMS Team space, led by Meridith K (Product Owner). This space includes D440 and D454 resources, as well as Sprint and Kanban work.
",,Medium,,,mkuperst,mkuperst,28/Aug/26 11:47 AM,18/Sep/26 7:45 AM,18/Sep/26 3:31 PM,,,,,,,C2S,GDMS CCA Development,MILESTONE,,,,,,,,,,,,,,,,,,,,0,,,mkuperst,,,,,,,,,,,,,,0,0,,0%,0,0,,,,,,,,,,,,,,,,,,,,,,,,,,,,,,,,,,,,,,,,,,,,,,,,,,,,,,,,,ghx-label-1,,3.a. FA C-CCA,To Do,,,,,,,Sprint,,,,,,,,No comments by current user.,,,,,,,SSWUMS-2442,,,,,,,,,,,,,,"1|hzwrwz:kk",,,,,,,,,,,,,,,,Medium,,,,,,,,,,,,,,,,,,,,,,,,,,,,,,,,,,,0.0,0.0,,0.0,,,0.0,,0.0,0.0,0.0,,,,,,,,
3. UMS Hardware,SSWUMS-2442,110106,Initiative,To Do,SSWUMS,SSWUMS,software,mkuperst,"Welcome to the SSWUMS Team space, led by Meridith K (Product Owner). This space includes D440 and D454 resources, as well as Sprint and Kanban work.
",,Medium,,,mkuperst,mkuperst,28/Aug/26 8:48 AM,01/Sep/26 9:20 AM,18/Sep/26 3:31 PM,,,,,,,,,,,,,,,,,,,,,,,,,,,,,0,,,mkuperst,,,,,,,,,,,,,,,0,,,,0,,,,,,,,,,,,,,,,,,,,,,,,,,,,,,,,,,,,,,,,,,,,,,,,,,,,,,,,,,,,,,,,,,,Sprint,,,,,,,,No comments by current user.,,,,,,,,,,,,,,,,,,,,,"1|i03q43:5i04m",,,,,,,,,,,,,,,,Medium,,,,,,,,,,,,,,,,,,,,,,,,,,,,,,,,,,,0.0,0.0,,0.0,,,0.0,,0.0,0.0,0.0,,,,,,,,
2.a. UMS Software,SSWUMS-2441,110105,Initiative,To Do,SSWUMS,SSWUMS,software,mkuperst,"Welcome to the SSWUMS Team space, led by Meridith K (Product Owner). This space includes D440 and D454 resources, as well as Sprint and Kanban work.
",,Medium,,,mkuperst,mkuperst,28/Aug/26 8:48 AM,01/Sep/26 9:20 AM,18/Sep/26 3:31 PM,,,,,,,,,,,,,,,,,,,,,,,,,,,,,0,,,mkuperst,,,,,,,,,,,,,,,0,,,,0,,,,,,,,,,,,,,,,,,,,,,,,,,,,,,,,,,,,,,,,,,,,,,,,,,,,,,,,,,,,,,,,,,,Sprint,,,,,,,,No comments by current user.,,,,,,,,,,,,,,,,,,,,,"1|i03q43:5i04jo",,,,,,,,,,,,,,,,Medium,,,,,,,,,,,,,,,,,,,,,,,,,,,,,,,,,,,0.0,0.0,,0.0,,,0.0,,0.0,0.0,0.0,,,,,,,,
C2S/PDMS SRHA - Drop 7 Review,SSWUMS-2421,109610,Task,To Do,SSWUMS,SSWUMS,software,mkuperst,"Welcome to the SSWUMS Team space, led by Meridith K (Product Owner). This space includes D440 and D454 resources, as well as Sprint and Kanban work.
",,Medium,,mkuperst,cwhite10,cwhite10,21/Aug/26 11:47 AM,21/Aug/26 11:50 AM,18/Sep/26 3:31 PM,,,PI20,,,,C2S/PDMS Safety,,,,,,,,,,,,,,,,,,,,,13/Oct/26 12:00 AM,0,,,cwhite10,,,,,,,,,,,,,,28800,28800,,0%,28800,28800,,,,,,,,,,,,,,,,,,,,,,,,,,,,,,,,,,,,,,,,,,,,,,,,,,,,,mkuperst,,,13/Oct/26 12:00 AM,,SSWUMS-913,,,In Progress,,,,,,Sprint,,,,,,,,No comments by current user.,,,,,,,,,,,,,,,,,,,,,"1|i06r4v:rzw",,,,,,,,,,,,,,,,Medium,,,,,,,PI20 9/23/2026 - 1/3/2027,,,,,,,,,,1.0,,,,0%,13/Oct/26 12:00 AM,28/Sep/26 12:00 AM,,,,,,,,,,,,0.0,0.0,,0.0,,,0.0,,,,,,,,,,,,
C2S/PDMS SRHA - Drop 6 Review,SSWUMS-2420,109609,Task,To Do,SSWUMS,SSWUMS,software,mkuperst,"Welcome to the SSWUMS Team space, led by Meridith K (Product Owner). This space includes D440 and D454 resources, as well as Sprint and Kanban work.
",,Medium,,mkuperst,cwhite10,cwhite10,21/Aug/26 11:47 AM,08/Sep/26 10:10 AM,18/Sep/26 3:31 PM,,,PI20,,,,C2S/PDMS Safety,,,,,,,,,,,,,,,,,,,,,30/Oct/26 12:00 AM,0,,,cwhite10,,,,,,,,,,,,,,43200,43200,,0%,43200,43200,,,,,,,,,,,,,,,,,,,,,,,,,,,,,,,,,,,,,,,,,,,,,,,,,,,,,mkuperst,,,30/Oct/26 12:00 AM,,SSWUMS-913,,,In Progress,,,,,,Sprint,,,,,,,,No comments by current user.,,,,,,,,,,,,,,,,,,,,,"1|i06r4v:rzo",,,,,,,,,,,,,,,,Medium,,,,,,,PI20 9/23/2026 - 1/3/2027,,,,,,,,,,1.5,,,,1%,30/Oct/26 12:00 AM,18/Sep/26 12:00 AM,,,,,,,,,,,,0.0,0.0,,0.0,,,0.0,,,,,,,,,,,,
C2S/PDMS SRHA - Drop 5 Review,SSWUMS-2419,109608,Task,Selected For Development,SSWUMS,SSWUMS,software,mkuperst,"Welcome to the SSWUMS Team space, led by Meridith K (Product Owner). This space includes D440 and D454 resources, as well as Sprint and Kanban work.
",,Medium,,mkuperst,cwhite10,cwhite10,21/Aug/26 11:46 AM,14/Sep/26 2:16 PM,18/Sep/26 3:31 PM,,,PI19,,,,C2S/PDMS Safety,,,,,,,,,,,,,,,,,,,,,23/Sep/26 12:00 AM,0,,,cwhite10,,,,,,,,,,,,,,28800,28800,,0%,28800,28800,,,,,,,,,,,,,,,,,,,,,,,,,,,,,,,,,,,,,,,,,,,,,,,,,,,,,mkuperst,,,23/Sep/26 12:00 AM,,SSWUMS-913,,,In Progress,,,,,,Sprint,,,,,,,,No comments by current user.,,,,,,,,,,,,,,,,,,,,,"1|i06r4v:rzc",,,,,,,,,,,,,,,,Medium,,,,,,,PI19 7/1/2026 - 9/23/2026,,,,,,,,,,1.0,,,,63%,23/Sep/26 12:00 AM,11/Sep/26 12:00 AM,,,,,,,,,,,,0.0,0.0,,0.0,,,0.0,,,,,,,,,,,,
C2S/PDMS SRHA - C2S Drop 4 Review,SSWUMS-2418,109607,Task,Selected For Development,SSWUMS,SSWUMS,software,mkuperst,"Welcome to the SSWUMS Team space, led by Meridith K (Product Owner). This space includes D440 and D454 resources, as well as Sprint and Kanban work.
",,Medium,,cwhite10,cwhite10,cwhite10,21/Aug/26 11:44 AM,08/Sep/26 8:58 AM,18/Sep/26 3:31 PM,,,PI19,,,,C2S/PDMS Safety,,,,,,,,,,,,,,,,,,,,,16/Sep/26 12:00 AM,0,,,cwhite10,,,,,,,,,,,,,,14400,14400,,0%,14400,14400,7200,,,,,,,,,,,,,,,,,,,,,,,,,,,,,,,,,,,,,,,,,,,,,,,,,,,,cwhite10,,,16/Sep/26 12:00 AM,,SSWUMS-913,,,In Progress,,,,,,Sprint,,,,,,,,No comments by current user.,,,,,,,,,,,,,,,,,,,,,"1|i06r4v:ryi",,,,,,,,,,,,,,,,Medium,,,,,,,PI19 7/1/2026 - 9/23/2026,,,,,,,,,,0.5,,,,100%,16/Sep/26 12:00 AM,07/Sep/26 12:00 AM,,,,,,,,,,,,0.0,0.0,,0.0,,,0.0,,,,,,,,,,,,
C2S/PDMS SRHA - C2S Drop 3 Review,SSWUMS-2409,109598,Task,Selected For Development,SSWUMS,SSWUMS,software,mkuperst,"Welcome to the SSWUMS Team space, led by Meridith K (Product Owner). This space includes D440 and D454 resources, as well as Sprint and Kanban work.
",,Medium,,cwhite10,cwhite10,cwhite10,21/Aug/26 11:35 AM,08/Sep/26 10:05 AM,18/Sep/26 3:31 PM,,,PI19,,,,C2S/PDMS Safety,,,,,,,,,,,,,,,,,,,,,10/Sep/26 12:00 AM,0,,,cwhite10,,,,,,,,,,,,,,43200,43200,,0%,43200,43200,7200,,,,,,,,,,,,,,,,,,,,,,,,,,,,,,,,,,,,,,,,,,,,,,,,,,,,cwhite10,,,10/Sep/26 12:00 AM,,SSWUMS-913,,,In Progress,,,,,,Sprint,,,,,,,,No comments by current user.,,,,,,,,,,,,,,,,,,,,,"1|i06r4v:rw",,,,,,,,,,,,,,,,Medium,,,,,,,PI19 7/1/2026 - 9/23/2026,,,,,,,,,,1.5,,,,100%,10/Sep/26 12:00 AM,31/Aug/26 12:00 AM,,,,,,,,,,,,0.0,0.0,,0.0,,,0.0,,,,,,,,,,,,
C2S/PDMS SRHA - C2S Drop 2 Review,SSWUMS-2408,109597,Task,Done,SSWUMS,SSWUMS,software,mkuperst,"Welcome to the SSWUMS Team space, led by Meridith K (Product Owner). This space includes D440 and D454 resources, as well as Sprint and Kanban work.
",,Medium,Done,cwhite10,cwhite10,cwhite10,21/Aug/26 11:33 AM,08/Sep/26 12:46 PM,18/Sep/26 3:31 PM,08/Sep/26 12:46 PM,,PI19,,,,C2S/PDMS Safety,,,,,,,,,,,,,,,,,,,,,08/Sep/26 12:00 AM,0,,,cwhite10,,,,,";08/Sep/26 12:46 PM;cwhite10;60",,,,,,,,,28800,28740,60,0%,28800,28740,14460,,,,,,,,,,,,,,,,,,,,,,,,,,,,,,,,,,,,,,,,,,,,,,,,,,,,cwhite10,,,08/Sep/26 12:00 AM,,SSWUMS-913,,,In Progress,,,,,,Sprint,,,,,,,,No comments by current user.,,,,,,,,,,,,,,,,,,,,,"1|i06r4v:ro",,,,,,,,,,,,,,,,Medium,,,,,,,PI19 7/1/2026 - 9/23/2026,,,,,,,,,,1.0,,,,100%,08/Sep/26 12:00 AM,24/Aug/26 12:00 AM,,,,,,,,,,,,0.0,0.0,,0.0,,,0.0,,,,,,,,,,,,
4.a. SOW Rev C,SSWUMS-2407,109288,Epic,To Do,SSWUMS,SSWUMS,software,mkuperst,"Welcome to the SSWUMS Team space, led by Meridith K (Product Owner). This space includes D440 and D454 resources, as well as Sprint and Kanban work.
",,Medium,,,cwhite10,cwhite10,19/Aug/26 9:22 AM,14/Sep/26 2:13 PM,18/Sep/26 3:31 PM,,,PI20,,,,GDMS SOW,,,,,,,,,,,,,,,,,,,,,,0,,,cwhite10,,,,,,,,,,,,,,0,0,,0%,0,0,,,,,,,,,,,,,,,,,,,,,,,,,,,,,,,,,,,,,,,,,,,,,,,,,,,,,,,,,ghx-label-10,,4.a. SOW Rev C,To Do,,,,,,,Sprint,,,,,,,,No comments by current user.,,,,,,,SSWUMS-2304,,,,,,,,,,,,,,"1|hzwrwz:k9",,,,,,,,,,,,,,,,Medium,,,,,,,,,,,,,,,,,,,,,,,,,,,,,,,,,,0.0,0.0,0.0,,,0.0,0.0,1.0,1.0,8.0,8.0,0.0,,,,,,,,
GDMS IMS and SMS review(For Oct Edition),SSWUMS-2400,109280,Task,To Do,SSWUMS,SSWUMS,software,mkuperst,"Welcome to the SSWUMS Team space, led by Meridith K (Product Owner). This space includes D440 and D454 resources, as well as Sprint and Kanban work.
",,Medium,,mkuperst,cwhite10,cwhite10,19/Aug/26 9:16 AM,19/Aug/26 9:17 AM,18/Sep/26 3:31 PM,,PI20,PI20,,,,GDMS IMS,,,,,,,,,,,,,,,,,,,,,27/Nov/26 12:00 AM,0,,,cwhite10,,,,,,,,,,,,,,14400,14400,,0%,14400,14400,,,,,,,,,,,,,,,,,,,,,,,,,,,,,,,,,,,,,,,,,,,,,,,,,,,,,mkuperst,,,27/Nov/26 12:00 AM,,SSWUMS-981,,,In Progress,,,,,,Sprint,,,,,,,,No comments by current user.,,,,,,,,,,,,,,,,,,,,,"1|i0am68:",,,,,,,,,,,,,,,,Medium,,,,,,,PI20 9/23/2026 - 1/3/2027,,,,,,,,,,0.5,,,,0%,27/Nov/26 12:00 AM,20/Nov/26 12:00 AM,,,,,,,,,,,,0.0,0.0,,0.0,,,0.0,,,,,,,,,,,,
GDMS IMS and SMS review(For Sept Edition),SSWUMS-2399,109279,Task,To Do,SSWUMS,SSWUMS,software,mkuperst,"Welcome to the SSWUMS Team space, led by Meridith K (Product Owner). This space includes D440 and D454 resources, as well as Sprint and Kanban work.
",,Medium,,mkuperst,cwhite10,cwhite10,19/Aug/26 9:15 AM,19/Aug/26 9:16 AM,18/Sep/26 3:31 PM,,PI20,PI20,,,,GDMS IMS,,,,,,,,,,,,,,,,,,,,,28/Oct/26 12:00 AM,0,,,cwhite10,,,,,,,,,,,,,,14400,14400,,0%,14400,14400,,,,,,,,,,,,,,,,,,,,,,,,,,,,,,,,,,,,,,,,,,,,,,,,,,,,,mkuperst,,,28/Oct/26 12:00 AM,,SSWUMS-981,,,In Progress,,,,,,Sprint,,,,,,,,No comments by current user.,,,,,,,,,,,,,,,,,,,,,"1|i0am60:",,,,,,,,,,,,,,,,Medium,,,,,,,PI20 9/23/2026 - 1/3/2027,,,,,,,,,,0.5,,,,0%,28/Oct/26 12:00 AM,20/Oct/26 12:00 AM,,,,,,,,,,,,0.0,0.0,,0.0,,,0.0,,,,,,,,,,,,
C-CCA HRS Test Plan Leads Review Adj.,SSWUMS-2390,109270,Task,To Do,SSWUMS,SSWUMS,software,mkuperst,"Welcome to the SSWUMS Team space, led by Meridith K (Product Owner). This space includes D440 and D454 resources, as well as Sprint and Kanban work.
",,Medium,,cwhite10,cwhite10,cwhite10,19/Aug/26 8:35 AM,15/Sep/26 11:48 AM,18/Sep/26 3:31 PM,,,PI20,,,,GDMS CCA Development,HRS,UMS System Test Plan,,,,,,,,,,,,,,,,,,,11/Nov/26 12:00 AM,0,,,cwhite10,,,,,,,,,,,,,,14400,14400,,0%,14400,14400,,,,,,,,,,,,SSWUMS-2161,,,,,,,,,,,,,,,,,,,,,,,,,,,,,,,,,SSWHW,SSWIF,SSWTEST,,,,,,cwhite10,,,11/Nov/26 12:00 AM,,SSWUMS-2273,,,In Progress,,,,,,Sprint,,,,,,,,No comments by current user.,,,,,,,,,,,,,,,,,,,,,"1|i0am40:",,,,,,,,,,,,,,,,Medium,,,,,,,PI20 9/23/2026 - 1/3/2027,,,,,,,,,,0.5,,,,0%,11/Nov/26 12:00 AM,29/Oct/26 12:00 AM,,,,,,,,,,,,0.0,0.0,,0.0,,,0.0,,,,,,,,,,,,
Review GDMS QPR Slides,SSWUMS-2380,107742,Task,Done,SSWUMS,SSWUMS,software,mkuperst,"Welcome to the SSWUMS Team space, led by Meridith K (Product Owner). This space includes D440 and D454 resources, as well as Sprint and Kanban work.
",,Medium,Done,mkuperst,cwhite10,cwhite10,12/Aug/26 1:25 PM,14/Sep/26 1:56 PM,18/Sep/26 3:31 PM,14/Sep/26 1:56 PM,,PI19,,,,GDMS UMS QPR,,,,,,,,,,,,,,,,,,,,,09/Sep/26 12:00 AM,0,,,cwhite10,,,,,";08/Sep/26 12:20 PM;cwhite10;60",";14/Sep/26 1:56 PM;cwhite10;60",,,,,,,,14400,14280,120,0%,14400,14280,17340,,,,,,,,,,,,,,,,,,,,,,,,,,,,,,,,,,,,,,,,,,,,,,,,,,,,mkuperst,,,09/Sep/26 12:00 AM,,SSWUMS-980,,,In Progress,,,,,,Sprint,,,,,,,,No comments by current user.,,,,,,,,,,,,,,,,,,,,,"1|i0aeyg:",,,,,,,,,,,,,,,,Medium,,,,,,,PI19 7/1/2026 - 9/23/2026,,,,,,,,,,0.5,,,,100%,09/Sep/26 12:00 AM,02/Sep/26 12:00 AM,,,,,,,,,,,,0.0,0.0,,0.0,,,0.0,,,,,,,,,,,,
SSWUMS PI 31 Jira Planning,SSWUMS-2379,107685,Task,To Do,SSWUMS,SSWUMS,software,mkuperst,"Welcome to the SSWUMS Team space, led by Meridith K (Product Owner). This space includes D440 and D454 resources, as well as Sprint and Kanban work.
",,Medium,,mkuperst,cwhite10,cwhite10,11/Aug/26 3:58 PM,11/Aug/26 4:01 PM,18/Sep/26 3:31 PM,,,PI30,,,,EB PI,,,,,,,,,,,,,,,,,,,,,,0,,,cwhite10,,,,,,,,,,,,,,86400,86400,,0%,86400,86400,,,,,,,,,,,,,,,,,,,,,,,,,,,,,,,,,,,,,,,,,,,,,,,,,,,,,mkuperst,,,,,SSWUMS-2170,,,To Do,,,,,,Sprint,,,,,,,,No comments by current user.,,,,,,,,,,,,,,,,,,,,,"1|i0aeps:",,,,,,,,,,,,,,,,Medium,,,,,,,"PI30 ""Sprint""",,,,,,,,,,3.0,,,,,,,,,,,,,,,,,,0.0,0.0,,0.0,,,0.0,,,,,,,,,,,,
SSWUMS PI 30 Jira Planning,SSWUMS-2378,107684,Task,To Do,SSWUMS,SSWUMS,software,mkuperst,"Welcome to the SSWUMS Team space, led by Meridith K (Product Owner). This space includes D440 and D454 resources, as well as Sprint and Kanban work.
",,Medium,,mkuperst,cwhite10,cwhite10,11/Aug/26 3:57 PM,11/Aug/26 3:58 PM,18/Sep/26 3:31 PM,,,PI29,,,,EB PI,,,,,,,,,,,,,,,,,,,,,,0,,,cwhite10,,,,,,,,,,,,,,86400,86400,,0%,86400,86400,,,,,,,,,,,,,,,,,,,,,,,,,,,,,,,,,,,,,,,,,,,,,,,,,,,,,mkuperst,,,,,SSWUMS-2169,,,To Do,,,,,,Sprint,,,,,,,,No comments by current user.,,,,,,,,,,,,,,,,,,,,,"1|i0aepk:",,,,,,,,,,,,,,,,Medium,,,,,,,"PI29 ""Sprint""",,,,,,,,,,3.0,,,,,,,,,,,,,,,,,,0.0,0.0,,0.0,,,0.0,,,,,,,,,,,,
SSWUMS PI 29 Jira Planning,SSWUMS-2377,107683,Task,To Do,SSWUMS,SSWUMS,software,mkuperst,"Welcome to the SSWUMS Team space, led by Meridith K (Product Owner). This space includes D440 and D454 resources, as well as Sprint and Kanban work.
",,Medium,,mkuperst,cwhite10,cwhite10,11/Aug/26 3:57 PM,11/Aug/26 3:57 PM,18/Sep/26 3:31 PM,,,PI28,,,,EB PI,,,,,,,,,,,,,,,,,,,,,,0,,,cwhite10,,,,,,,,,,,,,,86400,86400,,0%,86400,86400,,,,,,,,,,,,,,,,,,,,,,,,,,,,,,,,,,,,,,,,,,,,,,,,,,,,,mkuperst,,,,,SSWUMS-2168,,,To Do,,,,,,Sprint,,,,,,,,No comments by current user.,,,,,,,,,,,,,,,,,,,,,"1|i0aepc:",,,,,,,,,,,,,,,,Medium,,,,,,,"PI28 ""Sprint""",,,,,,,,,,3.0,,,,,,,,,,,,,,,,,,0.0,0.0,,0.0,,,0.0,,,,,,,,,,,,
SSWUMS PI 28 Jira Planning,SSWUMS-2376,107682,Task,To Do,SSWUMS,SSWUMS,software,mkuperst,"Welcome to the SSWUMS Team space, led by Meridith K (Product Owner). This space includes D440 and D454 resources, as well as Sprint and Kanban work.
",,Medium,,mkuperst,cwhite10,cwhite10,11/Aug/26 3:57 PM,11/Aug/26 3:57 PM,18/Sep/26 3:31 PM,,,PI27,,,,EB PI,,,,,,,,,,,,,,,,,,,,,,0,,,cwhite10,,,,,,,,,,,,,,86400,86400,,0%,86400,86400,,,,,,,,,,,,,,,,,,,,,,,,,,,,,,,,,,,,,,,,,,,,,,,,,,,,,mkuperst,,,,,SSWUMS-2167,,,To Do,,,,,,Sprint,,,,,,,,No comments by current user.,,,,,,,,,,,,,,,,,,,,,"1|i0aep4:",,,,,,,,,,,,,,,,Medium,,,,,,,"PI27 ""Sprint""",,,,,,,,,,3.0,,,,,,,,,,,,,,,,,,0.0,0.0,,0.0,,,0.0,,,,,,,,,,,,
SSWUMS PI 27 Jira Planning,SSWUMS-2375,107681,Task,To Do,SSWUMS,SSWUMS,software,mkuperst,"Welcome to the SSWUMS Team space, led by Meridith K (Product Owner). This space includes D440 and D454 resources, as well as Sprint and Kanban work.
",,Medium,,mkuperst,cwhite10,cwhite10,11/Aug/26 3:56 PM,11/Aug/26 3:56 PM,18/Sep/26 3:31 PM,,,PI26,,,,EB PI,,,,,,,,,,,,,,,,,,,,,,0,,,cwhite10,,,,,,,,,,,,,,86400,86400,,0%,86400,86400,,,,,,,,,,,,,,,,,,,,,,,,,,,,,,,,,,,,,,,,,,,,,,,,,,,,,mkuperst,,,,,SSWUMS-2166,,,To Do,,,,,,Sprint,,,,,,,,No comments by current user.,,,,,,,,,,,,,,,,,,,,,"1|i0aeow:",,,,,,,,,,,,,,,,Medium,,,,,,,"PI26 ""Sprint""",,,,,,,,,,3.0,,,,,,,,,,,,,,,,,,0.0,0.0,,0.0,,,0.0,,,,,,,,,,,,
SSWUMS PI 26 Jira Planning,SSWUMS-2374,107680,Task,To Do,SSWUMS,SSWUMS,software,mkuperst,"Welcome to the SSWUMS Team space, led by Meridith K (Product Owner). This space includes D440 and D454 resources, as well as Sprint and Kanban work.
",,Medium,,mkuperst,cwhite10,cwhite10,11/Aug/26 3:56 PM,11/Aug/26 3:56 PM,18/Sep/26 3:31 PM,,,PI25,,,,EB PI,,,,,,,,,,,,,,,,,,,,,,0,,,cwhite10,,,,,,,,,,,,,,86400,86400,,0%,86400,86400,,,,,,,,,,,,,,,,,,,,,,,,,,,,,,,,,,,,,,,,,,,,,,,,,,,,,mkuperst,,,,,SSWUMS-2165,,,To Do,,,,,,Sprint,,,,,,,,No comments by current user.,,,,,,,,,,,,,,,,,,,,,"1|i0aeoo:",,,,,,,,,,,,,,,,Medium,,,,,,,"PI25 ""Sprint""",,,,,,,,,,3.0,,,,,,,,,,,,,,,,,,0.0,0.0,,0.0,,,0.0,,,,,,,,,,,,
SSWUMS PI 25 Jira Planning,SSWUMS-2373,107679,Task,To Do,SSWUMS,SSWUMS,software,mkuperst,"Welcome to the SSWUMS Team space, led by Meridith K (Product Owner). This space includes D440 and D454 resources, as well as Sprint and Kanban work.
",,Medium,,mkuperst,cwhite10,cwhite10,11/Aug/26 3:55 PM,11/Aug/26 3:55 PM,18/Sep/26 3:31 PM,,,PI24,,,,EB PI,,,,,,,,,,,,,,,,,,,,,,0,,,cwhite10,,,,,,,,,,,,,,86400,86400,,0%,86400,86400,,,,,,,,,,,,,,,,,,,,,,,,,,,,,,,,,,,,,,,,,,,,,,,,,,,,,mkuperst,,,,,SSWUMS-2164,,,To Do,,,,,,Sprint,,,,,,,,No comments by current user.,,,,,,,,,,,,,,,,,,,,,"1|i0aeog:",,,,,,,,,,,,,,,,Medium,,,,,,,PI24 9/22/2027 - 12/23/2027,,,,,,,,,,3.0,,,,,,,,,,,,,,,,,,0.0,0.0,,0.0,,,0.0,,,,,,,,,,,,
SSWUMS PI 24 Jira Planning,SSWUMS-2372,107678,Task,To Do,SSWUMS,SSWUMS,software,mkuperst,"Welcome to the SSWUMS Team space, led by Meridith K (Product Owner). This space includes D440 and D454 resources, as well as Sprint and Kanban work.
",,Medium,,mkuperst,cwhite10,cwhite10,11/Aug/26 3:53 PM,11/Aug/26 3:53 PM,18/Sep/26 3:31 PM,,,PI23,,,,EB PI,,,,,,,,,,,,,,,,,,,,,,0,,,cwhite10,,,,,,,,,,,,,,86400,86400,,0%,86400,86400,,,,,,,,,,,,,,,,,,,,,,,,,,,,,,,,,,,,,,,,,,,,,,,,,,,,,mkuperst,,,,,SSWUMS-984,,,To Do,,,,,,Sprint,,,,,,,,No comments by current user.,,,,,,,,,,,,,,,,,,,,,"1|i0aeo8:",,,,,,,,,,,,,,,,Medium,,,,,,,PI23 6/30/2027 - 9/22/2027,,,,,,,,,,3.0,,,,,,,,,,,,,,,,,,0.0,0.0,,0.0,,,0.0,,,,,,,,,,,,
SSWUMS PI 23 Jira Planning,SSWUMS-2371,107677,Task,To Do,SSWUMS,SSWUMS,software,mkuperst,"Welcome to the SSWUMS Team space, led by Meridith K (Product Owner). This space includes D440 and D454 resources, as well as Sprint and Kanban work.
",,Medium,,mkuperst,cwhite10,cwhite10,11/Aug/26 3:53 PM,11/Aug/26 3:53 PM,18/Sep/26 3:31 PM,,,PI22,,,,EB PI,,,,,,,,,,,,,,,,,,,,,,0,,,cwhite10,,,,,,,,,,,,,,86400,86400,,0%,86400,86400,,,,,,,,,,,,,,,,,,,,,,,,,,,,,,,,,,,,,,,,,,,,,,,,,,,,,mkuperst,,,,,SSWUMS-983,,,To Do,,,,,,Sprint,,,,,,,,No comments by current user.,,,,,,,,,,,,,,,,,,,,,"1|i0aeo0:",,,,,,,,,,,,,,,,Medium,,,,,,,PI22 3/24/2027 - 6/30/2027,,,,,,,,,,3.0,,,,,,,,,,,,,,,,,,0.0,0.0,,0.0,,,0.0,,,,,,,,,,,,
SSWUMS PI 22 Jira Planning,SSWUMS-2370,107676,Task,To Do,SSWUMS,SSWUMS,software,mkuperst,"Welcome to the SSWUMS Team space, led by Meridith K (Product Owner). This space includes D440 and D454 resources, as well as Sprint and Kanban work.
",,Medium,,mkuperst,cwhite10,cwhite10,11/Aug/26 3:52 PM,11/Aug/26 3:52 PM,18/Sep/26 3:31 PM,,,PI21,,,,EB PI,,,,,,,,,,,,,,,,,,,,,,0,,,cwhite10,,,,,,,,,,,,,,86400,86400,,0%,86400,86400,,,,,,,,,,,,,,,,,,,,,,,,,,,,,,,,,,,,,,,,,,,,,,,,,,,,,mkuperst,,,,,SSWUMS-982,,,To Do,,,,,,Sprint,,,,,,,,No comments by current user.,,,,,,,,,,,,,,,,,,,,,"1|i0aens:",,,,,,,,,,,,,,,,Medium,,,,,,,PI21 1/4/2027 - 3/24/2027,,,,,,,,,,3.0,,,,,,,,,,,,,,,,,,0.0,0.0,,0.0,,,0.0,,,,,,,,,,,,
SSWUMS PI 21 Jira Planning,SSWUMS-2369,107675,Task,To Do,SSWUMS,SSWUMS,software,mkuperst,"Welcome to the SSWUMS Team space, led by Meridith K (Product Owner). This space includes D440 and D454 resources, as well as Sprint and Kanban work.
",,Medium,,mkuperst,cwhite10,cwhite10,11/Aug/26 3:49 PM,11/Aug/26 3:49 PM,18/Sep/26 3:31 PM,,,PI20,,,,EB PI,,,,,,,,,,,,,,,,,,,,,,0,,,cwhite10,,,,,,,,,,,,,,86400,86400,,0%,86400,86400,,,,,,,,,,,,,,,,,,,,,,,,,,,,,,,,,,,,,,,,,,,,,,,,,,,,,mkuperst,,,,,SSWUMS-981,,,In Progress,,,,,,Sprint,,,,,,,,No comments by current user.,,,,,,,,,,,,,,,,,,,,,"1|i0aenk:",,,,,,,,,,,,,,,,Medium,,,,,,,PI20 9/23/2026 - 1/3/2027,,,,,,,,,,3.0,,,,,,,,,,,,,,,,,,0.0,0.0,,0.0,,,0.0,,,,,,,,,,,,
1.c. Technical Preseations,SSWUMS-2368,107651,Initiative,To Do,SSWUMS,SSWUMS,software,mkuperst,"Welcome to the SSWUMS Team space, led by Meridith K (Product Owner). This space includes D440 and D454 resources, as well as Sprint and Kanban work.
",,Medium,,,cwhite10,cwhite10,11/Aug/26 12:33 PM,11/Aug/26 12:33 PM,18/Sep/26 3:31 PM,,,,,,,,,,,,,,,,,,,,,,,,,,,,,0,,,cwhite10,,,,,,,,,,,,,,,0,,,,0,,,,,,,,,,,,,,,,,,,,,,,,,,,,,,,,,,,,,,,,,,,,,,,,,,,,,,,,,,,,,,,,,,,Sprint,,,,,,,,No comments by current user.,,,,,,,,,,,,,,,,,,,,,"1|i03q43:5i04j",,,,,,,,,,,,,,,,Medium,,,,,,,,,,,,,,,,,,,,,,,,,,,,,,,,,,0.0,0.0,0.0,,3.0,0.0,0.0,0.0,0.0,0.0,0.0,0.0,,,,,,,,
1.b. IFT Support,SSWUMS-2367,107650,Epic,To Do,SSWUMS,SSWUMS,software,mkuperst,"Welcome to the SSWUMS Team space, led by Meridith K (Product Owner). This space includes D440 and D454 resources, as well as Sprint and Kanban work.
",,Medium,,,cwhite10,cwhite10,11/Aug/26 12:24 PM,17/Aug/26 10:37 AM,18/Sep/26 3:31 PM,,,,,,,,,,,,,,,,,,,,,,,,,,,,,0,,,cwhite10,,,,,,,,,,,,,,,0,,,,0,,,,,,,,,,,,,,,,,,,,,,,,,,,,,,,,,,,,,,,,,,,,,,,,,,,,,,,,,ghx-label-13,,1.b. IFT Support,To Do,,,,,,,Sprint,,,,,,,,No comments by current user.,,,,,,,SSWUMS-564,,,,,,,,,,,,,,"1|hzwrwz:",,,,,,,,,,,,,,,,Medium,,,,,,,,,,,,,,,,,,,,,,,,,,,,,,,,,,,0.0,0.0,,0.0,,,0.0,,0.0,0.0,0.0,,,,,,,,
1.b. PDMS DVT Support,SSWUMS-2366,107621,Epic,To Do,SSWUMS,SSWUMS,software,mkuperst,"Welcome to the SSWUMS Team space, led by Meridith K (Product Owner). This space includes D440 and D454 resources, as well as Sprint and Kanban work.
",,Medium,,,cwhite10,cwhite10,11/Aug/26 9:42 AM,17/Aug/26 10:37 AM,18/Sep/26 3:31 PM,,,,,,,DVT,,,,,,,,,,,,,,,,,,,,,,0,,,cwhite10,,,,,,,,,,,,,,,0,,,,0,,,,,,,,,,,,,,,,,,,,,,,,,,,,,,,,,,,,,,,,,,,,,SSWTEST,,,,,,,,,,,,ghx-label-3,,1.b. PDMS DVT Support,To Do,,,,,,,Sprint,,,,,,,,No comments by current user.,,,,,25.0,,SSWUMS-564,,,,,,,,,,,,,,"1|hzwrwy:x",,,,,,,,,,,,,,,,Medium,,,,,,,,,,,,,,,,,,,,,,08/Jun/29 12:00 AM,,,,,,,,,,,,,0.0,0.0,,0.0,,,0.0,,0.0,0.0,0.0,,,,,,,,
1.b. C2S DVT Support,SSWUMS-2365,107620,Epic,To Do,SSWUMS,SSWUMS,software,mkuperst,"Welcome to the SSWUMS Team space, led by Meridith K (Product Owner). This space includes D440 and D454 resources, as well as Sprint and Kanban work.
",,Medium,,,cwhite10,cwhite10,11/Aug/26 9:42 AM,17/Aug/26 10:37 AM,18/Sep/26 3:31 PM,,,,,,,DVT,,,,,,,,,,,,,,,,,,,,,,0,,,cwhite10,,,,,,,,,,,,,,,0,,,,0,,,,,,,,,,,,,,,,,,,,,,,,,,,,,,,,,,,,,,,,,,,,,SSWTEST,,,,,,,,,,,,ghx-label-3,,1.b. C2S DVT Support,To Do,,,,,,,Sprint,,,,,,,,No comments by current user.,,,,,25.0,,SSWUMS-564,,,,,,,,,,,,,,"1|hzwrwy:v",,,,,,,,,,,,,,,,Medium,,,,,,,,,,,,,,,,,,,,,0%,21/May/29 12:00 AM,18/Jul/28 12:00 AM,,,,,,,,,,,,0.0,0.0,,0.0,,,0.0,,0.0,0.0,0.0,,,,,,,,
1.b. C2S TRR Support,SSWUMS-2364,107619,Epic,To Do,SSWUMS,SSWUMS,software,mkuperst,"Welcome to the SSWUMS Team space, led by Meridith K (Product Owner). This space includes D440 and D454 resources, as well as Sprint and Kanban work.
",,Medium,,,cwhite10,cwhite10,11/Aug/26 9:42 AM,17/Aug/26 10:37 AM,18/Sep/26 3:31 PM,,,,,,,,,,,,,,,,,,,,,,,,,,,,,0,,,cwhite10,,,,,,,,,,,,,,,0,,,,0,,,,,,,,,,,,,,,,,,,,,,,,,,,,,,,,,,,,,,,,,,,,,SSWTEST,,,,,,,,,,,,ghx-label-3,,1.b. C2S TRR Support,To Do,,,,,,,Sprint,,,,,,,,No comments by current user.,,,,,5.0,,SSWUMS-564,,,,,,,,,,,,,,"1|hzwrwy:s",,,,,,,,,,,,,,,,Medium,,,,,,,,,,,,,,,,,,,,,,19/Jul/28 12:00 AM,,,,,,,,,,,,,0.0,0.0,,0.0,,,0.0,,0.0,0.0,0.0,,,,,,,,
1.b. PDMS TRR Support,SSWUMS-2363,107618,Epic,To Do,SSWUMS,SSWUMS,software,mkuperst,"Welcome to the SSWUMS Team space, led by Meridith K (Product Owner). This space includes D440 and D454 resources, as well as Sprint and Kanban work.
",,Medium,,,cwhite10,cwhite10,11/Aug/26 9:42 AM,17/Aug/26 10:37 AM,18/Sep/26 3:31 PM,,,,,,,,,,,,,,,,,,,,,,,,,,,,,0,,,cwhite10,,,,,,,,,,,,,,,0,,,,0,,,,,,,,,,,,,,,,,,,,,,,,,,,,,,,,,,,,,,,,,,,,,SSWTEST,,,,,,,,,,,,ghx-label-3,,1.b. PDMS TRR Support,To Do,,,,,,,Sprint,,,,,,,,No comments by current user.,,,,,5.0,,SSWUMS-564,,,,,,,,,,,,,,"1|hzwrwy:t",,,,,,,,,,,,,,,,Medium,,,,,,,,,,,,,,,,,,,,,,09/Aug/28 12:00 AM,,,,,,,,,,,,,0.0,0.0,,0.0,,,0.0,,0.0,0.0,0.0,,,,,,,,
1.b. C2S SQT Support,SSWUMS-2362,107617,Epic,To Do,SSWUMS,SSWUMS,software,mkuperst,"Welcome to the SSWUMS Team space, led by Meridith K (Product Owner). This space includes D440 and D454 resources, as well as Sprint and Kanban work.
",,Medium,,,cwhite10,cwhite10,11/Aug/26 9:42 AM,17/Aug/26 10:37 AM,18/Sep/26 3:31 PM,,,,,,,,,,,,,,,,,,,,,,,,,,,,,0,,,cwhite10,,,,,,,,,,,,,,,0,,,,0,,,,,,,,,,,,,,,,,,,,,,,,,,,,,,,,,,,,,,,,,,,,,SSWTEST,,,,,,,,,,,,ghx-label-3,,1.b. C2S SQT Support,To Do,,,,,,,Sprint,,,,,,,,No comments by current user.,,,,,15.0,,SSWUMS-564,,,,,,,,,,,,,,"1|hzwrwy:p",,,,,,,,,,,,,,,,Medium,,,,,,,,,,,,,,,,,,,,,,,,,,,,,,,,,,,0.0,0.0,,0.0,,,0.0,,0.0,0.0,0.0,,,,,,,,
1.b. PDMS SQT Support,SSWUMS-2361,107616,Epic,To Do,SSWUMS,SSWUMS,software,mkuperst,"Welcome to the SSWUMS Team space, led by Meridith K (Product Owner). This space includes D440 and D454 resources, as well as Sprint and Kanban work.
",,Medium,,,cwhite10,cwhite10,11/Aug/26 9:42 AM,17/Aug/26 10:37 AM,18/Sep/26 3:31 PM,,,,,,,,,,,,,,,,,,,,,,,,,,,,,0,,,cwhite10,,,,,,,,,,,,,,,0,,,,0,,,,,,,,,,,,,,,,,,,,,,,,,,,,,,,,,,,,,,,,,,,,,SSWTEST,,,,,,,,,,,,ghx-label-3,,1.b. PDMS SQT Support,To Do,,,,,,,Sprint,,,,,,,,No comments by current user.,,,,,15.0,,SSWUMS-564,,,,,,,,,,,,,,"1|hzwrwy:q",,,,,,,,,,,,,,,,Medium,,,,,,,,,,,,,,,,,,,,,,06/Jul/28 12:00 AM,,,,,,,,,,,,,0.0,0.0,,0.0,,,0.0,,0.0,0.0,0.0,,,,,,,,
1.b. SAT Support,SSWUMS-2360,107615,Epic,To Do,SSWUMS,SSWUMS,software,mkuperst,"Welcome to the SSWUMS Team space, led by Meridith K (Product Owner). This space includes D440 and D454 resources, as well as Sprint and Kanban work.
",,Medium,,,cwhite10,cwhite10,11/Aug/26 9:42 AM,17/Aug/26 10:37 AM,18/Sep/26 3:31 PM,,,,,,,,,,,,,,,,,,,,,,,,,,,,,0,,,cwhite10,,,,,,,,,,,,,,,0,,,,0,,,,,,,,,,,,,,,,,,,,,,,,,,,,,,,,,,,,,,,,,,,,,SSWTEST,,,,,,,,,,,,ghx-label-3,,1.b. SAT Support,To Do,,,,,,,Sprint,,,,,,,,No comments by current user.,,,,,25.0,,SSWUMS-564,,,,,,,,,,,,,,"1|hzwrwz:9",,,,,,,,,,,,,,,,Medium,,,,,,,,,,,,,,,,,,,,,,,,,,,,,,,,,,,0.0,0.0,,0.0,,,0.0,,0.0,0.0,0.0,,,,,,,,
4.f. Test Reports,SSWUMS-2359,107613,Initiative,Cancelled,SSWUMS,SSWUMS,software,mkuperst,"Welcome to the SSWUMS Team space, led by Meridith K (Product Owner). This space includes D440 and D454 resources, as well as Sprint and Kanban work.
",,Medium,Won't Do,,cwhite10,cwhite10,11/Aug/26 9:10 AM,11/Aug/26 9:17 AM,18/Sep/26 3:31 PM,11/Aug/26 9:17 AM,,,,,,,,,,,,,,,,,,,,,,,,,,,,0,,,cwhite10,,,,,,,,,,,,,,0,0,,0%,0,0,,,,,,,,,,,,,,,,,,,,,,,,,,,,,,,,,,,,,,,,,,,,,,,,,,,,,,,,,,,,,,,,,,,Sprint,,,,,,,,No comments by current user.,,,,,,,,,,,,,,,,,,,,,"1|i03q43:5i055o",,,,,,,,,,,,,,,,Medium,,,,,,,,,,,,,,,,,0.0,,,,,,,,,,,,,,,,,,0.0,0.0,,0.0,,,0.0,,0.0,0.0,0.0,,,,,,,,
PLACEHOLDER - Cable and Connector Procurement Spec Rev F Review,SSWUMS-2358,107611,Task,To Do,SSWUMS,SSWUMS,software,mkuperst,"Welcome to the SSWUMS Team space, led by Meridith K (Product Owner). This space includes D440 and D454 resources, as well as Sprint and Kanban work.
",,Medium,,bchadwic,cwhite10,cwhite10,11/Aug/26 9:00 AM,12/Aug/26 12:10 PM,18/Sep/26 3:31 PM,,,,,,,Procurment Specs,,,,,,,,,,,,,,,,,,,,,,0,,,cwhite10,,,,,,,,,,,,,,31680,31680,,0%,31680,31680,,,,,,,,,,,,,,,,,,,,,,,,,,,,,,,,,,,,,,,,,,,,,,,,,,,,,bchadwic,,,,,SSWUMS-2329,,,To Do,,,,,,Sprint,,,,,,,,No comments by current user.,,,,,,,,,,,,,,,,,,,,,"1|i0aecw:",,,,,,,,,,,,,,,,Medium,,,,,,,,,,,,,,,,,1.1,,,,,,,,,,,,,,,,,,0.0,0.0,,0.0,,,0.0,,,,,,,,,,,,
4.i. PDMS Outboard J-Box Build Book,SSWUMS-2357,107609,Epic,To Do,SSWUMS,SSWUMS,software,mkuperst,"Welcome to the SSWUMS Team space, led by Meridith K (Product Owner). This space includes D440 and D454 resources, as well as Sprint and Kanban work.
",,Medium,,bchadwic,bchadwic,bchadwic,11/Aug/26 8:30 AM,12/Aug/26 12:53 PM,18/Sep/26 3:31 PM,,,,,,,Build Book,,,,,,,,,,,,,,,,,,,,,,0,Work associated with the review and acceptance of the PDMS Outboard J-Box build book.,,bchadwic,,,,,,,,,,,,,,,0,,,,0,,,,,,,,,,,,SSWUMS-2356,,,,,,,,,,,,,,,,,,,,,,,,,,,,,,,,,,,,,,,,,,,,,ghx-label-13,,4.i. PDMS Outboard J-Box Build Book,To Do,,,,,,,Sprint,,,,,,,,No comments by current user.,,,,,8.0,,SSWUMS-2320,,,,,,,,,,,,,,"1|i0aeco:",,,,,,,,,,,,,,,,Medium,,,,,,,,,,,,,,,,,,,,,,,,,,,,,,,,,,,0.0,0.0,,0.0,,,0.0,,0.0,0.0,0.0,,,,,,,,
4.i. PDMS Cable & Connector Build Books,SSWUMS-2356,107608,Epic,To Do,SSWUMS,SSWUMS,software,mkuperst,"Welcome to the SSWUMS Team space, led by Meridith K (Product Owner). This space includes D440 and D454 resources, as well as Sprint and Kanban work.
",,Medium,,bchadwic,bchadwic,bchadwic,11/Aug/26 8:29 AM,12/Aug/26 12:54 PM,18/Sep/26 3:31 PM,,,,,,,Build Book,,,,,,,,,,,,,,,,,,,,,,0,Work associated with the review and acceptance of the PDMS Cable Assemblies,,bchadwic,,,,,,,,,,,,,,,0,,,,0,,,,,,,,,,SSWUMS-2357,,,,,,,,,,,,,,,,,,,,,,,,,,,,,,,,,,,,,,,,,,,,,,,ghx-label-13,,4.i. PDMS Cable & Connector Build Books,To Do,,,,,,,Sprint,,,,,,,,No comments by current user.,,,,,8.0,,SSWUMS-2320,,,,,,,,,,,,,,"1|i0aecg:",,,,,,,,,,,,,,,,Medium,,,,,,,,,,,,,,,,,,,,,,,,,,,,,,,,,,,0.0,0.0,,0.0,,,0.0,,0.0,0.0,0.0,,,,,,,,
4.i. DSS Drawer Build Book,SSWUMS-2355,107607,Epic,To Do,SSWUMS,SSWUMS,software,mkuperst,"Welcome to the SSWUMS Team space, led by Meridith K (Product Owner). This space includes D440 and D454 resources, as well as Sprint and Kanban work.
",,Medium,,,bchadwic,bchadwic,11/Aug/26 8:23 AM,12/Aug/26 12:53 PM,18/Sep/26 3:31 PM,,,,,,,Build Book,,,,,,,,,,,,,,,,,,,,,,0,Work associated with the review and acceptance for the build books for the DSS Drawers.,,bchadwic,,,,,,,,,,,,,,,0,,,,0,,,,,,,,,,,,SSWUMS-2354,,,,,,,,,,,,,,,,,,,,,,,,,,,,,,,,,,,,,,,,,,,,,ghx-label-13,,4.i. DSS Drawer Build Book,To Do,,,,,,,Sprint,,,,,,,,No comments by current user.,,,,,5.0,,SSWUMS-2320,,,,,,,,,,,,,,"1|i0aec8:",,,,,,,,,,,,,,,,Medium,,,,,,,,,,,,,,,,,,,,,,,,,,,,,,,,,,,0.0,0.0,,0.0,,,0.0,,0.0,0.0,0.0,,,,,,,,
4.i. DTS Drawer Build Book,SSWUMS-2354,107606,Epic,To Do,SSWUMS,SSWUMS,software,mkuperst,"Welcome to the SSWUMS Team space, led by Meridith K (Product Owner). This space includes D440 and D454 resources, as well as Sprint and Kanban work.
",,Medium,,,bchadwic,bchadwic,11/Aug/26 8:22 AM,12/Aug/26 12:53 PM,18/Sep/26 3:31 PM,,,,,,,Build Book,,,,,,,,,,,,,,,,,,,,,,0,Work associated with the review and acceptance for the build books for the DTS Drawers.,,bchadwic,,,,,,,,,,,,,,,0,,,,0,,,,,,,,,,SSWUMS-2355,,SSWUMS-2351,,,,,,,,,,,,,,,,,,,,,,,,,,,,,,,,,,,,,,,,,,,,,ghx-label-13,,4.i. DTS Drawer Build Book,To Do,,,,,,,Sprint,,,,,,,,No comments by current user.,,,,,5.0,,SSWUMS-2320,,,,,,,,,,,,,,"1|i0aec0:",,,,,,,,,,,,,,,,Medium,,,,,,,,,,,,,,,,,,,,,,,,,,,,,,,,,,,0.0,0.0,,0.0,,,0.0,,0.0,0.0,0.0,,,,,,,,
PLACEHOLDER - EB PI 29 Event,SSWUMS-2353,107605,Task,To Do,SSWUMS,SSWUMS,software,mkuperst,"Welcome to the SSWUMS Team space, led by Meridith K (Product Owner). This space includes D440 and D454 resources, as well as Sprint and Kanban work.
",,Medium,,mkuperst,cwhite10,cwhite10,11/Aug/26 8:21 AM,11/Aug/26 4:01 PM,18/Sep/26 3:31 PM,,,PI30,,,,EB PI,,,,,,,,,,,,,,,,,,,,,,0,,,cwhite10,,,,,,,,,,,,,,86400,86400,,0%,86400,86400,,,,,,,,,,,,,,,,,,,,,,,,,,,,,,,,,,,,,,,,,,,,,,,,,,,,,mkuperst,,,,,SSWUMS-2170,,,To Do,,,,,,Sprint,,,,,,,,No comments by current user.,,,,,,,,,,,,,,,,,,,,,"1|i0aebs:",,,,,,,,,,,,,,,,Medium,,,,,,,"PI30 ""Sprint""",,,,,,,,,,3.0,,,,,,,,,,,,,,,,,,0.0,0.0,,0.0,,,0.0,,,,,,,,,,,,
PLACEHOLDER - EB PI 28 Event,SSWUMS-2352,107604,Task,To Do,SSWUMS,SSWUMS,software,mkuperst,"Welcome to the SSWUMS Team space, led by Meridith K (Product Owner). This space includes D440 and D454 resources, as well as Sprint and Kanban work.
",,Medium,,mkuperst,cwhite10,cwhite10,11/Aug/26 8:21 AM,11/Aug/26 4:01 PM,18/Sep/26 3:31 PM,,,PI29,,,,EB PI,,,,,,,,,,,,,,,,,,,,,,0,,,cwhite10,,,,,,,,,,,,,,86400,86400,,0%,86400,86400,,,,,,,,,,,,,,,,,,,,,,,,,,,,,,,,,,,,,,,,,,,,,,,,,,,,,mkuperst,,,,,SSWUMS-2169,,,To Do,,,,,,Sprint,,,,,,,,No comments by current user.,,,,,,,,,,,,,,,,,,,,,"1|i0aebk:",,,,,,,,,,,,,,,,Medium,,,,,,,"PI29 ""Sprint""",,,,,,,,,,3.0,,,,,,,,,,,,,,,,,,0.0,0.0,,0.0,,,0.0,,,,,,,,,,,,
4.i. Leak Detect Drawer Build Book,SSWUMS-2351,107603,Epic,To Do,SSWUMS,SSWUMS,software,mkuperst,"Welcome to the SSWUMS Team space, led by Meridith K (Product Owner). This space includes D440 and D454 resources, as well as Sprint and Kanban work.
",,Medium,,,bchadwic,bchadwic,11/Aug/26 8:21 AM,12/Aug/26 12:53 PM,18/Sep/26 3:31 PM,,,,,,,Build Book,,,,,,,,,,,,,,,,,,,,,,0,Work associated with the review and acceptance for the build books for the Leak Detect Drawers.,,bchadwic,,,,,,,,,,,,,,,0,,,,0,,,,,,,,,,SSWUMS-2354,,SSWUMS-2347,,,,,,,,,,,,,,,,,,,,,,,,,,,,,,,,,,,,,,,,,,,,,ghx-label-13,,4.i. Leak Detect Drawer Build Book,To Do,,,,,,,Sprint,,,,,,,,No comments by current user.,,,,,5.0,,SSWUMS-2320,,,,,,,,,,,,,,"1|i0aebc:",,,,,,,,,,,,,,,,Medium,,,,,,,,,,,,,,,,,,,,,,,,,,,,,,,,,,,0.0,0.0,,0.0,,,0.0,,0.0,0.0,0.0,,,,,,,,
PLACEHOLDER - EB PI 27 Event,SSWUMS-2350,107602,Task,To Do,SSWUMS,SSWUMS,software,mkuperst,"Welcome to the SSWUMS Team space, led by Meridith K (Product Owner). This space includes D440 and D454 resources, as well as Sprint and Kanban work.
",,Medium,,mkuperst,cwhite10,cwhite10,11/Aug/26 8:21 AM,11/Aug/26 4:01 PM,18/Sep/26 3:31 PM,,,PI28,,,,EB PI,,,,,,,,,,,,,,,,,,,,,,0,,,cwhite10,,,,,,,,,,,,,,86400,86400,,0%,86400,86400,,,,,,,,,,,,,,,,,,,,,,,,,,,,,,,,,,,,,,,,,,,,,,,,,,,,,mkuperst,,,,,SSWUMS-2168,,,To Do,,,,,,Sprint,,,,,,,,No comments by current user.,,,,,,,,,,,,,,,,,,,,,"1|i0aeb4:",,,,,,,,,,,,,,,,Medium,,,,,,,"PI28 ""Sprint""",,,,,,,,,,3.0,,,,,,,,,,,,,,,,,,0.0,0.0,,0.0,,,0.0,,,,,,,,,,,,
PLACEHOLDER - EB PI 26 Event,SSWUMS-2349,107601,Task,To Do,SSWUMS,SSWUMS,software,mkuperst,"Welcome to the SSWUMS Team space, led by Meridith K (Product Owner). This space includes D440 and D454 resources, as well as Sprint and Kanban work.
",,Medium,,mkuperst,cwhite10,cwhite10,11/Aug/26 8:20 AM,11/Aug/26 4:00 PM,18/Sep/26 3:31 PM,,,PI27,,,,EB PI,,,,,,,,,,,,,,,,,,,,,,0,,,cwhite10,,,,,,,,,,,,,,86400,86400,,0%,86400,86400,,,,,,,,,,,,,,,,,,,,,,,,,,,,,,,,,,,,,,,,,,,,,,,,,,,,,mkuperst,,,,,SSWUMS-2167,,,To Do,,,,,,Sprint,,,,,,,,No comments by current user.,,,,,,,,,,,,,,,,,,,,,"1|i0aeaw:",,,,,,,,,,,,,,,,Medium,,,,,,,"PI27 ""Sprint""",,,,,,,,,,3.0,,,,,,,,,,,,,,,,,,0.0,0.0,,0.0,,,0.0,,,,,,,,,,,,
PLACEHOLDER - EB PI 25 Event,SSWUMS-2348,107600,Task,To Do,SSWUMS,SSWUMS,software,mkuperst,"Welcome to the SSWUMS Team space, led by Meridith K (Product Owner). This space includes D440 and D454 resources, as well as Sprint and Kanban work.
",,Medium,,mkuperst,cwhite10,cwhite10,11/Aug/26 8:20 AM,11/Aug/26 4:00 PM,18/Sep/26 3:31 PM,,,PI26,,,,EB PI,,,,,,,,,,,,,,,,,,,,,,0,,,cwhite10,,,,,,,,,,,,,,86400,86400,,0%,86400,86400,,,,,,,,,,,,,,,,,,,,,,,,,,,,,,,,,,,,,,,,,,,,,,,,,,,,,mkuperst,,,,,SSWUMS-2166,,,To Do,,,,,,Sprint,,,,,,,,No comments by current user.,,,,,,,,,,,,,,,,,,,,,"1|i0aeao:",,,,,,,,,,,,,,,,Medium,,,,,,,"PI26 ""Sprint""",,,,,,,,,,3.0,,,,,,,,,,,,,,,,,,0.0,0.0,,0.0,,,0.0,,,,,,,,,,,,
4.i. SCONE Drawer Build Book,SSWUMS-2347,107599,Epic,To Do,SSWUMS,SSWUMS,software,mkuperst,"Welcome to the SSWUMS Team space, led by Meridith K (Product Owner). This space includes D440 and D454 resources, as well as Sprint and Kanban work.
",,Medium,,,bchadwic,bchadwic,11/Aug/26 8:20 AM,12/Aug/26 12:53 PM,18/Sep/26 3:31 PM,,,,,,,Build Book,,,,,,,,,,,,,,,,,,,,,,0,Work associated with the review and acceptance for the build books for the SCONE Drawers.,,bchadwic,,,,,,,,,,,,,,,0,,,,0,,,,,,,,,,SSWUMS-2351,,,,,,,,,,,,,,,,,,,,,,,,,,,,,,,,,,,,,,,,,,,,,,,ghx-label-13,,4.i. SCONE Drawer Build Book,To Do,,,,,,,Sprint,,,,,,,,No comments by current user.,,,,,5.0,,SSWUMS-2320,,,,,,,,,,,,,,"1|i0aeag:",,,,,,,,,,,,,,,,Medium,,,,,,,,,,,,,,,,,,,,,,,,,,,,,,,,,,,0.0,0.0,,0.0,,,0.0,,0.0,0.0,0.0,,,,,,,,
PLACEHOLDER - EB PI 24 Event,SSWUMS-2346,107598,Task,To Do,SSWUMS,SSWUMS,software,mkuperst,"Welcome to the SSWUMS Team space, led by Meridith K (Product Owner). This space includes D440 and D454 resources, as well as Sprint and Kanban work.
",,Medium,,mkuperst,cwhite10,cwhite10,11/Aug/26 8:20 AM,11/Aug/26 4:00 PM,18/Sep/26 3:31 PM,,,PI25,,,,EB PI,,,,,,,,,,,,,,,,,,,,,,0,,,cwhite10,,,,,,,,,,,,,,86400,86400,,0%,86400,86400,,,,,,,,,,,,,,,,,,,,,,,,,,,,,,,,,,,,,,,,,,,,,,,,,,,,,mkuperst,,,,,SSWUMS-2165,,,To Do,,,,,,Sprint,,,,,,,,No comments by current user.,,,,,,,,,,,,,,,,,,,,,"1|i0aea8:",,,,,,,,,,,,,,,,Medium,,,,,,,"PI25 ""Sprint""",,,,,,,,,,3.0,,,,,,,,,,,,,,,,,,0.0,0.0,,0.0,,,0.0,,,,,,,,,,,,
PLACEHOLDER - EB PI 23 Event,SSWUMS-2345,107597,Task,To Do,SSWUMS,SSWUMS,software,mkuperst,"Welcome to the SSWUMS Team space, led by Meridith K (Product Owner). This space includes D440 and D454 resources, as well as Sprint and Kanban work.
",,Medium,,mkuperst,cwhite10,cwhite10,11/Aug/26 8:20 AM,11/Aug/26 3:59 PM,18/Sep/26 3:31 PM,,,PI24,,,,EB PI,,,,,,,,,,,,,,,,,,,,,,0,,,cwhite10,,,,,,,,,,,,,,86400,86400,,0%,86400,86400,,,,,,,,,,,,,,,,,,,,,,,,,,,,,,,,,,,,,,,,,,,,,,,,,,,,,mkuperst,,,,,SSWUMS-2164,,,To Do,,,,,,Sprint,,,,,,,,No comments by current user.,,,,,,,,,,,,,,,,,,,,,"1|i0aea0:",,,,,,,,,,,,,,,,Medium,,,,,,,PI24 9/22/2027 - 12/23/2027,,,,,,,,,,3.0,,,,,,,,,,,,,,,,,,0.0,0.0,,0.0,,,0.0,,,,,,,,,,,,
4.i. EOSR 3 Build Book,SSWUMS-2344,107596,Epic,To Do,SSWUMS,SSWUMS,software,mkuperst,"Welcome to the SSWUMS Team space, led by Meridith K (Product Owner). This space includes D440 and D454 resources, as well as Sprint and Kanban work.
",,Medium,,bchadwic,bchadwic,bchadwic,11/Aug/26 8:18 AM,12/Aug/26 12:53 PM,18/Sep/26 3:31 PM,,,,,,,Build Book,,,,,,,,,,,,,,,,,,,,,,0,Work associated with the review and acceptance of the build book for EOSR Unit 3,,bchadwic,,,,,,,,,,,,,,,0,,,,0,,,,,,,,,,,,SSWUMS-2343,,,,,,,,,,,,,,,,,,,,,,,,,,,,,,,,,,,,,,,,,,,,,ghx-label-13,,4.i. EOSR 3 Build Book,To Do,,,,,,,Sprint,,,,,,,,No comments by current user.,,,,,8.0,,SSWUMS-2320,,,,,,,,,,,,,,"1|i0ae9s:",,,,,,,,,,,,,,,,Medium,,,,,,,,,,,,,,,,,,,,,,,,,,,,,,,,,,,0.0,0.0,,0.0,,,0.0,,0.0,0.0,0.0,,,,,,,,
4.i. EOSR 2 Build Book,SSWUMS-2343,107595,Epic,To Do,SSWUMS,SSWUMS,software,mkuperst,"Welcome to the SSWUMS Team space, led by Meridith K (Product Owner). This space includes D440 and D454 resources, as well as Sprint and Kanban work.
",,Medium,,bchadwic,bchadwic,bchadwic,11/Aug/26 8:18 AM,12/Aug/26 12:53 PM,18/Sep/26 3:31 PM,,,,,,,Build Book,,,,,,,,,,,,,,,,,,,,,,0,Work associated with the review and acceptance of the build book for EOSR Unit 2,,bchadwic,,,,,,,,,,,,,,,0,,,,0,,,,,,,,,,SSWUMS-2344,,SSWUMS-2340,,,,,,,,,,,,,,,,,,,,,,,,,,,,,,,,,,,,,,,,,,,,,ghx-label-13,,4.i. EOSR 2 Build Book,To Do,,,,,,,Sprint,,,,,,,,No comments by current user.,,,,,8.0,,SSWUMS-2320,,,,,,,,,,,,,,"1|i0ae9k:",,,,,,,,,,,,,,,,Medium,,,,,,,,,,,,,,,,,,,,,,,,,,,,,,,,,,,0.0,0.0,,0.0,,,0.0,,0.0,0.0,0.0,,,,,,,,
PLACEHOLDER - EB PI 22 Event,SSWUMS-2342,107594,Task,To Do,SSWUMS,SSWUMS,software,mkuperst,"Welcome to the SSWUMS Team space, led by Meridith K (Product Owner). This space includes D440 and D454 resources, as well as Sprint and Kanban work.
",,Medium,,mkuperst,cwhite10,cwhite10,11/Aug/26 8:18 AM,11/Aug/26 3:59 PM,18/Sep/26 3:31 PM,,,PI23,,,,EB PI,,,,,,,,,,,,,,,,,,,,,,0,,,cwhite10,,,,,,,,,,,,,,86400,86400,,0%,86400,86400,,,,,,,,,,,,,,,,,,,,,,,,,,,,,,,,,,,,,,,,,,,,,,,,,,,,,mkuperst,,,,,SSWUMS-984,,,To Do,,,,,,Sprint,,,,,,,,No comments by current user.,,,,,,,,,,,,,,,,,,,,,"1|i0ae9c:",,,,,,,,,,,,,,,,Medium,,,,,,,PI23 6/30/2027 - 9/22/2027,,,,,,,,,,3.0,,,,,,,,,,,,,,,,,,0.0,0.0,,0.0,,,0.0,,,,,,,,,,,,
PLACEHOLDER - EB PI 21 Event,SSWUMS-2341,107593,Task,To Do,SSWUMS,SSWUMS,software,mkuperst,"Welcome to the SSWUMS Team space, led by Meridith K (Product Owner). This space includes D440 and D454 resources, as well as Sprint and Kanban work.
",,Medium,,mkuperst,cwhite10,cwhite10,11/Aug/26 8:17 AM,11/Aug/26 3:59 PM,18/Sep/26 3:31 PM,,,PI22,,,,EB PI,,,,,,,,,,,,,,,,,,,,,,0,,,cwhite10,,,,,,,,,,,,,,86400,86400,,0%,86400,86400,,,,,,,,,,,,,,,,,,,,,,,,,,,,,,,,,,,,,,,,,,,,,,,,,,,,,mkuperst,,,,,SSWUMS-983,,,To Do,,,,,,Sprint,,,,,,,,No comments by current user.,,,,,,,,,,,,,,,,,,,,,"1|i0ae94:",,,,,,,,,,,,,,,,Medium,,,,,,,PI22 3/24/2027 - 6/30/2027,,,,,,,,,,3.0,,,,,,,,,,,,,,,,,,0.0,0.0,,0.0,,,0.0,,,,,,,,,,,,
4.i. EOSR 1 Build Book,SSWUMS-2340,107592,Epic,To Do,SSWUMS,SSWUMS,software,mkuperst,"Welcome to the SSWUMS Team space, led by Meridith K (Product Owner). This space includes D440 and D454 resources, as well as Sprint and Kanban work.
",,Medium,,bchadwic,bchadwic,bchadwic,11/Aug/26 8:17 AM,12/Aug/26 12:53 PM,18/Sep/26 3:31 PM,,,,,,,Build Book,,,,,,,,,,,,,,,,,,,,,,0,Work associated with the review and acceptance of the build book for EOSR Unit 1,,bchadwic,,,,,,,,,,,,,,,0,,,,0,,,,,,,,,,SSWUMS-2343,,,,,,,,,,,,,,,,,,,,,,,,,,,,,,,,,,,,,,,,,,,,,,,ghx-label-13,,4.i. EOSR 1 Build Book,To Do,,,,,,,Sprint,,,,,,,,No comments by current user.,,,,,8.0,,SSWUMS-2320,,,,,,,,,,,,,,"1|i0ae8w:",,,,,,,,,,,,,,,,Medium,,,,,,,,,,,,,,,,,,,,,,,,,,,,,,,,,,,0.0,0.0,,0.0,,,0.0,,0.0,0.0,0.0,,,,,,,,
PLACEHOLDER - EB PI 20 Event,SSWUMS-2339,107591,Task,To Do,SSWUMS,SSWUMS,software,mkuperst,"Welcome to the SSWUMS Team space, led by Meridith K (Product Owner). This space includes D440 and D454 resources, as well as Sprint and Kanban work.
",,Medium,,mkuperst,cwhite10,cwhite10,11/Aug/26 8:17 AM,11/Aug/26 3:59 PM,18/Sep/26 3:31 PM,,,PI21,,,,EB PI,,,,,,,,,,,,,,,,,,,,,,0,,,cwhite10,,,,,,,,,,,,,,86400,86400,,0%,86400,86400,,,,,,,,,,,,,,,,,,,,,,,,,,,,,,,,,,,,,,,,,,,,,,,,,,,,,mkuperst,,,,,SSWUMS-982,,,To Do,,,,,,Sprint,,,,,,,,No comments by current user.,,,,,,,,,,,,,,,,,,,,,"1|i0ae8o:",,,,,,,,,,,,,,,,Medium,,,,,,,PI21 1/4/2027 - 3/24/2027,,,,,,,,,,3.0,,,,,,,,,,,,,,,,,,0.0,0.0,,0.0,,,0.0,,,,,,,,,,,,
PLACEHOLDER - EB PI 19 Event,SSWUMS-2338,107590,Task,Cancelled,SSWUMS,SSWUMS,software,mkuperst,"Welcome to the SSWUMS Team space, led by Meridith K (Product Owner). This space includes D440 and D454 resources, as well as Sprint and Kanban work.
",,Medium,Won't Do,mkuperst,cwhite10,cwhite10,11/Aug/26 8:16 AM,08/Sep/26 9:41 AM,18/Sep/26 3:31 PM,08/Sep/26 9:41 AM,,PI20,,,,EB PI,,,,,,,,,,,,,,,,,,,,,,0,,,cwhite10,,,,,,,,,,,,,,0,0,,0%,0,0,,,,,,,,,,,,,,,,,,,,,,,,,,,,,,,,,,,,,,,,,,,,,,,,,,,,,mkuperst,,,,,SSWUMS-981,,,In Progress,,,,,,Sprint,,,,,"Posted on: Tue Sep 08 09:41:25 EDT 2026
Split out to sub Tasks",,,No comments by current user.,,,,,,,,,,,,,,,,,,,,,"1|i0ae8g:",,,,,,,,,,,,,,,,Medium,,,,,,,PI20 9/23/2026 - 1/3/2027,,,,,,,,,,0.0,,,,,,,,,,,,,,,,,,0.0,0.0,,0.0,,,0.0,,,,,"08/Sep/26 9:41 AM;cwhite10;Split out to sub Tasks;;;",,,,,,,
1.c. First Article FORJ Regression Testing,SSWUMS-2337,107589,Epic,To Do,SSWUMS,SSWUMS,software,mkuperst,"Welcome to the SSWUMS Team space, led by Meridith K (Product Owner). This space includes D440 and D454 resources, as well as Sprint and Kanban work.
",,Medium,,,bchadwic,bchadwic,11/Aug/26 8:15 AM,17/Aug/26 10:37 AM,18/Sep/26 3:31 PM,,,PI21,,,,,,,,,,,,,,,,,,,,,,,,,,0,Work associated with the review of test results from First Article FORJ regression testing.,,bchadwic,,,,,,,,,,,,,,,0,,,,0,,,,,,,,,,,,,,,,,,,,,,,,,,,,,,,,,,,,,,,,,,,,,,,,,,,,,,,,,ghx-label-12,,1.c. First Article FORJ Regression Testing,To Do,,,,,,,Sprint,,,,,,,,No comments by current user.,,,,,3.0,,SSWUMS-2368,,,,,,,,,,,,,,"1|hzwrwz:ic",,,,,,,,,,,,,,,,Medium,,,,,,,,,,,,,,,,,,,,,,,,,,,,,,,,,,,0.0,0.0,,0.0,,,0.0,,0.0,0.0,0.0,,,,,,,,
4.h. PDMS Outboard J-Box Drawing,SSWUMS-2336,107588,Epic,To Do,SSWUMS,SSWUMS,software,mkuperst,"Welcome to the SSWUMS Team space, led by Meridith K (Product Owner). This space includes D440 and D454 resources, as well as Sprint and Kanban work.
",,Medium,,,bchadwic,bchadwic,11/Aug/26 8:13 AM,08/Sep/26 4:52 PM,18/Sep/26 3:31 PM,,,PI20,,,,EOSR,,,,,,,,,,,,,,,,,,,,,,0,Work associated with the review and approval of the initial release of the PDMS outboard J-box install drawing. ,,bchadwic,,,,,,,,,,,,,,0,0,,0%,0,0,,,,,,,,,,,,,,,,,,,,,,,,,,,,,,,,,,,,,,,,,,,,,,,,,,,,,,,,,ghx-label-13,,4.h. PDMS Outboard J-Box Drawing,To Do,,,,,,,Sprint,,,,,,,,No comments by current user.,,,,,,,SSWUMS-563,,,,,,,,,,,,,,"1|i03q43:5i056vo6",,,,,,,,,,,,,,,,Medium,,,,,,,,,,,,,,,,,,,,,,,,,,,,,,,,,,0.0,0.0,0.0,,,0.0,0.0,0.2,0.2,1.6,1.6,0.0,,,,,,,,
4.h. DTS Drawing - Rev 3,SSWUMS-2335,107587,Epic,To Do,SSWUMS,SSWUMS,software,mkuperst,"Welcome to the SSWUMS Team space, led by Meridith K (Product Owner). This space includes D440 and D454 resources, as well as Sprint and Kanban work.
",,Medium,,,bchadwic,bchadwic,11/Aug/26 8:11 AM,08/Sep/26 2:24 PM,18/Sep/26 3:31 PM,,,PI21,,,,PDMS,,,,,,,,,,,,,,,,,,,,,,0,,,bchadwic,,,,,,,,,,,,,,0,0,,0%,0,0,,,,,,,,,,,,SSWUMS-2334,,,,,,,,,,,,,,,,,,,,,,,,,,,,,,,,,SSWHW,,,,,,,,,,,,ghx-label-14,,4.h. DTS Drawing - Rev 3,To Do,,,,,,,Sprint,,,,,,,,No comments by current user.,,,,,2.0,,SSWUMS-563,,,,,,,,,,,,,,"1|i03q43:5i056zzzz",,,,,,,,,,,,,,,,Medium,,,,,,,,,,,,,,,,,,,,,0%,12/Mar/27 12:00 AM,11/Jan/27 12:00 AM,,,,,,,,,,,0.0,0.0,0.0,,,0.0,0.0,1.0,1.0,8.0,8.0,0.0,,,,,,,,
4.h. DSS Drawing - Rev 3,SSWUMS-2334,107585,Epic,To Do,SSWUMS,SSWUMS,software,mkuperst,"Welcome to the SSWUMS Team space, led by Meridith K (Product Owner). This space includes D440 and D454 resources, as well as Sprint and Kanban work.
",,Medium,,,bchadwic,bchadwic,11/Aug/26 8:09 AM,08/Sep/26 2:22 PM,18/Sep/26 3:31 PM,,,PI20,PI21,,,PDMS,,,,,,,,,,,,,,,,,,,,,,0,,,bchadwic,,,,,,,,,,,,,,0,0,,0%,0,0,,,,,,,,,,SSWUMS-2335,,SSWUMS-2333,,,,,,,,,,,,,,,,,,,,,,,,,,,,,,,,,SSWHW,,,,,,,,,,,,ghx-label-14,,4.h. DSS Drawing - Rev 3,To Do,,,,,,,Sprint,,,,,,,,No comments by current user.,,,,,2.0,,SSWUMS-563,,,,,,,,,,,,,,"1|i03q43:5i056zzzx",,,,,,,,,,,,,,,,Medium,,,,,,,,,,,,,,,,,,,,,0%,08/Feb/27 12:00 AM,11/Dec/26 12:00 AM,,,,,,,,,,,0.0,0.0,0.0,,,0.0,0.0,1.0,1.0,8.0,8.0,0.0,,,,,,,,
4.h. Leak Detect Drawing - Rev 3,SSWUMS-2333,107584,Epic,To Do,SSWUMS,SSWUMS,software,mkuperst,"Welcome to the SSWUMS Team space, led by Meridith K (Product Owner). This space includes D440 and D454 resources, as well as Sprint and Kanban work.
",,Medium,,,bchadwic,bchadwic,11/Aug/26 8:08 AM,08/Sep/26 2:17 PM,18/Sep/26 3:31 PM,,,PI22,PI23,,,PDMS,,,,,,,,,,,,,,,,,,,,,,0,,,bchadwic,,,,,,,,,,,,,,0,0,,0%,0,0,,,,,,,,,,SSWUMS-2334,,SSWUMS-2332,,,,,,,,,,,,,,,,,,,,,,,,,,,,,,,,,SSWHW,,,,,,,,,,,,ghx-label-14,,4.h. Leak Detect Drawing - Rev 3,To Do,,,,,,,Sprint,,,,,,,,No comments by current user.,,,,,2.0,,SSWUMS-563,,,,,,,,,,,,,,"1|i03q43:5i056yc",,,,,,,,,,,,,,,,Medium,,,,,,,,,,,,,,,,,,,,,0%,23/Jul/27 12:00 AM,01/Apr/27 12:00 AM,,,,,,,,,,,0.0,0.0,0.0,,,0.0,0.0,1.0,1.0,8.0,8.0,0.0,,,,,,,,
4.h. SCONE Drawing - Rev 3,SSWUMS-2332,107583,Epic,To Do,SSWUMS,SSWUMS,software,mkuperst,"Welcome to the SSWUMS Team space, led by Meridith K (Product Owner). This space includes D440 and D454 resources, as well as Sprint and Kanban work.
",,Medium,,,bchadwic,bchadwic,11/Aug/26 8:07 AM,08/Sep/26 9:14 AM,18/Sep/26 3:31 PM,,,PI22,PI23,,,PDMS,,,,,,,,,,,,,,,,,,,,,,0,Need to asses SP values. Talk to Gani about,,bchadwic,,,,,,,,,,,,,,0,0,,0%,0,0,,,,,,,,,,SSWUMS-2333,,,,,,,,,,,,,,,,,,,,,,,,,,,,,,,,,,,SSWHW,,,,,,,,,,,,ghx-label-14,,4.h. SCONE Drawing - Rev 3,To Do,,,,,,,Sprint,,,,,,,,No comments by current user.,,,,,2.0,,SSWUMS-563,,,,,,,,,,,,,,"1|i03q43:5i056y",,,,,,,,,,,,,,,,Medium,,,,,,,,,,,,,,,,,,,,,0%,23/Jul/27 12:00 AM,01/Apr/27 12:00 AM,,,,,,,,,,,0.0,0.0,0.0,,,0.0,0.0,1.0,1.0,8.0,8.0,0.0,,,,,,,,
4.h. EOSR Installation Drawing Rev B,SSWUMS-2331,107577,Epic,To Do,SSWUMS,SSWUMS,software,mkuperst,"Welcome to the SSWUMS Team space, led by Meridith K (Product Owner). This space includes D440 and D454 resources, as well as Sprint and Kanban work.
",,Medium,,bchadwic,bchadwic,bchadwic,11/Aug/26 7:58 AM,08/Sep/26 4:06 PM,18/Sep/26 3:31 PM,,,PI20,,,,EOSR,,,,,,,,,,,,,,,,,,,,,,0,All work associated with the review and approval of Rev B of the EOSR Installation Drawing.,,bchadwic,,,,,,,,,,,,,,0,0,,0%,0,0,,,,,,,,,,,,,,,,,,,,,,,,,,,,,,,,,,,,,,,,,,,,,,,,,,,,,,,,,ghx-label-13,,4.h. EOSR Installation Drawing Rev B,To Do,,,,,,,Sprint,,,,,,,,No comments by current user.,,,,,2.0,,SSWUMS-563,,,,,,,,,,,,,,"1|i03q43:5i056vno",,,,,,,,,,,,,,,,Medium,,,,,,,,,,,,,,,,,,,,,,,,,,,,,,,,,,0.0,0.0,0.0,,,0.0,0.0,0.2,0.2,1.6,1.6,0.0,,,,,,,,
4.f. PDMS System Test Plan Rev (-),SSWUMS-2330,107576,Epic,To Do,SSWUMS,SSWUMS,software,mkuperst,"Welcome to the SSWUMS Team space, led by Meridith K (Product Owner). This space includes D440 and D454 resources, as well as Sprint and Kanban work.
",,Medium,,,bchadwic,bchadwic,11/Aug/26 7:54 AM,21/Aug/26 10:47 AM,18/Sep/26 3:31 PM,,,PI21,PI22,,,UMS System Test Plan,,,,,,,,,,,,,,,,,,,,,,0,Epic for all work associated with the review and transmittal of the initial revision of the PDMS System Test Plan,,bchadwic,,,,,,,,,,,,,,,0,,,,0,,,,,,,,,,,,,,,,,,,,,,,,,,,,,,,,,,,,,,,,,,,,,SSWTEST,,,,,,,,,,,,ghx-label-1,,4.f. PDMS System Test Plan Rev (-),To Do,,,,,,,Sprint,,,,,,,,No comments by current user.,,,,,10.0,,SSWUMS-940,,,,,,,,,,,,,,"1|i03q43:5i056s",,,,,,,,,,,,,,,,Medium,,,,,,,,,,,,,,,,,,,,,0%,23/Apr/27 12:00 AM,01/Feb/27 12:00 AM,,,,,,,,,,,,0.0,0.0,,0.0,,,0.0,,0.0,0.0,0.0,,,,,,,,
4.i. PDMS Cable & Connector Procurement Spec Rev F,SSWUMS-2329,107575,Epic,To Do,SSWUMS,SSWUMS,software,mkuperst,"Welcome to the SSWUMS Team space, led by Meridith K (Product Owner). This space includes D440 and D454 resources, as well as Sprint and Kanban work.
",,Medium,,,bchadwic,bchadwic,11/Aug/26 7:51 AM,12/Aug/26 12:10 PM,18/Sep/26 3:31 PM,,,,,,,Procurment Specs,,,,,,,,,,,,,,,,,,,,,,0,Epic for all work associated with review and transmittal of Rev F of the PDMS Cable & Connector Procurement Specification,,bchadwic,,,,,,,,,,,,,,0,0,,0%,0,0,,,,,,,,,,,,,,,,,,,,,,,,,,,,,,,,,,,,,,,,,,,,,,,,,,,,,,,,,ghx-label-13,,4.i. PDMS Cable & Connector Procurement Spec Rev F,To Do,,,,,,,Sprint,,,,,,,,No comments by current user.,,,,,2.0,,SSWUMS-568,,,,,,,,,,,,,,"1|i03q43:5i05g",,,,,,,,,,,,,,,,Medium,,,,,,,,,,,,,,,,,,,,,,,,,,,,,,,,,,0.0,0.0,0.0,,,0.0,0.0,1.1,1.1,8.8,8.8,0.0,,,,,,,,
PLACEHOLDER - Tactical S-CCA Test Report Reviews,SSWUMS-2328,107509,Task,To Do,SSWUMS,SSWUMS,software,mkuperst,"Welcome to the SSWUMS Team space, led by Meridith K (Product Owner). This space includes D440 and D454 resources, as well as Sprint and Kanban work.
",,Medium,,cwhite10,cwhite10,cwhite10,10/Aug/26 10:13 AM,15/Sep/26 1:35 PM,18/Sep/26 3:31 PM,,,PI28,PI29,,,GDMS CCA Development,,,,,,,,,,,,,,,,,,,,,,0,,,cwhite10,,,,,,,,,,,,,,432000,432000,,0%,432000,432000,,,,,,,,,,,,,,,,,,,,,,,,,,,,,,,,,,,,,,,,,,,,,,,,,,,,,cwhite10,,,,,SSWUMS-2322,,,To Do,,,,,,Sprint,,,,,,,,No comments by current user.,,,,,,,,,,,,,,,,,,,,,"1|i0adqw:",,,,,,,,,,,,,,,,Medium,,,,,,,"PI29 ""Sprint""",,,,,,,,,,15.0,,,,,,,,,,,,,,,,,,0.0,0.0,,0.0,,,0.0,,,,,,,,,,,,
PLACEHOLDER - Tactical SS-CCA Test Report Reviews,SSWUMS-2327,107508,Task,To Do,SSWUMS,SSWUMS,software,mkuperst,"Welcome to the SSWUMS Team space, led by Meridith K (Product Owner). This space includes D440 and D454 resources, as well as Sprint and Kanban work.
",,Medium,,cwhite10,cwhite10,cwhite10,10/Aug/26 10:12 AM,15/Sep/26 1:35 PM,18/Sep/26 3:31 PM,,,PI28,PI29,,,GDMS CCA Development,,,,,,,,,,,,,,,,,,,,,,0,,,cwhite10,,,,,,,,,,,,,,432000,432000,,0%,432000,432000,,,,,,,,,,,,,,,,,,,,,,,,,,,,,,,,,,,,,,,,,,,,,,,,,,,,,cwhite10,,,,,SSWUMS-2321,,,To Do,,,,,,Sprint,,,,,,,,No comments by current user.,,,,,,,,,,,,,,,,,,,,,"1|i0adqo:",,,,,,,,,,,,,,,,Medium,,,,,,,"PI29 ""Sprint""",,,,,,,,,,15.0,,,,,,,,,,,,,,,,,,0.0,0.0,,0.0,,,0.0,,,,,,,,,,,,
PLACEHOLDER - Tactical CLS-CCA Test Report Reviews,SSWUMS-2326,107507,Task,To Do,SSWUMS,SSWUMS,software,mkuperst,"Welcome to the SSWUMS Team space, led by Meridith K (Product Owner). This space includes D440 and D454 resources, as well as Sprint and Kanban work.
",,Medium,,cwhite10,cwhite10,cwhite10,10/Aug/26 10:12 AM,15/Sep/26 1:35 PM,18/Sep/26 3:31 PM,,,PI28,PI29,,,GDMS CCA Development,,,,,,,,,,,,,,,,,,,,,,0,,,cwhite10,,,,,,,,,,,,,,432000,432000,,0%,432000,432000,,,,,,,,,,,,,,,,,,,,,,,,,,,,,,,,,,,,,,,,,,,,,,,,,,,,,cwhite10,,,,,SSWUMS-2323,,,To Do,,,,,,Sprint,,,,,,,,No comments by current user.,,,,,,,,,,,,,,,,,,,,,"1|i0adqg:",,,,,,,,,,,,,,,,Medium,,,,,,,"PI29 ""Sprint""",,,,,,,,,,15.0,,,,,,,,,,,,,,,,,,0.0,0.0,,0.0,,,0.0,,,,,,,,,,,,
PLACEHOLDER - Tactical AC-CCA Test Report Reviews,SSWUMS-2325,107506,Task,To Do,SSWUMS,SSWUMS,software,mkuperst,"Welcome to the SSWUMS Team space, led by Meridith K (Product Owner). This space includes D440 and D454 resources, as well as Sprint and Kanban work.
",,Medium,,cwhite10,cwhite10,cwhite10,10/Aug/26 10:11 AM,15/Sep/26 1:35 PM,18/Sep/26 3:31 PM,,,PI28,PI29,,,Build Book,GDMS CCA Development,,,,,,,,,,,,,,,,,,,,,0,,,cwhite10,,,,,,,,,,,,,,432000,432000,,0%,432000,432000,,,,,,,,,,,,,,,,,,,,,,,,,,,,,,,,,,,,,,,,,,,,,,,,,,,,,cwhite10,,,,,SSWUMS-2324,,,To Do,,,,,,Sprint,,,,,,,,No comments by current user.,,,,,,,,,,,,,,,,,,,,,"1|i0adq8:",,,,,,,,,,,,,,,,Medium,,,,,,,"PI29 ""Sprint""",,,,,,,,,,15.0,,,,,,,,,,,,,,,,,,0.0,0.0,,0.0,,,0.0,,,,,,,,,,,,
4.i. AC-CCA Tactical Build Book,SSWUMS-2324,107505,Epic,To Do,SSWUMS,SSWUMS,software,mkuperst,"Welcome to the SSWUMS Team space, led by Meridith K (Product Owner). This space includes D440 and D454 resources, as well as Sprint and Kanban work.
",,Medium,,,cwhite10,cwhite10,10/Aug/26 10:07 AM,21/Aug/26 12:08 PM,18/Sep/26 3:31 PM,,,,,,,Build Book,GDMS CCA Development,,,,,,,,,,,,,,,,,,,,,0,,,cwhite10,,,,,,,,,,,,,,0,0,,0%,0,0,,,,,,,,,,,,,,,,,,,,,,,,,,,,,,,,,,,,,,,,,,,,,SSWTEST,,,,,,,,,,,,ghx-label-13,,4.i. AC-CCA Tactical Build Book,To Do,,,,,,,Sprint,,,,,,,,No comments by current user.,,,,,,,SSWUMS-2320,,,,,,,,,,,,,,"1|i03q43:5i05m",,,,,,,,,,,,,,,,Medium,,,,,,,,,,,,,,,,,,,,,,,,,,,,,,,,,,0.0,0.0,0.0,,,0.0,0.0,15.0,15.0,120.0,120.0,0.0,,,,,,,,
4.i. CLS-CCA Tactical Build Book,SSWUMS-2323,107504,Epic,To Do,SSWUMS,SSWUMS,software,mkuperst,"Welcome to the SSWUMS Team space, led by Meridith K (Product Owner). This space includes D440 and D454 resources, as well as Sprint and Kanban work.
",,Medium,,,cwhite10,cwhite10,10/Aug/26 10:07 AM,21/Aug/26 12:10 PM,18/Sep/26 3:31 PM,,,,,,,Build Book,GDMS CCA Development,,,,,,,,,,,,,,,,,,,,,0,,,cwhite10,,,,,,,,,,,,,,0,0,,0%,0,0,,,,,,,,,,,,,,,,,,,,,,,,,,,,,,,,,,,,,,,,,,,,,SSWTEST,,,,,,,,,,,,ghx-label-13,,4.i. CLS-CCA Tactical Build Book,To Do,,,,,,,Sprint,,,,,,,,No comments by current user.,,,,,,,SSWUMS-2320,,,,,,,,,,,,,,"1|i03q43:5i05oi",,,,,,,,,,,,,,,,Medium,,,,,,,,,,,,,,,,,,,,,,,,,,,,,,,,,,0.0,0.0,0.0,,,0.0,0.0,15.0,15.0,120.0,120.0,0.0,,,,,,,,
4.i. S-CCA Tactical Build Book,SSWUMS-2322,107503,Epic,To Do,SSWUMS,SSWUMS,software,mkuperst,"Welcome to the SSWUMS Team space, led by Meridith K (Product Owner). This space includes D440 and D454 resources, as well as Sprint and Kanban work.
",,Medium,,,cwhite10,cwhite10,10/Aug/26 10:07 AM,21/Aug/26 12:08 PM,18/Sep/26 3:31 PM,,,,,,,Build Book,GDMS CCA Development,,,,,,,,,,,,,,,,,,,,,0,,,cwhite10,,,,,,,,,,,,,,0,0,,0%,0,0,,,,,,,,,,,,,,,,,,,,,,,,,,,,,,,,,,,,,,,,,,,,,SSWTEST,,,,,,,,,,,,ghx-label-13,,4.i. S-CCA Tactical Build Book,To Do,,,,,,,Sprint,,,,,,,,No comments by current user.,,,,,,,SSWUMS-2320,,,,,,,,,,,,,,"1|i03q43:5i05pi",,,,,,,,,,,,,,,,Medium,,,,,,,,,,,,,,,,,,,,,,,,,,,,,,,,,,0.0,0.0,0.0,,,0.0,0.0,15.0,15.0,120.0,120.0,0.0,,,,,,,,
4.i. SS-CCA Tactical Build Book,SSWUMS-2321,107502,Epic,To Do,SSWUMS,SSWUMS,software,mkuperst,"Welcome to the SSWUMS Team space, led by Meridith K (Product Owner). This space includes D440 and D454 resources, as well as Sprint and Kanban work.
",,Medium,,,cwhite10,cwhite10,10/Aug/26 10:07 AM,21/Aug/26 12:10 PM,18/Sep/26 3:31 PM,,,,,,,Build Book,GDMS CCA Development,,,,,,,,,,,,,,,,,,,,,0,,,cwhite10,,,,,,,,,,,,,,0,0,,0%,0,0,,,,,,,,,,,,,,,,,,,,,,,,,,,,,,,,,,,,,,,,,,,,,SSWTEST,,,,,,,,,,,,ghx-label-13,,4.i. SS-CCA Tactical Build Book,To Do,,,,,,,Sprint,,,,,,,,No comments by current user.,,,,,,,SSWUMS-2320,,,,,,,,,,,,,,"1|i03q43:5i05qi",,,,,,,,,,,,,,,,Medium,,,,,,,,,,,,,,,,,,,,,,,,,,,,,,,,,,0.0,0.0,0.0,,,0.0,0.0,15.0,15.0,120.0,120.0,0.0,,,,,,,,
4.i. Build Books,SSWUMS-2320,107501,Initiative,To Do,SSWUMS,SSWUMS,software,mkuperst,"Welcome to the SSWUMS Team space, led by Meridith K (Product Owner). This space includes D440 and D454 resources, as well as Sprint and Kanban work.
",,Medium,,,cwhite10,cwhite10,10/Aug/26 10:07 AM,12/Aug/26 12:53 PM,18/Sep/26 3:31 PM,,,,,,,Build Book,GDMS CCA Development,,,,,,,,,,,,,,,,,,,,,0,,,cwhite10,,,,,,,,,,,,,,,0,,,,0,,,,,,,,,,,,,,,,,,,,,,,,,,,,,,,,,,,,,,,,,,,,,,,,,,,,,,,,,,,,,,,,,,,Sprint,,,,,,,,No comments by current user.,,,,,,,,,,,,,,,,,,,,,"1|i03q43:5i05j",,,,,,,,,,,,,,,,Medium,,,,,,,,,,,,,,,,,,,,,,,,,,,,,,,,,,0.0,0.0,0.0,,60.0,0.0,0.0,60.0,60.0,480.0,480.0,0.0,,,,,,,,
PLACEHOLDER - GDMS IMS Review/Sync - PI30,SSWUMS-2319,107422,Task,To Do,SSWUMS,SSWUMS,software,mkuperst,"Welcome to the SSWUMS Team space, led by Meridith K (Product Owner). This space includes D440 and D454 resources, as well as Sprint and Kanban work.
",,Medium,,mkuperst,cwhite10,cwhite10,07/Aug/26 4:57 PM,11/Aug/26 4:01 PM,18/Sep/26 3:31 PM,,,PI30,,,,GDMS IMS,,,,,,,,,,,,,,,,,,,,,,0,,,cwhite10,,,,,,,,,,,,,,43200,43200,,0%,43200,43200,,,,,,,,,,,,,,,,,,,,,,,,,,,,,,,,,,,,,,,,,,,,,,,,,,,,,mkuperst,,,,,SSWUMS-2170,,,To Do,,,,,,Sprint,,,,,,,,No comments by current user.,,,,,,,,,,,,,,,,,,,,,"1|i0addc:",,,,,,,,,,,,,,,,Medium,,,,,,,"PI30 ""Sprint""",,,,,,,,,,1.5,,,,,,,,,,,,,,,,,,0.0,0.0,,0.0,,,0.0,,,,,,,,,,,,
PLACEHOLDER - GDMS IMS Review/Sync - PI29,SSWUMS-2318,107421,Task,To Do,SSWUMS,SSWUMS,software,mkuperst,"Welcome to the SSWUMS Team space, led by Meridith K (Product Owner). This space includes D440 and D454 resources, as well as Sprint and Kanban work.
",,Medium,,mkuperst,cwhite10,cwhite10,07/Aug/26 4:56 PM,07/Aug/26 4:56 PM,18/Sep/26 3:31 PM,,,PI29,,,,GDMS IMS,,,,,,,,,,,,,,,,,,,,,,0,,,cwhite10,,,,,,,,,,,,,,43200,43200,,0%,43200,43200,,,,,,,,,,,,,,,,,,,,,,,,,,,,,,,,,,,,,,,,,,,,,,,,,,,,,mkuperst,,,,,SSWUMS-2169,,,To Do,,,,,,Sprint,,,,,,,,No comments by current user.,,,,,,,,,,,,,,,,,,,,,"1|i0add4:",,,,,,,,,,,,,,,,Medium,,,,,,,"PI29 ""Sprint""",,,,,,,,,,1.5,,,,,,,,,,,,,,,,,,0.0,0.0,,0.0,,,0.0,,,,,,,,,,,,
PLACEHOLDER - GDMS IMS Review/Sync - PI28,SSWUMS-2317,107420,Task,To Do,SSWUMS,SSWUMS,software,mkuperst,"Welcome to the SSWUMS Team space, led by Meridith K (Product Owner). This space includes D440 and D454 resources, as well as Sprint and Kanban work.
",,Medium,,mkuperst,cwhite10,cwhite10,07/Aug/26 4:56 PM,07/Aug/26 4:56 PM,18/Sep/26 3:31 PM,,,PI28,,,,GDMS IMS,,,,,,,,,,,,,,,,,,,,,,0,,,cwhite10,,,,,,,,,,,,,,43200,43200,,0%,43200,43200,,,,,,,,,,,,,,,,,,,,,,,,,,,,,,,,,,,,,,,,,,,,,,,,,,,,,mkuperst,,,,,SSWUMS-2168,,,To Do,,,,,,Sprint,,,,,,,,No comments by current user.,,,,,,,,,,,,,,,,,,,,,"1|i0adcw:",,,,,,,,,,,,,,,,Medium,,,,,,,"PI28 ""Sprint""",,,,,,,,,,1.5,,,,,,,,,,,,,,,,,,0.0,0.0,,0.0,,,0.0,,,,,,,,,,,,
PLACEHOLDER - GDMS IMS Review/Sync - PI27,SSWUMS-2316,107419,Task,To Do,SSWUMS,SSWUMS,software,mkuperst,"Welcome to the SSWUMS Team space, led by Meridith K (Product Owner). This space includes D440 and D454 resources, as well as Sprint and Kanban work.
",,Medium,,mkuperst,cwhite10,cwhite10,07/Aug/26 4:56 PM,07/Aug/26 4:56 PM,18/Sep/26 3:31 PM,,,PI27,,,,GDMS IMS,,,,,,,,,,,,,,,,,,,,,,0,,,cwhite10,,,,,,,,,,,,,,43200,43200,,0%,43200,43200,,,,,,,,,,,,,,,,,,,,,,,,,,,,,,,,,,,,,,,,,,,,,,,,,,,,,mkuperst,,,,,SSWUMS-2167,,,To Do,,,,,,Sprint,,,,,,,,No comments by current user.,,,,,,,,,,,,,,,,,,,,,"1|i0adco:",,,,,,,,,,,,,,,,Medium,,,,,,,"PI27 ""Sprint""",,,,,,,,,,1.5,,,,,,,,,,,,,,,,,,0.0,0.0,,0.0,,,0.0,,,,,,,,,,,,
PLACEHOLDER - GDMS IMS Review/Sync - PI26,SSWUMS-2315,107418,Task,To Do,SSWUMS,SSWUMS,software,mkuperst,"Welcome to the SSWUMS Team space, led by Meridith K (Product Owner). This space includes D440 and D454 resources, as well as Sprint and Kanban work.
",,Medium,,mkuperst,cwhite10,cwhite10,07/Aug/26 4:55 PM,07/Aug/26 4:55 PM,18/Sep/26 3:31 PM,,,PI26,,,,GDMS IMS,,,,,,,,,,,,,,,,,,,,,,0,,,cwhite10,,,,,,,,,,,,,,43200,43200,,0%,43200,43200,,,,,,,,,,,,,,,,,,,,,,,,,,,,,,,,,,,,,,,,,,,,,,,,,,,,,mkuperst,,,,,SSWUMS-2166,,,To Do,,,,,,Sprint,,,,,,,,No comments by current user.,,,,,,,,,,,,,,,,,,,,,"1|i0adcg:",,,,,,,,,,,,,,,,Medium,,,,,,,"PI26 ""Sprint""",,,,,,,,,,1.5,,,,,,,,,,,,,,,,,,0.0,0.0,,0.0,,,0.0,,,,,,,,,,,,
PLACEHOLDER - GDMS IMS Review/Sync - PI25,SSWUMS-2314,107417,Task,To Do,SSWUMS,SSWUMS,software,mkuperst,"Welcome to the SSWUMS Team space, led by Meridith K (Product Owner). This space includes D440 and D454 resources, as well as Sprint and Kanban work.
",,Medium,,mkuperst,cwhite10,cwhite10,07/Aug/26 4:54 PM,07/Aug/26 4:54 PM,18/Sep/26 3:31 PM,,,PI25,,,,GDMS IMS,,,,,,,,,,,,,,,,,,,,,,0,,,cwhite10,,,,,,,,,,,,,,43200,43200,,0%,43200,43200,,,,,,,,,,,,,,,,,,,,,,,,,,,,,,,,,,,,,,,,,,,,,,,,,,,,,mkuperst,,,,,SSWUMS-2165,,,To Do,,,,,,Sprint,,,,,,,,No comments by current user.,,,,,,,,,,,,,,,,,,,,,"1|i0adc8:",,,,,,,,,,,,,,,,Medium,,,,,,,"PI25 ""Sprint""",,,,,,,,,,1.5,,,,,,,,,,,,,,,,,,0.0,0.0,,0.0,,,0.0,,,,,,,,,,,,
PLACEHOLDER - GDMS IMS Review/Sync - PI24,SSWUMS-2313,107416,Task,To Do,SSWUMS,SSWUMS,software,mkuperst,"Welcome to the SSWUMS Team space, led by Meridith K (Product Owner). This space includes D440 and D454 resources, as well as Sprint and Kanban work.
",,Medium,,mkuperst,cwhite10,cwhite10,07/Aug/26 4:54 PM,07/Aug/26 4:54 PM,18/Sep/26 3:31 PM,,,PI24,,,,GDMS IMS,,,,,,,,,,,,,,,,,,,,,,0,,,cwhite10,,,,,,,,,,,,,,43200,43200,,0%,43200,43200,,,,,,,,,,,,,,,,,,,,,,,,,,,,,,,,,,,,,,,,,,,,,,,,,,,,,mkuperst,,,,,SSWUMS-2164,,,To Do,,,,,,Sprint,,,,,,,,No comments by current user.,,,,,,,,,,,,,,,,,,,,,"1|i0adc0:",,,,,,,,,,,,,,,,Medium,,,,,,,PI24 9/22/2027 - 12/23/2027,,,,,,,,,,1.5,,,,,,,,,,,,,,,,,,0.0,0.0,,0.0,,,0.0,,,,,,,,,,,,
PLACEHOLDER - GDMS IMS Review/Sync - PI23,SSWUMS-2312,107415,Task,To Do,SSWUMS,SSWUMS,software,mkuperst,"Welcome to the SSWUMS Team space, led by Meridith K (Product Owner). This space includes D440 and D454 resources, as well as Sprint and Kanban work.
",,Medium,,mkuperst,cwhite10,cwhite10,07/Aug/26 4:53 PM,07/Aug/26 4:53 PM,18/Sep/26 3:31 PM,,,PI23,,,,GDMS IMS,,,,,,,,,,,,,,,,,,,,,,0,,,cwhite10,,,,,,,,,,,,,,43200,43200,,0%,43200,43200,,,,,,,,,,,,,,,,,,,,,,,,,,,,,,,,,,,,,,,,,,,,,,,,,,,,,mkuperst,,,,,SSWUMS-984,,,To Do,,,,,,Sprint,,,,,,,,No comments by current user.,,,,,,,,,,,,,,,,,,,,,"1|i0adbs:",,,,,,,,,,,,,,,,Medium,,,,,,,PI23 6/30/2027 - 9/22/2027,,,,,,,,,,1.5,,,,,,,,,,,,,,,,,,0.0,0.0,,0.0,,,0.0,,,,,,,,,,,,
PLACEHOLDER - GDMS IMS Review/Sync - PI22,SSWUMS-2311,107414,Task,To Do,SSWUMS,SSWUMS,software,mkuperst,"Welcome to the SSWUMS Team space, led by Meridith K (Product Owner). This space includes D440 and D454 resources, as well as Sprint and Kanban work.
",,Medium,,mkuperst,cwhite10,cwhite10,07/Aug/26 4:49 PM,07/Aug/26 4:50 PM,18/Sep/26 3:31 PM,,,PI22,,,,GDMS IMS,,,,,,,,,,,,,,,,,,,,,,0,,,cwhite10,,,,,,,,,,,,,,43200,43200,,0%,43200,43200,,,,,,,,,,,,,,,,,,,,,,,,,,,,,,,,,,,,,,,,,,,,,,,,,,,,,mkuperst,,,,,SSWUMS-983,,,To Do,,,,,,Sprint,,,,,,,,No comments by current user.,,,,,,,,,,,,,,,,,,,,,"1|i0adbk:",,,,,,,,,,,,,,,,Medium,,,,,,,PI22 3/24/2027 - 6/30/2027,,,,,,,,,,1.5,,,,,,,,,,,,,,,,,,0.0,0.0,,0.0,,,0.0,,,,,,,,,,,,
PLACEHOLDER - GDMS IMS Review/Sync - PI21,SSWUMS-2310,107413,Task,To Do,SSWUMS,SSWUMS,software,mkuperst,"Welcome to the SSWUMS Team space, led by Meridith K (Product Owner). This space includes D440 and D454 resources, as well as Sprint and Kanban work.
",,Medium,,mkuperst,cwhite10,cwhite10,07/Aug/26 4:49 PM,07/Aug/26 4:50 PM,18/Sep/26 3:31 PM,,,PI21,,,,GDMS IMS,,,,,,,,,,,,,,,,,,,,,,0,,,cwhite10,,,,,,,,,,,,,,43200,43200,,0%,43200,43200,,,,,,,,,,,,,,,,,,,,,,,,,,,,,,,,,,,,,,,,,,,,,,,,,,,,,mkuperst,,,,,SSWUMS-982,,,To Do,,,,,,Sprint,,,,,,,,No comments by current user.,,,,,,,,,,,,,,,,,,,,,"1|i0adbc:",,,,,,,,,,,,,,,,Medium,,,,,,,PI21 1/4/2027 - 3/24/2027,,,,,,,,,,1.5,,,,,,,,,,,,,,,,,,0.0,0.0,,0.0,,,0.0,,,,,,,,,,,,
PLACEHOLDER - Monthly Metric Slide Development - PI23,SSWUMS-2309,107412,Task,To Do,SSWUMS,SSWUMS,software,mkuperst,"Welcome to the SSWUMS Team space, led by Meridith K (Product Owner). This space includes D440 and D454 resources, as well as Sprint and Kanban work.
",,Medium,,mkuperst,cwhite10,cwhite10,07/Aug/26 4:47 PM,07/Aug/26 4:47 PM,18/Sep/26 3:31 PM,,,PI23,,,,UMS Monthly Metrics,,,,,,,,,,,,,,,,,,,,,,0,,,cwhite10,,,,,,,,,,,,,,43200,43200,,0%,43200,43200,,,,,,,,,,,,,,,,,,,,,,,,,,,,,,,,,,,,,,,,,,,,,,,,,,,,,mkuperst,,,,,SSWUMS-984,,,To Do,,,,,,Sprint,,,,,,,,No comments by current user.,,,,,,,,,,,,,,,,,,,,,"1|i0adb4:",,,,,,,,,,,,,,,,Medium,,,,,,,PI23 6/30/2027 - 9/22/2027,,,,,,,,,,1.5,,,,,,,,,,,,,,,,,,0.0,0.0,,0.0,,,0.0,,,,,,,,,,,,
PLACEHOLDER - Monthly Metric Slide Development - PI22,SSWUMS-2308,107411,Task,To Do,SSWUMS,SSWUMS,software,mkuperst,"Welcome to the SSWUMS Team space, led by Meridith K (Product Owner). This space includes D440 and D454 resources, as well as Sprint and Kanban work.
",,Medium,,mkuperst,cwhite10,cwhite10,07/Aug/26 4:47 PM,07/Aug/26 4:47 PM,18/Sep/26 3:31 PM,,,PI22,,,,UMS Monthly Metrics,,,,,,,,,,,,,,,,,,,,,,0,,,cwhite10,,,,,,,,,,,,,,43200,43200,,0%,43200,43200,,,,,,,,,,,,,,,,,,,,,,,,,,,,,,,,,,,,,,,,,,,,,,,,,,,,,mkuperst,,,,,SSWUMS-983,,,To Do,,,,,,Sprint,,,,,,,,No comments by current user.,,,,,,,,,,,,,,,,,,,,,"1|i0adaw:",,,,,,,,,,,,,,,,Medium,,,,,,,PI22 3/24/2027 - 6/30/2027,,,,,,,,,,1.5,,,,,,,,,,,,,,,,,,0.0,0.0,,0.0,,,0.0,,,,,,,,,,,,
PLACEHOLDER - Monthly Metric Slide Development - PI21,SSWUMS-2307,107410,Task,To Do,SSWUMS,SSWUMS,software,mkuperst,"Welcome to the SSWUMS Team space, led by Meridith K (Product Owner). This space includes D440 and D454 resources, as well as Sprint and Kanban work.
",,Medium,,mkuperst,cwhite10,cwhite10,07/Aug/26 4:46 PM,07/Aug/26 4:46 PM,18/Sep/26 3:31 PM,,,PI21,,,,UMS Monthly Metrics,,,,,,,,,,,,,,,,,,,,,,0,,,cwhite10,,,,,,,,,,,,,,43200,43200,,0%,43200,43200,,,,,,,,,,,,,,,,,,,,,,,,,,,,,,,,,,,,,,,,,,,,,,,,,,,,,mkuperst,,,,,SSWUMS-982,,,To Do,,,,,,Sprint,,,,,,,,No comments by current user.,,,,,,,,,,,,,,,,,,,,,"1|i0adao:",,,,,,,,,,,,,,,,Medium,,,,,,,PI21 1/4/2027 - 3/24/2027,,,,,,,,,,1.5,,,,,,,,,,,,,,,,,,0.0,0.0,,0.0,,,0.0,,,,,,,,,,,,
PLACEHOLDER - SOW Rev D Review,SSWUMS-2306,107409,Task,To Do,SSWUMS,SSWUMS,software,mkuperst,"Welcome to the SSWUMS Team space, led by Meridith K (Product Owner). This space includes D440 and D454 resources, as well as Sprint and Kanban work.
",,Medium,,mkuperst,cwhite10,cwhite10,07/Aug/26 4:29 PM,07/Aug/26 4:29 PM,18/Sep/26 3:31 PM,,,,,,,GDMS SOW,,,,,,,,,,,,,,,,,,,,,,0,,,cwhite10,,,,,,,,,,,,,,28800,28800,,0%,28800,28800,,,,,,,,,,,,,,,,,,,,,,,,,,,,,,,,,,,,,,,,,,,,,,,,,,,,,mkuperst,,,,,SSWUMS-2305,,,To Do,,,,,,Sprint,,,,,,,,No comments by current user.,,,,,,,,,,,,,,,,,,,,,"1|i0adag:",,,,,,,,,,,,,,,,Medium,,,,,,,,,,,,,,,,,1.0,,,,,,,,,,,,,,,,,,0.0,0.0,,0.0,,,0.0,,,,,,,,,,,,
4.a. SOW Rev D,SSWUMS-2305,107408,Epic,To Do,SSWUMS,SSWUMS,software,mkuperst,"Welcome to the SSWUMS Team space, led by Meridith K (Product Owner). This space includes D440 and D454 resources, as well as Sprint and Kanban work.
",,Medium,,,cwhite10,cwhite10,07/Aug/26 4:27 PM,17/Aug/26 10:37 AM,18/Sep/26 3:31 PM,,,,,,,GDMS SOW,,,,,,,,,,,,,,,,,,,,,,0,,,cwhite10,,,,,,,,,,,,,,0,0,,0%,0,0,,,,,,,,,,,,,,,,,,,,,,,,,,,,,,,,,,,,,,,,,,,,,,,,,,,,,,,,,ghx-label-13,,4.a. SOW Rev D,To Do,,,,,,,Sprint,,,,,,,,No comments by current user.,,,,,,,SSWUMS-2304,,,,,,,,,,,,,,"1|hzwrwz:m",,,,,,,,,,,,,,,,Medium,,,,,,,,,,,,,,,,,,,,,,,,,,,,,,,,,,0.0,0.0,0.0,,,0.0,0.0,1.0,1.0,8.0,8.0,0.0,,,,,,,,
4.a. SOW,SSWUMS-2304,107407,Initiative,To Do,SSWUMS,SSWUMS,software,mkuperst,"Welcome to the SSWUMS Team space, led by Meridith K (Product Owner). This space includes D440 and D454 resources, as well as Sprint and Kanban work.
",,Medium,,,cwhite10,cwhite10,07/Aug/26 4:27 PM,20/Aug/26 1:02 AM,18/Sep/26 3:31 PM,,,,,,,GDMS SOW,,,,,,,,,,,,,,,,,,,,,,0,,,cwhite10,,,,,,,,,,,,,,,0,,,,0,,,,,,,,,,,,,,,,,,,,,,,,,,,,,,,,,,,,,,,,,,,,,,,,,,,,,,,,,,,,,,,,,,,Sprint,,,,,,,,No comments by current user.,,,,,,,,,,,,,,,,,,,,,"1|i03q43:5i04zo",,,,,,,,,,,,,,,,Medium,,,,,,,,,,,,,,,,,,,,,,,,,,,,,,,,,,0.0,0.0,0.0,,,0.0,0.0,2.0,2.0,16.0,16.0,0.0,,,,,,,,
PLACEHOLDER - Tactical CCA SFT TP,SSWUMS-2303,107406,Task,To Do,SSWUMS,SSWUMS,software,mkuperst,"Welcome to the SSWUMS Team space, led by Meridith K (Product Owner). This space includes D440 and D454 resources, as well as Sprint and Kanban work.
",,Medium,,cwhite10,cwhite10,cwhite10,07/Aug/26 4:25 PM,15/Sep/26 1:31 PM,18/Sep/26 3:31 PM,,,,,,,GDMS CCA Development,Test Procedures,,,,,,,,,,,,,,,,,,,,,0,,,cwhite10,,,,,,,,,,,,,,28800,28800,,0%,28800,28800,,,,,,,,,,,,,,,,,,,,,,,,,,,,,,,,,,,,,,,,,,,,,SSWTEST,,,,,,,,cwhite10,,,,,SSWUMS-2241,,,To Do,,,,,,Sprint,,,,,,,,No comments by current user.,,,,,,,,,,,,,,,,,,,,,"1|i0ada8:",,,,,,,,,,,,,,,,Medium,,,,,,,PI22 3/24/2027 - 6/30/2027,,,,,,,,,,1.0,,,,,,,,,,,,,,,,,,0.0,0.0,,0.0,,,0.0,,,,,,,,,,,,
PLACEHOLDER - Tactical CCA TP - SS-CCA IFT,SSWUMS-2302,107405,Task,To Do,SSWUMS,SSWUMS,software,mkuperst,"Welcome to the SSWUMS Team space, led by Meridith K (Product Owner). This space includes D440 and D454 resources, as well as Sprint and Kanban work.
",,Medium,,cwhite10,cwhite10,cwhite10,07/Aug/26 4:23 PM,15/Sep/26 1:31 PM,18/Sep/26 3:31 PM,,,,,,,GDMS CCA Development,Test Procedures,,,,,,,,,,,,,,,,,,,,,0,,,cwhite10,,,,,,,,,,,,,,25920,25920,,0%,25920,25920,,,,,,,,,,,,,,,,,,,,,,,,,,,,,,,,,,,,,,,,,,,,,SSWTEST,,,,,,,,cwhite10,,,,,SSWUMS-2242,,,To Do,,,,,,Sprint,,,,,,,,No comments by current user.,,,,,,,,,,,,,,,,,,,,,"1|i0ada0:",,,,,,,,,,,,,,,,Medium,,,,,,,PI22 3/24/2027 - 6/30/2027,,,,,,,,,,0.9,,,,,,,,,,,,,,,,,,0.0,0.0,,0.0,,,0.0,,,,,,,,,,,,
PLACEHOLDER - Tactical CCA TP - CLS-CCA IFT,SSWUMS-2301,107404,Task,To Do,SSWUMS,SSWUMS,software,mkuperst,"Welcome to the SSWUMS Team space, led by Meridith K (Product Owner). This space includes D440 and D454 resources, as well as Sprint and Kanban work.
",,Medium,,cwhite10,cwhite10,cwhite10,07/Aug/26 4:23 PM,17/Aug/26 10:12 AM,18/Sep/26 3:31 PM,,,PI22,,,,GDMS CCA Development,Test Procedures,,,,,,,,,,,,,,,,,,,,,0,,,cwhite10,,,,,,,,,,,,,,43200,43200,,0%,43200,43200,,,,,,,,,,,,,,,,,,,,,,,,,,,,,,,,,,,,,,,,,,,,,SSWTEST,,,,,,,,cwhite10,,,,,SSWUMS-2243,,,To Do,,,,,,Sprint,,,,,,,,No comments by current user.,,,,,,,,,,,,,,,,,,,,,"1|i0ad9s:",,,,,,,,,,,,,,,,Medium,,,,,,,PI22 3/24/2027 - 6/30/2027,,,,,,,,,,1.5,,,,0%,30/Jun/27 12:00 AM,01/Jun/27 12:00 AM,,,,,,,,,,,,0.0,0.0,,0.0,,,0.0,,,,,,,,,,,,
PLACEHOLDER - Tactical CCA TP - CLS-CCA IFT,SSWUMS-2300,107403,Task,To Do,SSWUMS,SSWUMS,software,mkuperst,"Welcome to the SSWUMS Team space, led by Meridith K (Product Owner). This space includes D440 and D454 resources, as well as Sprint and Kanban work.
",,Medium,,cwhite10,cwhite10,cwhite10,07/Aug/26 4:22 PM,17/Aug/26 10:13 AM,18/Sep/26 3:31 PM,,,PI22,,,,GDMS CCA Development,Test Procedures,,,,,,,,,,,,,,,,,,,,,0,,,cwhite10,,,,,,,,,,,,,,28800,28800,,0%,28800,28800,,,,,,,,,,,,,,,,,,,,,,,,,,,,,,,,,,,,,,,,,,,,,SSWTEST,,,,,,,,cwhite10,,,,,SSWUMS-2244,,,To Do,,,,,,Sprint,,,,,,,,No comments by current user.,,,,,,,,,,,,,,,,,,,,,"1|i0ad9k:",,,,,,,,,,,,,,,,Medium,,,,,,,PI22 3/24/2027 - 6/30/2027,,,,,,,,,,1.0,,,,0%,30/Jun/27 12:00 AM,01/Jun/27 12:00 AM,,,,,,,,,,,,0.0,0.0,,0.0,,,0.0,,,,,,,,,,,,
PLACEHOLDER - Tactical CCA TP - AC-CCA IFT,SSWUMS-2299,107402,Task,To Do,SSWUMS,SSWUMS,software,mkuperst,"Welcome to the SSWUMS Team space, led by Meridith K (Product Owner). This space includes D440 and D454 resources, as well as Sprint and Kanban work.
",,Medium,,cwhite10,cwhite10,cwhite10,07/Aug/26 4:21 PM,15/Sep/26 1:31 PM,18/Sep/26 3:31 PM,,,,,,,GDMS CCA Development,Test Procedures,,,,,,,,,,,,,,,,,,,,,0,,,cwhite10,,,,,,,,,,,,,,34560,34560,,0%,34560,34560,,,,,,,,,,,,,,,,,,,,,,,,,,,,,,,,,,,,,,,,,,,,,SSWTEST,,,,,,,,cwhite10,,,,,SSWUMS-2245,,,To Do,,,,,,Sprint,,,,,,,,No comments by current user.,,,,,,,,,,,,,,,,,,,,,"1|i0ad9c:",,,,,,,,,,,,,,,,Medium,,,,,,,PI22 3/24/2027 - 6/30/2027,,,,,,,,,,1.2,,,,,,,,,,,,,,,,,,0.0,0.0,,0.0,,,0.0,,,,,,,,,,,,
PLACEHOLDER - Tactical CCA Environmental TP - Temp Review,SSWUMS-2298,107401,Task,To Do,SSWUMS,SSWUMS,software,mkuperst,"Welcome to the SSWUMS Team space, led by Meridith K (Product Owner). This space includes D440 and D454 resources, as well as Sprint and Kanban work.
",,Medium,,cwhite10,cwhite10,cwhite10,07/Aug/26 4:21 PM,15/Sep/26 1:31 PM,18/Sep/26 3:31 PM,,,,,,,GDMS CCA Development,Test Procedures,,,,,,,,,,,,,,,,,,,,,0,,,cwhite10,,,,,,,,,,,,,,17280,17280,,0%,17280,17280,,,,,,,,,,,,,,,,,,,,,,,,,,,,,,,,,,,,,,,,,,,,,SSWTEST,,,,,,,,cwhite10,,,,,SSWUMS-2248,,,To Do,,,,,,Sprint,,,,,,,,No comments by current user.,,,,,,,,,,,,,,,,,,,,,"1|i0ad94:",,,,,,,,,,,,,,,,Medium,,,,,,,PI22 3/24/2027 - 6/30/2027,,,,,,,,,,0.6,,,,,,,,,,,,,,,,,,0.0,0.0,,0.0,,,0.0,,,,,,,,,,,,
PLACEHOLDER - Tactical CCA Environmental TP - Shock Review,SSWUMS-2297,107400,Task,To Do,SSWUMS,SSWUMS,software,mkuperst,"Welcome to the SSWUMS Team space, led by Meridith K (Product Owner). This space includes D440 and D454 resources, as well as Sprint and Kanban work.
",,Medium,,cwhite10,cwhite10,cwhite10,07/Aug/26 4:20 PM,15/Sep/26 1:31 PM,18/Sep/26 3:31 PM,,,,,,,GDMS CCA Development,Test Procedures,,,,,,,,,,,,,,,,,,,,,0,,,cwhite10,,,,,,,,,,,,,,17280,17280,,0%,17280,17280,,,,,,,,,,,,,,,,,,,,,,,,,,,,,,,,,,,,,,,,,,,,,SSWTEST,,,,,,,,cwhite10,,,,,SSWUMS-2247,,,To Do,,,,,,Sprint,,,,,,,,No comments by current user.,,,,,,,,,,,,,,,,,,,,,"1|i0ad8w:",,,,,,,,,,,,,,,,Medium,,,,,,,PI22 3/24/2027 - 6/30/2027,,,,,,,,,,0.6,,,,,,,,,,,,,,,,,,0.0,0.0,,0.0,,,0.0,,,,,,,,,,,,
PLACEHOLDER - Tactical CCA Environmental TP - DC Input Review,SSWUMS-2296,107399,Task,To Do,SSWUMS,SSWUMS,software,mkuperst,"Welcome to the SSWUMS Team space, led by Meridith K (Product Owner). This space includes D440 and D454 resources, as well as Sprint and Kanban work.
",,Medium,,cwhite10,cwhite10,cwhite10,07/Aug/26 4:12 PM,15/Sep/26 1:31 PM,18/Sep/26 3:31 PM,,,,,,,GDMS CCA Development,Test Procedures,,,,,,,,,,,,,,,,,,,,,0,,,cwhite10,,,,,,,,,,,,,,14400,14400,,0%,14400,14400,,,,,,,,,,,,,,,,,,,,,,,,,,,,,,,,,,,,,,,,,,,,,SSWTEST,,,,,,,,cwhite10,,,,,SSWUMS-2249,,,To Do,,,,,,Sprint,,,,,,,,No comments by current user.,,,,,,,,,,,,,,,,,,,,,"1|i0ad8o:",,,,,,,,,,,,,,,,Medium,,,,,,,PI22 3/24/2027 - 6/30/2027,,,,,,,,,,0.5,,,,,,,,,,,,,,,,,,0.0,0.0,,0.0,,,0.0,,,,,,,,,,,,
PLACEHOLDER - Tactical CCA Environmental TP - ESD Review,SSWUMS-2295,107398,Task,To Do,SSWUMS,SSWUMS,software,mkuperst,"Welcome to the SSWUMS Team space, led by Meridith K (Product Owner). This space includes D440 and D454 resources, as well as Sprint and Kanban work.
",,Medium,,cwhite10,cwhite10,cwhite10,07/Aug/26 4:11 PM,15/Sep/26 1:31 PM,18/Sep/26 3:31 PM,,,,,,,GDMS CCA Development,Test Procedures,,,,,,,,,,,,,,,,,,,,,0,,,cwhite10,,,,,,,,,,,,,,28800,28800,,0%,28800,28800,,,,,,,,,,,,,,,,,,,,,,,,,,,,,,,,,,,,,,,,,,,,,SSWTEST,,,,,,,,cwhite10,,,,,SSWUMS-2246,,,To Do,,,,,,Sprint,,,,,,,,No comments by current user.,,,,,,,,,,,,,,,,,,,,,"1|i0ad8g:",,,,,,,,,,,,,,,,Medium,,,,,,,PI22 3/24/2027 - 6/30/2027,,,,,,,,,,1.0,,,,,,,,,,,,,,,,,,0.0,0.0,,0.0,,,0.0,,,,,,,,,,,,
PLACEHOLDER - Tactical CCA Environmental TP - Leakage Current Review,SSWUMS-2294,107397,Task,To Do,SSWUMS,SSWUMS,software,mkuperst,"Welcome to the SSWUMS Team space, led by Meridith K (Product Owner). This space includes D440 and D454 resources, as well as Sprint and Kanban work.
",,Medium,,cwhite10,cwhite10,cwhite10,07/Aug/26 4:11 PM,15/Sep/26 1:31 PM,18/Sep/26 3:31 PM,,,,,,,GDMS CCA Development,Test Procedures,,,,,,,,,,,,,,,,,,,,,0,,,cwhite10,,,,,,,,,,,,,,17280,17280,,0%,17280,17280,,,,,,,,,,,,,,,,,,,,,,,,,,,,,,,,,,,,,,,,,,,,,SSWTEST,,,,,,,,cwhite10,,,,,SSWUMS-2250,,,To Do,,,,,,Sprint,,,,,,,,No comments by current user.,,,,,,,,,,,,,,,,,,,,,"1|i0ad88:",,,,,,,,,,,,,,,,Medium,,,,,,,PI22 3/24/2027 - 6/30/2027,,,,,,,,,,0.6,,,,,,,,,,,,,,,,,,0.0,0.0,,0.0,,,0.0,,,,,,,,,,,,
PLACEHOLDER - PDMSA SRDD Rev A Review,SSWUMS-2293,107395,Task,To Do,SSWUMS,SSWUMS,software,mkuperst,"Welcome to the SSWUMS Team space, led by Meridith K (Product Owner). This space includes D440 and D454 resources, as well as Sprint and Kanban work.
",,Medium,,bchadwic,cwhite10,cwhite10,07/Aug/26 3:30 PM,11/Aug/26 4:35 PM,18/Sep/26 3:31 PM,,,,,,,SRDD,,,,,,,,,,,,,,,,,,,,,,0,,,cwhite10,,,,,,,,,,,,,,230400,230400,,0%,230400,230400,,,,,,,,,,,,,,,,,,,,,,,,,,,,,,,,,,,,,,,,,,,,,SSWIF,SSWSW,SSWTEST,,,,,,bchadwic,,,,,SSWUMS-1478,,,To Do,,,,,,Sprint,,,,,,,,No comments by current user.,,,,,,,,,,,,,,,,,,,,,"1|i0ad80:",,,,,,,,,,,,,,,,Medium,,,,,,,,,,,,,,,,,8.0,,,,,,,,,,,,,,,,,,0.0,0.0,,0.0,,,0.0,,,,,,,,,,,,
PLACEHOLDER - C2A SRDD Rev A Review,SSWUMS-2292,107394,Task,To Do,SSWUMS,SSWUMS,software,mkuperst,"Welcome to the SSWUMS Team space, led by Meridith K (Product Owner). This space includes D440 and D454 resources, as well as Sprint and Kanban work.
",,Medium,,cwhite10,cwhite10,cwhite10,07/Aug/26 3:30 PM,11/Aug/26 4:35 PM,18/Sep/26 3:31 PM,,,,,,,SRDD,,,,,,,,,,,,,,,,,,,,,,0,,,cwhite10,,,,,,,,,,,,,,331200,331200,,0%,331200,331200,,,,,,,,,,,,,,,,,,,,,,,,,,,,,,,,,,,,,,,,,,,,,SSWIF,SSWSW,SSWTEST,,,,,,cwhite10,,,,,SSWUMS-1477,,,To Do,,,,,,Sprint,,,,,,,,No comments by current user.,,,,,,,,,,,,,,,,,,,,,"1|i0ad7s:",,,,,,,,,,,,,,,,Medium,,,,,,,,,,,,,,,,,11.5,,,,,,,,,,,,,,,,,,0.0,0.0,,0.0,,,0.0,,,,,,,,,,,,
PLACEHOLDER - MCA SRDD Rev A Review,SSWUMS-2291,107393,Task,To Do,SSWUMS,SSWUMS,software,mkuperst,"Welcome to the SSWUMS Team space, led by Meridith K (Product Owner). This space includes D440 and D454 resources, as well as Sprint and Kanban work.
",,Medium,,cwhite10,cwhite10,cwhite10,07/Aug/26 3:29 PM,11/Aug/26 4:35 PM,18/Sep/26 3:31 PM,,,,,,,SRDD,,,,,,,,,,,,,,,,,,,,,,0,,,cwhite10,,,,,,,,,,,,,,561600,561600,,0%,561600,561600,,,,,,,,,,,,,,,,,,,,,,,,,,,,,,,,,,,,,,,,,,,,,SSWIF,SSWSW,SSWTEST,,,,,,cwhite10,,,,,SSWUMS-2208,,,To Do,,,,,,Sprint,,,,,,,,No comments by current user.,,,,,,,,,,,,,,,,,,,,,"1|i0ad7k:",,,,,,,,,,,,,,,,Medium,,,,,,,,,,,,,,,,,19.5,,,,,,,,,,,,,,,,,,0.0,0.0,,0.0,,,0.0,,,,,,,,,,,,
PLACEHOLDER - EIA SRDD Rev A Review,SSWUMS-2290,107392,Task,To Do,SSWUMS,SSWUMS,software,mkuperst,"Welcome to the SSWUMS Team space, led by Meridith K (Product Owner). This space includes D440 and D454 resources, as well as Sprint and Kanban work.
",,Medium,,cwhite10,cwhite10,cwhite10,07/Aug/26 3:28 PM,11/Aug/26 4:35 PM,18/Sep/26 3:31 PM,,,,,,,SRDD,,,,,,,,,,,,,,,,,,,,,,0,,,cwhite10,,,,,,,,,,,,,,129600,129600,,0%,129600,129600,,,,,,,,,,,,,,,,,,,,,,,,,,,,,,,,,,,,,,,,,,,,,SSWIF,SSWSW,SSWTEST,,,,,,cwhite10,,,,,SSWUMS-2211,,,To Do,,,,,,Sprint,,,,,,,,No comments by current user.,,,,,,,,,,,,,,,,,,,,,"1|i0ad7c:",,,,,,,,,,,,,,,,Medium,,,,,,,,,,,,,,,,,4.5,,,,,,,,,,,,,,,,,,0.0,0.0,,0.0,,,0.0,,,,,,,,,,,,
PLACEHOLDER - HSMA SRDD Rev A Review,SSWUMS-2289,107391,Task,To Do,SSWUMS,SSWUMS,software,mkuperst,"Welcome to the SSWUMS Team space, led by Meridith K (Product Owner). This space includes D440 and D454 resources, as well as Sprint and Kanban work.
",,Medium,,cwhite10,cwhite10,cwhite10,07/Aug/26 3:28 PM,11/Aug/26 4:35 PM,18/Sep/26 3:31 PM,,,,,,,SRDD,,,,,,,,,,,,,,,,,,,,,,0,,,cwhite10,,,,,,,,,,,,,,259200,259200,,0%,259200,259200,,,,,,,,,,,,,,,,,,,,,,,,,,,,,,,,,,,,,,,,,,,,,SSWIF,SSWSW,SSWTEST,,,,,,cwhite10,,,,,SSWUMS-2210,,,To Do,,,,,,Sprint,,,,,,,,No comments by current user.,,,,,,,,,,,,,,,,,,,,,"1|i0ad74:",,,,,,,,,,,,,,,,Medium,,,,,,,,,,,,,,,,,9.0,,,,,,,,,,,,,,,,,,0.0,0.0,,0.0,,,0.0,,,,,,,,,,,,
PLACEHOLDER - UIA SRDD Rev A Review,SSWUMS-2288,107390,Task,To Do,SSWUMS,SSWUMS,software,mkuperst,"Welcome to the SSWUMS Team space, led by Meridith K (Product Owner). This space includes D440 and D454 resources, as well as Sprint and Kanban work.
",,Medium,,cwhite10,cwhite10,cwhite10,07/Aug/26 3:27 PM,11/Aug/26 4:35 PM,18/Sep/26 3:31 PM,,,,,,,SRDD,,,,,,,,,,,,,,,,,,,,,,0,,,cwhite10,,,,,,,,,,,,,,190080,190080,,0%,190080,190080,,,,,,,,,,,,,,,,,,,,,,,,,,,,,,,,,,,,,,,,,,,,,SSWIF,SSWSW,SSWTEST,,,,,,cwhite10,,,,,SSWUMS-2212,,,To Do,,,,,,Sprint,,,,,,,,No comments by current user.,,,,,,,,,,,,,,,,,,,,,"1|i0ad6w:",,,,,,,,,,,,,,,,Medium,,,,,,,,,,,,,,,,,6.6,,,,,,,,,,,,,,,,,,0.0,0.0,,0.0,,,0.0,,,,,,,,,,,,
PLACEHOLDER - SSA SRDD Rev A Review,SSWUMS-2287,107389,Task,To Do,SSWUMS,SSWUMS,software,mkuperst,"Welcome to the SSWUMS Team space, led by Meridith K (Product Owner). This space includes D440 and D454 resources, as well as Sprint and Kanban work.
",,Medium,,cwhite10,cwhite10,cwhite10,07/Aug/26 3:26 PM,11/Aug/26 4:35 PM,18/Sep/26 3:31 PM,,,,,,,SRDD,,,,,,,,,,,,,,,,,,,,,,0,,,cwhite10,,,,,,,,,,,,,,72000,72000,,0%,72000,72000,,,,,,,,,,,,,,,,,,,,,,,,,,,,,,,,,,,,,,,,,,,,,SSWIF,SSWSW,SSWTEST,,,,,,cwhite10,,,,,SSWUMS-2209,,,To Do,,,,,,Sprint,,,,,,,,No comments by current user.,,,,,,,,,,,,,,,,,,,,,"1|i0ad6o:",,,,,,,,,,,,,,,,Medium,,,,,,,,,,,,,,,,,2.5,,,,,,,,,,,,,,,,,,0.0,0.0,,0.0,,,0.0,,,,,,,,,,,,
PLACEHOLDER - PDMS HRS Rev 4 Review,SSWUMS-2286,107388,Task,To Do,SSWUMS,SSWUMS,software,mkuperst,"Welcome to the SSWUMS Team space, led by Meridith K (Product Owner). This space includes D440 and D454 resources, as well as Sprint and Kanban work.
",,Medium,,bchadwic,cwhite10,cwhite10,07/Aug/26 3:24 PM,11/Aug/26 4:41 PM,18/Sep/26 3:31 PM,,,,,,,HRS,,,,,,,,,,,,,,,,,,,,,,0,,,cwhite10,,,,,,,,,,,,,,28800,28800,,0%,28800,28800,,,,,,,,,,,,,,,,,,,,,,,,,,,,,,,,,,,,,,,,,,,,,SSWHW,SSWTEST,,,,,,,bchadwic,,,,,SSWUMS-2220,,,To Do,,,,,,Sprint,,,,,,,,No comments by current user.,,,,,,,,,,,,,,,,,,,,,"1|i0ad6g:",,,,,,,,,,,,,,,,Medium,,,,,,,,,,,,,,,,,1.0,,,,,,,,,,,,,,,,,,0.0,0.0,,0.0,,,0.0,,,,,,,,,,,,
PLACEHOLDER - CCA HRS Rev A Review,SSWUMS-2285,107387,Task,To Do,SSWUMS,SSWUMS,software,mkuperst,"Welcome to the SSWUMS Team space, led by Meridith K (Product Owner). This space includes D440 and D454 resources, as well as Sprint and Kanban work.
",,Medium,,cwhite10,cwhite10,cwhite10,07/Aug/26 3:22 PM,15/Sep/26 1:16 PM,18/Sep/26 3:31 PM,,,PI20,,,,HRS,,,,,,,,,,,,,,,,,,,,,,0,,,cwhite10,,,,,,,,,,,,,,60480,60480,,0%,60480,60480,,,,,,,,,,,,,,,,,,,,,,,,,,,,,,,,,,,,,,,,,,,,,,,,,,,,,cwhite10,,,,,SSWUMS-2221,,,To Do,,,,,,Sprint,,,,,,,,No comments by current user.,,,,,,,,,,,,,,,,,,,,,"1|i0ad68:",,,,,,,,,,,,,,,,Medium,,,,,,,PI20 9/23/2026 - 1/3/2027,,,,,,,,,,2.1,,,,0%,09/Dec/27 12:00 AM,12/Nov/26 12:00 AM,,,,,,,,,,,,0.0,0.0,,0.0,,,0.0,,,,,,,,,,,,
PLACEHOLDER - PDMS B-Spec RVTM Rev B Reviews,SSWUMS-2284,107386,Task,To Do,SSWUMS,SSWUMS,software,mkuperst,"Welcome to the SSWUMS Team space, led by Meridith K (Product Owner). This space includes D440 and D454 resources, as well as Sprint and Kanban work.
",,Medium,,bchadwic,cwhite10,cwhite10,07/Aug/26 3:20 PM,11/Aug/26 4:39 PM,18/Sep/26 3:31 PM,,,,,,,B-Spec,,,,,,,,,,,,,,,,,,,,,,0,,,cwhite10,,,,,,,,,,,,,,28800,28800,,0%,28800,28800,,,,,,,,,,,,,,,,,,,,,,,,,,,,,,,,,,,,,,,,,,,,,SSWHW,SSWIF,SSWTEST,,,,,,bchadwic,,,,,SSWUMS-2197,,,To Do,,,,,,Sprint,,,,,,,,No comments by current user.,,,,,,,,,,,,,,,,,,,,,"1|i0ad60:",,,,,,,,,,,,,,,,Medium,,,,,,,,,,,,,,,,,1.0,,,,,,,,,,,,,,,,,,0.0,0.0,,0.0,,,0.0,,,,,,,,,,,,
PLACEHOLDER - PDMS B-Spec Rev C Review,SSWUMS-2283,107385,Task,To Do,SSWUMS,SSWUMS,software,mkuperst,"Welcome to the SSWUMS Team space, led by Meridith K (Product Owner). This space includes D440 and D454 resources, as well as Sprint and Kanban work.
",,Medium,,bchadwic,cwhite10,cwhite10,07/Aug/26 3:19 PM,11/Aug/26 4:40 PM,18/Sep/26 3:31 PM,,,,,,,B-Spec,,,,,,,,,,,,,,,,,,,,,,0,,,cwhite10,,,,,,,,,,,,,,57600,57600,,0%,57600,57600,,,,,,,,,,,,,,,,,,,,,,,,,,,,,,,,,,,,,,,,,,,,,SSWHW,SSWIF,SSWTEST,,,,,,bchadwic,,,,,SSWUMS-2197,,,To Do,,,,,,Sprint,,,,,,,,No comments by current user.,,,,,,,,,,,,,,,,,,,,,"1|i0ad5s:",,,,,,,,,,,,,,,,Medium,,,,,,,,,,,,,,,,,2.0,,,,,,,,,,,,,,,,,,0.0,0.0,,0.0,,,0.0,,,,,,,,,,,,
PLACEHOLDER - PDMS B-Spec Rev C PTR Reviews,SSWUMS-2282,107384,Task,To Do,SSWUMS,SSWUMS,software,mkuperst,"Welcome to the SSWUMS Team space, led by Meridith K (Product Owner). This space includes D440 and D454 resources, as well as Sprint and Kanban work.
",,Medium,,bchadwic,cwhite10,cwhite10,07/Aug/26 3:19 PM,11/Aug/26 4:40 PM,18/Sep/26 3:31 PM,,,,,,,B-Spec,,,,,,,,,,,,,,,,,,,,,,0,,,cwhite10,,,,,,,,,,,,,,288000,288000,,0%,288000,288000,,,,,,,,,,,,,,,,,,,,,,,,,,,,,,,,,,,,,,,,,,,,,SSWHW,SSWIF,SSWTEST,,,,,,bchadwic,,,,,SSWUMS-2197,,,To Do,,,,,,Sprint,,,,,,,,No comments by current user.,,,,,,,,,,,,,,,,,,,,,"1|i0ad5k:",,,,,,,,,,,,,,,,Medium,,,,,,,,,,,,,,,,,10.0,,,,,,,,,,,,,,,,,,0.0,0.0,,0.0,,,0.0,,,,,,,,,,,,
PLACEHOLDER - C2S B-Spec Rev D PTR Reviews,SSWUMS-2281,107383,Task,To Do,SSWUMS,SSWUMS,software,mkuperst,"Welcome to the SSWUMS Team space, led by Meridith K (Product Owner). This space includes D440 and D454 resources, as well as Sprint and Kanban work.
",,Medium,,cwhite10,cwhite10,cwhite10,07/Aug/26 3:17 PM,11/Aug/26 4:39 PM,18/Sep/26 3:31 PM,,,,,,,B-Spec,,,,,,,,,,,,,,,,,,,,,,0,,,cwhite10,,,,,,,,,,,,,,288000,288000,,0%,288000,288000,,,,,,,,,,,,,,,,,,,,,,,,,,,,,,,,,,,,,,,,,,,,,SSWHW,SSWIF,SSWSW,SSWTEST,,,,,cwhite10,,,,,SSWUMS-2198,,,To Do,,,,,,Sprint,,,,,,,,No comments by current user.,,,,,,,,,,,,,,,,,,,,,"1|hzwrx0:",,,,,,,,,,,,,,,,Medium,,,,,,,,,,,,,,,,,10.0,,,,,,,,,,,,,,,,,,0.0,0.0,,0.0,,,0.0,,,,,,,,,,,,
PLACEHOLDER - PDMS B-Spec RVTM Rev A Review,SSWUMS-2280,107382,Task,To Do,SSWUMS,SSWUMS,software,mkuperst,"Welcome to the SSWUMS Team space, led by Meridith K (Product Owner). This space includes D440 and D454 resources, as well as Sprint and Kanban work.
",,Medium,,bchadwic,cwhite10,cwhite10,07/Aug/26 3:13 PM,17/Aug/26 10:54 AM,18/Sep/26 3:31 PM,,,PI20,PI21,,,B-Spec,,,,,,,,,,,,,,,,,,,,,,0,,,cwhite10,,,,,,,,,,,,,,28800,28800,,0%,28800,28800,,,,,,,,,,,,,,,,,,,,,,,,,,,,,,,,,,,,,,,,,,,,,SSWHW,SSWIF,SSWTEST,,,,,,bchadwic,,,,,SSWUMS-964,,,In Progress,,,,,,Sprint,,,,,,,,No comments by current user.,,,,,,,,,,,,,,,,,,,,,"1|i0ad5c:",,,,,,,,,,,,,,,,Medium,,,,,,,,,,,,,,,,,1.0,,,,,,,,,,,,,,,,,,0.0,0.0,,0.0,,,0.0,,,,,,,,,,,,
PLACEHOLDER - PDMS B-Spec Rev B Review,SSWUMS-2279,107381,Task,To Do,SSWUMS,SSWUMS,software,mkuperst,"Welcome to the SSWUMS Team space, led by Meridith K (Product Owner). This space includes D440 and D454 resources, as well as Sprint and Kanban work.
",,Medium,,bchadwic,cwhite10,cwhite10,07/Aug/26 3:12 PM,17/Aug/26 10:54 AM,18/Sep/26 3:31 PM,,,PI20,PI21,,,B-Spec,,,,,,,,,,,,,,,,,,,,,,0,,,cwhite10,,,,,,,,,,,,,,57600,57600,,0%,57600,57600,,,,,,,,,,,,,,,,,,,,,,,,,,,,,,,,,,,,,,,,,,,,,SSWHW,SSWIF,SSWTEST,,,,,,bchadwic,,,,,SSWUMS-964,,,In Progress,,,,,,Sprint,,,,,,,,No comments by current user.,,,,,,,,,,,,,,,,,,,,,"1|i0ad54:",,,,,,,,,,,,,,,,Medium,,,,,,,,,,,,,,,,,2.0,,,,,,,,,,,,,,,,,,0.0,0.0,,0.0,,,0.0,,,,,,,,,,,,
PLACEHOLDER - C2S B-Spec RVTM Rev C Review,SSWUMS-2278,107380,Task,To Do,SSWUMS,SSWUMS,software,mkuperst,"Welcome to the SSWUMS Team space, led by Meridith K (Product Owner). This space includes D440 and D454 resources, as well as Sprint and Kanban work.
",,Medium,,cwhite10,cwhite10,cwhite10,07/Aug/26 3:01 PM,11/Aug/26 4:40 PM,18/Sep/26 3:31 PM,,,,,,,B-Spec,,,,,,,,,,,,,,,,,,,,,,0,,,cwhite10,,,,,,,,,,,,,,43200,43200,,0%,43200,43200,,,,,,,,,,,,,,,,,,,,,,,,,,,,,,,,,,,,,,,,,,,,,SSWHW,SSWIF,SSWSW,SSWTEST,,,,,cwhite10,,,,,SSWUMS-2198,,,To Do,,,,,,Sprint,,,,,,,,No comments by current user.,,,,,,,,,,,,,,,,,,,,,"1|i0ad4w:",,,,,,,,,,,,,,,,Medium,,,,,,,,,,,,,,,,,1.5,,,,,,,,,,,,,,,,,,0.0,0.0,,0.0,,,0.0,,,,,,,,,,,,
PLACEHOLDER - C2S B-Spec Rev D Review,SSWUMS-2277,107379,Task,To Do,SSWUMS,SSWUMS,software,mkuperst,"Welcome to the SSWUMS Team space, led by Meridith K (Product Owner). This space includes D440 and D454 resources, as well as Sprint and Kanban work.
",,Medium,,cwhite10,cwhite10,cwhite10,07/Aug/26 3:00 PM,11/Aug/26 4:40 PM,18/Sep/26 3:31 PM,,,,,,,B-Spec,,,,,,,,,,,,,,,,,,,,,,0,,,cwhite10,,,,,,,,,,,,,,57600,57600,,0%,57600,57600,,,,,,,,,,,,,,,,,,,,,,,,,,,,,,,,,,,,,,,,,,,,,SSWHW,SSWIF,SSWSW,SSWTEST,,,,,cwhite10,,,,,SSWUMS-2198,,,To Do,,,,,,Sprint,,,,,,,,No comments by current user.,,,,,,,,,,,,,,,,,,,,,"1|i0ad4o:",,,,,,,,,,,,,,,,Medium,,,,,,,,,,,,,,,,,2.0,,,,,,,,,,,,,,,,,,0.0,0.0,,0.0,,,0.0,,,,,,,,,,,,
PLACEHOLDER - MTEP Rev C Review,SSWUMS-2276,107378,Task,To Do,SSWUMS,SSWUMS,software,mkuperst,"Welcome to the SSWUMS Team space, led by Meridith K (Product Owner). This space includes D440 and D454 resources, as well as Sprint and Kanban work.
",,Medium,,mkuperst,cwhite10,cwhite10,07/Aug/26 2:56 PM,07/Aug/26 4:28 PM,18/Sep/26 3:31 PM,,,,,,,GDMS MTEP,,,,,,,,,,,,,,,,,,,,,,0,,,cwhite10,,,,,,,,,,,,,,28800,28800,,0%,28800,28800,,,,,,,,,,,,,,,,,,,,,,,,,,,,,,,,,,,,,,,,,,,,,,,,,,,,,mkuperst,,,,,SSWUMS-2222,,,To Do,,,,,,Sprint,,,,,,,,No comments by current user.,,,,,,,,,,,,,,,,,,,,,"1|i0ad4g:",,,,,,,,,,,,,,,,Medium,,,,,,,,,,,,,,,,,1.0,,,,,,,,,,,,,,,,,,0.0,0.0,,0.0,,,0.0,,,,,,,,,,,,
PLACEHOLDER - PDMS HRS TP Rev (-) Review,SSWUMS-2275,107377,Task,To Do,SSWUMS,SSWUMS,software,mkuperst,"Welcome to the SSWUMS Team space, led by Meridith K (Product Owner). This space includes D440 and D454 resources, as well as Sprint and Kanban work.
",,Medium,,bchadwic,cwhite10,cwhite10,07/Aug/26 2:51 PM,17/Aug/26 11:28 AM,18/Sep/26 3:31 PM,,,,,,,HRS,,,,,,,,,,,,,,,,,,,,,,0,,,cwhite10,,,,,,,,,,,,,,28800,28800,,0%,28800,28800,,,,,,,,,,,,,,,,,,,,,,,,,,,,,,,,,,,,,,,,,,,,,SSWHW,SSWIF,SSWTEST,,,,,,bchadwic,,,,,SSWUMS-2274,,,To Do,,,,,,Sprint,,,,,,,,No comments by current user.,,,,,,,,,,,,,,,,,,,,,"1|i0ad48:",,,,,,,,,,,,,,,,Medium,,,,,,,,,,,,,,,,,1.0,,,,,,,,,,,,,,,,,,0.0,0.0,,0.0,,,0.0,,,,,,,,,,,,
4.f. PDMS HRS Test Plan Rev (-),SSWUMS-2274,107376,Epic,To Do,SSWUMS,SSWUMS,software,mkuperst,"Welcome to the SSWUMS Team space, led by Meridith K (Product Owner). This space includes D440 and D454 resources, as well as Sprint and Kanban work.
",,Medium,,,cwhite10,cwhite10,07/Aug/26 2:49 PM,21/Aug/26 10:43 AM,18/Sep/26 3:31 PM,,,,,,,HRS,UMS System Test Plan,,,,,,,,,,,,,,,,,,,,,0,,,cwhite10,,,,,,,,,,,,,,0,0,,0%,0,0,,,,,,,,,,,,,,,,,,,,,,,,,,,,,,,,,,,,,,,,,,,,,SSWHW,SSWIF,SSWTEST,,,,,,,,,,ghx-label-13,,4.f. PDMS HRS Test Plan Rev (-),To Do,,,,,,,Sprint,,,,,,,,No comments by current user.,,,,,,,SSWUMS-2272,,,,,,,,,,,,,,"1|i03q43:5i056qr",,,,,,,,,,,,,,,,Medium,,,,,,,,,,,,,,,,,,,,,,,,,,,,,,,,,,0.0,0.0,0.0,,,0.0,0.0,1.0,1.0,8.0,8.0,0.0,,,,,,,,
4.f. CCA HRS Test Plan Rev (-),SSWUMS-2273,107375,Epic,In Progress,SSWUMS,SSWUMS,software,mkuperst,"Welcome to the SSWUMS Team space, led by Meridith K (Product Owner). This space includes D440 and D454 resources, as well as Sprint and Kanban work.
",,Medium,,cwhite10,cwhite10,cwhite10,07/Aug/26 2:49 PM,15/Sep/26 11:47 AM,18/Sep/26 3:31 PM,,,PI20,,,,GDMS CCA Development,HRS,UMS System Test Plan,,,,,,,,,,,,,,,,,,,,0,,,cwhite10,,,,,,,,,,,,,,0,0,,0%,0,0,,,,,,,,,,,,,,,,,,,,,,,,,,,,,,,,,,,,,,,,,,,,,SSWHW,SSWIF,SSWTEST,,,,,,,,,,ghx-label-13,,4.f. CCA HRS Test Plan Rev (-),In Progress,,,,,,,Sprint,,,,,,,,No comments by current user.,,,,,,,SSWUMS-2272,,,,,,,,,,,,,,"1|i03q43:5i056pi",,,,,,,,,,,,,,,,Medium,,,,,,,,,,,,,,,,,,,,,0%,11/Dec/26 12:00 AM,08/Oct/26 12:00 AM,,,,,,,,,,,6.25,0.2,0.0,,,6.3,3.9,3.2,3.0,25.6,24.6,1.0,,,,,,,,
4.f. UMS HRS Test Plans,SSWUMS-2272,107374,Initiative,To Do,SSWUMS,SSWUMS,software,mkuperst,"Welcome to the SSWUMS Team space, led by Meridith K (Product Owner). This space includes D440 and D454 resources, as well as Sprint and Kanban work.
",,Medium,,,cwhite10,cwhite10,07/Aug/26 2:49 PM,19/Aug/26 8:45 AM,18/Sep/26 3:31 PM,,,,,,,HRS,UMS System Test Plan,,,,,,,,,,,,,,,,,,,,,0,,,cwhite10,,,,,,,,,,,,,,,0,,,,0,,,,,,,,,,,,,,,,,,,,,,,,,,,,,,,,,,,,,,,,,,,,,,,,,,,,,,,,,,,,,,,,,,,Sprint,,,,,,,,No comments by current user.,,,,,,,,,,,,,,,,,,,,,"1|i03q43:5i056a",,,,,,,,,,,,,,,,Medium,,,,,,,,,,,,,,,,,,,,,,,,,,,,,,,,,,4.76,0.2,0.0,,,4.8,3.0,4.2,4.0,33.6,32.6,1.0,,,,,,,,
PLACEHOLDER - SSA SRDD STP REV (A) Review,SSWUMS-2271,107373,Task,To Do,SSWUMS,SSWUMS,software,mkuperst,"Welcome to the SSWUMS Team space, led by Meridith K (Product Owner). This space includes D440 and D454 resources, as well as Sprint and Kanban work.
",,Medium,,cwhite10,cwhite10,cwhite10,07/Aug/26 2:18 PM,07/Aug/26 2:18 PM,18/Sep/26 3:31 PM,,,,,,,STP,,,,,,,,,,,,,,,,,,,,,,0,,,cwhite10,,,,,,,,,,,,,,28800,28800,,0%,28800,28800,,,,,,,,,,,,,,,,,,,,,,,,,,,,,,,,,,,,,,,,,,,,,SSWIF,SSWSW,SSWTEST,,,,,,cwhite10,,,,,SSWUMS-2257,,,To Do,,,,,,Sprint,,,,,,,,No comments by current user.,,,,,,,,,,,,,,,,,,,,,"1|i0ad40:",,,,,,,,,,,,,,,,Medium,,,,,,,,,,,,,,,,,1.0,,,,,,,,,,,,,,,,,,0.0,0.0,,0.0,,,0.0,,,,,,,,,,,,
PLACEHOLDER - UIA SRDD STP REV (A) Review,SSWUMS-2270,107372,Task,To Do,SSWUMS,SSWUMS,software,mkuperst,"Welcome to the SSWUMS Team space, led by Meridith K (Product Owner). This space includes D440 and D454 resources, as well as Sprint and Kanban work.
",,Medium,,cwhite10,cwhite10,cwhite10,07/Aug/26 2:17 PM,11/Aug/26 11:25 AM,18/Sep/26 3:31 PM,,,,,,,SRDD-UIA,STP,,,,,,,,,,,,,,,,,,,,,0,,,cwhite10,,,,,,,,,,,,,,103680,103680,,0%,103680,103680,,,,,,,,,,,,,,,,,,,,,,,,,,,,,,,,,,,,,,,,,,,,,SSWIF,SSWSW,SSWTEST,,,,,,cwhite10,,,,,SSWUMS-2256,,,To Do,,,,,,Sprint,,,,,,,,No comments by current user.,,,,,,,,,,,,,,,,,,,,,"1|i0ad3s:",,,,,,,,,,,,,,,,Medium,,,,,,,,,,,,,,,,,3.6,,,,,,,,,,,,,,,,,,0.0,0.0,,0.0,,,0.0,,,,,,,,,,,,
PLACEHOLDER - HSMA SRDD STP REV (A) Review,SSWUMS-2269,107371,Task,To Do,SSWUMS,SSWUMS,software,mkuperst,"Welcome to the SSWUMS Team space, led by Meridith K (Product Owner). This space includes D440 and D454 resources, as well as Sprint and Kanban work.
",,Medium,,cwhite10,cwhite10,cwhite10,07/Aug/26 2:16 PM,11/Aug/26 11:25 AM,18/Sep/26 3:31 PM,,,,,,,SRDD-HSMA,STP,,,,,,,,,,,,,,,,,,,,,0,,,cwhite10,,,,,,,,,,,,,,216000,216000,,0%,216000,216000,,,,,,,,,,,,,,,,,,,,,,,,,,,,,,,,,,,,,,,,,,,,,SSWIF,SSWSW,SSWTEST,,,,,,cwhite10,,,,,SSWUMS-2255,,,To Do,,,,,,Sprint,,,,,,,,No comments by current user.,,,,,,,,,,,,,,,,,,,,,"1|i0ad3k:",,,,,,,,,,,,,,,,Medium,,,,,,,,,,,,,,,,,7.5,,,,,,,,,,,,,,,,,,0.0,0.0,,0.0,,,0.0,,,,,,,,,,,,
PLACEHOLDER - EIA SRDD STP REV (A) Review,SSWUMS-2268,107370,Task,To Do,SSWUMS,SSWUMS,software,mkuperst,"Welcome to the SSWUMS Team space, led by Meridith K (Product Owner). This space includes D440 and D454 resources, as well as Sprint and Kanban work.
",,Medium,,cwhite10,cwhite10,cwhite10,07/Aug/26 2:16 PM,11/Aug/26 11:25 AM,18/Sep/26 3:31 PM,,,,,,,SRDD-EIA,STP,,,,,,,,,,,,,,,,,,,,,0,,,cwhite10,,,,,,,,,,,,,,57600,57600,,0%,57600,57600,,,,,,,,,,,,,,,,,,,,,,,,,,,,,,,,,,,,,,,,,,,,,SSWIF,SSWSW,SSWTEST,,,,,,cwhite10,,,,,SSWUMS-2254,,,To Do,,,,,,Sprint,,,,,,,,No comments by current user.,,,,,,,,,,,,,,,,,,,,,"1|i0ad3c:",,,,,,,,,,,,,,,,Medium,,,,,,,,,,,,,,,,,2.0,,,,,,,,,,,,,,,,,,0.0,0.0,,0.0,,,0.0,,,,,,,,,,,,
PLACEHOLDER - MCA SRDD STP REV (A) Review,SSWUMS-2267,107369,Task,To Do,SSWUMS,SSWUMS,software,mkuperst,"Welcome to the SSWUMS Team space, led by Meridith K (Product Owner). This space includes D440 and D454 resources, as well as Sprint and Kanban work.
",,Medium,,cwhite10,cwhite10,cwhite10,07/Aug/26 2:15 PM,13/Aug/26 9:42 AM,18/Sep/26 3:31 PM,,,,,,,SRDD-MCA,STP,,,,,,,,,,,,,,,,,,,,,0,,,cwhite10,,,,,,,,,,,,,,792000,792000,,0%,792000,792000,,,,,,,,,,,,,,,,,,,,,,,,,,,,,,,,,,,,,,,,,,,,,SSWIF,SSWSW,SSWTEST,,,,,,cwhite10,,,,,SSWUMS-2253,,,To Do,,,,,,Sprint,,,,,,,,No comments by current user.,,,,,,,,,,,,,,,,,,,,,"1|i0ad34:",,,,,,,,,,,,,,,,Medium,,,,,,,,,,,,,,,,,27.5,,,,,,,,,,,,,,,,,,0.0,0.0,,0.0,,,0.0,,,,,,,,,,,,
PLACEHOLDER - C2A SRDD STP REV (A) Review,SSWUMS-2266,107368,Task,To Do,SSWUMS,SSWUMS,software,mkuperst,"Welcome to the SSWUMS Team space, led by Meridith K (Product Owner). This space includes D440 and D454 resources, as well as Sprint and Kanban work.
",,Medium,,cwhite10,cwhite10,cwhite10,07/Aug/26 2:15 PM,11/Aug/26 11:25 AM,18/Sep/26 3:31 PM,,,,,,,SRDD-C2A,STP,,,,,,,,,,,,,,,,,,,,,0,,,cwhite10,,,,,,,,,,,,,,576000,576000,,0%,576000,576000,,,,,,,,,,,,,,,,,,,,,,,,,,,,,,,,,,,,,,,,,,,,,SSWIF,SSWSW,SSWTEST,,,,,,cwhite10,,,,,SSWUMS-2252,,,To Do,,,,,,Sprint,,,,,,,,No comments by current user.,,,,,,,,,,,,,,,,,,,,,"1|i0ad2w:",,,,,,,,,,,,,,,,Medium,,,,,,,,,,,,,,,,,20.0,,,,,,,,,,,,,,,,,,0.0,0.0,,0.0,,,0.0,,,,,,,,,,,,
PLACEHOLDER - PDMSA SRDD STP REV (A) Review,SSWUMS-2265,107367,Task,To Do,SSWUMS,SSWUMS,software,mkuperst,"Welcome to the SSWUMS Team space, led by Meridith K (Product Owner). This space includes D440 and D454 resources, as well as Sprint and Kanban work.
",,Medium,,cwhite10,cwhite10,cwhite10,07/Aug/26 2:12 PM,11/Aug/26 4:35 PM,18/Sep/26 3:31 PM,,,,,,,SRDD,STP,,,,,,,,,,,,,,,,,,,,,0,,,cwhite10,,,,,,,,,,,,,,532800,532800,,0%,532800,532800,,,,,,,,,,,,,,,,,,,,,,,,,,,,,,,,,,,,,,,,,,,,,SSWIF,SSWSW,SSWTEST,,,,,,cwhite10,,,,,SSWUMS-2251,,,To Do,,,,,,Sprint,,,,,,,,No comments by current user.,,,,,,,,,,,,,,,,,,,,,"1|i0ad2o:",,,,,,,,,,,,,,,,Medium,,,,,,,,,,,,,,,,,18.5,,,,,,,,,,,,,,,,,,0.0,0.0,,0.0,,,0.0,,,,,,,,,,,,
PLACEHOLDER - PDMSA SRDD STP REV (-) Review,SSWUMS-2264,107366,Task,To Do,SSWUMS,SSWUMS,software,mkuperst,"Welcome to the SSWUMS Team space, led by Meridith K (Product Owner). This space includes D440 and D454 resources, as well as Sprint and Kanban work.
",,Medium,,cwhite10,cwhite10,cwhite10,07/Aug/26 2:11 PM,13/Aug/26 2:00 PM,18/Sep/26 3:31 PM,,,PI23,,,,SRDD,STP,,,,,,,,,,,,,,,,,,,,,0,,,cwhite10,,,,,,,,,,,,,,532800,532800,,0%,532800,532800,,,,,,,,,,,,,,,,,,,,,,,,,,,,,,,,,,,,,,,,,,,,,SSWIF,SSWSW,SSWTEST,,,,,,cwhite10,,,,,SSWUMS-2234,,,To Do,,,,,,Sprint,,,,,,,,No comments by current user.,,,,,,,,,,,,,,,,,,,,,"1|i0ad2g:",,,,,,,,,,,,,,,,Medium,,,,,,,PI23 6/30/2027 - 9/22/2027,,,,,,,,,,18.5,,,,0%,23/Sep/27 12:00 AM,07/Jul/27 12:00 AM,,,,,,,,,,,,0.0,0.0,,0.0,,,0.0,,,,,,,,,,,,
PLACEHOLDER - UIA SRDD STP REV (-) Review,SSWUMS-2263,107365,Task,To Do,SSWUMS,SSWUMS,software,mkuperst,"Welcome to the SSWUMS Team space, led by Meridith K (Product Owner). This space includes D440 and D454 resources, as well as Sprint and Kanban work.
",,Medium,,cwhite10,cwhite10,cwhite10,07/Aug/26 2:09 PM,13/Aug/26 2:08 PM,18/Sep/26 3:31 PM,,,PI21,,,,SRDD-UIA,STP,,,,,,,,,,,,,,,,,,,,,0,,,cwhite10,,,,,,,,,,,,,,103680,103680,,0%,103680,103680,,,,,,,,,,,,,,,,,,,,,,,,,,,,,,,,,,,,,,,,,,,,,SSWIF,SSWSW,SSWTEST,,,,,,cwhite10,,,,,SSWUMS-2239,,,To Do,,,,,,Sprint,,,,,,,,No comments by current user.,,,,,,,,,,,,,,,,,,,,,"1|i0ad28:",,,,,,,,,,,,,,,,Medium,,,,,,,PI21 1/4/2027 - 3/24/2027,,,,,,,,,,3.6,,,,0%,25/Mar/27 12:00 AM,05/Jan/27 12:00 AM,,,,,,,,,,,,0.0,0.0,,0.0,,,0.0,,,,,,,,,,,,
PLACEHOLDER - MCA SRDD STP REV (-) Review,SSWUMS-2262,107364,Task,To Do,SSWUMS,SSWUMS,software,mkuperst,"Welcome to the SSWUMS Team space, led by Meridith K (Product Owner). This space includes D440 and D454 resources, as well as Sprint and Kanban work.
",,Medium,,cwhite10,cwhite10,cwhite10,07/Aug/26 2:08 PM,13/Aug/26 1:58 PM,18/Sep/26 3:31 PM,,,PI22,,,,SRDD-MCA,STP,,,,,,,,,,,,,,,,,,,,,0,,,cwhite10,,,,,,,,,,,,,,792000,792000,,0%,792000,792000,,,,,,,,,,,,,,,,,,,,,,,,,,,,,,,,,,,,,,,,,,,,,SSWIF,SSWSW,SSWTEST,,,,,,cwhite10,,,,,SSWUMS-2236,,,To Do,,,,,,Sprint,,,,,,,,No comments by current user.,,,,,,,,,,,,,,,,,,,,,"1|i0ad20:",,,,,,,,,,,,,,,,Medium,,,,,,,PI22 3/24/2027 - 6/30/2027,,,,,,,,,,27.5,,,,0%,24/Jun/27 12:00 AM,06/Apr/27 12:00 AM,,,,,,,,,,,,0.0,0.0,,0.0,,,0.0,,,,,,,,,,,,
PLACEHOLDER - HSMA SRDD STP REV (-) Review,SSWUMS-2261,107360,Task,To Do,SSWUMS,SSWUMS,software,mkuperst,"Welcome to the SSWUMS Team space, led by Meridith K (Product Owner). This space includes D440 and D454 resources, as well as Sprint and Kanban work.
",,Medium,,cwhite10,cwhite10,cwhite10,07/Aug/26 1:56 PM,13/Aug/26 2:07 PM,18/Sep/26 3:31 PM,,,PI21,,,,SRDD-HSMA,STP,,,,,,,,,,,,,,,,,,,,,0,,,cwhite10,,,,,,,,,,,,,,216000,216000,,0%,216000,216000,,,,,,,,,,,,,,,,,,,,,,,,,,,,,,,,,,,,,,,,,,,,,SSWIF,SSWSW,SSWTEST,,,,,,cwhite10,,,,,SSWUMS-2238,,,To Do,,,,,,Sprint,,,,,,,,No comments by current user.,,,,,,,,,,,,,,,,,,,,,"1|i0ad1c:",,,,,,,,,,,,,,,,Medium,,,,,,,PI21 1/4/2027 - 3/24/2027,,,,,,,,,,7.5,,,,0%,25/Mar/27 12:00 AM,05/Jan/27 12:00 AM,,,,,,,,,,,,0.0,0.0,,0.0,,,0.0,,,,,,,,,,,,
PLACEHOLDER - EIA SRDD STP REV (-) Review,SSWUMS-2260,107359,Task,To Do,SSWUMS,SSWUMS,software,mkuperst,"Welcome to the SSWUMS Team space, led by Meridith K (Product Owner). This space includes D440 and D454 resources, as well as Sprint and Kanban work.
",,Medium,,cwhite10,cwhite10,cwhite10,07/Aug/26 1:55 PM,13/Aug/26 1:59 PM,18/Sep/26 3:31 PM,,,PI21,,,,SRDD-EIA,STP,,,,,,,,,,,,,,,,,,,,,0,,,cwhite10,,,,,,,,,,,,,,57600,57600,,0%,57600,57600,,,,,,,,,,,,,,,,,,,,,,,,,,,,,,,,,,,,,,,,,,,,,SSWIF,SSWSW,SSWTEST,,,,,,cwhite10,,,,,SSWUMS-2237,,,To Do,,,,,,Sprint,,,,,,,,No comments by current user.,,,,,,,,,,,,,,,,,,,,,"1|i0ad14:",,,,,,,,,,,,,,,,Medium,,,,,,,PI21 1/4/2027 - 3/24/2027,,,,,,,,,,2.0,,,,0%,06/Apr/27 12:00 AM,20/Jan/27 12:00 AM,,,,,,,,,,,,0.0,0.0,,0.0,,,0.0,,,,,,,,,,,,
PLACEHOLDER - C2A SRDD STP REV (-) Review,SSWUMS-2259,107358,Task,To Do,SSWUMS,SSWUMS,software,mkuperst,"Welcome to the SSWUMS Team space, led by Meridith K (Product Owner). This space includes D440 and D454 resources, as well as Sprint and Kanban work.
",,Medium,,cwhite10,cwhite10,cwhite10,07/Aug/26 1:53 PM,13/Aug/26 2:01 PM,18/Sep/26 3:31 PM,,,PI23,,,,SRDD-C2A,STP,,,,,,,,,,,,,,,,,,,,,0,,,cwhite10,,,,,,,,,,,,,,576000,576000,,0%,576000,576000,,,,,,,,,,,,,,,,,,,,,,,,,,,,,,,,,,,,,,,,,,,,,SSWIF,SSWSW,SSWTEST,,,,,,cwhite10,,,,,SSWUMS-2235,,,To Do,,,,,,Sprint,,,,,,,,No comments by current user.,,,,,,,,,,,,,,,,,,,,,"1|i0ad0w:",,,,,,,,,,,,,,,,Medium,,,,,,,PI23 6/30/2027 - 9/22/2027,,,,,,,,,,20.0,,,,0%,23/Sep/27 12:00 AM,07/Jul/27 12:00 AM,,,,,,,,,,,,0.0,0.0,,0.0,,,0.0,,,,,,,,,,,,
PLACEHOLDER - SSA SRDD STP REV (-) Review,SSWUMS-2258,107357,Task,To Do,SSWUMS,SSWUMS,software,mkuperst,"Welcome to the SSWUMS Team space, led by Meridith K (Product Owner). This space includes D440 and D454 resources, as well as Sprint and Kanban work.
",,Medium,,cwhite10,cwhite10,cwhite10,07/Aug/26 1:50 PM,13/Aug/26 2:11 PM,18/Sep/26 3:31 PM,,,PI21,,,,SRDD,STP,,,,,,,,,,,,,,,,,,,,,0,,,cwhite10,,,,,,,,,,,,,,28800,28800,,0%,28800,28800,,,,,,,,,,,,,,,,,,,,,,,,,,,,,,,,,,,,,,,,,,,,,SSWIF,SSWSW,SSWTEST,,,,,,cwhite10,,,,,SSWUMS-2240,,,To Do,,,,,,Sprint,,,,,,,,No comments by current user.,,,,,,,,,,,,,,,,,,,,,"1|i0ad0o:",,,,,,,,,,,,,,,,Medium,,,,,,,PI21 1/4/2027 - 3/24/2027,,,,,,,,,,1.0,,,,0%,16/Mar/27 12:00 AM,05/Jan/27 12:00 AM,,,,,,,,,,,,0.0,0.0,,0.0,,,0.0,,,,,,,,,,,,
4.f. SSA SRDD STP Rev (A),SSWUMS-2257,107356,Epic,To Do,SSWUMS,SSWUMS,software,mkuperst,"Welcome to the SSWUMS Team space, led by Meridith K (Product Owner). This space includes D440 and D454 resources, as well as Sprint and Kanban work.
",,Medium,,,cwhite10,cwhite10,07/Aug/26 1:33 PM,21/Aug/26 10:41 AM,18/Sep/26 3:31 PM,,,,,,,SRDD,STP,,,,,,,,,,,,,,,,,,,,,0,,,cwhite10,,,,,,,,,,,,,,0,0,,0%,0,0,,,,,,,,,,,,,,,,,,,,,,,,,,,,,,,,,,,,,,,,,,,,,SSWCYBER,SSWIF,SSWSW,SSWTEST,,,,,,,,,ghx-label-13,,4.f. SSA SRDD STP Rev (A),To Do,,,,,,,Sprint,,,,,,,,No comments by current user.,,,,,,,SSWUMS-2232,,,,,,,,,,,,,,"1|i03q43:5i056bzu",,,,,,,,,,,,,,,,Medium,,,,,,,,,,,,,,,,,,,,,,,,,,,,,,,,,,0.0,0.0,0.0,,,0.0,0.0,1.0,1.0,8.0,8.0,0.0,,,,,,,,
4.f. UIA SRDD STP Rev (A),SSWUMS-2256,107355,Epic,To Do,SSWUMS,SSWUMS,software,mkuperst,"Welcome to the SSWUMS Team space, led by Meridith K (Product Owner). This space includes D440 and D454 resources, as well as Sprint and Kanban work.
",,Medium,,,cwhite10,cwhite10,07/Aug/26 1:33 PM,21/Aug/26 10:41 AM,18/Sep/26 3:31 PM,,,,,,,SRDD,STP,,,,,,,,,,,,,,,,,,,,,0,,,cwhite10,,,,,,,,,,,,,,0,0,,0%,0,0,,,,,,,,,,,,,,,,,,,,,,,,,,,,,,,,,,,,,,,,,,,,,SSWCYBER,SSWIF,SSWSW,SSWTEST,,,,,,,,,ghx-label-13,,4.f. UIA SRDD STP Rev (A),To Do,,,,,,,Sprint,,,,,,,,No comments by current user.,,,,,,,SSWUMS-2232,,,,,,,,,,,,,,"1|i03q43:5i056bzx",,,,,,,,,,,,,,,,Medium,,,,,,,,,,,,,,,,,,,,,,,,,,,,,,,,,,0.0,0.0,0.0,,,0.0,0.0,3.6,3.6,28.8,28.8,0.0,,,,,,,,
4.f. HSMA SRDD STP Rev (A),SSWUMS-2255,107354,Epic,To Do,SSWUMS,SSWUMS,software,mkuperst,"Welcome to the SSWUMS Team space, led by Meridith K (Product Owner). This space includes D440 and D454 resources, as well as Sprint and Kanban work.
",,Medium,,,cwhite10,cwhite10,07/Aug/26 1:33 PM,21/Aug/26 10:41 AM,18/Sep/26 3:31 PM,,,,,,,SRDD,STP,,,,,,,,,,,,,,,,,,,,,0,,,cwhite10,,,,,,,,,,,,,,0,0,,0%,0,0,,,,,,,,,,,,,,,,,,,,,,,,,,,,,,,,,,,,,,,,,,,,,SSWCYBER,SSWIF,SSWSW,SSWTEST,,,,,,,,,ghx-label-13,,4.f. HSMA SRDD STP Rev (A),To Do,,,,,,,Sprint,,,,,,,,No comments by current user.,,,,,,,SSWUMS-2232,,,,,,,,,,,,,,"1|i03q43:5i056bzyi",,,,,,,,,,,,,,,,Medium,,,,,,,,,,,,,,,,,,,,,,,,,,,,,,,,,,0.0,0.0,0.0,,,0.0,0.0,7.5,7.5,60.0,60.0,0.0,,,,,,,,
4.f. EIA SRDD STP Rev (A),SSWUMS-2254,107353,Epic,To Do,SSWUMS,SSWUMS,software,mkuperst,"Welcome to the SSWUMS Team space, led by Meridith K (Product Owner). This space includes D440 and D454 resources, as well as Sprint and Kanban work.
",,Medium,,,cwhite10,cwhite10,07/Aug/26 1:33 PM,21/Aug/26 10:41 AM,18/Sep/26 3:31 PM,,,,,,,SRDD,STP,,,,,,,,,,,,,,,,,,,,,0,,,cwhite10,,,,,,,,,,,,,,0,0,,0%,0,0,,,,,,,,,,,,,,,,,,,,,,,,,,,,,,,,,,,,,,,,,,,,,SSWCYBER,SSWIF,SSWSW,SSWTEST,,,,,,,,,ghx-label-13,,4.f. EIA SRDD STP Rev (A),To Do,,,,,,,Sprint,,,,,,,,No comments by current user.,,,,,,,SSWUMS-2232,,,,,,,,,,,,,,"1|i03q43:5i056bzzc",,,,,,,,,,,,,,,,Medium,,,,,,,,,,,,,,,,,,,,,,,,,,,,,,,,,,0.0,0.0,0.0,,,0.0,0.0,2.0,2.0,16.0,16.0,0.0,,,,,,,,
4.f. MCA SRDD STP Rev (A),SSWUMS-2253,107352,Epic,To Do,SSWUMS,SSWUMS,software,mkuperst,"Welcome to the SSWUMS Team space, led by Meridith K (Product Owner). This space includes D440 and D454 resources, as well as Sprint and Kanban work.
",,Medium,,,cwhite10,cwhite10,07/Aug/26 1:33 PM,21/Aug/26 10:41 AM,18/Sep/26 3:31 PM,,,,,,,SRDD,STP,,,,,,,,,,,,,,,,,,,,,0,,,cwhite10,,,,,,,,,,,,,,0,0,,0%,0,0,,,,,,,,,,,,,,,,,,,,,,,,,,,,,,,,,,,,,,,,,,,,,SSWCYBER,SSWIF,SSWSW,SSWTEST,,,,,,,,,ghx-label-13,,4.f. MCA SRDD STP Rev (A),To Do,,,,,,,Sprint,,,,,,,,No comments by current user.,,,,,,,SSWUMS-2232,,,,,,,,,,,,,,"1|i03q43:5i056bzzo",,,,,,,,,,,,,,,,Medium,,,,,,,,,,,,,,,,,,,,,,,,,,,,,,,,,,0.0,0.0,0.0,,,0.0,0.0,27.5,27.5,220.0,220.0,0.0,,,,,,,,
4.f. C2A SRDD STP Rev (A),SSWUMS-2252,107351,Epic,To Do,SSWUMS,SSWUMS,software,mkuperst,"Welcome to the SSWUMS Team space, led by Meridith K (Product Owner). This space includes D440 and D454 resources, as well as Sprint and Kanban work.
",,Medium,,,cwhite10,cwhite10,07/Aug/26 1:33 PM,21/Aug/26 10:41 AM,18/Sep/26 3:31 PM,,,,,,,SRDD,STP,,,,,,,,,,,,,,,,,,,,,0,,,cwhite10,,,,,,,,,,,,,,0,0,,0%,0,0,,,,,,,,,,,,,,,,,,,,,,,,,,,,,,,,,,,,,,,,,,,,,SSWCYBER,SSWIF,SSWSW,SSWTEST,,,,,,,,,ghx-label-13,,4.f. C2A SRDD STP Rev (A),To Do,,,,,,,Sprint,,,,,,,,No comments by current user.,,,,,,,SSWUMS-2232,,,,,,,,,,,,,,"1|i03q43:5i056bz",,,,,,,,,,,,,,,,Medium,,,,,,,,,,,,,,,,,,,,,,,,,,,,,,,,,,0.0,0.0,0.0,,,0.0,0.0,20.0,20.0,160.0,160.0,0.0,,,,,,,,
4.f. PDMSA SRDD STP Rev (A),SSWUMS-2251,107350,Epic,To Do,SSWUMS,SSWUMS,software,mkuperst,"Welcome to the SSWUMS Team space, led by Meridith K (Product Owner). This space includes D440 and D454 resources, as well as Sprint and Kanban work.
",,Medium,,,cwhite10,cwhite10,07/Aug/26 1:33 PM,21/Aug/26 10:41 AM,18/Sep/26 3:31 PM,,,,,,,SRDD,STP,,,,,,,,,,,,,,,,,,,,,0,,,cwhite10,,,,,,,,,,,,,,0,0,,0%,0,0,,,,,,,,,,,,,,,,,,,,,,,,,,,,,,,,,,,,,,,,,,,,,SSWCYBER,SSWIF,SSWSW,SSWTEST,,,,,,,,,ghx-label-13,,4.f. PDMSA SRDD STP Rev (A),To Do,,,,,,,Sprint,,,,,,,,No comments by current user.,,,,,,,SSWUMS-2232,,,,,,,,,,,,,,"1|i03q43:5i056bzji",,,,,,,,,,,,,,,,Medium,,,,,,,,,,,,,,,,,,,,,,,,,,,,,,,,,,0.0,0.0,0.0,,,0.0,0.0,18.5,18.5,148.0,148.0,0.0,,,,,,,,
4.f. Tactical CCA Environmental TP - Leakage Current,SSWUMS-2250,107349,Epic,To Do,SSWUMS,SSWUMS,software,mkuperst,"Welcome to the SSWUMS Team space, led by Meridith K (Product Owner). This space includes D440 and D454 resources, as well as Sprint and Kanban work.
",,Medium,,,cwhite10,cwhite10,07/Aug/26 1:30 PM,21/Aug/26 10:46 AM,18/Sep/26 3:31 PM,,,,,,,GDMS CCA Development,Test Procedures,,,,,,,,,,,,,,,,,,,,,0,,,cwhite10,,,,,,,,,,,,,,0,0,,0%,0,0,,,,,,,,,,,,,,,,,,,,,,,,,,,,,,,,,,,,,,,,,,,,,SSWTEST,,,,,,,,,,,,ghx-label-13,,4.f. Tactical CCA Environmental TP - Leakage Current,To Do,,,,,,,Sprint,,,,,,,,No comments by current user.,,,,,,,SSWUMS-2233,,,,,,,,,,,,,,"1|i03q43:5i056e",,,,,,,,,,,,,,,,Medium,,,,,,,,,,,,,,,,,,,,,,,,,,,,,,,,,,0.0,0.0,0.0,,,0.0,0.0,0.6,0.6,4.8,4.8,0.0,,,,,,,,
4.f. Tactical CCA Environmental TP - Input Protection,SSWUMS-2249,107348,Epic,To Do,SSWUMS,SSWUMS,software,mkuperst,"Welcome to the SSWUMS Team space, led by Meridith K (Product Owner). This space includes D440 and D454 resources, as well as Sprint and Kanban work.
",,Medium,,,cwhite10,cwhite10,07/Aug/26 1:30 PM,21/Aug/26 10:46 AM,18/Sep/26 3:31 PM,,,,,,,GDMS CCA Development,Test Procedures,,,,,,,,,,,,,,,,,,,,,0,,,cwhite10,,,,,,,,,,,,,,0,0,,0%,0,0,,,,,,,,,,,,,,,,,,,,,,,,,,,,,,,,,,,,,,,,,,,,,SSWTEST,,,,,,,,,,,,ghx-label-13,,4.f. Tactical CCA Environmental TP - Input Protection,To Do,,,,,,,Sprint,,,,,,,,No comments by current user.,,,,,,,SSWUMS-2233,,,,,,,,,,,,,,"1|i03q43:5i056f",,,,,,,,,,,,,,,,Medium,,,,,,,,,,,,,,,,,,,,,,,,,,,,,,,,,,0.0,0.0,0.0,,,0.0,0.0,0.5,0.5,4.0,4.0,0.0,,,,,,,,
4.f. Tactical CCA Environmental TP - Temp,SSWUMS-2248,107347,Epic,To Do,SSWUMS,SSWUMS,software,mkuperst,"Welcome to the SSWUMS Team space, led by Meridith K (Product Owner). This space includes D440 and D454 resources, as well as Sprint and Kanban work.
",,Medium,,,cwhite10,cwhite10,07/Aug/26 1:30 PM,21/Aug/26 10:46 AM,18/Sep/26 3:31 PM,,,,,,,GDMS CCA Development,Test Procedures,,,,,,,,,,,,,,,,,,,,,0,,,cwhite10,,,,,,,,,,,,,,0,0,,0%,0,0,,,,,,,,,,,,,,,,,,,,,,,,,,,,,,,,,,,,,,,,,,,,,SSWTEST,,,,,,,,,,,,ghx-label-13,,4.f. Tactical CCA Environmental TP - Temp,To Do,,,,,,,Sprint,,,,,,,,No comments by current user.,,,,,,,SSWUMS-2233,,,,,,,,,,,,,,"1|i03q43:5i056g",,,,,,,,,,,,,,,,Medium,,,,,,,,,,,,,,,,,,,,,,,,,,,,,,,,,,0.0,0.0,0.0,,,0.0,0.0,0.6,0.6,4.8,4.8,0.0,,,,,,,,
4.f. Tactical CCA Environmental TP - Shock,SSWUMS-2247,107346,Epic,To Do,SSWUMS,SSWUMS,software,mkuperst,"Welcome to the SSWUMS Team space, led by Meridith K (Product Owner). This space includes D440 and D454 resources, as well as Sprint and Kanban work.
",,Medium,,,cwhite10,cwhite10,07/Aug/26 1:30 PM,21/Aug/26 10:46 AM,18/Sep/26 3:31 PM,,,,,,,GDMS CCA Development,Test Procedures,,,,,,,,,,,,,,,,,,,,,0,,,cwhite10,,,,,,,,,,,,,,0,0,,0%,0,0,,,,,,,,,,,,,,,,,,,,,,,,,,,,,,,,,,,,,,,,,,,,,SSWTEST,,,,,,,,,,,,ghx-label-13,,4.f. Tactical CCA Environmental TP - Shock,To Do,,,,,,,Sprint,,,,,,,,No comments by current user.,,,,,,,SSWUMS-2233,,,,,,,,,,,,,,"1|i03q43:5i056h",,,,,,,,,,,,,,,,Medium,,,,,,,,,,,,,,,,,,,,,,,,,,,,,,,,,,0.0,0.0,0.0,,,0.0,0.0,0.6,0.6,4.8,4.8,0.0,,,,,,,,
4.f. Tactical CCA Environmental TP - ESD,SSWUMS-2246,107345,Epic,To Do,SSWUMS,SSWUMS,software,mkuperst,"Welcome to the SSWUMS Team space, led by Meridith K (Product Owner). This space includes D440 and D454 resources, as well as Sprint and Kanban work.
",,Medium,,,cwhite10,cwhite10,07/Aug/26 1:30 PM,21/Aug/26 10:46 AM,18/Sep/26 3:31 PM,,,,,,,GDMS CCA Development,Test Procedures,,,,,,,,,,,,,,,,,,,,,0,,,cwhite10,,,,,,,,,,,,,,0,0,,0%,0,0,,,,,,,,,,,,,,,,,,,,,,,,,,,,,,,,,,,,,,,,,,,,,SSWTEST,,,,,,,,,,,,ghx-label-13,,4.f. Tactical CCA Environmental TP - ESD,To Do,,,,,,,Sprint,,,,,,,,No comments by current user.,,,,,,,SSWUMS-2233,,,,,,,,,,,,,,"1|i03q43:5i056i",,,,,,,,,,,,,,,,Medium,,,,,,,,,,,,,,,,,,,,,,,,,,,,,,,,,,0.0,0.0,0.0,,,0.0,0.0,1.0,1.0,8.0,8.0,0.0,,,,,,,,
4.f. Tactical CCA AC-CCA IFT TP,SSWUMS-2245,107344,Epic,To Do,SSWUMS,SSWUMS,software,mkuperst,"Welcome to the SSWUMS Team space, led by Meridith K (Product Owner). This space includes D440 and D454 resources, as well as Sprint and Kanban work.
",,Medium,,,cwhite10,cwhite10,07/Aug/26 1:30 PM,21/Aug/26 10:46 AM,18/Sep/26 3:31 PM,,,,,,,GDMS CCA Development,Test Procedures,,,,,,,,,,,,,,,,,,,,,0,,,cwhite10,,,,,,,,,,,,,,0,0,,0%,0,0,,,,,,,,,,,,,,,,,,,,,,,,,,,,,,,,,,,,,,,,,,,,,SSWTEST,,,,,,,,,,,,ghx-label-13,,4.f. Tactical CCA AC-CCA IFT TP,To Do,,,,,,,Sprint,,,,,,,,No comments by current user.,,,,,,,SSWUMS-2233,,,,,,,,,,,,,,"1|i03q43:5i056j",,,,,,,,,,,,,,,,Medium,,,,,,,,,,,,,,,,,,,,,,,,,,,,,,,,,,0.0,0.0,0.0,,,0.0,0.0,1.2,1.2,9.6,9.6,0.0,,,,,,,,
4.f. Tactical CCA CLS-CCA IFT TP,SSWUMS-2244,107343,Epic,To Do,SSWUMS,SSWUMS,software,mkuperst,"Welcome to the SSWUMS Team space, led by Meridith K (Product Owner). This space includes D440 and D454 resources, as well as Sprint and Kanban work.
",,Medium,,,cwhite10,cwhite10,07/Aug/26 1:30 PM,21/Aug/26 10:46 AM,18/Sep/26 3:31 PM,,,PI22,,,,GDMS CCA Development,Test Procedures,,,,,,,,,,,,,,,,,,,,,0,,,cwhite10,,,,,,,,,,,,,,0,0,,0%,0,0,,,,,,,,,,,,,,,,,,,,,,,,,,,,,,,,,,,,,,,,,,,,,SSWTEST,,,,,,,,,,,,ghx-label-13,,4.f. Tactical CCA CLS-CCA IFT TP,To Do,,,,,,,Sprint,,,,,,,,No comments by current user.,,,,,,,SSWUMS-2233,,,,,,,,,,,,,,"1|i03q43:5i056k",,,,,,,,,,,,,,,,Medium,,,,,,,,,,,,,,,,,,,,,,,,,,,,,,,,,,0.0,0.0,0.0,,,0.0,0.0,1.0,1.0,8.0,8.0,0.0,,,,,,,,
4.f. Tactical CCA S-CCA IFT TP,SSWUMS-2243,107342,Epic,To Do,SSWUMS,SSWUMS,software,mkuperst,"Welcome to the SSWUMS Team space, led by Meridith K (Product Owner). This space includes D440 and D454 resources, as well as Sprint and Kanban work.
",,Medium,,,cwhite10,cwhite10,07/Aug/26 1:30 PM,21/Aug/26 10:46 AM,18/Sep/26 3:31 PM,,,PI22,,,,GDMS CCA Development,Test Procedures,,,,,,,,,,,,,,,,,,,,,0,,,cwhite10,,,,,,,,,,,,,,0,0,,0%,0,0,,,,,,,,,,,,,,,,,,,,,,,,,,,,,,,,,,,,,,,,,,,,,SSWTEST,,,,,,,,,,,,ghx-label-13,,4.f. Tactical CCA S-CCA IFT TP,To Do,,,,,,,Sprint,,,,,,,,No comments by current user.,,,,,,,SSWUMS-2233,,,,,,,,,,,,,,"1|i03q43:5i056l",,,,,,,,,,,,,,,,Medium,,,,,,,,,,,,,,,,,,,,,,,,,,,,,,,,,,0.0,0.0,0.0,,,0.0,0.0,1.5,1.5,12.0,12.0,0.0,,,,,,,,
4.f. Tactical CCA SS-CCA IFT TP,SSWUMS-2242,107341,Epic,To Do,SSWUMS,SSWUMS,software,mkuperst,"Welcome to the SSWUMS Team space, led by Meridith K (Product Owner). This space includes D440 and D454 resources, as well as Sprint and Kanban work.
",,Medium,,,cwhite10,cwhite10,07/Aug/26 1:30 PM,21/Aug/26 10:46 AM,18/Sep/26 3:31 PM,,,,,,,GDMS CCA Development,Test Procedures,,,,,,,,,,,,,,,,,,,,,0,,,cwhite10,,,,,,,,,,,,,,0,0,,0%,0,0,,,,,,,,,,,,,,,,,,,,,,,,,,,,,,,,,,,,,,,,,,,,,SSWTEST,,,,,,,,,,,,ghx-label-13,,4.f. Tactical CCA SS-CCA IFT TP,To Do,,,,,,,Sprint,,,,,,,,No comments by current user.,,,,,,,SSWUMS-2233,,,,,,,,,,,,,,"1|i03q43:5i056m",,,,,,,,,,,,,,,,Medium,,,,,,,,,,,,,,,,,,,,,,,,,,,,,,,,,,0.0,0.0,0.0,,,0.0,0.0,0.9,0.9,7.2,7.2,0.0,,,,,,,,
4.f. Tactical CCA SFT TP,SSWUMS-2241,107340,Epic,To Do,SSWUMS,SSWUMS,software,mkuperst,"Welcome to the SSWUMS Team space, led by Meridith K (Product Owner). This space includes D440 and D454 resources, as well as Sprint and Kanban work.
",,Medium,,,cwhite10,cwhite10,07/Aug/26 1:30 PM,21/Aug/26 10:46 AM,18/Sep/26 3:31 PM,,,,,,,GDMS CCA Development,Test Procedures,,,,,,,,,,,,,,,,,,,,,0,,,cwhite10,,,,,,,,,,,,,,0,0,,0%,0,0,,,,,,,,,,,,,,,,,,,,,,,,,,,,,,,,,,,,,,,,,,,,,SSWTEST,,,,,,,,,,,,ghx-label-13,,4.f. Tactical CCA SFT TP,To Do,,,,,,,Sprint,,,,,,,,No comments by current user.,,,,,,,SSWUMS-2233,,,,,,,,,,,,,,"1|i03q43:5i056n",,,,,,,,,,,,,,,,Medium,,,,,,,,,,,,,,,,,,,,,,,,,,,,,,,,,,0.0,0.0,0.0,,,0.0,0.0,1.0,1.0,8.0,8.0,0.0,,,,,,,,
4.f. SSA SRDD STP Rev (-),SSWUMS-2240,107339,Epic,To Do,SSWUMS,SSWUMS,software,mkuperst,"Welcome to the SSWUMS Team space, led by Meridith K (Product Owner). This space includes D440 and D454 resources, as well as Sprint and Kanban work.
",,Medium,,,cwhite10,cwhite10,07/Aug/26 1:30 PM,21/Aug/26 10:42 AM,18/Sep/26 3:31 PM,,,PI21,,,,SRDD,STP,,,,,,,,,,,,,,,,,,,,,0,,,cwhite10,,,,,,,,,,,,,,0,0,,0%,0,0,,,,,,,,,,,,,,,,,,,,,,,,,,,,,,,,,,,,,,,,,,,,,SSWIF,SSWSW,SSWTEST,,,,,,,,,,ghx-label-13,,4.f. SSA SRDD STP Rev (-),To Do,,,,,,,Sprint,,,,,,,,No comments by current user.,,,,,,,SSWUMS-2232,,,,,,,,,,,,,,"1|i03q43:5i056bzo",,,,,,,,,,,,,,,,Medium,,,,,,,,,,,,,,,,,,,,,0%,16/Mar/27 12:00 AM,04/Jan/27 12:00 AM,,,,,,,,,,,0.0,0.0,0.0,,,0.0,0.0,1.2,1.2,9.6,9.6,0.0,,,,,,,,
4.f. UIA SRDD STP Rev (-),SSWUMS-2239,107338,Epic,To Do,SSWUMS,SSWUMS,software,mkuperst,"Welcome to the SSWUMS Team space, led by Meridith K (Product Owner). This space includes D440 and D454 resources, as well as Sprint and Kanban work.
",,Medium,,,cwhite10,cwhite10,07/Aug/26 1:30 PM,21/Aug/26 10:42 AM,18/Sep/26 3:31 PM,,,PI21,,,,STP,,,,,,,,,,,,,,,,,,,,,,0,,,cwhite10,,,,,,,,,,,,,,0,0,,0%,0,0,,,,,,,,,,,,,,,,,,,,,,,,,,,,,,,,,,,,,,,,,,,,,SSWIF,SSWSW,SSWTEST,,,,,,,,,,ghx-label-13,,4.f. UIA SRDD STP Rev (-),To Do,,,,,,,Sprint,,,,,,,,No comments by current user.,,,,,,,SSWUMS-2232,,,,,,,,,,,,,,"1|i03q43:5i056bzw",,,,,,,,,,,,,,,,Medium,,,,,,,,,,,,,,,,,,,,,0%,25/Mar/27 12:00 AM,05/Jan/27 12:00 AM,,,,,,,,,,,0.0,0.0,0.0,,,0.0,0.0,3.8,3.8,30.4,30.4,0.0,,,,,,,,
4.f. HSMA SRDD STP Rev (-),SSWUMS-2238,107337,Epic,To Do,SSWUMS,SSWUMS,software,mkuperst,"Welcome to the SSWUMS Team space, led by Meridith K (Product Owner). This space includes D440 and D454 resources, as well as Sprint and Kanban work.
",,Medium,,,cwhite10,cwhite10,07/Aug/26 1:30 PM,21/Aug/26 10:42 AM,18/Sep/26 3:31 PM,,,PI21,,,,STP,,,,,,,,,,,,,,,,,,,,,,0,,,cwhite10,,,,,,,,,,,,,,0,0,,0%,0,0,,,,,,,,,,,,,,,,,,,,,,,,,,,,,,,,,,,,,,,,,,,,,SSWIF,SSWSW,SSWTEST,,,,,,,,,,ghx-label-13,,4.f. HSMA SRDD STP Rev (-),To Do,,,,,,,Sprint,,,,,,,,No comments by current user.,,,,,,,SSWUMS-2232,,,,,,,,,,,,,,"1|i03q43:5i056bzy",,,,,,,,,,,,,,,,Medium,,,,,,,,,,,,,,,,,,,,,0%,25/Mar/27 12:00 AM,05/Jan/27 12:00 AM,,,,,,,,,,,0.0,0.0,0.0,,,0.0,0.0,7.7,7.7,61.6,61.6,0.0,,,,,,,,
4.f. EIA SRDD STP Rev (-),SSWUMS-2237,107336,Epic,To Do,SSWUMS,SSWUMS,software,mkuperst,"Welcome to the SSWUMS Team space, led by Meridith K (Product Owner). This space includes D440 and D454 resources, as well as Sprint and Kanban work.
",,Medium,,,cwhite10,cwhite10,07/Aug/26 1:30 PM,21/Aug/26 10:42 AM,18/Sep/26 3:31 PM,,,PI21,,,,STP,,,,,,,,,,,,,,,,,,,,,,0,,,cwhite10,,,,,,,,,,,,,,0,0,,0%,0,0,,,,,,,,,,,,,,,,,,,,,,,,,,,,,,,,,,,,,,,,,,,,,SSWIF,SSWSW,SSWTEST,,,,,,,,,,ghx-label-13,,4.f. EIA SRDD STP Rev (-),To Do,,,,,,,Sprint,,,,,,,,No comments by current user.,,,,,,,SSWUMS-2232,,,,,,,,,,,,,,"1|i03q43:5i056bzz",,,,,,,,,,,,,,,,Medium,,,,,,,,,,,,,,,,,,,,,0%,06/Apr/27 12:00 AM,13/Jan/27 12:00 AM,,,,,,,,,,,0.0,0.0,0.0,,,0.0,0.0,2.2,2.2,17.6,17.6,0.0,,,,,,,,
4.f. MCA SRDD STP Rev (-),SSWUMS-2236,107335,Epic,To Do,SSWUMS,SSWUMS,software,mkuperst,"Welcome to the SSWUMS Team space, led by Meridith K (Product Owner). This space includes D440 and D454 resources, as well as Sprint and Kanban work.
",,Medium,,,cwhite10,cwhite10,07/Aug/26 1:30 PM,21/Aug/26 10:42 AM,18/Sep/26 3:31 PM,,,PI21,PI22,,,STP,,,,,,,,,,,,,,,,,,,,,,0,,,cwhite10,,,,,,,,,,,,,,0,0,,0%,0,0,,,,,,,,,,,,,,,,,,,,,,,,,,,,,,,,,,,,,,,,,,,,,SSWIF,SSWSW,SSWTEST,,,,,,,,,,ghx-label-13,,4.f. MCA SRDD STP Rev (-),To Do,,,,,,,Sprint,,,,,,,,No comments by current user.,,,,,,,SSWUMS-2232,,,,,,,,,,,,,,"1|i03q43:5i056bzzl",,,,,,,,,,,,,,,,Medium,,,,,,,,,,,,,,,,,,,,,0%,24/Jun/27 12:00 AM,30/Mar/27 12:00 AM,,,,,,,,,,,0.0,0.0,0.0,,,0.0,0.0,27.7,27.7,221.6,221.6,0.0,,,,,,,,
4.f. C2A SRDD STP Rev (-),SSWUMS-2235,107334,Epic,To Do,SSWUMS,SSWUMS,software,mkuperst,"Welcome to the SSWUMS Team space, led by Meridith K (Product Owner). This space includes D440 and D454 resources, as well as Sprint and Kanban work.
",,Medium,,,cwhite10,cwhite10,07/Aug/26 1:30 PM,21/Aug/26 10:42 AM,18/Sep/26 3:31 PM,,,PI22,PI23,,,STP,,,,,,,,,,,,,,,,,,,,,,0,,,cwhite10,,,,,,,,,,,,,,0,0,,0%,0,0,,,,,,,,,,,,,,,,,,,,,,,,,,,,,,,,,,,,,,,,,,,,,SSWIF,SSWSW,SSWTEST,,,,,,,,,,ghx-label-13,,4.f. C2A SRDD STP Rev (-),To Do,,,,,,,Sprint,,,,,,,,No comments by current user.,,,,,,,SSWUMS-2232,,,,,,,,,,,,,,"1|i03q43:5i056byi",,,,,,,,,,,,,,,,Medium,,,,,,,,,,,,,,,,,,,,,0%,23/Sep/27 12:00 AM,30/Jun/27 12:00 AM,,,,,,,,,,,0.0,0.0,0.0,,,0.0,0.0,20.2,20.2,161.6,161.6,0.0,,,,,,,,
4.f. PDMSA SRDD STP Rev (-),SSWUMS-2234,107333,Epic,To Do,SSWUMS,SSWUMS,software,mkuperst,"Welcome to the SSWUMS Team space, led by Meridith K (Product Owner). This space includes D440 and D454 resources, as well as Sprint and Kanban work.
",,Medium,,,cwhite10,cwhite10,07/Aug/26 1:30 PM,21/Aug/26 10:42 AM,18/Sep/26 3:31 PM,,,PI22,PI23,,,SRDD,STP,,,,,,,,,,,,,,,,,,,,,0,,,cwhite10,,,,,,,,,,,,,,0,0,,0%,0,0,,,,,,,,,,,,,,,,,,,,,,,,,,,,,,,,,,,,,,,,,,,,,SSWIF,SSWSW,SSWTEST,,,,,,,,,,ghx-label-13,,4.f. PDMSA SRDD STP Rev (-),To Do,,,,,,,Sprint,,,,,,,,No comments by current user.,,,,,,,SSWUMS-2232,,,,,,,,,,,,,,"1|i03q43:5i056bzi",,,,,,,,,,,,,,,,Medium,,,,,,,,,,,,,,,,,,,,,0%,23/Sep/27 12:00 AM,30/Jun/27 12:00 AM,,,,,,,,,,,0.0,0.0,0.0,,,0.0,0.0,18.7,18.7,149.6,149.6,0.0,,,,,,,,
4.f. Tactical CCA Test Procedures,SSWUMS-2233,107332,Initiative,To Do,SSWUMS,SSWUMS,software,mkuperst,"Welcome to the SSWUMS Team space, led by Meridith K (Product Owner). This space includes D440 and D454 resources, as well as Sprint and Kanban work.
",,Medium,,,cwhite10,cwhite10,07/Aug/26 1:30 PM,11/Aug/26 5:28 PM,18/Sep/26 3:31 PM,,,,,,,GDMS CCA Development,Test Procedures,,,,,,,,,,,,,,,,,,,,,0,,,cwhite10,,,,,,,,,,,,,,,0,,,,0,,,,,,,,,,,,,,,,,,,,,,,,,,,,,,,,,,,,,,,,,,,,,,,,,,,,,,,,,,,,,,,,,,,Sprint,,,,,,,,No comments by current user.,,,,,,,,,,,,,,,,,,,,,"1|i03q43:5i054ji",,,,,,,,,,,,,,,,Medium,,,,,,,,,,,,,,,,,,,,,,,,,,,,,,,,,,0.0,0.0,0.0,,,0.0,0.0,8.9,8.9,71.2,71.2,0.0,,,,,,,,
4.f. SRDD STP's,SSWUMS-2232,107331,Initiative,To Do,SSWUMS,SSWUMS,software,mkuperst,"Welcome to the SSWUMS Team space, led by Meridith K (Product Owner). This space includes D440 and D454 resources, as well as Sprint and Kanban work.
",,Medium,,,cwhite10,cwhite10,07/Aug/26 1:30 PM,13/Aug/26 9:42 AM,18/Sep/26 3:31 PM,,,,,,,STP,,,,,,,,,,,,,,,,,,,,,,0,,,cwhite10,,,,,,,,,,,,,,,0,,,,0,,,,,,,,,,,,,,,,,,,,,,,,,,,,,,,,,,,,,,,,,,,,,,,,,,,,,,,,,,,,,,,,,,,Sprint,,,,,,,,No comments by current user.,,,,,,,,,,,,,,,,,,,,,"1|i03q43:5i055",,,,,,,,,,,,,,,,Medium,,,,,,,,,,,,,,,,,,,,,,,,,,,,,,,,,,0.0,0.0,0.0,,,0.0,0.0,161.6,161.6,1292.8,1292.8,0.0,,,,,,,,
Interfaces,SSWUMS-2231,107330,Initiative,Cancelled,SSWUMS,SSWUMS,software,mkuperst,"Welcome to the SSWUMS Team space, led by Meridith K (Product Owner). This space includes D440 and D454 resources, as well as Sprint and Kanban work.
",,Medium,Won't Do,,cwhite10,cwhite10,07/Aug/26 1:06 PM,07/Aug/26 1:21 PM,18/Sep/26 3:31 PM,07/Aug/26 1:20 PM,,,,,,,,,,,,,,,,,,,,,,,,,,,,0,,,cwhite10,,,,,,,,,,,,,,0,0,,0%,0,0,,,,,,,,,,,,,,,,,,,,,,,,,,,,,,,,,,,,,,,,,,,,,,,,,,,,,,,,,,,,,,,,,,,Sprint,,,,,"Posted on: Fri Aug 07 13:21:05 EDT 2026
Made accdenent",,,No comments by current user.,,,,,,,,,,,,,,,,,,,,,"1|i0ab1q:",,,,,,,,,,,,,,,,Medium,,,,,,,,,,,,,,,,,0.0,,,,,,,,,,,,,,,,,,0.0,0.0,,0.0,,,0.0,,0.0,0.0,0.0,"07/Aug/26 1:21 PM;cwhite10;Made accdenent;;;",,,,,,,
GDMS PI 29/30 Event,SSWUMS-2230,107327,Task,To Do,SSWUMS,SSWUMS,software,mkuperst,"Welcome to the SSWUMS Team space, led by Meridith K (Product Owner). This space includes D440 and D454 resources, as well as Sprint and Kanban work.
",,Medium,,mkuperst,cwhite10,cwhite10,07/Aug/26 10:32 AM,07/Aug/26 4:53 PM,18/Sep/26 3:31 PM,,,PI30,,,,GDMS PI,,,,,,,,,,,,,,,,,,,,,,0,,,cwhite10,,,,,,,,,,,,,,144000,144000,,0%,144000,144000,,,,,,,,,,,,,,,,,,,,,,,,,,,,,,,,,,,,,,,,,,,,,,,,,,,,,mkuperst,,,,,SSWUMS-2170,,,To Do,,,,,,Sprint,,,,,,,,No comments by current user.,,,,,,,,,,,,,,,,,,,,,"1|i0ad08:",,,,,,,,,,,,,,,,Medium,,,,,,,"PI30 ""Sprint""",,,,,,,,,,5.0,,,,,,,,,,,,,,,,,,0.0,0.0,,0.0,,,0.0,,,,,,,,,,,,
GDMS PI 28/29 Event,SSWUMS-2229,107326,Task,To Do,SSWUMS,SSWUMS,software,mkuperst,"Welcome to the SSWUMS Team space, led by Meridith K (Product Owner). This space includes D440 and D454 resources, as well as Sprint and Kanban work.
",,Medium,,mkuperst,cwhite10,cwhite10,07/Aug/26 10:31 AM,07/Aug/26 4:53 PM,18/Sep/26 3:31 PM,,,PI29,,,,GDMS PI,,,,,,,,,,,,,,,,,,,,,,0,,,cwhite10,,,,,,,,,,,,,,144000,144000,,0%,144000,144000,,,,,,,,,,,,,,,,,,,,,,,,,,,,,,,,,,,,,,,,,,,,,,,,,,,,,mkuperst,,,,,SSWUMS-2169,,,To Do,,,,,,Sprint,,,,,,,,No comments by current user.,,,,,,,,,,,,,,,,,,,,,"1|i0ad00:",,,,,,,,,,,,,,,,Medium,,,,,,,"PI29 ""Sprint""",,,,,,,,,,5.0,,,,,,,,,,,,,,,,,,0.0,0.0,,0.0,,,0.0,,,,,,,,,,,,
GDMS PI 27/28 Event,SSWUMS-2228,107325,Task,To Do,SSWUMS,SSWUMS,software,mkuperst,"Welcome to the SSWUMS Team space, led by Meridith K (Product Owner). This space includes D440 and D454 resources, as well as Sprint and Kanban work.
",,Medium,,mkuperst,cwhite10,cwhite10,07/Aug/26 10:30 AM,07/Aug/26 4:53 PM,18/Sep/26 3:31 PM,,,PI28,,,,GDMS PI,,,,,,,,,,,,,,,,,,,,,,0,,,cwhite10,,,,,,,,,,,,,,144000,144000,,0%,144000,144000,,,,,,,,,,,,,,,,,,,,,,,,,,,,,,,,,,,,,,,,,,,,,,,,,,,,,mkuperst,,,,,SSWUMS-2168,,,To Do,,,,,,Sprint,,,,,,,,No comments by current user.,,,,,,,,,,,,,,,,,,,,,"1|i0aaye:",,,,,,,,,,,,,,,,Medium,,,,,,,"PI28 ""Sprint""",,,,,,,,,,5.0,,,,,,,,,,,,,,,,,,0.0,0.0,,0.0,,,0.0,,,,,,,,,,,,
GDMS PI 26/27 Event,SSWUMS-2227,107324,Task,To Do,SSWUMS,SSWUMS,software,mkuperst,"Welcome to the SSWUMS Team space, led by Meridith K (Product Owner). This space includes D440 and D454 resources, as well as Sprint and Kanban work.
",,Medium,,mkuperst,cwhite10,cwhite10,07/Aug/26 10:29 AM,07/Aug/26 4:52 PM,18/Sep/26 3:31 PM,,,PI27,,,,GDMS PI,,,,,,,,,,,,,,,,,,,,,,0,,,cwhite10,,,,,,,,,,,,,,144000,144000,,0%,144000,144000,,,,,,,,,,,,,,,,,,,,,,,,,,,,,,,,,,,,,,,,,,,,,,,,,,,,,mkuperst,,,,,SSWUMS-2167,,,To Do,,,,,,Sprint,,,,,,,,No comments by current user.,,,,,,,,,,,,,,,,,,,,,"1|i0aay6:",,,,,,,,,,,,,,,,Medium,,,,,,,"PI27 ""Sprint""",,,,,,,,,,5.0,,,,,,,,,,,,,,,,,,0.0,0.0,,0.0,,,0.0,,,,,,,,,,,,
GDMS PI 25/26 Event,SSWUMS-2226,107323,Task,To Do,SSWUMS,SSWUMS,software,mkuperst,"Welcome to the SSWUMS Team space, led by Meridith K (Product Owner). This space includes D440 and D454 resources, as well as Sprint and Kanban work.
",,Medium,,mkuperst,cwhite10,cwhite10,07/Aug/26 10:29 AM,07/Aug/26 4:52 PM,18/Sep/26 3:31 PM,,,PI26,,,,GDMS PI,,,,,,,,,,,,,,,,,,,,,,0,,,cwhite10,,,,,,,,,,,,,,144000,144000,,0%,144000,144000,,,,,,,,,,,,,,,,,,,,,,,,,,,,,,,,,,,,,,,,,,,,,,,,,,,,,mkuperst,,,,,SSWUMS-2166,,,To Do,,,,,,Sprint,,,,,,,,No comments by current user.,,,,,,,,,,,,,,,,,,,,,"1|i0aaxy:",,,,,,,,,,,,,,,,Medium,,,,,,,"PI26 ""Sprint""",,,,,,,,,,5.0,,,,,,,,,,,,,,,,,,0.0,0.0,,0.0,,,0.0,,,,,,,,,,,,
GDMS PI 24/25 Event,SSWUMS-2225,107322,Task,To Do,SSWUMS,SSWUMS,software,mkuperst,"Welcome to the SSWUMS Team space, led by Meridith K (Product Owner). This space includes D440 and D454 resources, as well as Sprint and Kanban work.
",,Medium,,mkuperst,cwhite10,cwhite10,07/Aug/26 10:29 AM,07/Aug/26 4:52 PM,18/Sep/26 3:31 PM,,,PI25,,,,GDMS PI,,,,,,,,,,,,,,,,,,,,,,0,,,cwhite10,,,,,,,,,,,,,,144000,144000,,0%,144000,144000,,,,,,,,,,,,,,,,,,,,,,,,,,,,,,,,,,,,,,,,,,,,,,,,,,,,,mkuperst,,,,,SSWUMS-2165,,,To Do,,,,,,Sprint,,,,,,,,No comments by current user.,,,,,,,,,,,,,,,,,,,,,"1|i0aaxq:",,,,,,,,,,,,,,,,Medium,,,,,,,"PI25 ""Sprint""",,,,,,,,,,5.0,,,,,,,,,,,,,,,,,,0.0,0.0,,0.0,,,0.0,,,,,,,,,,,,
GDMS PI 23/24 Event,SSWUMS-2224,107321,Task,To Do,SSWUMS,SSWUMS,software,mkuperst,"Welcome to the SSWUMS Team space, led by Meridith K (Product Owner). This space includes D440 and D454 resources, as well as Sprint and Kanban work.
",,Medium,,mkuperst,cwhite10,cwhite10,07/Aug/26 10:28 AM,07/Aug/26 4:52 PM,18/Sep/26 3:31 PM,,,PI24,,,,GDMS PI,,,,,,,,,,,,,,,,,,,,,,0,,,cwhite10,,,,,,,,,,,,,,144000,144000,,0%,144000,144000,,,,,,,,,,,,,,,,,,,,,,,,,,,,,,,,,,,,,,,,,,,,,,,,,,,,,mkuperst,,,,,SSWUMS-2164,,,To Do,,,,,,Sprint,,,,,,,,No comments by current user.,,,,,,,,,,,,,,,,,,,,,"1|i0acyw:",,,,,,,,,,,,,,,,Medium,,,,,,,PI24 9/22/2027 - 12/23/2027,,,,,,,,,,5.0,,,,,,,,,,,,,,,,,,0.0,0.0,,0.0,,,0.0,,,,,,,,,,,,
4.a. GDMS MTEP Rev C,SSWUMS-2222,107317,Epic,To Do,SSWUMS,SSWUMS,software,mkuperst,"Welcome to the SSWUMS Team space, led by Meridith K (Product Owner). This space includes D440 and D454 resources, as well as Sprint and Kanban work.
",,Medium,,,cwhite10,cwhite10,07/Aug/26 7:50 AM,17/Aug/26 10:37 AM,18/Sep/26 3:31 PM,,,,,,,GDMS MTEP,,,,,,,,,,,,,,,,,,,,,,0,,,cwhite10,,,,,,,,,,,,,,0,0,,0%,0,0,,,,,,,,,,,,,,,,,,,,,,,,,,,,,,,,,,,,,,,,,,,,,,,,,,,,,,,,,ghx-label-13,,4.a. GDMS MTEP Rev C,To Do,,,,,,,Sprint,,,,,,,,No comments by current user.,,,,,,,SSWUMS-916,,,,,,,,,,,,,,"1|hzwrwz:ir",,,,,,,,,,,,,,,,Medium,,,,,,,,,,,,,,,,,,,,,,,,,,,,,,,,,,0.0,0.0,0.0,,,0.0,0.0,1.0,1.0,8.0,8.0,0.0,,,,,,,,
4.d. C2S HRS Rev A,SSWUMS-2221,107316,Epic,To Do,SSWUMS,SSWUMS,software,mkuperst,"Welcome to the SSWUMS Team space, led by Meridith K (Product Owner). This space includes D440 and D454 resources, as well as Sprint and Kanban work.
",,Medium,,,cwhite10,cwhite10,07/Aug/26 7:38 AM,15/Sep/26 1:16 PM,18/Sep/26 3:31 PM,,,PI20,,,,HRS,,,,,,,,,,,,,,,,,,,,,,0,,,cwhite10,,,,,,,,,,,,,,0,0,,0%,0,0,,,,,,,,,,,,,,,,,,,,,,,,,,,,,,,,,,,,,,,,,,,,,SSWHW,SSWIF,SSWTEST,,,,,,,,,,ghx-label-13,,4.d. C2S HRS Rev A,To Do,,,,,,,Sprint,,,,,,,,No comments by current user.,,,,,,,SSWUMS-2219,,,,,,,,,,,,,,"1|hzwrwz:zs",,,,,,,,,,,,,,,,Medium,,,,,,,,,,,,,,,,,,,,,0%,23/Dec/26 12:00 AM,11/Nov/26 12:00 AM,,,,,,,,,,,0.0,0.0,0.0,,,0.0,0.0,2.1,2.1,16.8,16.8,0.0,,,,,,,,
4.d. PDMS HRS Rev 4,SSWUMS-2220,107315,Epic,To Do,SSWUMS,SSWUMS,software,mkuperst,"Welcome to the SSWUMS Team space, led by Meridith K (Product Owner). This space includes D440 and D454 resources, as well as Sprint and Kanban work.
",,Medium,,,cwhite10,cwhite10,07/Aug/26 7:38 AM,21/Aug/26 10:43 AM,18/Sep/26 3:31 PM,,,,,,,HRS,,,,,,,,,,,,,,,,,,,,,,0,,,cwhite10,,,,,,,,,,,,,,0,0,,0%,0,0,,,,,,,,,,,,,,,,,,,,,,,,,,,,,,,,,,,,,,,,,,,,,SSWHW,SSWIF,SSWTEST,,,,,,,,,,ghx-label-13,,4.d. PDMS HRS Rev 4,To Do,,,,,,,Sprint,,,,,,,,No comments by current user.,,,,,,,SSWUMS-2219,,,,,,,,,,,,,,"1|hzwrwz:zy",,,,,,,,,,,,,,,,Medium,,,,,,,,,,,,,,,,,,,,,,,,,,,,,,,,,,0.0,0.0,0.0,,,0.0,0.0,1.0,1.0,8.0,8.0,0.0,,,,,,,,
4.d. UMS HRS's - Post CDR,SSWUMS-2219,107314,Initiative,To Do,SSWUMS,SSWUMS,software,mkuperst,"Welcome to the SSWUMS Team space, led by Meridith K (Product Owner). This space includes D440 and D454 resources, as well as Sprint and Kanban work.
",,Medium,,,cwhite10,cwhite10,07/Aug/26 7:38 AM,11/Aug/26 5:16 PM,18/Sep/26 3:31 PM,,,,,,,HRS,,,,,,,,,,,,,,,,,,,,,,0,,,cwhite10,,,,,,,,,,,,,,,0,,,,0,,,,,,,,,,,,,,,,,,,,,,,,,,,,,,,,,,,,,,,,,,,,,,,,,,,,,,,,,,,,,,,,,,,Sprint,,,,,,,,No comments by current user.,,,,,,,,,,,,,,,,,,,,,"1|i03q43:5i053i",,,,,,,,,,,,,,,,Medium,,,,,,,,,,,,,,,,,,,,,,,,,,,,,,,,,,0.0,0.0,0.0,,,0.0,0.0,3.1,3.1,24.8,24.8,0.0,,,,,,,,
4.d. PDMS HRS - Post CDR,SSWUMS-2218,107313,Initiative,Cancelled,SSWUMS,SSWUMS,software,mkuperst,"Welcome to the SSWUMS Team space, led by Meridith K (Product Owner). This space includes D440 and D454 resources, as well as Sprint and Kanban work.
",,Medium,Won't Do,,cwhite10,cwhite10,07/Aug/26 7:38 AM,07/Aug/26 2:29 PM,18/Sep/26 3:31 PM,07/Aug/26 2:29 PM,,,,,,,,,,,,,,,,,,,,,,,,,,,,0,,,cwhite10,,,,,,,,,,,,,,0,0,,0%,0,0,,,,,,,,,,,,,,,,,,,,,,,,,,,,,,,,,,,,,,,,,,,,,,,,,,,,,,,,,,,,,,,,,,,Sprint,,,,,,,,No comments by current user.,,,,,,,SSWUMS-2213,,,,,,,,,,,,,,"1|i05ccd:p",,,,,,,,,,,,,,,,Medium,,,,,,,,,,,,,,,,,0.0,,,,,,,,,,,,,,,,,,0.0,0.0,,0.0,,,0.0,,0.0,0.0,0.0,,,,,,,,
4.g. C2S/PDMS SSHA,SSWUMS-2217,107312,Initiative,To Do,SSWUMS,SSWUMS,software,mkuperst,"Welcome to the SSWUMS Team space, led by Meridith K (Product Owner). This space includes D440 and D454 resources, as well as Sprint and Kanban work.
",,Medium,,,cwhite10,cwhite10,07/Aug/26 7:38 AM,11/Aug/26 5:22 PM,18/Sep/26 3:31 PM,,,post-CDR,,,,C2S/PDMS Safety,,,,,,,,,,,,,,,,,,,,,,0,,,cwhite10,,,,,,,,,,,,,,,0,,,,0,,,,,,,,,,,,,,,,,,,,,,,,,,,,,,,,,,,,,,,,,,,,,,,,,,,,,,,,,,,,,,,,,,,Sprint,,,,,,,,No comments by current user.,,,,,,,,,,,,,,,,,,,,,"1|i03q43:5i056a3",,,,,,,,,,,,,,,,Medium,,,,,,,,,,,,,,,,,,,,,,,,,,,,,,,,,,,0.0,0.0,,0.0,,,0.0,,0.0,0.0,0.0,,,,,,,,
4.g. C2S/PDMS O&SH,SSWUMS-2216,107311,Initiative,To Do,SSWUMS,SSWUMS,software,mkuperst,"Welcome to the SSWUMS Team space, led by Meridith K (Product Owner). This space includes D440 and D454 resources, as well as Sprint and Kanban work.
",,Medium,,,cwhite10,cwhite10,07/Aug/26 7:38 AM,11/Aug/26 5:22 PM,18/Sep/26 3:31 PM,,,post-CDR,,,,C2S/PDMS Safety,,,,,,,,,,,,,,,,,,,,,,0,,,cwhite10,,,,,,,,,,,,,,,0,,,,0,,,,,,,,,,,,,,,,,,,,,,,,,,,,,,,,,,,,,,,,,,,,,,,,,,,,,,,,,,,,,,,,,,,Sprint,,,,,,,,No comments by current user.,,,,,,,,,,,,,,,,,,,,,"1|i03q43:5i056a6",,,,,,,,,,,,,,,,Medium,,,,,,,,,,,,,,,,,,,,,,,,,,,,,,,,,,,0.0,0.0,,0.0,,,0.0,,0.0,0.0,0.0,,,,,,,,
4.g. C2S/PDMS HHA,SSWUMS-2215,107310,Initiative,To Do,SSWUMS,SSWUMS,software,mkuperst,"Welcome to the SSWUMS Team space, led by Meridith K (Product Owner). This space includes D440 and D454 resources, as well as Sprint and Kanban work.
",,Medium,,,cwhite10,cwhite10,07/Aug/26 7:38 AM,11/Aug/26 5:22 PM,18/Sep/26 3:31 PM,,,post-CDR,,,,C2S/PDMS Safety,,,,,,,,,,,,,,,,,,,,,,0,,,cwhite10,,,,,,,,,,,,,,,0,,,,0,,,,,,,,,,,,,,,,,,,,,,,,,,,,,,,,,,,,,,,,,,,,,,,,,,,,,,,,,,,,,,,,,,,Sprint,,,,,,,,No comments by current user.,,,,,,,,,,,,,,,,,,,,,"1|i03q43:5i056a0r",,,,,,,,,,,,,,,,Medium,,,,,,,,,,,,,,,,,,,,,,,,,,,,,,,,,,0.0,0.0,0.0,,,0.0,0.0,2.0,2.0,16.0,16.0,0.0,,,,,,,,
4.g. C2S/PDMS SAR,SSWUMS-2214,107309,Initiative,To Do,SSWUMS,SSWUMS,software,mkuperst,"Welcome to the SSWUMS Team space, led by Meridith K (Product Owner). This space includes D440 and D454 resources, as well as Sprint and Kanban work.
",,Medium,,,cwhite10,cwhite10,07/Aug/26 7:38 AM,11/Aug/26 5:22 PM,18/Sep/26 3:31 PM,,,post-CDR,,,,C2S/PDMS Safety,,,,,,,,,,,,,,,,,,,,,,0,,,cwhite10,,,,,,,,,,,,,,,0,,,,0,,,,,,,,,,,,,,,,,,,,,,,,,,,,,,,,,,,,,,,,,,,,,,,,,,,,,,,,,,,,,,,,,,,Sprint,,,,,,,,No comments by current user.,,,,,,,,,,,,,,,,,,,,,"1|i03q43:5i056a1i",,,,,,,,,,,,,,,,Medium,,,,,,,,,,,,,,,,,,,,,,,,,,,,,,,,,,,0.0,0.0,,0.0,,,0.0,,0.0,0.0,0.0,,,,,,,,
4.d. UIA SRDD - Rev A,SSWUMS-2212,107307,Epic,To Do,SSWUMS,SSWUMS,software,mkuperst,"Welcome to the SSWUMS Team space, led by Meridith K (Product Owner). This space includes D440 and D454 resources, as well as Sprint and Kanban work.
",,Medium,,,cwhite10,cwhite10,07/Aug/26 7:27 AM,21/Aug/26 10:41 AM,18/Sep/26 3:31 PM,,,,,,,SRDD,,,,,,,,,,,,,,,,,,,,,,0,,,cwhite10,,,,,,,,,,,,,,0,0,,0%,0,0,,,,,,,,,,,,,,,,,,,,,,,,,,,,,,,,,,,,,,,,,,,,,SSWCYBER,SSWIF,SSWSW,SSWTEST,,,,,,,,,ghx-label-13,,4.d. UIA SRDD - Rev A,To Do,,,,,,,Sprint,,,,,,,,No comments by current user.,,,,,,,SSWUMS-2205,,,,,,,,,,,,,,"1|hzwrwz:ye",,,,,,,,,,,,,,,,Medium,,,,,,,,,,,,,,,,,,,,,,,,,,,,,,,,,,0.0,0.0,0.0,,,0.0,0.0,6.6,6.6,52.8,52.8,0.0,,,,,,,,
4.d. EIA SRDD - Rev A,SSWUMS-2211,107306,Epic,To Do,SSWUMS,SSWUMS,software,mkuperst,"Welcome to the SSWUMS Team space, led by Meridith K (Product Owner). This space includes D440 and D454 resources, as well as Sprint and Kanban work.
",,Medium,,,cwhite10,cwhite10,07/Aug/26 7:27 AM,21/Aug/26 10:41 AM,18/Sep/26 3:31 PM,,,,,,,SRDD,,,,,,,,,,,,,,,,,,,,,,0,,,cwhite10,,,,,,,,,,,,,,0,0,,0%,0,0,,,,,,,,,,,,,,,,,,,,,,,,,,,,,,,,,,,,,,,,,,,,,SSWCYBER,SSWIF,SSWSW,SSWTEST,,,,,,,,,ghx-label-13,,4.d. EIA SRDD - Rev A,To Do,,,,,,,Sprint,,,,,,,,No comments by current user.,,,,,,,SSWUMS-2205,,,,,,,,,,,,,,"1|hzwrwz:ym",,,,,,,,,,,,,,,,Medium,,,,,,,,,,,,,,,,,,,,,,,,,,,,,,,,,,0.0,0.0,0.0,,,0.0,0.0,4.5,4.5,36.0,36.0,0.0,,,,,,,,
4.d. HSMA SRDD - Rev A,SSWUMS-2210,107305,Epic,To Do,SSWUMS,SSWUMS,software,mkuperst,"Welcome to the SSWUMS Team space, led by Meridith K (Product Owner). This space includes D440 and D454 resources, as well as Sprint and Kanban work.
",,Medium,,,cwhite10,cwhite10,07/Aug/26 7:27 AM,21/Aug/26 10:41 AM,18/Sep/26 3:31 PM,,,,,,,SRDD,,,,,,,,,,,,,,,,,,,,,,0,,,cwhite10,,,,,,,,,,,,,,0,0,,0%,0,0,,,,,,,,,,,,,,,,,,,,,,,,,,,,,,,,,,,,,,,,,,,,,SSWCYBER,SSWIF,SSWSW,SSWTEST,,,,,,,,,ghx-label-13,,4.d. HSMA SRDD - Rev A,To Do,,,,,,,Sprint,,,,,,,,No comments by current user.,,,,,,,SSWUMS-2205,,,,,,,,,,,,,,"1|hzwrwz:yii",,,,,,,,,,,,,,,,Medium,,,,,,,,,,,,,,,,,,,,,,,,,,,,,,,,,,0.0,0.0,0.0,,,0.0,0.0,9.0,9.0,72.0,72.0,0.0,,,,,,,,
4.d. SSA SRDD - Rev A,SSWUMS-2209,107304,Epic,To Do,SSWUMS,SSWUMS,software,mkuperst,"Welcome to the SSWUMS Team space, led by Meridith K (Product Owner). This space includes D440 and D454 resources, as well as Sprint and Kanban work.
",,Medium,,,cwhite10,cwhite10,07/Aug/26 7:27 AM,21/Aug/26 10:41 AM,18/Sep/26 3:31 PM,,,,,,,SRDD,,,,,,,,,,,,,,,,,,,,,,0,,,cwhite10,,,,,,,,,,,,,,0,0,,0%,0,0,,,,,,,,,,,,,,,,,,,,,,,,,,,,,,,,,,,,,,,,,,,,,SSWCYBER,SSWIF,SSWSW,SSWTEST,,,,,,,,,ghx-label-13,,4.d. SSA SRDD - Rev A,To Do,,,,,,,Sprint,,,,,,,,No comments by current user.,,,,,,,SSWUMS-2205,,,,,,,,,,,,,,"1|hzwrwz:ya",,,,,,,,,,,,,,,,Medium,,,,,,,,,,,,,,,,,,,,,,,,,,,,,,,,,,0.0,0.0,0.0,,,0.0,0.0,2.5,2.5,20.0,20.0,0.0,,,,,,,,
4.d. MCA SRDD - Rev A,SSWUMS-2208,107303,Epic,To Do,SSWUMS,SSWUMS,software,mkuperst,"Welcome to the SSWUMS Team space, led by Meridith K (Product Owner). This space includes D440 and D454 resources, as well as Sprint and Kanban work.
",,Medium,,,cwhite10,cwhite10,07/Aug/26 7:27 AM,21/Aug/26 10:41 AM,18/Sep/26 3:31 PM,,,,,,,SRDD,,,,,,,,,,,,,,,,,,,,,,0,,,cwhite10,,,,,,,,,,,,,,0,0,,0%,0,0,,,,,,,,,,,,,,,,,,,,,,,,,,,,,,,,,,,,,,,,,,,,,SSWCYBER,SSWIF,SSWSW,SSWTEST,,,,,,,,,ghx-label-13,,4.d. MCA SRDD - Rev A,To Do,,,,,,,Sprint,,,,,,,,No comments by current user.,,,,,,,SSWUMS-2205,,,,,,,,,,,,,,"1|hzwrwz:ys",,,,,,,,,,,,,,,,Medium,,,,,,,,,,,,,,,,,,,,,,,,,,,,,,,,,,0.0,0.0,0.0,,,0.0,0.0,19.5,19.5,156.0,156.0,0.0,,,,,,,,
4.d. C2A SRDD - Post CDR,SSWUMS-2207,107302,Initiative,Cancelled,SSWUMS,SSWUMS,software,mkuperst,"Welcome to the SSWUMS Team space, led by Meridith K (Product Owner). This space includes D440 and D454 resources, as well as Sprint and Kanban work.
",,Medium,Won't Do,,cwhite10,cwhite10,07/Aug/26 7:27 AM,07/Aug/26 2:54 PM,18/Sep/26 3:31 PM,07/Aug/26 2:54 PM,,,,,,,,,,,,,,,,,,,,,,,,,,,,0,,,cwhite10,,,,,,,,,,,,,,0,0,,0%,0,0,,,,,,,,,,,,,,,,,,,,,,,,,,,,,,,,,,,,,,,,,,,,,,,,,,,,,,,,,,,,,,,,,,,Sprint,,,,,,,,No comments by current user.,,,,,,,,,,,,,,,,,,,,,"1|i05ccf:4",,,,,,,,,,,,,,,,Medium,,,,,,,,,,,,,,,,,0.0,,,,,,,,,,,,,,,,,,0.0,0.0,,0.0,,,0.0,,0.0,0.0,0.0,,,,,,,,
4.d. PDMSA SRDD - Post CDR,SSWUMS-2206,107301,Initiative,Cancelled,SSWUMS,SSWUMS,software,mkuperst,"Welcome to the SSWUMS Team space, led by Meridith K (Product Owner). This space includes D440 and D454 resources, as well as Sprint and Kanban work.
",,Medium,Won't Do,,cwhite10,cwhite10,07/Aug/26 7:27 AM,07/Aug/26 2:54 PM,18/Sep/26 3:31 PM,07/Aug/26 2:54 PM,,,,,,,,,,,,,,,,,,,,,,,,,,,,0,,,cwhite10,,,,,,,,,,,,,,0,0,,0%,0,0,,,,,,,,,,,,,,,,,,,,,,,,,,,,,,,,,,,,,,,,,,,,,,,,,,,,,,,,,,,,,,,,,,,Sprint,,,,,,,,No comments by current user.,,,,,,,,,,,,,,,,,,,,,"1|i05ccf:wi",,,,,,,,,,,,,,,,Medium,,,,,,,,,,,,,,,,,0.0,,,,,,,,,,,,,,,,,,0.0,0.0,,0.0,,,0.0,,0.0,0.0,0.0,,,,,,,,
4.d. UMS SRDD's - Post CDR,SSWUMS-2205,107300,Initiative,To Do,SSWUMS,SSWUMS,software,mkuperst,"Welcome to the SSWUMS Team space, led by Meridith K (Product Owner). This space includes D440 and D454 resources, as well as Sprint and Kanban work.
",,Medium,,,cwhite10,cwhite10,07/Aug/26 7:27 AM,31/Aug/26 11:44 AM,18/Sep/26 3:31 PM,,,post-CDR,,,,SRDD,,,,,,,,,,,,,,,,,,,,,,0,,,cwhite10,,,,,,,,,,,,,,,0,,,,0,,,,,,,,,,,,,,,,,,,,,,,,,,,,,,,,,,,,,,,,,,,,,,,,,,,,,,,,,,,,,,,,,,,Sprint,,,,,,,,No comments by current user.,,,,,,,,,,,,,,,,,,,,,"1|i03q43:5i052r",,,,,,,,,,,,,,,,Medium,,,,,,,,,,,,,,,,,,,,,,,,,,,,,,,,,,0.0,0.0,0.0,,,0.0,0.0,62.6,62.6,500.8,500.8,0.0,,,,,,,,
4.d. UIA SRDD - Post CDR,SSWUMS-2204,107299,Initiative,Cancelled,SSWUMS,SSWUMS,software,mkuperst,"Welcome to the SSWUMS Team space, led by Meridith K (Product Owner). This space includes D440 and D454 resources, as well as Sprint and Kanban work.
",,Medium,Won't Do,,cwhite10,cwhite10,07/Aug/26 7:27 AM,07/Aug/26 2:54 PM,18/Sep/26 3:31 PM,07/Aug/26 2:54 PM,,,,,,,,,,,,,,,,,,,,,,,,,,,,0,,,cwhite10,,,,,,,,,,,,,,0,0,,0%,0,0,,,,,,,,,,,,,,,,,,,,,,,,,,,,,,,,,,,,,,,,,,,,,,,,,,,,,,,,,,,,,,,,,,,Sprint,,,,,,,,No comments by current user.,,,,,,,,,,,,,,,,,,,,,"1|i05cce:u",,,,,,,,,,,,,,,,Medium,,,,,,,,,,,,,,,,,0.0,,,,,,,,,,,,,,,,,,0.0,0.0,,0.0,,,0.0,,0.0,0.0,0.0,,,,,,,,
4.d. HSMA SRDD - Post CDR,SSWUMS-2203,107298,Initiative,Cancelled,SSWUMS,SSWUMS,software,mkuperst,"Welcome to the SSWUMS Team space, led by Meridith K (Product Owner). This space includes D440 and D454 resources, as well as Sprint and Kanban work.
",,Medium,Won't Do,,cwhite10,cwhite10,07/Aug/26 7:27 AM,07/Aug/26 2:54 PM,18/Sep/26 3:31 PM,07/Aug/26 2:54 PM,,,,,,,,,,,,,,,,,,,,,,,,,,,,0,,,cwhite10,,,,,,,,,,,,,,0,0,,0%,0,0,,,,,,,,,,,,,,,,,,,,,,,,,,,,,,,,,,,,,,,,,,,,,,,,,,,,,,,,,,,,,,,,,,,Sprint,,,,,,,,No comments by current user.,,,,,,,,,,,,,,,,,,,,,"1|i05cce:x",,,,,,,,,,,,,,,,Medium,,,,,,,,,,,,,,,,,0.0,,,,,,,,,,,,,,,,,,0.0,0.0,,0.0,,,0.0,,0.0,0.0,0.0,,,,,,,,
4.d. EIA SRDD - Post CDR,SSWUMS-2202,107297,Initiative,Cancelled,SSWUMS,SSWUMS,software,mkuperst,"Welcome to the SSWUMS Team space, led by Meridith K (Product Owner). This space includes D440 and D454 resources, as well as Sprint and Kanban work.
",,Medium,Won't Do,,cwhite10,cwhite10,07/Aug/26 7:27 AM,07/Aug/26 2:54 PM,18/Sep/26 3:31 PM,07/Aug/26 2:54 PM,,,,,,,,,,,,,,,,,,,,,,,,,,,,0,,,cwhite10,,,,,,,,,,,,,,0,0,,0%,0,0,,,,,,,,,,,,,,,,,,,,,,,,,,,,,,,,,,,,,,,,,,,,,,,,,,,,,,,,,,,,,,,,,,,Sprint,,,,,,,,No comments by current user.,,,,,,,,,,,,,,,,,,,,,"1|i05cce:yi",,,,,,,,,,,,,,,,Medium,,,,,,,,,,,,,,,,,0.0,,,,,,,,,,,,,,,,,,0.0,0.0,,0.0,,,0.0,,0.0,0.0,0.0,,,,,,,,
4.d. MCA SRDD - Post CDR,SSWUMS-2201,107296,Initiative,Cancelled,SSWUMS,SSWUMS,software,mkuperst,"Welcome to the SSWUMS Team space, led by Meridith K (Product Owner). This space includes D440 and D454 resources, as well as Sprint and Kanban work.
",,Medium,Won't Do,,cwhite10,cwhite10,07/Aug/26 7:27 AM,07/Aug/26 2:54 PM,18/Sep/26 3:31 PM,07/Aug/26 2:54 PM,,,,,,,,,,,,,,,,,,,,,,,,,,,,0,,,cwhite10,,,,,,,,,,,,,,0,0,,0%,0,0,,,,,,,,,,,,,,,,,,,,,,,,,,,,,,,,,,,,,,,,,,,,,,,,,,,,,,,,,,,,,,,,,,,Sprint,,,,,,,,No comments by current user.,,,,,,,,,,,,,,,,,,,,,"1|i05cce:zi",,,,,,,,,,,,,,,,Medium,,,,,,,,,,,,,,,,,0.0,,,,,,,,,,,,,,,,,,0.0,0.0,,0.0,,,0.0,,0.0,0.0,0.0,,,,,,,,
4.c. C2S B-Spec Rev D & RVTM Rev C,SSWUMS-2198,107293,Epic,To Do,SSWUMS,SSWUMS,software,mkuperst,"Welcome to the SSWUMS Team space, led by Meridith K (Product Owner). This space includes D440 and D454 resources, as well as Sprint and Kanban work.
",,Medium,,,cwhite10,cwhite10,07/Aug/26 7:06 AM,21/Aug/26 10:45 AM,18/Sep/26 3:31 PM,,,,,,,B-Spec,,,,,,,,,,,,,,,,,,,,,,0,,,cwhite10,,,,,,,,,,,,,,0,0,,0%,0,0,,,,,,,,,,,,,,,,,,,,,,,,,,,,,,,,,,,,,,,,,,,,,SSWHW,SSWIF,SSWSW,SSWTEST,,,,,,,,,ghx-label-13,,4.c. C2S B-Spec Rev D & RVTM Rev C,To Do,,,,,,,Sprint,,,,,,,,No comments by current user.,,,,,,,SSWUMS-2196,,,,,,,,,,,,,,"1|hzwrwz:s",,,,,,,,,,,,,,,,Medium,,,,,,,,,,,,,,,,,,,,,,,,,,,,,,,,,,0.0,0.0,0.0,,,0.0,0.0,13.5,13.5,108.0,108.0,0.0,,,,,,,,
4.c. PDMS B-Spec Rev C & RVTM Rev B,SSWUMS-2197,107292,Epic,To Do,SSWUMS,SSWUMS,software,mkuperst,"Welcome to the SSWUMS Team space, led by Meridith K (Product Owner). This space includes D440 and D454 resources, as well as Sprint and Kanban work.
",,Medium,,,cwhite10,cwhite10,07/Aug/26 7:06 AM,21/Aug/26 10:44 AM,18/Sep/26 3:31 PM,,,,,,,B-Spec,,,,,,,,,,,,,,,,,,,,,,0,,,cwhite10,,,,,,,,,,,,,,0,0,,0%,0,0,,,,,,,,,,,,,,,,,,,,,,,,,,,,,,,,,,,,,,,,,,,,,SSWHW,SSWIF,SSWTEST,,,,,,,,,,ghx-label-13,,4.c. PDMS B-Spec Rev C & RVTM Rev B,To Do,,,,,,,Sprint,,,,,,,,No comments by current user.,,,,,,,SSWUMS-2196,,,,,,,,,,,,,,"1|hzwrwz:y4",,,,,,,,,,,,,,,,Medium,,,,,,,,,,,,,,,,,,,,,,,,,,,,,,,,,,0.0,0.0,0.0,,,0.0,0.0,13.0,13.0,104.0,104.0,0.0,,,,,,,,
4.c. UMS B-Specs/RVTM -  Post CDR,SSWUMS-2196,107291,Initiative,To Do,SSWUMS,SSWUMS,software,mkuperst,"Welcome to the SSWUMS Team space, led by Meridith K (Product Owner). This space includes D440 and D454 resources, as well as Sprint and Kanban work.
",,Medium,,,cwhite10,cwhite10,07/Aug/26 7:06 AM,11/Aug/26 5:25 PM,18/Sep/26 3:31 PM,,,post-CDR,,,,B-Spec,,,,,,,,,,,,,,,,,,,,,,0,,,cwhite10,,,,,,,,,,,,,,,0,,,,0,,,,,,,,,,,,,,,,,,,,,,,,,,,,,,,,,,,,,,,,,,,,,,,,,,,,,,,,,,,,,,,,,,,Sprint,,,,,,,,No comments by current user.,,,,,,,,,,,,,,,,,,,,,"1|i03q43:5i0529",,,,,,,,,,,,,,,,Medium,,,,,,,,,,,,,,,,,,,,,,,,,,,,,,,,,,0.0,0.0,0.0,,,0.0,0.0,26.5,26.5,212.0,212.0,0.0,,,,,,,,
4.c PDMS B-Spec (Post CDR),SSWUMS-2195,107290,Initiative,Cancelled,SSWUMS,SSWUMS,software,mkuperst,"Welcome to the SSWUMS Team space, led by Meridith K (Product Owner). This space includes D440 and D454 resources, as well as Sprint and Kanban work.
",,Medium,Won't Do,,cwhite10,cwhite10,07/Aug/26 7:06 AM,07/Aug/26 2:57 PM,18/Sep/26 3:31 PM,07/Aug/26 2:57 PM,,,,,,,,,,,,,,,,,,,,,,,,,,,,0,,,cwhite10,,,,,,,,,,,,,,0,0,,0%,0,0,,,,,,,,,,,,,,,,,,,,,,,,,,,,,,,,,,,,,,,,,,,,,,,,,,,,,,,,,,,,,,,,,,,Sprint,,,,,,,,No comments by current user.,,,,,,,,,,,,,,,,,,,,,"1|i05ccc:i",,,,,,,,,,,,,,,,Medium,,,,,,,,,,,,,,,,,0.0,,,,,,,,,,,,,,,,,,0.0,0.0,,0.0,,,0.0,,0.0,0.0,0.0,,,,,,,,
PLACEHOLDER _ C2S DVT Review Cycle,SSWUMS-2193,107288,Task,To Do,SSWUMS,SSWUMS,software,mkuperst,"Welcome to the SSWUMS Team space, led by Meridith K (Product Owner). This space includes D440 and D454 resources, as well as Sprint and Kanban work.
",,Medium,,cwhite10,cwhite10,cwhite10,06/Aug/26 7:16 PM,12/Aug/26 3:00 PM,18/Sep/26 3:31 PM,,,PI21,,,,DVT,,,,,,,,,,,,,,,,,,,,,,0,,,cwhite10,,,,,,,,,,,,,,172800,172800,,0%,172800,172800,,,,,,,,,,,,,,,,,,,,,,,,,,,,,,,,,,,,,,,,,,,,,SSWTEST,,,,,,,,cwhite10,,,,,SSWUMS-1409,,,In Progress,,,,,,Sprint,,,,,,,,No comments by current user.,,,,,,,,,,,,,,,,,,,,,"1|i0acy8:",,,,,,,,,,,,,,,,Medium,,,,,,,PI21 1/4/2027 - 3/24/2027,,,,,,,,,,6.0,,,,0%,01/Jun/27 12:00 AM,09/Apr/27 12:00 AM,,,,,,,,,,,,0.0,0.0,,0.0,,,0.0,,,,,,,,,,,,
PLACEHOLDER - PDMS DVT Rev (-) Review Cycle,SSWUMS-2192,107287,Task,To Do,SSWUMS,SSWUMS,software,mkuperst,"Welcome to the SSWUMS Team space, led by Meridith K (Product Owner). This space includes D440 and D454 resources, as well as Sprint and Kanban work.
",,Medium,,bchadwic,cwhite10,cwhite10,06/Aug/26 7:04 PM,12/Aug/26 3:00 PM,18/Sep/26 3:31 PM,,,,,,,DVT,,,,,,,,,,,,,,,,,,,,,,0,,,cwhite10,,,,,,,,,,,,,,158400,158400,,0%,158400,158400,,,,,,,,,,,,,,,,,,,,,,,,,,,,,,,,,,,,,,,,,,,,,SSWCYBER,SSWHW,SSWTEST,,,,,,bchadwic,,,,,SSWUMS-630,,,To Do,,,,,,Sprint,,,,,,,,No comments by current user.,,,,,,,,,,,,,,,,,,,,,"1|i0acy0:",,,,,,,,,,,,,,,,Medium,,,,,,,,,,,,,,,,,5.5,,,,0%,03/Feb/27 12:00 AM,13/Oct/26 12:00 AM,,,,,,,,,,,,0.0,0.0,,0.0,,,0.0,,,,,,,,,,,,
4.f. PDMS DVT Plans - CDR,SSWUMS-2191,107286,Initiative,To Do,SSWUMS,SSWUMS,software,mkuperst,"Welcome to the SSWUMS Team space, led by Meridith K (Product Owner). This space includes D440 and D454 resources, as well as Sprint and Kanban work.
",,Medium,,bchadwic,cwhite10,cwhite10,06/Aug/26 6:57 PM,28/Aug/26 9:27 AM,18/Sep/26 3:31 PM,,,,,,,DVT,,,,,,,,,,,,,,,,,,,,,,0,,,cwhite10,,,,,,,,,,,,,,,0,,,,0,,,,,,,,,,,,,,,,,,,,,,,,,,,,,,,,,,,,,,,,,,,,,,,,,,,,,,,,,,,,,,,,,,,Sprint,,,,,,,CDR -> 28,No comments by current user.,,,,,,,SSWSYSPM-2185,,,,,,,,,,,,,,"1|i03i1i:aq",,,,,,,,,,,,,,,,Medium,,,,,,,,,,,,,,,,,,,,,,,,,,,,,,,,,,0.0,0.0,0.0,,,0.0,0.0,5.7,5.7,45.6,45.6,0.0,,,,,,,,
4.h. Tactical TDP - AC-CCA,SSWUMS-2189,107284,Epic,To Do,SSWUMS,SSWUMS,software,mkuperst,"Welcome to the SSWUMS Team space, led by Meridith K (Product Owner). This space includes D440 and D454 resources, as well as Sprint and Kanban work.
",,Medium,,,cwhite10,cwhite10,06/Aug/26 6:33 PM,15/Sep/26 1:21 PM,18/Sep/26 3:31 PM,,,PI21,,,,C2S,GDMS CCA Development,MILESTONE,,,,,,,,,,,,,,,,,,,,0,,,cwhite10,,,,,,,,,,,,,,0,0,,0%,0,0,,,,,,,,,,,,,,,,,,,,,,,,,,,,,,,,,,,,,,,,,,,,,SSWHW,,,,,,,,,,,,ghx-label-13,,4.h. Tactical TDP - AC-CCA,To Do,,,,,,,Sprint,,,,,,,,No comments by current user.,,,,,,,SSWUMS-2185,,,,,,,,,,,,,,"1|i03q43:5i056wu",,,,,,,,,,,,,,,,Medium,,,,,,,,,,,,,,,,,,,,,0%,17/Feb/27 12:00 AM,07/Jan/27 12:00 AM,,,,,,,,,,,0.0,0.0,0.0,,,0.0,0.0,3.2,3.2,25.6,25.6,0.0,,,,,,,,
4.h. Tactical TDP - CLS-CCA,SSWUMS-2188,107283,Epic,To Do,SSWUMS,SSWUMS,software,mkuperst,"Welcome to the SSWUMS Team space, led by Meridith K (Product Owner). This space includes D440 and D454 resources, as well as Sprint and Kanban work.
",,Medium,,,cwhite10,cwhite10,06/Aug/26 6:33 PM,15/Sep/26 1:23 PM,18/Sep/26 3:31 PM,,,PI21,,,,C2S,GDMS CCA Development,MILESTONE,,,,,,,,,,,,,,,,,,,,0,,,cwhite10,,,,,,,,,,,,,,0,0,,0%,0,0,,,,,,,,,,,,,,,,,,,,,,,,,,,,,,,,,,,,,,,,,,,,,SSWHW,,,,,,,,,,,,ghx-label-13,,4.h. Tactical TDP - CLS-CCA,To Do,,,,,,,Sprint,,,,,,,,No comments by current user.,,,,,,,SSWUMS-2185,,,,,,,,,,,,,,"1|i03q43:5i056x6",,,,,,,,,,,,,,,,Medium,,,,,,,,,,,,,,,,,,,,,0%,17/Feb/27 12:00 AM,07/Jan/27 12:00 AM,,,,,,,,,,,0.0,0.0,0.0,,,0.0,0.0,3.2,3.2,25.6,25.6,0.0,,,,,,,,
4.h. Tactical TDP - S-CCA,SSWUMS-2187,107282,Epic,To Do,SSWUMS,SSWUMS,software,mkuperst,"Welcome to the SSWUMS Team space, led by Meridith K (Product Owner). This space includes D440 and D454 resources, as well as Sprint and Kanban work.
",,Medium,,cwhite10,cwhite10,cwhite10,06/Aug/26 6:33 PM,15/Sep/26 1:26 PM,18/Sep/26 3:31 PM,,,PI20,PI21,,,C2S,GDMS CCA Development,MILESTONE,,,,,,,,,,,,,,,,,,,,0,,,cwhite10,,,,,,,,,,,,,,0,0,,0%,0,0,,,,,,,,,,,,,,,,,,,,,,,,,,,,,,,,,,,,,,,,,,,,,SSWHW,,,,,,,,,,,,ghx-label-13,,4.h. Tactical TDP - S-CCA,To Do,,,,,,,Sprint,,,,,,,,No comments by current user.,,,,,,,SSWUMS-2185,,,,,,,,,,,,,,"1|i03q43:5i056xc",,,,,,,,,,,,,,,,Medium,,,,,,,,,,,,,,,,,,,,,0%,17/Mar/27 12:00 AM,04/Feb/27 12:00 AM,,,,,,,,,,,0.0,0.0,0.0,,,0.0,0.0,3.2,3.2,25.6,25.6,0.0,,,,,,,,
4.h. Tactical TDP - SS-CCA,SSWUMS-2186,107281,Epic,To Do,SSWUMS,SSWUMS,software,mkuperst,"Welcome to the SSWUMS Team space, led by Meridith K (Product Owner). This space includes D440 and D454 resources, as well as Sprint and Kanban work.
",,Medium,,cwhite10,cwhite10,cwhite10,06/Aug/26 6:33 PM,15/Sep/26 1:26 PM,18/Sep/26 3:31 PM,,,PI20,PI21,,,C2S,GDMS CCA Development,MILESTONE,,,,,,,,,,,,,,,,,,,,0,,,cwhite10,,,,,,,,,,,,,,0,0,,0%,0,0,,,,,,,,,,,,,,,,,,,,,,,,,,,,,,,,,,,,,,,,,,,,,SSWHW,,,,,,,,,,,,ghx-label-13,,4.h. Tactical TDP - SS-CCA,To Do,,,,,,,Sprint,,,,,,,,No comments by current user.,,,,,,,SSWUMS-2185,,,,,,,,,,,,,,"1|i03q43:5i056xk",,,,,,,,,,,,,,,,Medium,,,,,,,,,,,,,,,,,,,,,0%,17/Mar/27 12:00 AM,04/Feb/27 12:00 AM,,,,,,,,,,,0.0,0.0,0.0,,,0.0,0.0,3.2,3.2,25.6,25.6,0.0,,,,,,,,
4.h. Tactical CCA TDP's,SSWUMS-2185,107280,Initiative,To Do,SSWUMS,SSWUMS,software,mkuperst,"Welcome to the SSWUMS Team space, led by Meridith K (Product Owner). This space includes D440 and D454 resources, as well as Sprint and Kanban work.
",,Medium,,cwhite10,cwhite10,cwhite10,06/Aug/26 6:33 PM,11/Aug/26 5:22 PM,18/Sep/26 3:31 PM,,,,,,,GDMS CCA Development,,,,,,,,,,,,,,,,,,,,,,0,,,cwhite10,,,,,,,,,,,,,,,0,,,,0,,,,,,,,,,,,,,,,,,,,,,,,,,,,,,,,,,,,,,,,,,,,,,,,,,,,,,,,,,,,,,,,,,,Sprint,,,,,,,,No comments by current user.,,,,,,,,,,,,,,,,,,,,,"1|i03q43:5i05a",,,,,,,,,,,,,,,,Medium,,,,,,,,,,,,,,,,,,,,,,,,,,,,,,,,,,0.0,0.0,0.0,,,0.0,0.0,12.8,12.8,102.4,102.4,0.0,,,,,,,,
PLACEHOLDER - UMS SSLR RVTM Rev A Review Cycle,SSWUMS-2184,107279,Task,To Do,SSWUMS,SSWUMS,software,mkuperst,"Welcome to the SSWUMS Team space, led by Meridith K (Product Owner). This space includes D440 and D454 resources, as well as Sprint and Kanban work.
",,Medium,,mkuperst,cwhite10,cwhite10,06/Aug/26 6:24 PM,11/Aug/26 8:29 AM,18/Sep/26 3:31 PM,,,PI20,,,,UMS SSLR,,,,,,,,,,,,,,,,,,,,,,0,,,cwhite10,,,,,,,,,,,,,,28800,28800,,0%,28800,28800,,,,,,,,,,,,,,,,,,,,,,,,,,,,,,,,,,,,,,,,,,,,,,,,,,,,,mkuperst,,,,,SSWUMS-1499,,,In Progress,,,,,,Sprint,,,,,,,,No comments by current user.,,,,,,,,,,,,,,,,,,,,,"1|i0acww:",,,,,,,,,,,,,,,,Medium,,,,,,,PI20 9/23/2026 - 1/3/2027,,,,,,,,,,1.0,,,,0%,26/Feb/27 12:00 AM,30/Nov/26 12:00 AM,,,,,,,,,,,,0.0,0.0,,0.0,,,0.0,,,,,,,,,,,,
PLACEHOLDER - UMS SSLR Rev D Review Cycle,SSWUMS-2183,107278,Task,To Do,SSWUMS,SSWUMS,software,mkuperst,"Welcome to the SSWUMS Team space, led by Meridith K (Product Owner). This space includes D440 and D454 resources, as well as Sprint and Kanban work.
",,Medium,,mkuperst,cwhite10,cwhite10,06/Aug/26 6:23 PM,11/Aug/26 8:29 AM,18/Sep/26 3:31 PM,,,PI20,,,,UMS SSLR,,,,,,,,,,,,,,,,,,,,,,0,"GDMS IMS Unique ID - 8484

Placeholder for 5 reviewers (no Transmittal)",,cwhite10,,,,,,,,,,,,,,40320,40320,,0%,40320,40320,,,,,,,,,,,,,,,,,,,,,,,,,,,,,,,,,,,,,,,,,,,,,,,,,,,,,mkuperst,,,,,SSWUMS-1499,,,In Progress,,,,,,Sprint,,,,,,,,No comments by current user.,,,,,,,,,,,,,,,,,,,,,"1|i0acwo:",,,,,,,,,,,,,,,,Medium,,,,,,,PI20 9/23/2026 - 1/3/2027,,,,,,,,,,1.4,,,,0%,26/Feb/27 12:00 AM,30/Nov/26 12:00 AM,,,,,,,,,,,,0.0,0.0,,0.0,,,0.0,,,,,,,,,,,,
UMS SRDDs - Post CDR,SSWUMS-2182,106950,Initiative,Cancelled,SSWUMS,SSWUMS,software,mkuperst,"Welcome to the SSWUMS Team space, led by Meridith K (Product Owner). This space includes D440 and D454 resources, as well as Sprint and Kanban work.
",,Medium,Won't Do,mkuperst,cwhite10,cwhite10,03/Aug/26 3:41 PM,07/Aug/26 7:24 AM,18/Sep/26 3:31 PM,07/Aug/26 7:24 AM,,post-CDR,,,,SRDD,,,,,,,,,,,,,,,,,,,,,,0,,,cwhite10,,,,,,,,,,,,,,0,0,,0%,0,0,,,,,,,,,,,,,,,,,,,,,,,,,,,,,,,,,,,,,,,,,,,,,,,,,,,,,mkuperst,,,,,,,,,,,,,,Sprint,,,,,,,,No comments by current user.,,,,,,,,,,,,,,,,,,,,,"1|i0ab1k:",,,,,,,,,,,,,,,,Medium,,,,,,,,,,,,,,,,,0.0,,,,,,,,,,,,,,,,,,0.0,0.0,,0.0,,,0.0,,0.0,0.0,0.0,,,,,,,,
PLACEHOLDER - C2S B-Spec RVTM Rev A Review Cycle,SSWUMS-2181,106947,Task,To Do,SSWUMS,SSWUMS,software,mkuperst,"Welcome to the SSWUMS Team space, led by Meridith K (Product Owner). This space includes D440 and D454 resources, as well as Sprint and Kanban work.
",,Medium,,cwhite10,cwhite10,cwhite10,03/Aug/26 12:29 PM,17/Aug/26 10:53 AM,18/Sep/26 3:31 PM,,,PI20,PI21,,,B-Spec,,,,,,,,,,,,,,,,,,,,,05/Mar/27 12:00 AM,0,GDMS IMS Unique ID: 8368,,cwhite10,,,,,,,,,,,,,,57600,57600,,0%,57600,57600,,,,,,,,,,,,,,,,,,,,,,,,,,,,,,,,,,,,,,,,,,,,,SSWHW,SSWIF,SSWSW,SSWTEST,,,,,cwhite10,,,05/Mar/27 12:00 AM,,SSWUMS-926,,,In Progress,,,,,,Sprint,,,,,,,,No comments by current user.,,,,,,,,,,,,,,,,,,,,,"1|i0ab1c:",,,,,,,,,,,,,,,,Medium,,,,,,,,,,,,,,,,,2.0,,,,0%,05/Mar/27 12:00 AM,07/Dec/26 12:00 AM,,,,,,,,,,,,0.0,0.0,,0.0,,,0.0,,,,,,,,,,,,
PLACEHOLDER - C2S B-Spec Rev C Review Cycle,SSWUMS-2180,106946,Task,To Do,SSWUMS,SSWUMS,software,mkuperst,"Welcome to the SSWUMS Team space, led by Meridith K (Product Owner). This space includes D440 and D454 resources, as well as Sprint and Kanban work.
",,Medium,,cwhite10,cwhite10,cwhite10,03/Aug/26 12:28 PM,17/Aug/26 10:53 AM,18/Sep/26 3:31 PM,,,PI20,PI21,,,B-Spec,,,,,,,,,,,,,,,,,,,,,05/Mar/27 12:00 AM,0,GDMS IMS Unique ID: 8360,,cwhite10,,,,,,,,,,,,,,86400,86400,,0%,86400,86400,,,,,,,,,,,,,,,,,,,,,,,,,,,,,,,,,,,,,,,,,,,,,SSWHW,SSWIF,SSWSW,SSWTEST,,,,,cwhite10,,,05/Mar/27 12:00 AM,,SSWUMS-926,,,In Progress,,,,,,Sprint,,,,,,,,No comments by current user.,,,,,,,,,,,,,,,,,,,,,"1|i0ab14:",,,,,,,,,,,,,,,,Medium,,,,,,,,,,,,,,,,,3.0,,,,0%,05/Mar/27 12:00 AM,07/Dec/26 12:00 AM,,,,,,,,,,,,0.0,0.0,,0.0,,,0.0,,,,,,,,,,,,
1.b. LBTF - PI30,SSWUMS-2179,106945,Epic,Cancelled,SSWUMS,SSWUMS,software,mkuperst,"Welcome to the SSWUMS Team space, led by Meridith K (Product Owner). This space includes D440 and D454 resources, as well as Sprint and Kanban work.
",,Medium,Won't Do,cwhite10,cwhite10,cwhite10,03/Aug/26 12:18 PM,07/Aug/26 4:34 PM,18/Sep/26 3:31 PM,07/Aug/26 4:34 PM,,,,,,,,,,,,,,,,,,,,,,,,,,,,0,,,cwhite10,,,,,,,,,,,,,,0,0,,0%,0,0,,,,,,,,,,,,,,,,,,,,,,,,,,,,,,,,,,,,,,,,,,,,,,,,,,,,,,,,,ghx-label-3,,1.b. LBTF - PI30,Done,,,,,,,Sprint,,,,,,,,No comments by current user.,,,,,,,SSWUMS-564,,,,,,,,,,,,,,"1|i0ab0w:",,,,,,,,,,,,,,,,Medium,,,,,,,,,,,,,,,,,0.0,,,,,,,,,,,,,,,,,,0.0,0.0,,0.0,,,0.0,,0.0,0.0,0.0,,,,,,,,
1.b. LBTF - PI29,SSWUMS-2178,106944,Epic,Cancelled,SSWUMS,SSWUMS,software,mkuperst,"Welcome to the SSWUMS Team space, led by Meridith K (Product Owner). This space includes D440 and D454 resources, as well as Sprint and Kanban work.
",,Medium,Won't Do,cwhite10,cwhite10,cwhite10,03/Aug/26 12:18 PM,07/Aug/26 4:34 PM,18/Sep/26 3:31 PM,07/Aug/26 4:34 PM,,,,,,,,,,,,,,,,,,,,,,,,,,,,0,,,cwhite10,,,,,,,,,,,,,,0,0,,0%,0,0,,,,,,,,,,,,,,,,,,,,,,,,,,,,,,,,,,,,,,,,,,,,,,,,,,,,,,,,,ghx-label-3,,1.b. LBTF - PI29,Done,,,,,,,Sprint,,,,,,,,No comments by current user.,,,,,,,SSWUMS-564,,,,,,,,,,,,,,"1|i0ab0o:",,,,,,,,,,,,,,,,Medium,,,,,,,,,,,,,,,,,0.0,,,,,,,,,,,,,,,,,,0.0,0.0,,0.0,,,0.0,,0.0,0.0,0.0,,,,,,,,
1.b. LBTF - PI28,SSWUMS-2177,106943,Epic,Cancelled,SSWUMS,SSWUMS,software,mkuperst,"Welcome to the SSWUMS Team space, led by Meridith K (Product Owner). This space includes D440 and D454 resources, as well as Sprint and Kanban work.
",,Medium,Won't Do,cwhite10,cwhite10,cwhite10,03/Aug/26 12:17 PM,07/Aug/26 4:34 PM,18/Sep/26 3:31 PM,07/Aug/26 4:34 PM,,,,,,,,,,,,,,,,,,,,,,,,,,,,0,,,cwhite10,,,,,,,,,,,,,,0,0,,0%,0,0,,,,,,,,,,,,,,,,,,,,,,,,,,,,,,,,,,,,,,,,,,,,,,,,,,,,,,,,,ghx-label-3,,1.b. LBTF - PI28,Done,,,,,,,Sprint,,,,,,,,No comments by current user.,,,,,,,SSWUMS-564,,,,,,,,,,,,,,"1|i0ab0g:",,,,,,,,,,,,,,,,Medium,,,,,,,,,,,,,,,,,0.0,,,,,,,,,,,,,,,,,,0.0,0.0,,0.0,,,0.0,,0.0,0.0,0.0,,,,,,,,
1.b. LBTF - PI27,SSWUMS-2176,106942,Epic,Cancelled,SSWUMS,SSWUMS,software,mkuperst,"Welcome to the SSWUMS Team space, led by Meridith K (Product Owner). This space includes D440 and D454 resources, as well as Sprint and Kanban work.
",,Medium,Won't Do,cwhite10,cwhite10,cwhite10,03/Aug/26 12:17 PM,07/Aug/26 4:34 PM,18/Sep/26 3:31 PM,07/Aug/26 4:34 PM,,,,,,,,,,,,,,,,,,,,,,,,,,,,0,,,cwhite10,,,,,,,,,,,,,,0,0,,0%,0,0,,,,,,,,,,,,,,,,,,,,,,,,,,,,,,,,,,,,,,,,,,,,,,,,,,,,,,,,,ghx-label-3,,1.b. LBTF - PI27,Done,,,,,,,Sprint,,,,,,,,No comments by current user.,,,,,,,SSWUMS-564,,,,,,,,,,,,,,"1|i0ab08:",,,,,,,,,,,,,,,,Medium,,,,,,,,,,,,,,,,,0.0,,,,,,,,,,,,,,,,,,0.0,0.0,,0.0,,,0.0,,0.0,0.0,0.0,,,,,,,,
1.b. LBTF - PI26,SSWUMS-2175,106941,Epic,Cancelled,SSWUMS,SSWUMS,software,mkuperst,"Welcome to the SSWUMS Team space, led by Meridith K (Product Owner). This space includes D440 and D454 resources, as well as Sprint and Kanban work.
",,Medium,Won't Do,cwhite10,cwhite10,cwhite10,03/Aug/26 12:17 PM,07/Aug/26 4:36 PM,18/Sep/26 3:31 PM,07/Aug/26 4:36 PM,,,,,,,,,,,,,,,,,,,,,,,,,,,,0,,,cwhite10,,,,,,,,,,,,,,0,0,,0%,0,0,,,,,,,,,,,,,,,,,,,,,,,,,,,,,,,,,,,,,,,,,,,,,,,,,,,,,,,,,ghx-label-3,,1.b. LBTF - PI26,Done,,,,,,,Sprint,,,,,,,,No comments by current user.,,,,,,,SSWUMS-564,,,,,,,,,,,,,,"1|i0ab00:",,,,,,,,,,,,,,,,Medium,,,,,,,,,,,,,,,,,0.0,,,,,,,,,,,,,,,,,,0.0,0.0,,0.0,,,0.0,,0.0,0.0,0.0,,,,,,,,
1.b. LBTF - PI25,SSWUMS-2174,106940,Epic,Cancelled,SSWUMS,SSWUMS,software,mkuperst,"Welcome to the SSWUMS Team space, led by Meridith K (Product Owner). This space includes D440 and D454 resources, as well as Sprint and Kanban work.
",,Medium,Won't Do,cwhite10,cwhite10,cwhite10,03/Aug/26 12:17 PM,07/Aug/26 4:36 PM,18/Sep/26 3:31 PM,07/Aug/26 4:36 PM,,,,,,,,,,,,,,,,,,,,,,,,,,,,0,,,cwhite10,,,,,,,,,,,,,,0,0,,0%,0,0,,,,,,,,,,,,,,,,,,,,,,,,,,,,,,,,,,,,,,,,,,,,,,,,,,,,,,,,,ghx-label-3,,1.b. LBTF - PI25,Done,,,,,,,Sprint,,,,,,,,No comments by current user.,,,,,,,SSWUMS-564,,,,,,,,,,,,,,"1|i0aazs:",,,,,,,,,,,,,,,,Medium,,,,,,,,,,,,,,,,,0.0,,,,,,,,,,,,,,,,,,0.0,0.0,,0.0,,,0.0,,0.0,0.0,0.0,,,,,,,,
1.b. LBTF - PI24,SSWUMS-2173,106939,Epic,Cancelled,SSWUMS,SSWUMS,software,mkuperst,"Welcome to the SSWUMS Team space, led by Meridith K (Product Owner). This space includes D440 and D454 resources, as well as Sprint and Kanban work.
",,Medium,Won't Do,cwhite10,cwhite10,cwhite10,03/Aug/26 12:17 PM,07/Aug/26 4:35 PM,18/Sep/26 3:31 PM,07/Aug/26 4:35 PM,,,,,,,,,,,,,,,,,,,,,,,,,,,,0,,,cwhite10,,,,,,,,,,,,,,0,0,,0%,0,0,,,,,,,,,,,,,,,,,,,,,,,,,,,,,,,,,,,,,,,,,,,,,,,,,,,,,,,,,ghx-label-3,,1.b. LBTF - PI24,Done,,,,,,,Sprint,,,,,,,,No comments by current user.,,,,,,,SSWUMS-564,,,,,,,,,,,,,,"1|i0aazk:",,,,,,,,,,,,,,,,Medium,,,,,,,,,,,,,,,,,0.0,,,,,,,,,,,,,,,,,,0.0,0.0,,0.0,,,0.0,,0.0,0.0,0.0,,,,,,,,
1.b. LBTF - PI23,SSWUMS-2172,106938,Epic,Cancelled,SSWUMS,SSWUMS,software,mkuperst,"Welcome to the SSWUMS Team space, led by Meridith K (Product Owner). This space includes D440 and D454 resources, as well as Sprint and Kanban work.
",,Medium,Won't Do,cwhite10,cwhite10,cwhite10,03/Aug/26 12:16 PM,07/Aug/26 4:35 PM,18/Sep/26 3:31 PM,07/Aug/26 4:35 PM,,,,,,,,,,,,,,,,,,,,,,,,,,,,0,,,cwhite10,,,,,,,,,,,,,,0,0,,0%,0,0,,,,,,,,,,,,,,,,,,,,,,,,,,,,,,,,,,,,,,,,,,,,,,,,,,,,,,,,,ghx-label-3,,1.b. LBTF - PI23,Done,,,,,,,Sprint,,,,,,,,No comments by current user.,,,,,,,SSWUMS-564,,,,,,,,,,,,,,"1|i0aazc:",,,,,,,,,,,,,,,,Medium,,,,,,,,,,,,,,,,,0.0,,,,,,,,,,,,,,,,,,0.0,0.0,,0.0,,,0.0,,0.0,0.0,0.0,,,,,,,,
1.b. LBTF - PI22,SSWUMS-2171,106937,Epic,Cancelled,SSWUMS,SSWUMS,software,mkuperst,"Welcome to the SSWUMS Team space, led by Meridith K (Product Owner). This space includes D440 and D454 resources, as well as Sprint and Kanban work.
",,Medium,Won't Do,cwhite10,cwhite10,cwhite10,03/Aug/26 12:15 PM,07/Aug/26 4:35 PM,18/Sep/26 3:31 PM,07/Aug/26 4:35 PM,,,,,,,,,,,,,,,,,,,,,,,,,,,,0,,,cwhite10,,,,,,,,,,,,,,0,0,,0%,0,0,,,,,,,,,,,,,,,,,,,,,,,,,,,,,,,,,,,,,,,,,,,,,,,,,,,,,,,,,ghx-label-3,,1.b. LBTF - PI22,Done,,,,,,,Sprint,,,,,,,,No comments by current user.,,,,,,,SSWUMS-564,,,,,,,,,,,,,,"1|i0aaz4:",,,,,,,,,,,,,,,,Medium,,,,,,,,,,,,,,,,,0.0,,,,,,,,,,,,,,,,,,0.0,0.0,,0.0,,,0.0,,0.0,0.0,0.0,,,,,,,,
1.a. UMS Tasking - PI30,SSWUMS-2170,106934,Epic,To Do,SSWUMS,SSWUMS,software,mkuperst,"Welcome to the SSWUMS Team space, led by Meridith K (Product Owner). This space includes D440 and D454 resources, as well as Sprint and Kanban work.
",,Medium,,mkuperst,cwhite10,cwhite10,03/Aug/26 11:46 AM,28/Aug/26 11:29 AM,18/Sep/26 3:31 PM,,,PI30,,,,EB PI,GDMS IMS,GDMS PI,,,,,,,,,,,,,,,,,,,,0,,,cwhite10,,,,,,,,,,,,,,0,0,,0%,0,0,,,,,,,,,,,,,,,,,,,,,,,,,,,,,,,,,,,,,,,,,,,,,,,,,,,,,,,,,ghx-label-3,,1.a. UMS Tasking - PI30,To Do,,,,,,,Sprint,,,,,,,,No comments by current user.,,,,,,,SSWUMS-567,,,,,,,,,,,,,,"1|hzwrwy:i",,,,,,,,,,,,,,,,Medium,,,,,,,,,,,,,,,,,,,,,0%,27/Jun/29 12:00 AM,21/Mar/29 12:00 AM,,,,,,,,,,,0.0,0.0,0.0,,,0.0,0.0,12.5,12.5,100.0,100.0,0.0,,,,,,,,
1.a. UMS Tasking - PI29,SSWUMS-2169,106933,Epic,To Do,SSWUMS,SSWUMS,software,mkuperst,"Welcome to the SSWUMS Team space, led by Meridith K (Product Owner). This space includes D440 and D454 resources, as well as Sprint and Kanban work.
",,Medium,,mkuperst,cwhite10,cwhite10,03/Aug/26 11:46 AM,28/Aug/26 11:29 AM,18/Sep/26 3:31 PM,,,PI29,,,,EB PI,GDMS IMS,GDMS PI,,,,,,,,,,,,,,,,,,,,0,,,cwhite10,,,,,,,,,,,,,,0,0,,0%,0,0,,,,,,,,,,,,,,,,,,,,,,,,,,,,,,,,,,,,,,,,,,,,,,,,,,,,,,,,,ghx-label-3,,1.a. UMS Tasking - PI29,To Do,,,,,,,Sprint,,,,,,,,No comments by current user.,,,,,,,SSWUMS-567,,,,,,,,,,,,,,"1|hzwrwy:d",,,,,,,,,,,,,,,,Medium,,,,,,,,,,,,,,,,,,,,,0%,21/Mar/29 12:00 AM,02/Jan/29 12:00 AM,,,,,,,,,,,0.0,0.0,0.0,,,0.0,0.0,12.5,12.5,100.0,100.0,0.0,,,,,,,,
1.a. UMS Tasking - PI28,SSWUMS-2168,106932,Epic,To Do,SSWUMS,SSWUMS,software,mkuperst,"Welcome to the SSWUMS Team space, led by Meridith K (Product Owner). This space includes D440 and D454 resources, as well as Sprint and Kanban work.
",,Medium,,mkuperst,cwhite10,cwhite10,03/Aug/26 11:46 AM,28/Aug/26 11:29 AM,18/Sep/26 3:31 PM,,,PI28,,,,EB PI,GDMS IMS,GDMS PI,,,,,,,,,,,,,,,,,,,,0,,,cwhite10,,,,,,,,,,,,,,0,0,,0%,0,0,,,,,,,,,,,,,,,,,,,,,,,,,,,,,,,,,,,,,,,,,,,,,,,,,,,,,,,,,ghx-label-3,,1.a. UMS Tasking - PI28,To Do,,,,,,,Sprint,,,,,,,,No comments by current user.,,,,,,,SSWUMS-567,,,,,,,,,,,,,,"1|hzwrwy:bi",,,,,,,,,,,,,,,,Medium,,,,,,,,,,,,,,,,,,,,,0%,22/Dec/28 12:00 AM,20/Sep/28 12:00 AM,,,,,,,,,,,0.0,0.0,0.0,,,0.0,0.0,12.5,12.5,100.0,100.0,0.0,,,,,,,,
1.a. UMS Tasking - PI27,SSWUMS-2167,106931,Epic,To Do,SSWUMS,SSWUMS,software,mkuperst,"Welcome to the SSWUMS Team space, led by Meridith K (Product Owner). This space includes D440 and D454 resources, as well as Sprint and Kanban work.
",,Medium,,mkuperst,cwhite10,cwhite10,03/Aug/26 11:45 AM,28/Aug/26 11:28 AM,18/Sep/26 3:31 PM,,,PI27,,,,EB PI,GDMS IMS,GDMS PI,,,,,,,,,,,,,,,,,,,,0,,,cwhite10,,,,,,,,,,,,,,0,0,,0%,0,0,,,,,,,,,,,,,,,,,,,,,,,,,,,,,,,,,,,,,,,,,,,,,,,,,,,,,,,,,ghx-label-3,,1.a. UMS Tasking - PI27,To Do,,,,,,,Sprint,,,,,,,,No comments by current user.,,,,,,,SSWUMS-567,,,,,,,,,,,,,,"1|hzwrwy:ai",,,,,,,,,,,,,,,,Medium,,,,,,,,,,,,,,,,,,,,,0%,20/Sep/28 12:00 AM,28/Jun/28 12:00 AM,,,,,,,,,,,0.0,0.0,0.0,,,0.0,0.0,12.5,12.5,100.0,100.0,0.0,,,,,,,,
1.a. UMS Tasking - PI26,SSWUMS-2166,106930,Epic,To Do,SSWUMS,SSWUMS,software,mkuperst,"Welcome to the SSWUMS Team space, led by Meridith K (Product Owner). This space includes D440 and D454 resources, as well as Sprint and Kanban work.
",,Medium,,mkuperst,cwhite10,cwhite10,03/Aug/26 11:45 AM,28/Aug/26 11:28 AM,18/Sep/26 3:31 PM,,,PI26,,,,EB PI,GDMS IMS,GDMS PI,,,,,,,,,,,,,,,,,,,,0,,,cwhite10,,,,,,,,,,,,,,0,0,,0%,0,0,,,,,,,,,,,,,,,,,,,,,,,,,,,,,,,,,,,,,,,,,,,,,,,,,,,,,,,,,ghx-label-3,,1.a. UMS Tasking - PI26,To Do,,,,,,,Sprint,,,,,,,,No comments by current user.,,,,,,,SSWUMS-567,,,,,,,,,,,,,,"1|hzwrwy:9i",,,,,,,,,,,,,,,,Medium,,,,,,,,,,,,,,,,,,,,,0%,28/Jun/28 12:00 AM,22/Mar/28 12:00 AM,,,,,,,,,,,0.0,0.0,0.0,,,0.0,0.0,12.5,12.5,100.0,100.0,0.0,,,,,,,,
1.a. UMS Tasking - PI25,SSWUMS-2165,106929,Epic,To Do,SSWUMS,SSWUMS,software,mkuperst,"Welcome to the SSWUMS Team space, led by Meridith K (Product Owner). This space includes D440 and D454 resources, as well as Sprint and Kanban work.
",,Medium,,mkuperst,cwhite10,cwhite10,03/Aug/26 11:44 AM,17/Aug/26 11:17 AM,18/Sep/26 3:31 PM,,,PI25,,,,EB PI,GDMS IMS,GDMS PI,,,,,,,,,,,,,,,,,,,,0,,,cwhite10,,,,,,,,,,,,,,0,0,,0%,0,0,,,,,,,,,,,,,,,,,,,,,,,,,,,,,,,,,,,,,,,,,,,,,,,,,,,,,,,,,ghx-label-3,,1.a. UMS Tasking - PI25,To Do,,,,,,,Sprint,,,,,,,,No comments by current user.,,,,,,,SSWUMS-567,,,,,,,,,,,,,,"1|hzwrwy:8",,,,,,,,,,,,,,,,Medium,,,,,,,,,,,,,,,,,,,,,0%,22/Mar/28 12:00 AM,03/Jan/28 12:00 AM,,,,,,,,,,,0.0,0.0,0.0,,,0.0,0.0,12.5,12.5,100.0,100.0,0.0,,,,,,,,
1.a. UMS Tasking - PI24,SSWUMS-2164,106928,Epic,To Do,SSWUMS,SSWUMS,software,mkuperst,"Welcome to the SSWUMS Team space, led by Meridith K (Product Owner). This space includes D440 and D454 resources, as well as Sprint and Kanban work.
",,Medium,,mkuperst,cwhite10,cwhite10,03/Aug/26 11:44 AM,17/Aug/26 11:17 AM,18/Sep/26 3:31 PM,,,PI24,,,,EB PI,GDMS IMS,GDMS PI,,,,,,,,,,,,,,,,,,,,0,,,cwhite10,,,,,,,,,,,,,,0,0,,0%,0,0,,,,,,,,,,,,,,,,,,,,,,,,,,,,,,,,,,,,,,,,,,,,,,,,,,,,,,,,,ghx-label-3,,1.a. UMS Tasking - PI24,To Do,,,,,,,Sprint,,,,,,,,No comments by current user.,,,,,,,SSWUMS-567,,,,,,,,,,,,,,"1|hzwrwy:6i",,,,,,,,,,,,,,,,Medium,,,,,,,,,,,,,,,,,,,,,0%,23/Dec/27 12:00 AM,22/Sep/27 12:00 AM,,,,,,,,,,,0.0,0.0,0.0,,,0.0,0.0,12.5,12.5,100.0,100.0,0.0,,,,,,,,
SSN812-CYBER-SSS-001 PI 19 Release Leads Review Adj,SSWUMS-2163,106927,Task,To Do,SSWUMS,SSWUMS,software,mkuperst,"Welcome to the SSWUMS Team space, led by Meridith K (Product Owner). This space includes D440 and D454 resources, as well as Sprint and Kanban work.
",,Medium,,mkuperst,cwhite10,cwhite10,03/Aug/26 11:37 AM,11/Aug/26 4:07 PM,18/Sep/26 3:31 PM,,,PI20,,,,SSS - CYBER,,,,,,,,,,,,,,,,,,,,,14/Oct/26 12:00 AM,0,,,cwhite10,,,,,,,,,,,,,,14400,14400,,0%,14400,14400,,,,,,,,,,,,,,,,,,,,,,,,,,,,,,,,,,,,,,,,,dcatapan,,,,,,,,,,,SSWCYBER,mkuperst,,,14/Oct/26 12:00 AM,,SSWUMS-1359,,,To Do,,,,,,Sprint,,,,,,,,No comments by current user.,,,,,,,,,,,,,,,,,,,,,"1|i0aax4:",,,,,,,,,,,,,,,,Medium,,,,,,,PI20 9/23/2026 - 1/3/2027,,,,,,,,,,0.5,,,,0%,14/Oct/26 12:00 AM,07/Oct/26 12:00 AM,,,,,,,,,,,,0.0,0.0,,0.0,,,0.0,,,,,,,,,,,,
SSN812-CYBER-SSS-001 PI 19 Release Leads Review,SSWUMS-2162,106926,Task,To Do,SSWUMS,SSWUMS,software,mkuperst,"Welcome to the SSWUMS Team space, led by Meridith K (Product Owner). This space includes D440 and D454 resources, as well as Sprint and Kanban work.
",,Medium,,mkuperst,cwhite10,cwhite10,03/Aug/26 11:35 AM,11/Aug/26 4:08 PM,18/Sep/26 3:31 PM,,,PI20,,,,SSS - CYBER,,,,,,,,,,,,,,,,,,,,,06/Oct/26 12:00 AM,0,,,cwhite10,,,,,,,,,,,,,,14400,14400,,0%,14400,14400,,,,,,,,,,,,,,,,,,,,,,,,,,,,,,,,,,,,,,,,,dcatapan,,,,,,,,,,,SSWCYBER,mkuperst,,,06/Oct/26 12:00 AM,,SSWUMS-1359,,,To Do,,,,,,Sprint,,,,,,,,No comments by current user.,,,,,,,,,,,,,,,,,,,,,"1|i0aaww:",,,,,,,,,,,,,,,,Medium,,,,,,,PI20 9/23/2026 - 1/3/2027,,,,,,,,,,0.5,,,,0%,06/Oct/26 12:00 AM,23/Sep/26 12:00 AM,,,,,,,,,,,,0.0,0.0,,0.0,,,0.0,,,,,,,,,,,,
C-CCA HRS Test Plan Leads Review,SSWUMS-2161,106864,Task,To Do,SSWUMS,SSWUMS,software,mkuperst,"Welcome to the SSWUMS Team space, led by Meridith K (Product Owner). This space includes D440 and D454 resources, as well as Sprint and Kanban work.
",,Medium,,cwhite10,cwhite10,cwhite10,30/Jul/26 12:25 PM,15/Sep/26 11:48 AM,18/Sep/26 3:31 PM,,,PI20,,,,GDMS CCA Development,HRS,UMS System Test Plan,,,,,,,,,,,,,,,,,,,21/Oct/26 12:00 AM,0,,,cwhite10,,,,,,,,,,,,,,72000,72000,,0%,72000,72000,,,,,,,,,,SSWUMS-2390,,SSWUMS-2125,,,,,,,,,,,,,,,,,,,,,,,,,,,,,,,,,SSWHW,SSWIF,SSWTEST,,,,,,cwhite10,,,21/Oct/26 12:00 AM,,SSWUMS-2273,,,In Progress,,,,,,Sprint,,,,,,,,No comments by current user.,,,,,,,,,,,,,,,,,,,,,"1|i0acxp:k",,,,,,,,,,,,,,,,Medium,,,,,,,PI20 9/23/2026 - 1/3/2027,,,,,,,,,,2.5,,,,0%,21/Oct/26 12:00 AM,08/Oct/26 12:00 AM,,,,,,,,,,,,0.0,0.0,,0.0,,,0.0,,,,,,,,,,,,
HMI IPT PI 19 Quartey Drop Review Adj.,SSWUMS-2160,106598,Task,Selected For Development,SSWUMS,SSWUMS,software,mkuperst,"Welcome to the SSWUMS Team space, led by Meridith K (Product Owner). This space includes D440 and D454 resources, as well as Sprint and Kanban work.
",,Medium,,mkuperst,cwhite10,cwhite10,27/Jul/26 2:27 PM,08/Sep/26 12:21 PM,18/Sep/26 3:31 PM,,PI19,PI19,,,,HMI Requirements Spec,,,,,,,,,,,,,,,,,,,,,24/Sep/26 12:00 AM,0,GDMS IMS ID: 8424,,cwhite10,,,,,,,,,,,,,,5760,5760,,0%,5760,5760,,,,,,,,,,,,SSWUMS-2105,,,,,,,,,,,,,,,,,,,,,,,,,,,,,,,,,,,,,,,,,mkuperst,,,24/Sep/26 12:00 AM,,SSWUMS-1358,,,In Progress,,,,,,Sprint,,,,,,,,No comments by current user.,,,,,,,,,,,,,,,,,,,,,"1|i0a9co:",,,,,,,,,,,,,,,,Medium,,,,,,,PI19 7/1/2026 - 9/23/2026,,,,,,,,,,0.2,,,,83%,23/Sep/26 12:00 AM,27/Aug/26 12:00 AM,,,,,,,,,,,,0.0,0.0,,0.0,,,0.0,,,,,,,,,,,,
Switch VIR Disposition ,SSWUMS-2157,105844,Task,Done,SSWUMS,SSWUMS,software,mkuperst,"Welcome to the SSWUMS Team space, led by Meridith K (Product Owner). This space includes D440 and D454 resources, as well as Sprint and Kanban work.
",,Medium,Done,mdobrzan,mdobrzan,mdobrzan,14/Jul/26 8:36 AM,03/Aug/26 7:42 AM,18/Sep/26 3:31 PM,03/Aug/26 7:42 AM,,PI19,,,,PDMS,VIR,,,,,,,,,,,,,,,,,,,,31/Jul/26 12:00 AM,0,,,mdobrzan,,,,,";14/Jul/26 8:42 AM;mdobrzan;7200",";03/Aug/26 7:42 AM;cwhite10;28800",,,,,,,,20160,0,36000,178%,20160,0,36000,,,,,,,,,,,,,,,,,,,,,,,,,,,,,,,,,,,,,,,,bchadwic,,,,,,,,,,,,mdobrzan,,,24/Jul/26 12:00 AM,,SSWUMS-980,,,In Progress,,,,,,Sprint,,,,,,,,No comments by current user.,,,,,,,,,,,,,,,,,,,,,"1|i0a5no:",,,,,,,,,,,,,,,,Medium,,,,,,,PI19 7/1/2026 - 9/23/2026,,,,,,,,,,0.7,,,,100%,31/Jul/26 12:00 AM,28/Jul/26 12:00 AM,,,,,,,,,,,,0.0,0.0,,0.0,,,0.0,,,,,,,,,,,,
LED VIR Disposition ,SSWUMS-2156,105843,Task,Done,SSWUMS,SSWUMS,software,mkuperst,"Welcome to the SSWUMS Team space, led by Meridith K (Product Owner). This space includes D440 and D454 resources, as well as Sprint and Kanban work.
",,Medium,Done,mdobrzan,mdobrzan,mdobrzan,14/Jul/26 8:35 AM,03/Aug/26 7:42 AM,18/Sep/26 3:31 PM,03/Aug/26 7:42 AM,,PI19,,,,PDMS,VIR,,,,,,,,,,,,,,,,,,,,27/Jul/26 12:00 AM,0,,,mdobrzan,,,,,";14/Jul/26 8:41 AM;mdobrzan;7200",";03/Aug/26 7:42 AM;cwhite10;28800",,,,,,,,20160,0,36000,178%,20160,0,36000,,,,,,,,,,,,,,,,,,,,,,,,,,,,,,,,,,,,,,,,bchadwic,,,,,,,,,,,,mdobrzan,,,24/Jul/26 12:00 AM,,SSWUMS-980,,,In Progress,,,,,,Sprint,,,,,,,,No comments by current user.,,,,,,,,,,,,,,,,,,,,,"1|i0a5ng:",,,,,,,,,,,,,,,,Medium,,,,,,,PI19 7/1/2026 - 9/23/2026,,,,,,,,,,0.7,,,,100%,27/Jul/26 12:00 AM,22/Jul/26 12:00 AM,,,,,,,,,,,,0.0,0.0,,0.0,,,0.0,,,,,,,,,,,,
Compensator Oil VIR Disposition,SSWUMS-2155,105842,Task,Done,SSWUMS,SSWUMS,software,mkuperst,"Welcome to the SSWUMS Team space, led by Meridith K (Product Owner). This space includes D440 and D454 resources, as well as Sprint and Kanban work.
",,Medium,Done,mdobrzan,mdobrzan,mdobrzan,14/Jul/26 8:28 AM,18/Aug/26 12:14 PM,18/Sep/26 3:31 PM,18/Aug/26 12:14 PM,,PI19,,,,PDMS,VIR,,,,,,,,,,,,,,,,,,,,,0,,,bchadwic,mdobrzan,,,,";14/Jul/26 8:41 AM;mdobrzan;28800","Initial VIR Disposition was written and conversations with D413 revealed that a letter needs to be written to seek NAVSEA approval of the compensator oil for use on the platform.;18/Aug/26 12:14 PM;bchadwic;7200",,,,,,,,20160,0,36000,178%,20160,0,36000,,,,,,,,,,,,,,,,,,,,,,,,,,,,,,,,,,,,,,,,bchadwic,,,,,,,,,,,,mdobrzan,,,20/Jul/26 12:00 AM,,SSWUMS-980,,,In Progress,,,,,,Sprint,,,,,"Posted on: Tue Aug 18 12:14:34 EDT 2026
Initial VIR Disposition was written and conversations with D413 revealed that a letter needs to be written to seek NAVSEA approval of the compensator oil for use on the platform.",,,No comments by current user.,,,,,,,,,,,,,,,,,,,,,"1|i0a5n8:",,,,,,,,,,,,,,,,Medium,,,,,,,PI19 7/1/2026 - 9/23/2026,,,,,,,,,,0.7,,,,,21/Jul/26 12:00 AM,,,,,,,,,,,,,0.0,0.0,,0.0,,,0.0,,,,,"18/Aug/26 12:14 PM;bchadwic;Initial VIR Disposition was written and conversations with D413 revealed that a letter needs to be written to seek NAVSEA approval of the compensator oil for use on the platform.;;;",,,,,,,
SOW Leads Review Adj,SSWUMS-2148,105819,Task,To Do,SSWUMS,SSWUMS,software,mkuperst,"Welcome to the SSWUMS Team space, led by Meridith K (Product Owner). This space includes D440 and D454 resources, as well as Sprint and Kanban work.
",,Medium,,mkuperst,cwhite10,cwhite10,13/Jul/26 12:45 PM,14/Sep/26 2:16 PM,18/Sep/26 3:31 PM,,,PI20,,,,GDMS SOW,,,,,,,,,,,,,,,,,,,,,05/Aug/26 12:00 AM,0,,,cwhite10,mkuperst,,,,,,,,,,,,,14400,14400,,0%,14400,14400,,,,,,,,,,,,SSWUMS-2147,,,,,,,,,,,,,,,,,,,,,,,,,,,,,,,,,,,,,,,,,mkuperst,,,,,SSWUMS-2407,,,To Do,,,,,,Sprint,,,,,"Posted on: Tue Aug 25 10:08:08 EDT 2026
SOW dev and review cycle being reworked",,,No comments by current user.,,,,,,,,,,,,,,,,,,,,,"1|hzwrwz:li",,,,,,,,,,,,,,,,Medium,,,,,,,PI20 9/23/2026 - 1/3/2027,,,,,,,,,,0.5,,,,,,,,,,,,,,,,,,0.0,0.0,,0.0,,,0.0,,,,,"25/Aug/26 10:08 AM;mkuperst;SOW dev and review cycle being reworked;;;",,,,,,,
SOW Leads Review,SSWUMS-2147,105818,Task,To Do,SSWUMS,SSWUMS,software,mkuperst,"Welcome to the SSWUMS Team space, led by Meridith K (Product Owner). This space includes D440 and D454 resources, as well as Sprint and Kanban work.
",,Medium,,mkuperst,cwhite10,cwhite10,13/Jul/26 12:45 PM,14/Sep/26 2:16 PM,18/Sep/26 3:31 PM,,,PI20,,,,GDMS SOW,,,,,,,,,,,,,,,,,,,,,31/Aug/26 12:00 AM,0,,,cwhite10,mkuperst,,,,,,,,,,,,,14400,14400,,0%,14400,14400,,,,,,,,,,SSWUMS-2148,,,,,,,,,,,,,,,,,,,,,,,,,,,,,,,,,,,,,,,,,,,mkuperst,,,,,SSWUMS-2407,,,To Do,,,,,,Sprint,,,,,"Posted on: Mon Sep 14 14:14:26 EDT 2026
Expected to start end of October",,,No comments by current user.,,,,,,,,,,,,,,,,,,,,,"1|hzwrwz:kr",,,,,,,,,,,,,,,,Medium,,,,,,,PI20 9/23/2026 - 1/3/2027,,,,,,,,,,0.5,,,,,,,,,,,,,,,,,,0.0,0.0,,0.0,,,0.0,,,,,"25/Aug/26 10:07 AM;mkuperst;SOW dev and review cycle being reworked;;;","14/Sep/26 2:14 PM;cwhite10;Expected to start end of October;;;",,,,,,
SSW Lead Engineers Weekly Update slides (07/08/26),SSWUMS-2146,105655,Task,Done,SSWUMS,SSWUMS,software,mkuperst,"Welcome to the SSWUMS Team space, led by Meridith K (Product Owner). This space includes D440 and D454 resources, as well as Sprint and Kanban work.
",,Medium,Done,cwhite10,cwhite10,scodd,09/Jul/26 2:02 PM,09/Jul/26 4:14 PM,18/Sep/26 3:31 PM,09/Jul/26 4:14 PM,,PI19,,,,Meetings,,,,,,,,,,,,,,,,,,,,,08/Jul/26 12:00 AM,0,,,scodd,,,,,";09/Jul/26 4:14 PM;cwhite10;1200",,,,,,,,,2880,1680,1200,41%,2880,1680,1200,,,,,,,,,,,,,,,,,,,,,,,,,,,,,,,,,,,,,,,,mkuperst,,,,,,,,,,,,cwhite10,,,08/Jul/26 12:00 AM,,SSWUMS-1320,,,Done,,,,,,Sprint,,,,,,,,No comments by current user.,,,,,,,,,,,,,,,,,,,,,"1|i0a54c:",,,,,,,,,,,,,,,,Medium,,,,,,,PI19 7/1/2026 - 9/23/2026,,,,,,,,,,0.1,,,,,08/Jul/26 12:00 AM,,,,,,,,,,,,,0.0,0.0,,0.0,,,0.0,,,,,,,,,,,,
VA-SSW-SDP-001 CP-0047 ADJ,SSWUMS-2145,105654,Task,Done,SSWUMS,SSWUMS,software,mkuperst,"Welcome to the SSWUMS Team space, led by Meridith K (Product Owner). This space includes D440 and D454 resources, as well as Sprint and Kanban work.
",,Medium,Done,mkuperst,cwhite10,cwhite10,09/Jul/26 1:20 PM,16/Sep/26 9:57 AM,18/Sep/26 3:31 PM,16/Sep/26 9:57 AM,,PI19,,,,SDP,,,,,,,,,,,,,,,,,,,,,16/Sep/26 12:00 AM,0,,,cwhite10,,,,,";16/Sep/26 9:57 AM;cwhite10;300",,,,,,,,,5760,5460,300,5%,5760,5460,300,,,,,,,,,,,,,,,,,,,,,,,,,,,,,,,,,,,,,,,,dordonez,,,,,,,,,,,SSWSYS,mkuperst,,,16/Sep/26 12:00 AM,,SSWIF-4366,,,In Progress,,,,,,Sprint,,,,,,,,No comments by current user.,,,,,,,,,,,,,,,,,,,,,"1|i0a544:",,,,,,,,,,,,,,,,Medium,,,,,,,PI19 7/1/2026 - 9/23/2026,,,,,,,,,,0.2,,,,100%,16/Sep/26 12:00 AM,02/Sep/26 12:00 AM,,,,,,,,,,,,0.0,0.0,,0.0,,,0.0,,,,,,,,,,,,
VA-SSW-SC-ICD-001 CP-0046 Review Adj,SSWUMS-2140,105646,Task,Cancelled,SSWUMS,SSWUMS,software,mkuperst,"Welcome to the SSWUMS Team space, led by Meridith K (Product Owner). This space includes D440 and D454 resources, as well as Sprint and Kanban work.
",,Medium,Won't Do,mkuperst,cwhite10,cwhite10,09/Jul/26 12:55 PM,11/Aug/26 4:57 PM,18/Sep/26 3:31 PM,11/Aug/26 1:21 PM,,PI19,,,,ICD,,,,,,,,,,,,,,,,,,,,,18/Aug/26 12:00 AM,0,,,cwhite10,,,,,,,,,,,,,,0,0,,0%,0,0,,,,,,,,,,,,,,,,,,,,,,,,,,,,,,,,,,,,,,,,,dordonez,,,,,,,,,,,SSWIF,mkuperst,,,18/Aug/26 12:00 AM,,SSWUMS-1366,,,Done,,,,,,Sprint,,,,,"Posted on: Tue Aug 11 13:21:42 EDT 2026
No Comments from UMS Team",,,No comments by current user.,,,,,,,,,,,,,,,,,,,,,"1|i0a52c:",,,,,,,,,,,,,,,,Medium,,,,,,,PI19 7/1/2026 - 9/23/2026,,,,,,,,,,0.0,,,,100%,18/Aug/26 12:00 AM,05/Aug/26 12:00 AM,,,,,,,,,,,,0.0,0.0,,0.0,,,0.0,,,,,"11/Aug/26 1:21 PM;cwhite10;No Comments from UMS Team;;;",,,,,,,
VA-SSW-SC-ICD-001 CP-0046 Review,SSWUMS-2139,105645,Task,Done,SSWUMS,SSWUMS,software,mkuperst,"Welcome to the SSWUMS Team space, led by Meridith K (Product Owner). This space includes D440 and D454 resources, as well as Sprint and Kanban work.
",,Medium,Done,mkuperst,cwhite10,cwhite10,09/Jul/26 12:54 PM,11/Aug/26 4:57 PM,18/Sep/26 3:31 PM,11/Aug/26 1:12 PM,,PI19,,,,ICD,,,,,,,,,,,,,,,,,,,,,04/Aug/26 12:00 AM,0,,,cwhite10,,,,,";11/Aug/26 1:12 PM;cwhite10;60",,,,,,,,,8640,8580,60,0%,8640,8580,2460,,,,,,,,,,,,,,,,,,,,,,,,,,,,,,,,,,,,,,,,dordonez,,,,,,,,,,,SSWIF,mkuperst,,,04/Aug/26 12:00 AM,,SSWUMS-1366,,,Done,,,,,,Sprint,,,,,"Posted on: Tue Aug 11 07:55:47 EDT 2026
Awaiting GDMS Response

 ",,,No comments by current user.,,,,,,,,,,,,,,,,,,,,,"1|i0a524:",,,,,,,,,,,,,,,,Medium,,,,,,,PI19 7/1/2026 - 9/23/2026,,,,,,,,,,0.3,,,,100%,04/Aug/26 12:00 AM,29/Jul/26 12:00 AM,,,,,,,,,,,,0.0,0.0,,0.0,,,0.0,,,,,"11/Aug/26 7:55 AM;cwhite10;Awaiting GDMS Response

 ;;;",,,,,,,
VA-SSW-SDP-001 CP-0047 Review,SSWUMS-2138,105592,Task,Done,SSWUMS,SSWUMS,software,mkuperst,"Welcome to the SSWUMS Team space, led by Meridith K (Product Owner). This space includes D440 and D454 resources, as well as Sprint and Kanban work.
",,Medium,Done,mkuperst,cwhite10,cwhite10,08/Jul/26 7:25 AM,01/Sep/26 3:35 PM,18/Sep/26 3:31 PM,01/Sep/26 3:35 PM,,PI19,,,,SDP,,,,,,,,,,,,,,,,,,,,,01/Sep/26 12:00 AM,0,,,cwhite10,,,,,";01/Sep/26 3:35 PM;mkuperst;3600",,,,,,,,,8640,5040,3600,41%,8640,5040,3600,,,,,,,,,,,,,,,,,,,,,,,,,,,,,,,,,,,,,,,,,,,,,,,,,,,SSWSYS,mkuperst,,,01/Sep/26 12:00 AM,,SSWIF-4366,,,In Progress,,,,,,Sprint,,,,,,,,No comments by current user.,,,,,,,,,,,,,,,,,,,,,"1|i0a4t0:",,,,,,,,,,,,,,,,Medium,,,,,,,PI19 7/1/2026 - 9/23/2026,,,,,,,,,,0.3,,,,100%,01/Sep/26 12:00 AM,26/Aug/26 12:00 AM,,,,,,,,,,,,0.0,0.0,,0.0,,,0.0,,,,,,,,,,,,
Refine C2S section of Cameo UMS model,SSWUMS-2137,105425,Task,Done,SSWUMS,SSWUMS,software,mkuperst,"Welcome to the SSWUMS Team space, led by Meridith K (Product Owner). This space includes D440 and D454 resources, as well as Sprint and Kanban work.
",,Medium,Done,mdobrzan,mdobrzan,mdobrzan,06/Jul/26 8:53 AM,13/Jul/26 12:43 PM,18/Sep/26 3:31 PM,13/Jul/26 12:43 PM,,PI19,,,,C2S,,,,,,,,,,,,,,,,,,,,,24/Jul/26 12:00 AM,0,,,mdobrzan,,,,,";13/Jul/26 12:43 PM;cwhite10;14400",,,,,,,,,14400,0,14400,100%,14400,0,14400,,,,,,,,,,,,,,,,,,,,,,,,,,,,,,,,,,,,,,,,,,,,,,,,,,,,mdobrzan,,,24/Jul/26 12:00 AM,,SSWUMS-980,,,In Progress,,,,,,Sprint,,,,,,,,No comments by current user.,,,,,,,,,,,,,,,,,,,,,"1|i0a3p0:",,,,,,,,,,,,,,,,Medium,,,,,,,PI19 7/1/2026 - 9/23/2026,,,,,,,,,,0.5,,,,,24/Jul/26 12:00 AM,,,,,,,,,,,,,0.0,0.0,,0.0,,,0.0,,,,,,,,,,,,
Refine PDMS section of Cameo UMS model,SSWUMS-2136,105424,Task,Done,SSWUMS,SSWUMS,software,mkuperst,"Welcome to the SSWUMS Team space, led by Meridith K (Product Owner). This space includes D440 and D454 resources, as well as Sprint and Kanban work.
",,Medium,Done,mdobrzan,mdobrzan,mdobrzan,06/Jul/26 8:52 AM,13/Jul/26 12:44 PM,18/Sep/26 3:31 PM,13/Jul/26 12:44 PM,,PI19,,,,PDMS,,,,,,,,,,,,,,,,,,,,,24/Jul/26 12:00 AM,0,,,mdobrzan,,,,,";13/Jul/26 12:44 PM;cwhite10;18000",,,,,,,,,14400,0,18000,125%,14400,0,18000,,,,,,,,,,,,,,,,,,,,,,,,,,,,,,,,,,,,,,Refine PDMS section of UMS Model,,,,,,,,,,,,,,mdobrzan,,,24/Jul/26 12:00 AM,,SSWUMS-980,,,In Progress,,,,,,Sprint,,,,,,,,No comments by current user.,,,,,,,,,,,,,,,,,,,,,"1|i0a3os:",,,,,,,,,,,,,,,,Medium,,,,,,,PI19 7/1/2026 - 9/23/2026,,,,,,,,,,0.5,,,,,24/Jul/26 12:00 AM,,,,,,,,,,,,,0.0,0.0,,0.0,,,0.0,,,,,,,,,,,,
UMS Cameo Model,SSWUMS-2134,105293,Task,Done,SSWUMS,SSWUMS,software,mkuperst,"Welcome to the SSWUMS Team space, led by Meridith K (Product Owner). This space includes D440 and D454 resources, as well as Sprint and Kanban work.
",,Medium,Done,mdobrzan,cwhite10,cwhite10,01/Jul/26 12:20 PM,06/Jul/26 8:47 AM,18/Sep/26 3:31 PM,06/Jul/26 8:47 AM,,PI19,,,,MBSE,,,,,,,,,,,,,,,,,,,,,,0,,,cwhite10,,,,,";06/Jul/26 8:47 AM;mdobrzan;129600",,,,,,,,,86400,0,129600,150%,86400,0,129600,,,,,,,,,,,,,,,,,,,,,,,,,,,,,,,,,,,,,,,,,,,,,,,,,,,,mdobrzan,,,,,SSWUMS-1320,,,Done,,,,,,Sprint,,,,,,,,No comments by current user.,,,,,,,,,,,,,,,,,,,,,"1|i0a2zw:",,,,,,,,,,,,,,,,Medium,,,,,,,PI19 7/1/2026 - 9/23/2026,,,,,,,,,,3.0,,,,,,,,,,,,,,,,,,0.0,0.0,,0.0,,,0.0,,,,,,,,,,,,
UMS Captains metrics,SSWUMS-2133,105277,Task,Done,SSWUMS,SSWUMS,software,mkuperst,"Welcome to the SSWUMS Team space, led by Meridith K (Product Owner). This space includes D440 and D454 resources, as well as Sprint and Kanban work.
",,Medium,Done,mkuperst,mkuperst,mkuperst,01/Jul/26 10:31 AM,07/Aug/26 9:16 AM,18/Sep/26 3:31 PM,07/Aug/26 9:16 AM,,PI19,,,,UMS Captain Metrics,,,,,,,,,,,,,,,,,,,,,,0,Support package development and metrics brief,,cwhite10,mkuperst,,,,"8h for Evan

2h for MK;07/Aug/26 9:16 AM;cwhite10;36000",,,,,,,,,20160,0,36000,178%,20160,0,36000,,,,,,,,,,,,,,,,,,,,,,,,,,,,,,,,,,,,,,,,,,,,,,,,,,,,mkuperst,,,05/Aug/26 12:00 AM,,SSWUMS-1320,,,Done,,,,,,Sprint,,,,,"Posted on: Fri Aug 07 09:16:42 EDT 2026
8h for Evan

2h for MK",,,No comments by current user.,,,,,,,,,,,,,,,,,,,,,"1|i0a2wk:",,,,,,,,,,,,,,,,Medium,,,,,,,PI19 7/1/2026 - 9/23/2026,,,,,,,,,,0.7,,,,100%,05/Aug/26 12:00 AM,05/Aug/26 12:00 AM,,,,,,,,,,,,0.0,0.0,,0.0,,,0.0,,,,,"07/Aug/26 9:16 AM;cwhite10;8h for Evan

2h for MK;;;",,,,,,,
UMS SSLR OBTT PTR Review,SSWUMS-2132,105073,Task,Done,SSWUMS,SSWUMS,software,mkuperst,"Welcome to the SSWUMS Team space, led by Meridith K (Product Owner). This space includes D440 and D454 resources, as well as Sprint and Kanban work.
",,Medium,Done,mkuperst,cwhite10,cwhite10,30/Jun/26 12:38 PM,14/Jul/26 1:03 PM,18/Sep/26 3:31 PM,14/Jul/26 1:03 PM,,PI19,,,,UMS SSLR,,,,,,,,,,,,,,,,,,,,,02/Jul/26 12:00 AM,0,,,cwhite10,,,,,";14/Jul/26 1:03 PM;mkuperst;3600",,,,,,,,,14400,10800,3600,25%,14400,10800,3600,,,,,,,,,,,,,,,,,,,,,,,,,,,,,,,,,,,,,,,,,,,,,,,,,,,,mkuperst,,,02/Jul/26 12:00 AM,,SSWUMS-1499,,,In Progress,,,,,,Sprint,,,,,,,,No comments by current user.,,,,,,,,,,,,,,,,,,,,,"1|i0a1xw:",,,,,,,,,,,,,,,,Medium,,,,,,,PI19 7/1/2026 - 9/23/2026,,,,,,,,,,0.5,,,,,02/Jul/26 12:00 AM,,,,,,,,,,,,,0.0,0.0,,0.0,,,0.0,,,,,,,,,,,,
LD Cabinet electronics Assembly Drawing Review,SSWUMS-2131,104986,Task,Done,SSWUMS,SSWUMS,software,mkuperst,"Welcome to the SSWUMS Team space, led by Meridith K (Product Owner). This space includes D440 and D454 resources, as well as Sprint and Kanban work.
",,Medium,Done,bchadwic,cwhite10,cwhite10,30/Jun/26 9:12 AM,11/Aug/26 7:46 AM,18/Sep/26 3:31 PM,11/Aug/26 7:46 AM,,PI19,,,,EOSR,,,,,,,,,,,,,,,,,,,,,04/Aug/26 12:00 AM,0,,,cwhite10,,,,,";11/Aug/26 7:46 AM;bchadwic;14400",,,,,,,,,14400,0,14400,100%,14400,0,14400,,,,,,,,,,,,SSWUMS-1508,,,,,,,,,,,,,,,,,,,,,,,,,,,,,,,,SSWHW,,,,,,,,bchadwic,,,04/Aug/26 12:00 AM,,SSWUMS-2006,,,Done,,,,,,Sprint,,,,,,,,No comments by current user.,,,,,,,,,,,,,,,,,,,,,"1|i0a1os:",,,,,,,,,,,,,,,,Medium,,,,,,,PI19 7/1/2026 - 9/23/2026,,,,,,,,,,0.5,,,,,04/Aug/26 12:00 AM,,,,,,,,,,,,,0.0,0.0,,0.0,,,0.0,,,,,,,,,,,,
SCONE Cabinet electronics Assembly Drawing Review,SSWUMS-2130,104985,Task,Done,SSWUMS,SSWUMS,software,mkuperst,"Welcome to the SSWUMS Team space, led by Meridith K (Product Owner). This space includes D440 and D454 resources, as well as Sprint and Kanban work.
",,Medium,Done,bchadwic,cwhite10,cwhite10,30/Jun/26 9:12 AM,23/Jul/26 7:25 AM,18/Sep/26 3:31 PM,23/Jul/26 7:25 AM,,PI19,,,,EOSR,,,,,,,,,,,,,,,,,,,,,21/Jul/26 12:00 AM,0,,,cwhite10,,,,,";23/Jul/26 7:25 AM;cwhite10;7200",,,,,,,,,14400,7200,7200,50%,14400,7200,7200,,,,,,,,,,,,SSWUMS-1509,,,,,,,,,,,,,,,,,,,,,,,,,,,,,,,,SSWHW,,,,,,,,bchadwic,,,21/Jul/26 12:00 AM,,SSWUMS-2006,,,Done,,,,,,Sprint,,,,,,,,No comments by current user.,,,,,,,,,,,,,,,,,,,,,"1|i0a1ok:",,,,,,,,,,,,,,,,Medium,,,,,,,PI19 7/1/2026 - 9/23/2026,,,,,,,,,,0.5,,,,,21/Jul/26 12:00 AM,,,,,,,,,,,,,0.0,0.0,,0.0,,,0.0,,,,,,,,,,,,
DTS Cabinet electronics Assembly Drawing Review,SSWUMS-2129,104984,Task,Done,SSWUMS,SSWUMS,software,mkuperst,"Welcome to the SSWUMS Team space, led by Meridith K (Product Owner). This space includes D440 and D454 resources, as well as Sprint and Kanban work.
",,Medium,Done,bchadwic,cwhite10,cwhite10,30/Jun/26 9:12 AM,28/Jul/26 9:36 AM,18/Sep/26 3:31 PM,28/Jul/26 9:36 AM,,PI19,,,,EOSR,,,,,,,,,,,,,,,,,,,,,28/Jul/26 12:00 AM,0,,,cwhite10,,,,,";28/Jul/26 9:36 AM;bchadwic;7200",,,,,,,,,14400,7200,7200,50%,14400,7200,7200,,,,,,,,,,,,SSWUMS-1507,,,,,,,,,,,,,,,,,,,,,,,,,,,,,,,,SSWHW,,,,,,,,bchadwic,,,28/Jul/26 12:00 AM,,SSWUMS-2006,,,Done,,,,,,Sprint,,,,,,,,No comments by current user.,,,,,,,,,,,,,,,,,,,,,"1|i0a1oc:",,,,,,,,,,,,,,,,Medium,,,,,,,PI19 7/1/2026 - 9/23/2026,,,,,,,,,,0.5,,,,,28/Jul/26 12:00 AM,,,,,,,,,,,,,0.0,0.0,,0.0,,,0.0,,,,,,,,,,,,
DSS Cabinet electronics Assembly Drawing Review,SSWUMS-2128,104983,Task,Done,SSWUMS,SSWUMS,software,mkuperst,"Welcome to the SSWUMS Team space, led by Meridith K (Product Owner). This space includes D440 and D454 resources, as well as Sprint and Kanban work.
",,Medium,Done,bchadwic,cwhite10,cwhite10,30/Jun/26 9:11 AM,23/Jul/26 7:25 AM,18/Sep/26 3:31 PM,23/Jul/26 7:25 AM,,PI19,,,,EOSR,,,,,,,,,,,,,,,,,,,,,14/Jul/26 12:00 AM,0,,,cwhite10,,,,,";23/Jul/26 7:25 AM;cwhite10;9000",,,,,,,,,14400,5400,9000,62%,14400,5400,9000,,,,,,,,,,,,SSWUMS-1506,,,,,,,,,,,,,,,,,,,,,,,,,,,,,,,,SSWHW,,,,,,,,bchadwic,,,14/Jul/26 12:00 AM,,SSWUMS-2006,,,Done,,,,,,Sprint,,,,,,,,No comments by current user.,,,,,,,,,,,,,,,,,,,,,"1|i0a1o4:",,,,,,,,,,,,,,,,Medium,,,,,,,PI19 7/1/2026 - 9/23/2026,,,,,,,,,,0.5,,,,,14/Jul/26 12:00 AM,,,,,,,,,,,,,0.0,0.0,,0.0,,,0.0,,,,,,,,,,,,
Transmit OBMP with TSUB Comments,SSWUMS-2127,104982,Task,To Do,SSWUMS,SSWUMS,software,mkuperst,"Welcome to the SSWUMS Team space, led by Meridith K (Product Owner). This space includes D440 and D454 resources, as well as Sprint and Kanban work.
",,Medium,,bchadwic,cwhite10,cwhite10,30/Jun/26 9:08 AM,09/Jul/26 4:19 PM,18/Sep/26 3:31 PM,,,PI19,,,,OBMP,,,,,,,,,,,,,,,,,,,,,23/Sep/26 12:00 AM,0,,,cwhite10,,,,,,,,,,,,,,5760,5760,,0%,5760,5760,,,,,,,,,,,,,,,,,,,,,,,,,,,,,,,,,,,,,,,,,,,,,,,,,,,,,bchadwic,,,23/Sep/26 12:00 AM,,SSWUMS-1903,,,In Progress,,,,,,Sprint,,,,,,,,No comments by current user.,,,,,,,,,,,,,,,,,,,,,"1|i0a1nw:",,,,,,,,,,,,,,,,Medium,,,,,,,PI19 7/1/2026 - 9/23/2026,,,,,,,,,,0.2,,,,68%,23/Sep/26 12:00 AM,09/Sep/26 12:00 AM,,,,,,,,,,,,0.0,0.0,,0.0,,,0.0,,,,,,,,,,,,
OBMP TSUB Comment Adj,SSWUMS-2126,104981,Task,In Progress,SSWUMS,SSWUMS,software,mkuperst,"Welcome to the SSWUMS Team space, led by Meridith K (Product Owner). This space includes D440 and D454 resources, as well as Sprint and Kanban work.
",,Medium,,bchadwic,cwhite10,cwhite10,30/Jun/26 9:07 AM,03/Sep/26 3:43 PM,18/Sep/26 3:31 PM,,,PI19,,,,OBMP,,,,,,,,,,,,,,,,,,,,,09/Sep/26 12:00 AM,0,,,cwhite10,,,,,";03/Sep/26 3:43 PM;mkuperst;60",,,,,,,,,14400,14340,60,0%,14400,14340,60,,,,,,,,,,,,,,,,,,,,,,,,,,,,,,,,,,,,,,,,,,,,,,,,,,,,bchadwic,,,09/Sep/26 12:00 AM,,SSWUMS-1903,,,In Progress,,,,,,Sprint,,,,,,,,No comments by current user.,,,,,,,,,,,,,,,,,,,,,"1|i0a1no:",,,,,,,,,,,,,,,,Medium,,,,,,,PI19 7/1/2026 - 9/23/2026,,,,,,,,,,0.5,,,,,09/Sep/26 12:00 AM,,,,,,,,,,,,,0.0,0.0,,0.0,,,0.0,,,,,,,,,,,,
C-CCA HRS Test Plan Kickoff,SSWUMS-2125,104971,Task,Done,SSWUMS,SSWUMS,software,mkuperst,"Welcome to the SSWUMS Team space, led by Meridith K (Product Owner). This space includes D440 and D454 resources, as well as Sprint and Kanban work.
",,Medium,Done,cwhite10,cwhite10,cwhite10,30/Jun/26 8:51 AM,19/Aug/26 8:45 AM,18/Sep/26 3:31 PM,19/Aug/26 8:45 AM,,PI19,,,,GDMS CCA Development,HRS,UMS System Test Plan,,,,,,,,,,,,,,,,,,,02/Sep/26 12:00 AM,0,,,cwhite10,,,,,";19/Aug/26 8:45 AM;cwhite10;3600",,,,,,,,,5760,2160,3600,62%,5760,2160,3600,,,,,,,,,SSWUMS-2161,,,,,,,,,,,,,,,,,,,,,,,,,,,,,,,,,,,,,,,,,,,cwhite10,,,02/Sep/26 12:00 AM,,SSWUMS-2273,,,In Progress,,,,,,Sprint,,,,,,,,No comments by current user.,,,,,,,,,,,,,,,,,,,,,"1|i0acxp:g",,,,,,,,,,,,,,,,Medium,,,,,,,PI19 7/1/2026 - 9/23/2026,,,,,,,,,,0.2,,,,100%,02/Sep/26 12:00 AM,26/Aug/26 12:00 AM,,,,,,,,,,,,0.0,0.0,,0.0,,,0.0,,,,,,,,,,,,
Cyber Data Call PI19 Inputs - GDMS Inputs,SSWUMS-2124,104941,Task,Selected For Development,SSWUMS,SSWUMS,software,mkuperst,"Welcome to the SSWUMS Team space, led by Meridith K (Product Owner). This space includes D440 and D454 resources, as well as Sprint and Kanban work.
",,Medium,,mkuperst,cwhite10,cwhite10,30/Jun/26 7:03 AM,08/Sep/26 4:07 PM,18/Sep/26 3:31 PM,,,PI19,,,,Cyber Data Call,,,,,,,,,,,,,,,,,,,,,23/Sep/26 12:00 AM,0,,,cwhite10,,,,,,,,,,,,,,5760,5760,,0%,5760,5760,,,,,,,,,,,,,,,,,,,,,,,,,,SSWSYSPM-3076,,,,,,,,,,,,,,,,,,,,,,,,,,,mkuperst,,,23/Sep/26 12:00 AM,,SSWCYBER-1976,,,In Progress,,,,,,Sprint,,,,,,,,No comments by current user.,,,,,,,,,,,,,,,,,,,,,"1|i0a1gs:",,,,,,,,,,,,,,,,Medium,,,,,,,PI19 7/1/2026 - 9/23/2026,,,,,,,,,,0.2,,,,,23/Sep/26 12:00 AM,,,,,,,,,,,,,0.0,0.0,,0.0,,,0.0,,,,,,,,,,,,
PDMSA STP Rev (-) Kickoff and Review Cycle Prep,SSWUMS-2123,104907,Task,To Do,SSWUMS,SSWUMS,software,mkuperst,"Welcome to the SSWUMS Team space, led by Meridith K (Product Owner). This space includes D440 and D454 resources, as well as Sprint and Kanban work.
",,Medium,,cwhite10,cwhite10,cwhite10,29/Jun/26 5:46 PM,11/Aug/26 5:17 PM,18/Sep/26 3:31 PM,,,PI22,,,,STP,,,,,,,,,,,,,,,,,,,,,,0,,,cwhite10,,,,,,,,,,,,,,5760,5760,,0%,5760,5760,,,,,,,,,,,,,,,,,,,,,,,,,,,,,,,,,,,,,,,,,,,,,,,,,,,,,cwhite10,,,07/Jul/27 12:00 AM,,SSWUMS-2234,,,To Do,,,,,,Sprint,,,,,,,,No comments by current user.,,,,,,,,,,,,,,,,,,,,,"1|i03q43:5i056bzr",,,,,,,,,,,,,,,,Medium,,,,,,,PI22 3/24/2027 - 6/30/2027,,,,,,,,,,0.2,,,,0%,07/Jul/27 12:00 AM,30/Jun/27 12:00 AM,,,,,,,,,,,,0.0,0.0,,0.0,,,0.0,,,,,,,,,,,,
UIA STP Rev (-) Kickoff and Review Cycle Prep,SSWUMS-2122,104905,Task,To Do,SSWUMS,SSWUMS,software,mkuperst,"Welcome to the SSWUMS Team space, led by Meridith K (Product Owner). This space includes D440 and D454 resources, as well as Sprint and Kanban work.
",,Medium,,cwhite10,cwhite10,cwhite10,29/Jun/26 5:45 PM,17/Aug/26 8:50 AM,18/Sep/26 3:31 PM,,,PI21,,,,STP,,,,,,,,,,,,,,,,,,,,,,0,,,cwhite10,,,,,,,,,,,,,,5760,5760,,0%,5760,5760,,,,,,,,,,,,,,,,,,,,,,,,,,,,,,,,,,,,,,,,,,,,,,,,,,,,,cwhite10,,,05/Jan/27 12:00 AM,,SSWUMS-2239,,,To Do,,,,,,Sprint,,,,,,,,No comments by current user.,,,,,,,,,,,,,,,,,,,,,"1|i03q43:5i056bl",,,,,,,,,,,,,,,,Medium,,,,,,,PI21 1/4/2027 - 3/24/2027,,,,,,,,,,0.2,,,,0%,05/Jan/27 12:00 AM,05/Jan/27 12:00 AM,,,,,,,,,,,,0.0,0.0,,0.0,,,0.0,,,,,,,,,,,,
EIA STP Rev (-) Kickoff and Review Cycle Prep,SSWUMS-2121,104904,Task,To Do,SSWUMS,SSWUMS,software,mkuperst,"Welcome to the SSWUMS Team space, led by Meridith K (Product Owner). This space includes D440 and D454 resources, as well as Sprint and Kanban work.
",,Medium,,cwhite10,cwhite10,cwhite10,29/Jun/26 5:44 PM,11/Aug/26 5:17 PM,18/Sep/26 3:31 PM,,,PI21,,,,STP,,,,,,,,,,,,,,,,,,,,,,0,,,cwhite10,,,,,,,,,,,,,,5760,5760,,0%,5760,5760,,,,,,,,,,,,,,,,,,,,,,,,,,,,,,,,,,,,,,,,,,,,,,,,,,,,,cwhite10,,,20/Jan/27 12:00 AM,,SSWUMS-2237,,,To Do,,,,,,Sprint,,,,,,,,No comments by current user.,,,,,,,,,,,,,,,,,,,,,"1|i03q43:5i056bw",,,,,,,,,,,,,,,,Medium,,,,,,,PI21 1/4/2027 - 3/24/2027,,,,,,,,,,0.2,,,,0%,20/Jan/27 12:00 AM,13/Jan/27 12:00 AM,,,,,,,,,,,,0.0,0.0,,0.0,,,0.0,,,,,,,,,,,,
C2A STP Kickoff Rev (-) and Review Cycle Prep,SSWUMS-2120,104903,Task,To Do,SSWUMS,SSWUMS,software,mkuperst,"Welcome to the SSWUMS Team space, led by Meridith K (Product Owner). This space includes D440 and D454 resources, as well as Sprint and Kanban work.
",,Medium,,cwhite10,cwhite10,cwhite10,29/Jun/26 5:43 PM,11/Aug/26 5:17 PM,18/Sep/26 3:31 PM,,,PI22,,,,STP,,,,,,,,,,,,,,,,,,,,,,0,,,cwhite10,,,,,,,,,,,,,,5760,5760,,0%,5760,5760,,,,,,,,,,,,,,,,,,,,,,,,,,,,,,,,,,,,,,,,,,,,,,,,,,,,,cwhite10,,,07/Jul/27 12:00 AM,,SSWUMS-2235,,,To Do,,,,,,Sprint,,,,,,,,No comments by current user.,,,,,,,,,,,,,,,,,,,,,"1|i03q43:5i056bz9",,,,,,,,,,,,,,,,Medium,,,,,,,PI22 3/24/2027 - 6/30/2027,,,,,,,,,,0.2,,,,0%,07/Jul/27 12:00 AM,30/Jun/27 12:00 AM,,,,,,,,,,,,0.0,0.0,,0.0,,,0.0,,,,,,,,,,,,
HSMA STP Rev (-) Kickoff and Review Cycle Prep,SSWUMS-2119,104902,Task,To Do,SSWUMS,SSWUMS,software,mkuperst,"Welcome to the SSWUMS Team space, led by Meridith K (Product Owner). This space includes D440 and D454 resources, as well as Sprint and Kanban work.
",,Medium,,cwhite10,cwhite10,cwhite10,29/Jun/26 5:42 PM,20/Aug/26 1:20 PM,18/Sep/26 3:31 PM,,,PI21,,,,STP,,,,,,,,,,,,,,,,,,,,,,0,,,cwhite10,,,,,,,,,,,,,,5760,5760,,0%,5760,5760,,,,,,,,,,,,,,,,,,,,,,,,,,,,,,,,,,,,,,,,,,,,,,,,,,,,,cwhite10,,,05/Jan/27 12:00 AM,,SSWUMS-2238,,,To Do,,,,,,Sprint,,,,,,,,No comments by current user.,,,,,,,,,,,,,,,,,,,,,"1|i03q43:5i056bs",,,,,,,,,,,,,,,,Medium,,,,,,,PI21 1/4/2027 - 3/24/2027,,,,,,,,,,0.2,,,,0%,05/Jan/27 12:00 AM,05/Jan/27 12:00 AM,,,,,,,,,,,,0.0,0.0,,0.0,,,0.0,,,,,,,,,,,,
SSA STP Rev (-) Kickoff and Review Cycle Prep,SSWUMS-2118,104901,Task,To Do,SSWUMS,SSWUMS,software,mkuperst,"Welcome to the SSWUMS Team space, led by Meridith K (Product Owner). This space includes D440 and D454 resources, as well as Sprint and Kanban work.
",,Medium,,cwhite10,cwhite10,cwhite10,29/Jun/26 5:42 PM,13/Aug/26 2:11 PM,18/Sep/26 3:31 PM,,,PI21,,,,STP,,,,,,,,,,,,,,,,,,,,,,0,,,cwhite10,,,,,,,,,,,,,,5760,5760,,0%,5760,5760,,,,,,,,,,,,,,,,,,,,,,,,,,,,,,,,,,,,,,,,,,,,,,,,,,,,,cwhite10,,,05/Jan/27 12:00 AM,,SSWUMS-2240,,,To Do,,,,,,Sprint,,,,,,,,No comments by current user.,,,,,,,,,,,,,,,,,,,,,"1|i03q43:5i056b",,,,,,,,,,,,,,,,Medium,,,,,,,PI21 1/4/2027 - 3/24/2027,,,,,,,,,,0.2,,,,0%,05/Jan/27 12:00 AM,04/Jan/27 12:00 AM,,,,,,,,,,,,0.0,0.0,,0.0,,,0.0,,,,,,,,,,,,
MCA STP Rev (-) Kickoff and Review Cycle Prep,SSWUMS-2117,104900,Task,To Do,SSWUMS,SSWUMS,software,mkuperst,"Welcome to the SSWUMS Team space, led by Meridith K (Product Owner). This space includes D440 and D454 resources, as well as Sprint and Kanban work.
",,Medium,,cwhite10,cwhite10,cwhite10,29/Jun/26 5:41 PM,11/Aug/26 5:17 PM,18/Sep/26 3:31 PM,,,PI21,,,,STP,,,,,,,,,,,,,,,,,,,,,,0,,,cwhite10,,,,,,,,,,,,,,5760,5760,,0%,5760,5760,,,,,,,,,,,,,,,,,,,,,,,,,,,,,,,,,,,,,,,,,,,,,,,,,,,,,cwhite10,,,06/Apr/27 12:00 AM,,SSWUMS-2236,,,To Do,,,,,,Sprint,,,,,,,,No comments by current user.,,,,,,,,,,,,,,,,,,,,,"1|i03q43:5i056by",,,,,,,,,,,,,,,,Medium,,,,,,,PI21 1/4/2027 - 3/24/2027,,,,,,,,,,0.2,,,,0%,06/Apr/27 12:00 AM,30/Mar/27 12:00 AM,,,,,,,,,,,,0.0,0.0,,0.0,,,0.0,,,,,,,,,,,,
EB Review of SRHA - Adj,SSWUMS-2112,104796,Task,To Do,SSWUMS,SSWUMS,software,mkuperst,"Welcome to the SSWUMS Team space, led by Meridith K (Product Owner). This space includes D440 and D454 resources, as well as Sprint and Kanban work.
",,Medium,,mkuperst,cwhite10,cwhite10,29/Jun/26 4:02 PM,12/Aug/26 3:08 PM,18/Sep/26 3:31 PM,,,PI20,,,,C2S/PDMS Safety,,,,,,,,,,,,,,,,,,,,,08/Dec/26 12:00 AM,0,,,cwhite10,,,,,,,,,,,,,,28800,28800,,0%,28800,28800,,,,,,,,,,,,SSWUMS-2107,,,,,,,,,,,,,,,,,,,,,,,,,,,,,,,,,,,,,,,,,mkuperst,,,26/Nov/26 12:00 AM,,SSWUMS-913,,,In Progress,,,,,,Sprint,,,,,,,,No comments by current user.,,,,,,,,,,,,,,,,,,,,,"1|i0a14k:",,,,,,,,,,,,,,,,Medium,,,,,,,PI20 9/23/2026 - 1/3/2027,,,,,,,,,,1.0,,,,0%,08/Dec/26 12:00 AM,26/Nov/26 12:00 AM,,,,,,,,,,,,0.0,0.0,,0.0,,,0.0,,,,,,,,,,,,
EB Review of SRHA ,SSWUMS-2107,104791,Task,To Do,SSWUMS,SSWUMS,software,mkuperst,"Welcome to the SSWUMS Team space, led by Meridith K (Product Owner). This space includes D440 and D454 resources, as well as Sprint and Kanban work.
",,Medium,,mkuperst,cwhite10,cwhite10,29/Jun/26 4:01 PM,11/Aug/26 4:48 PM,18/Sep/26 3:31 PM,,,PI20,,,,C2S/PDMS Safety,,,,,,,,,,,,,,,,,,,,,25/Nov/26 12:00 AM,0,,,cwhite10,,,,,,,,,,,,,,28800,28800,,0%,28800,28800,,,,,,,,,,SSWUMS-2112,,,,,,,,,,,,,,,,,,,,,,,,,,,,,,,,,,,,,,,,,,,mkuperst,,,25/Nov/26 12:00 AM,,SSWUMS-913,,,In Progress,,,,,,Sprint,,,,,,,,No comments by current user.,,,,,,,,,,,,,,,,,,,,,"1|i0a13g:",,,,,,,,,,,,,,,,Medium,,,,,,,PI20 9/23/2026 - 1/3/2027,,,,,,,,,,1.0,,,,0%,25/Nov/26 12:00 AM,11/Nov/26 12:00 AM,,,,,,,,,,,,0.0,0.0,,0.0,,,0.0,,,,,,,,,,,,
HMI IPT PI 20 Quartey Drop Review,SSWUMS-2106,104782,Task,To Do,SSWUMS,SSWUMS,software,mkuperst,"Welcome to the SSWUMS Team space, led by Meridith K (Product Owner). This space includes D440 and D454 resources, as well as Sprint and Kanban work.
",,Medium,,mkuperst,cwhite10,cwhite10,29/Jun/26 12:19 PM,29/Jun/26 12:20 PM,18/Sep/26 3:31 PM,,,PI20,,,,HMI Requirements Spec,,,,,,,,,,,,,,,,,,,,,,0,,,cwhite10,,,,,,,,,,,,,,28800,28800,,0%,28800,28800,,,,,,,,,,,,,,,,,,,,,,,,,,,,,,,,,,,,,,,,,,,,,,,,,,,,,mkuperst,,,,,SSWUMS-1359,,,To Do,,,,,,Sprint,,,,,,,,No comments by current user.,,,,,,,,,,,,,,,,,,,,,"1|i0a11g:",,,,,,,,,,,,,,,,Medium,,,,,,,PI20 9/23/2026 - 1/3/2027,,,,,,,,,,1.0,,,,,,,,,,,,,,,,,,0.0,0.0,,0.0,,,0.0,,,,,,,,,,,,
HMI IPT PI 19 Quarterly Drop Review,SSWUMS-2105,104781,Task,Done,SSWUMS,SSWUMS,software,mkuperst,"Welcome to the SSWUMS Team space, led by Meridith K (Product Owner). This space includes D440 and D454 resources, as well as Sprint and Kanban work.
",,Medium,Done,mkuperst,cwhite10,cwhite10,29/Jun/26 12:19 PM,08/Sep/26 12:21 PM,18/Sep/26 3:31 PM,08/Sep/26 12:21 PM,PI19,PI19,,,,HMI Requirements Spec,,,,,,,,,,,,,,,,,,,,,03/Sep/26 12:00 AM,0,GDMS IMS ID: 8423,,cwhite10,mkuperst,,,,";08/Sep/26 12:21 PM;cwhite10;1200",,,,,,,,,28800,27600,1200,4%,28800,27600,1200,,,,,,,,,SSWUMS-2160,,,,,,,,,,,,,,,,,,,,,,,,,,,,,,,,,,,,,,,,,,,mkuperst,,,26/Aug/26 12:00 AM,,SSWUMS-1358,,,In Progress,,,,,,Sprint,,,,,"Posted on: Tue Aug 25 10:23:02 EDT 2026
Style Guide v2.1 out for review; comments due by 9/3 to send over on 9/4.

HMI req adj. completed 8/11.",,,No comments by current user.,,,,,,,,,,,,,,,,,,,,,"1|i0a118:",,,,,,,,,,,,,,,,Medium,,,,,,,PI19 7/1/2026 - 9/23/2026,,,,,,,,,,1.0,,,,100%,26/Aug/26 12:00 AM,31/Jul/26 12:00 AM,,,,,,,,,,,,0.0,0.0,,0.0,,,0.0,,,,,"25/Aug/26 10:23 AM;mkuperst;Style Guide v2.1 out for review; comments due by 9/3 to send over on 9/4.

HMI req adj. completed 8/11.;;;",,,,,,,
EB Sprint 20.6 UMS Review Slides,SSWUMS-2104,104765,Task,To Do,SSWUMS,SSWUMS,software,mkuperst,"Welcome to the SSWUMS Team space, led by Meridith K (Product Owner). This space includes D440 and D454 resources, as well as Sprint and Kanban work.
",,Medium,,cwhite10,cwhite10,cwhite10,29/Jun/26 10:40 AM,19/Aug/26 9:12 AM,18/Sep/26 3:31 PM,,,PI20,,,,EB PI,,,,,,,,,,,,,,,,,,,,,22/Dec/26 12:00 AM,0,,,cwhite10,,,,,,,,,,,,,,5760,5760,,0%,5760,5760,,,,,,,,,,,,,,,,,,,,,,,,,,,,,,,,,,,,,,,,,mkuperst,,,,,,,,,,,,cwhite10,,,22/Dec/26 12:00 AM,,SSWUMS-981,,,In Progress,,,,,,Sprint,,,,,,,,No comments by current user.,,,,,,,,,,,,,,,,,,,,,"1|i0a0xo:",,,,,,,,,,,,,,,,Medium,,,,,,,PI20 9/23/2026 - 1/3/2027,,,,,,,,,,0.2,,,,0%,22/Dec/26 12:00 AM,22/Dec/26 12:00 AM,,,,,,,,,,,,0.0,0.0,,0.0,,,0.0,,,,,,,,,,,,
EB Sprint 20.5 UMS Review Slides,SSWUMS-2103,104764,Task,To Do,SSWUMS,SSWUMS,software,mkuperst,"Welcome to the SSWUMS Team space, led by Meridith K (Product Owner). This space includes D440 and D454 resources, as well as Sprint and Kanban work.
",,Medium,,cwhite10,cwhite10,cwhite10,29/Jun/26 10:40 AM,19/Aug/26 9:12 AM,18/Sep/26 3:31 PM,,,PI20,,,,EB PI,,,,,,,,,,,,,,,,,,,,,01/Dec/26 12:00 AM,0,,,cwhite10,,,,,,,,,,,,,,5760,5760,,0%,5760,5760,,,,,,,,,,,,,,,,,,,,,,,,,,,,,,,,,,,,,,,,,mkuperst,,,,,,,,,,,,cwhite10,,,01/Dec/26 12:00 AM,,SSWUMS-981,,,In Progress,,,,,,Sprint,,,,,,,,No comments by current user.,,,,,,,,,,,,,,,,,,,,,"1|i0a0xg:",,,,,,,,,,,,,,,,Medium,,,,,,,PI20 9/23/2026 - 1/3/2027,,,,,,,,,,0.2,,,,0%,01/Dec/26 12:00 AM,01/Dec/26 12:00 AM,,,,,,,,,,,,0.0,0.0,,0.0,,,0.0,,,,,,,,,,,,
EB Sprint 20.4 UMS Review Slides,SSWUMS-2102,104763,Task,To Do,SSWUMS,SSWUMS,software,mkuperst,"Welcome to the SSWUMS Team space, led by Meridith K (Product Owner). This space includes D440 and D454 resources, as well as Sprint and Kanban work.
",,Medium,,cwhite10,cwhite10,cwhite10,29/Jun/26 10:37 AM,19/Aug/26 9:12 AM,18/Sep/26 3:31 PM,,,PI20,,,,EB PI,,,,,,,,,,,,,,,,,,,,,17/Nov/26 12:00 AM,0,,,cwhite10,,,,,,,,,,,,,,5760,5760,,0%,5760,5760,,,,,,,,,,,,,,,,,,,,,,,,,,,,,,,,,,,,,,,,,mkuperst,,,,,,,,,,,,cwhite10,,,17/Nov/26 12:00 AM,,SSWUMS-981,,,In Progress,,,,,,Sprint,,,,,,,,No comments by current user.,,,,,,,,,,,,,,,,,,,,,"1|i0a0x8:",,,,,,,,,,,,,,,,Medium,,,,,,,PI20 9/23/2026 - 1/3/2027,,,,,,,,,,0.2,,,,0%,17/Nov/26 12:00 AM,17/Nov/26 12:00 AM,,,,,,,,,,,,0.0,0.0,,0.0,,,0.0,,,,,,,,,,,,
EB Sprint 20.3 UMS Review Slides,SSWUMS-2101,104761,Task,To Do,SSWUMS,SSWUMS,software,mkuperst,"Welcome to the SSWUMS Team space, led by Meridith K (Product Owner). This space includes D440 and D454 resources, as well as Sprint and Kanban work.
",,Medium,,cwhite10,cwhite10,cwhite10,29/Jun/26 10:37 AM,19/Aug/26 9:12 AM,18/Sep/26 3:31 PM,,,PI20,,,,EB PI,,,,,,,,,,,,,,,,,,,,,03/Nov/26 12:00 AM,0,,,cwhite10,,,,,,,,,,,,,,5760,5760,,0%,5760,5760,,,,,,,,,,,,,,,,,,,,,,,,,,,,,,,,,,,,,,,,,mkuperst,,,,,,,,,,,,cwhite10,,,03/Nov/26 12:00 AM,,SSWUMS-981,,,In Progress,,,,,,Sprint,,,,,,,,No comments by current user.,,,,,,,,,,,,,,,,,,,,,"1|i0a0ws:",,,,,,,,,,,,,,,,Medium,,,,,,,PI20 9/23/2026 - 1/3/2027,,,,,,,,,,0.2,,,,0%,03/Nov/26 12:00 AM,03/Nov/26 12:00 AM,,,,,,,,,,,,0.0,0.0,,0.0,,,0.0,,,,,,,,,,,,
EB Sprint 20.2 UMS Review Slides,SSWUMS-2100,104760,Task,To Do,SSWUMS,SSWUMS,software,mkuperst,"Welcome to the SSWUMS Team space, led by Meridith K (Product Owner). This space includes D440 and D454 resources, as well as Sprint and Kanban work.
",,Medium,,cwhite10,cwhite10,cwhite10,29/Jun/26 10:36 AM,19/Aug/26 9:12 AM,18/Sep/26 3:31 PM,,,PI20,,,,EB PI,,,,,,,,,,,,,,,,,,,,,20/Oct/26 12:00 AM,0,,,cwhite10,,,,,,,,,,,,,,5760,5760,,0%,5760,5760,,,,,,,,,,,,,,,,,,,,,,,,,,,,,,,,,,,,,,,,,mkuperst,,,,,,,,,,,,cwhite10,,,20/Oct/26 12:00 AM,,SSWUMS-981,,,In Progress,,,,,,Sprint,,,,,,,,No comments by current user.,,,,,,,,,,,,,,,,,,,,,"1|i0a0wk:",,,,,,,,,,,,,,,,Medium,,,,,,,PI20 9/23/2026 - 1/3/2027,,,,,,,,,,0.2,,,,0%,20/Oct/26 12:00 AM,20/Oct/26 12:00 AM,,,,,,,,,,,,0.0,0.0,,0.0,,,0.0,,,,,,,,,,,,
EB Sprint 20.1 UMS Review Slides,SSWUMS-2099,104759,Task,To Do,SSWUMS,SSWUMS,software,mkuperst,"Welcome to the SSWUMS Team space, led by Meridith K (Product Owner). This space includes D440 and D454 resources, as well as Sprint and Kanban work.
",,Medium,,cwhite10,cwhite10,cwhite10,29/Jun/26 10:35 AM,19/Aug/26 9:12 AM,18/Sep/26 3:31 PM,,,PI20,,,,EB PI,,,,,,,,,,,,,,,,,,,,,06/Oct/26 12:00 AM,0,,,cwhite10,,,,,,,,,,,,,,5760,5760,,0%,5760,5760,,,,,,,,,,,,,,,,,,,,,,,,,,,,,,,,,,,,,,,,,mkuperst,,,,,,,,,,,,cwhite10,,,06/Oct/26 12:00 AM,,SSWUMS-981,,,In Progress,,,,,,Sprint,,,,,,,,No comments by current user.,,,,,,,,,,,,,,,,,,,,,"1|i0a0wc:",,,,,,,,,,,,,,,,Medium,,,,,,,PI20 9/23/2026 - 1/3/2027,,,,,,,,,,0.2,,,,0%,06/Oct/26 12:00 AM,06/Oct/26 12:00 AM,,,,,,,,,,,,0.0,0.0,,0.0,,,0.0,,,,,,,,,,,,
EB Sprint 19.6 UMS Review Slides,SSWUMS-2098,104758,Task,Selected For Development,SSWUMS,SSWUMS,software,mkuperst,"Welcome to the SSWUMS Team space, led by Meridith K (Product Owner). This space includes D440 and D454 resources, as well as Sprint and Kanban work.
",,Medium,,cwhite10,cwhite10,cwhite10,29/Jun/26 10:35 AM,08/Sep/26 10:59 AM,18/Sep/26 3:31 PM,,,PI19,,,,EB PI,,,,,,,,,,,,,,,,,,,,,22/Sep/26 12:00 AM,0,,,cwhite10,,,,,,,,,,,,,,5760,5760,,0%,5760,5760,,,,,,,,,,,,,,,,,,,,,,,,,,,,,,,,,,,,,,,,,mkuperst,,,,,,,,,,,,cwhite10,,,22/Sep/26 12:00 AM,,SSWUMS-980,,,In Progress,,,,,,Sprint,,,,,,,,No comments by current user.,,,,,,,,,,,,,,,,,,,,,"1|i0a0w4:",,,,,,,,,,,,,,,,Medium,,,,,,,PI19 7/1/2026 - 9/23/2026,,,,,,,,,,0.2,,,,0%,22/Sep/26 12:00 AM,22/Sep/26 12:00 AM,,,,,,,,,,,,0.0,0.0,,0.0,,,0.0,,,,,,,,,,,,
EB Sprint 19.5 UMS Review Slides,SSWUMS-2097,104757,Task,Done,SSWUMS,SSWUMS,software,mkuperst,"Welcome to the SSWUMS Team space, led by Meridith K (Product Owner). This space includes D440 and D454 resources, as well as Sprint and Kanban work.
",,Medium,Done,cwhite10,cwhite10,cwhite10,29/Jun/26 10:34 AM,08/Sep/26 10:59 AM,18/Sep/26 3:31 PM,08/Sep/26 10:59 AM,,PI19,,,,EB PI,,,,,,,,,,,,,,,,,,,,,08/Sep/26 12:00 AM,0,,,cwhite10,,,,,";08/Sep/26 9:42 AM;cwhite10;3600",";08/Sep/26 10:59 AM;cwhite10;3600",,,,,,,,5760,0,7200,125%,5760,0,7200,,,,,,,,,,,,,,,,,,,,,,,,,,,,,,,,,,,,,,,,mkuperst,,,,,,,,,,,,cwhite10,,,08/Sep/26 12:00 AM,,SSWUMS-980,,,In Progress,,,,,,Sprint,,,,,,,,No comments by current user.,,,,,,,,,,,,,,,,,,,,,"1|i0a0vw:",,,,,,,,,,,,,,,,Medium,,,,,,,PI19 7/1/2026 - 9/23/2026,,,,,,,,,,0.2,,,,100%,08/Sep/26 12:00 AM,08/Sep/26 12:00 AM,,,,,,,,,,,,0.0,0.0,,0.0,,,0.0,,,,,,,,,,,,
EB Sprint 19.4 UMS Review Slides,SSWUMS-2096,104756,Task,Done,SSWUMS,SSWUMS,software,mkuperst,"Welcome to the SSWUMS Team space, led by Meridith K (Product Owner). This space includes D440 and D454 resources, as well as Sprint and Kanban work.
",,Medium,Done,cwhite10,cwhite10,cwhite10,29/Jun/26 10:34 AM,25/Aug/26 7:44 AM,18/Sep/26 3:31 PM,25/Aug/26 7:44 AM,,PI19,,,,EB PI,,,,,,,,,,,,,,,,,,,,,25/Aug/26 12:00 AM,0,,,cwhite10,,,,,";25/Aug/26 7:44 AM;cwhite10;2700",,,,,,,,,5760,3060,2700,46%,5760,3060,2700,,,,,,,,,,,,,,,,,,,,,,,,,,,,,,,,,,,,,,,,mkuperst,,,,,,,,,,,,cwhite10,,,25/Aug/26 12:00 AM,,SSWUMS-980,,,In Progress,,,,,,Sprint,,,,,,,,No comments by current user.,,,,,,,,,,,,,,,,,,,,,"1|i0a0vo:",,,,,,,,,,,,,,,,Medium,,,,,,,PI19 7/1/2026 - 9/23/2026,,,,,,,,,,0.2,,,,100%,25/Aug/26 12:00 AM,25/Aug/26 12:00 AM,,,,,,,,,,,,0.0,0.0,,0.0,,,0.0,,,,,,,,,,,,
Sprint 19.3 UMS Review Slides,SSWUMS-2095,104755,Task,Done,SSWUMS,SSWUMS,software,mkuperst,"Welcome to the SSWUMS Team space, led by Meridith K (Product Owner). This space includes D440 and D454 resources, as well as Sprint and Kanban work.
",,Medium,Done,cwhite10,cwhite10,cwhite10,29/Jun/26 10:33 AM,12/Aug/26 1:21 PM,18/Sep/26 3:31 PM,12/Aug/26 1:21 PM,,PI19,,,,EB PI,,,,,,,,,,,,,,,,,,,,,11/Aug/26 12:00 AM,0,,,cwhite10,,,,,";12/Aug/26 1:21 PM;cwhite10;3600",,,,,,,,,5760,2160,3600,62%,5760,2160,3600,,,,,,,,,,,,,,,,,,,,,,,,,,,,,,,,,,,,,,,,mkuperst,,,,,,,,,,,,cwhite10,,,11/Aug/26 12:00 AM,,SSWUMS-980,,,In Progress,,,,,,Sprint,,,,,,,,No comments by current user.,,,,,,,,,,,,,,,,,,,,,"1|i0a0vg:",,,,,,,,,,,,,,,,Medium,,,,,,,PI19 7/1/2026 - 9/23/2026,,,,,,,,,,0.2,,,,100%,11/Aug/26 12:00 AM,11/Aug/26 12:00 AM,,,,,,,,,,,,0.0,0.0,,0.0,,,0.0,,,,,,,,,,,,
Sprint 19.2 UMS Review Slides,SSWUMS-2094,104754,Task,Done,SSWUMS,SSWUMS,software,mkuperst,"Welcome to the SSWUMS Team space, led by Meridith K (Product Owner). This space includes D440 and D454 resources, as well as Sprint and Kanban work.
",,Medium,Done,cwhite10,cwhite10,cwhite10,29/Jun/26 10:32 AM,28/Jul/26 9:43 AM,18/Sep/26 3:31 PM,28/Jul/26 9:43 AM,,PI19,,,,EB PI,,,,,,,,,,,,,,,,,,,,,28/Jul/26 12:00 AM,0,,,cwhite10,,,,,";27/Jul/26 11:01 AM;cwhite10;1200",";28/Jul/26 9:43 AM;cwhite10;1200",,,,,,,,5760,3360,2400,41%,5760,3360,2400,,,,,,,,,,,,,,,,,,,,,,,,,,,,,,,,,,,,,,,,mkuperst,,,,,,,,,,,,cwhite10,,,28/Jul/26 12:00 AM,,SSWUMS-980,,,In Progress,,,,,,Sprint,,,,,,,,No comments by current user.,,,,,,,,,,,,,,,,,,,,,"1|i0a0v8:",,,,,,,,,,,,,,,,Medium,,,,,,,PI19 7/1/2026 - 9/23/2026,,,,,,,,,,0.2,,,,100%,28/Jul/26 12:00 AM,28/Jul/26 12:00 AM,,,,,,,,,,,,0.0,0.0,,0.0,,,0.0,,,,,,,,,,,,
Sprint 19.1 UMS Review Slides,SSWUMS-2093,104753,Task,Done,SSWUMS,SSWUMS,software,mkuperst,"Welcome to the SSWUMS Team space, led by Meridith K (Product Owner). This space includes D440 and D454 resources, as well as Sprint and Kanban work.
",,Medium,Done,cwhite10,cwhite10,cwhite10,29/Jun/26 10:31 AM,14/Jul/26 2:31 PM,18/Sep/26 3:31 PM,14/Jul/26 2:31 PM,,PI19,,,,EB PI,,,,,,,,,,,,,,,,,,,,,15/Jul/26 12:00 AM,0,,,cwhite10,,,,,";14/Jul/26 2:31 PM;cwhite10;3600",,,,,,,,,5760,2160,3600,62%,5760,2160,3600,,,,,,,,,,,,,,,,,,,,,,,,,,,,,,,,,,,,,,,,mkuperst,,,,,,,,,,,,cwhite10,,,15/Jul/26 12:00 AM,,SSWUMS-980,,,In Progress,,,,,,Sprint,,,,,,,,No comments by current user.,,,,,,,,,,,,,,,,,,,,,"1|i0a0v0:",,,,,,,,,,,,,,,,Medium,,,,,,,PI19 7/1/2026 - 9/23/2026,,,,,,,,,,0.2,,,,100%,15/Jul/26 12:00 AM,14/Jul/26 12:00 AM,,,,,,,,,,,,0.0,0.0,,0.0,,,0.0,,,,,,,,,,,,
CCA SFT TP Review,SSWUMS-2092,104470,Task,Done,SSWUMS,SSWUMS,software,mkuperst,"Welcome to the SSWUMS Team space, led by Meridith K (Product Owner). This space includes D440 and D454 resources, as well as Sprint and Kanban work.
",,Medium,Done,cwhite10,cwhite10,cwhite10,26/Jun/26 2:49 PM,06/Jul/26 12:42 PM,18/Sep/26 3:31 PM,06/Jul/26 12:42 PM,,PI19,,,,GDMS CCA Development,,,,,,,,,,,,,,,,,,,,,03/Jul/26 12:00 AM,0,,,cwhite10,,,,,";06/Jul/26 12:42 PM;cwhite10;3600",,,,,,,,,14400,10800,3600,25%,14400,10800,3600,,,,,,,,,,,,,,,,,,,,,,,,,,,,,,,,,,,,,,,,,,,,SSWHW,SSWTEST,,,,,,,cwhite10,,,03/Jul/26 12:00 AM,,SSWUMS-1144,,,Done,,,,,,SOS,Sprint,,,,,,,No comments by current user.,,,,,,,,,,,,,,,,,,,,,"1|i09z5g:",,,,,,,,,,,,,,,,Medium,,,,,,,PI19 7/1/2026 - 9/23/2026,,,,,,,,,,0.5,,,,100%,03/Jul/26 12:00 AM,26/Jun/26 12:00 AM,,,,,,,,,,,,0.0,0.0,,0.0,,,0.0,,,,,,,,,,,,
Create UMS Document Tree in CAMEO for GDMS Documents ,SSWUMS-2091,104368,Task,Done,SSWUMS,SSWUMS,software,mkuperst,"Welcome to the SSWUMS Team space, led by Meridith K (Product Owner). This space includes D440 and D454 resources, as well as Sprint and Kanban work.
",,Medium,Done,mdobrzan,mdobrzan,mdobrzan,26/Jun/26 11:42 AM,06/Jul/26 8:46 AM,18/Sep/26 3:31 PM,06/Jul/26 8:46 AM,,PI19,,,,Document Dev,,,,,,,,,,,,,,,,,,,,,15/Jul/26 12:00 AM,0,,,mdobrzan,,,,,";06/Jul/26 8:46 AM;mdobrzan;129600",,,,,,,,,57600,0,129600,225%,57600,0,129600,,,,,,,,,,,,,,,,,,,,,,,,,,,,,,,,,,,,,,,,,,,,,,,,,,,,mdobrzan,,,15/Jul/26 12:00 AM,,SSWUMS-980,,,In Progress,,,,,,Sprint,,,,,,,,No comments by current user.,,,,,,,,,,,,,,,,,,,,,"1|i09yr8:",,,,,,,,,,,,,,,,Medium,,,,,,,PI19 7/1/2026 - 9/23/2026,,,,,,,,,,2.0,,,,100%,15/Jul/26 12:00 AM,29/Jun/26 12:00 AM,,,,,,,,,,,,0.0,0.0,,0.0,,,0.0,,,,,,,,,,,,
CCA IFT Test Report Review,SSWUMS-2086,103525,Task,Done,SSWUMS,SSWUMS,software,mkuperst,"Welcome to the SSWUMS Team space, led by Meridith K (Product Owner). This space includes D440 and D454 resources, as well as Sprint and Kanban work.
",,Medium,Done,cwhite10,cwhite10,cwhite10,18/Jun/26 4:36 PM,13/Jul/26 1:04 PM,18/Sep/26 3:31 PM,13/Jul/26 1:04 PM,,PI19,,,,GDMS CCA Development,,,,,,,,,,,,,,,,,,,,,08/Jul/26 12:00 AM,0,,,cwhite10,,,,,";13/Jul/26 1:04 PM;cwhite10;3600",,,,,,,,,43200,39600,3600,8%,43200,39600,27000,,,,,,,,,,,,,,,,,,,,,,,,,,,,,,,,,,,,,,,,,,,,SSWHW,SSWTEST,,,,,,,cwhite10,,,08/Jul/26 12:00 AM,,SSWUMS-1144,,,Done,,,,,,Sprint,,,,,,,,No comments by current user.,,,,,,,,,,,,,,,,,,,,,"1|i09u9w:",,,,,,,,,,,,,,,,Medium,,,,,,,PI19 7/1/2026 - 9/23/2026,,,,,,,,,,1.5,,,,100%,07/Jul/26 12:00 AM,18/Jun/26 12:00 AM,,,,,,,,,,,,0.0,0.0,,0.0,,0.0,0.0,,0.0,0.0,0.0,,,,,,,,
UMS RAM Model Appendix Adj,SSWUMS-2081,103431,Task,To Do,SSWUMS,SSWUMS,software,mkuperst,"Welcome to the SSWUMS Team space, led by Meridith K (Product Owner). This space includes D440 and D454 resources, as well as Sprint and Kanban work.
",,Medium,,mkuperst,mkuperst,cwhite10,18/Jun/26 2:09 PM,14/Sep/26 12:58 PM,18/Sep/26 3:31 PM,,,PI20,,,,RAM,,,,,,,,,,,,,,,,,,,,,,0,,,cwhite10,,,,,,,,,,,,,,14400,14400,,0%,14400,14400,,,,,,,,,,,,SSWUMS-752,,,,,,,,,,,,,,,,,,,,,,,,,,,,,,,,,,,,,,,,SSWSYSPM,mkuperst,,,07/Oct/26 12:00 AM,,SSWUMS-1481,,,In Progress,,,,,,Sprint,,,,,,,,No comments by current user.,,,,,,,,,,,,,,,,,,,,,"1|i09tp0:",,,,,,,,,,,,,,,,Medium,,,,,,,PI20 9/23/2026 - 1/3/2027,,,,,,,,,,0.5,,,,0%,07/Oct/26 12:00 AM,25/Sep/26 12:00 AM,,,,,,,,,,,,0.0,0.0,,0.0,,0.0,0.0,,0.0,0.0,0.0,,,,,,,,
Test Asset List,SSWUMS-2080,103198,Task,Done,SSWUMS,SSWUMS,software,mkuperst,"Welcome to the SSWUMS Team space, led by Meridith K (Product Owner). This space includes D440 and D454 resources, as well as Sprint and Kanban work.
",,Medium,Done,mkuperst,cwhite10,cwhite10,16/Jun/26 12:37 PM,29/Jun/26 8:45 AM,18/Sep/26 3:31 PM,29/Jun/26 8:45 AM,,PI18,,,,UMS System Test Plan,,,,,,,,,,,,,,,,,,,,,22/Jun/26 12:00 AM,0,,,cwhite10,,,,,";29/Jun/26 8:45 AM;cwhite10;3600",,,,,,,,,5760,2160,3600,62%,5760,2160,3600,,,,,,,,,,,,,,,,,,,,,,,,,,,,,,,,,,,,,,,,,,,,,,,,,,,,mkuperst,,,22/Jun/26 12:00 AM,,SSWUMS-1979,,,Done,,,,,,Sprint,,,,,,,,No comments by current user.,,,,,,,,,,,,,,,,,,,,,"1|i09shw:",,,,,,,,,,,,,,,,Medium,,,,,,,SSWUMS Sprint 18.7,,,,,,,,,,0.2,,,,,22/Jun/26 12:00 AM,,,,,,,,,,,,,0.0,0.0,,0.0,,,0.0,,,,,,,,,,,,
 PI 18 EB PI In Person Dry Run,SSWUMS-2079,103195,Task,Done,SSWUMS,SSWUMS,software,mkuperst,"Welcome to the SSWUMS Team space, led by Meridith K (Product Owner). This space includes D440 and D454 resources, as well as Sprint and Kanban work.
",,Medium,Done,cwhite10,cwhite10,cwhite10,16/Jun/26 12:32 PM,27/Jul/26 10:43 AM,18/Sep/26 3:31 PM,27/Jul/26 10:43 AM,,PI19,,,,EB PI,,,,,,,,,,,,,,,,,,,,,24/Jul/26 12:00 AM,0,,,cwhite10,,,,,";27/Jul/26 10:43 AM;cwhite10;14400",,,,,,,,,14400,0,14400,100%,14400,0,14400,,,,,,,,,,,,,,,,,,,,,,,,,,,,,,,,,,,,,,,,,,,,,,,,,,,,cwhite10,,,24/Jul/26 12:00 AM,,SSWUMS-1320,,,Done,,,,,,Sprint,,,,,,,,No comments by current user.,,,,,,,,,,,,,,,,,,,,,"1|i09sh8:",,,,,,,,,,,,,,,,Medium,,,,,,,PI19 7/1/2026 - 9/23/2026,,,,,,,,,,0.5,,,,100%,24/Jul/26 12:00 AM,24/Jul/26 12:00 AM,,,,,,,,,,,,0.0,0.0,,0.0,,,0.0,,,,,,,,,,,,
Metrics Dry Run - EB Only (PI 18 EB PI),SSWUMS-2078,103194,Task,Done,SSWUMS,SSWUMS,software,mkuperst,"Welcome to the SSWUMS Team space, led by Meridith K (Product Owner). This space includes D440 and D454 resources, as well as Sprint and Kanban work.
",,Medium,Done,cwhite10,cwhite10,cwhite10,16/Jun/26 12:31 PM,09/Jul/26 4:38 PM,18/Sep/26 3:31 PM,09/Jul/26 4:38 PM,,PI19,,,,EB PI,,,,,,,,,,,,,,,,,,,,,07/Jul/26 12:00 AM,0,,,cwhite10,,,,,";09/Jul/26 4:38 PM;cwhite10;10800",,,,,,,,,5760,0,10800,187%,5760,0,10800,,,,,,,,,,,,,,,,,,,,,,,,,,,,,,,,,,,,,,,,,,,,,,,,,,,,cwhite10,,,07/Jul/26 12:00 AM,,SSWUMS-1320,,,Done,,,,,,Sprint,,,,,,,,No comments by current user.,,,,,,,,,,,,,,,,,,,,,"1|i09sh0:",,,,,,,,,,,,,,,,Medium,,,,,,,PI19 7/1/2026 - 9/23/2026,,,,,,,,,,0.2,,,,100%,07/Jul/26 12:00 AM,07/Jul/26 12:00 AM,,,,,,,,,,,,0.0,0.0,,0.0,,,0.0,,,,,,,,,,,,
Internal Only PI 18 Dry Run,SSWUMS-2077,103193,Task,Done,SSWUMS,SSWUMS,software,mkuperst,"Welcome to the SSWUMS Team space, led by Meridith K (Product Owner). This space includes D440 and D454 resources, as well as Sprint and Kanban work.
",,Medium,Done,cwhite10,cwhite10,cwhite10,16/Jun/26 12:28 PM,29/Jun/26 8:37 AM,18/Sep/26 3:31 PM,29/Jun/26 8:37 AM,,PI18,,,,EB PI,,,,,,,,,,,,,,,,,,,,,29/Jun/26 12:00 AM,0,,,cwhite10,,,,,";29/Jun/26 8:37 AM;cwhite10;12600",,,,,,,,,14400,1800,12600,87%,14400,1800,12600,,,,,,,,,,,,,,,,,,,,,,,,,,,,,,,,,,,,,,,,,,,,,,,,,,,,cwhite10,,,29/Jun/26 12:00 AM,,SSWUMS-1257,,,Done,,,,,,Sprint,,,,,,,,No comments by current user.,,,,,,,,,,,,,,,,,,,,,"1|i09sgs:",,,,,,,,,,,,,,,,Medium,,,,,,,SSWUMS Sprint 18.7,,,,,,,,,,0.5,,,,,29/Jun/26 12:00 AM,,,,,,,,,,,,,0.0,0.0,,0.0,,,0.0,,,,,,,,,,,,
SSN812-CYBER-SSS-001 PI 18 Draft Release Review Adj,SSWUMS-2073,103189,Task,Done,SSWUMS,SSWUMS,software,mkuperst,"Welcome to the SSWUMS Team space, led by Meridith K (Product Owner). This space includes D440 and D454 resources, as well as Sprint and Kanban work.
",,Medium,Done,mkuperst,cwhite10,cwhite10,16/Jun/26 12:23 PM,11/Aug/26 4:57 PM,18/Sep/26 3:31 PM,27/Jul/26 3:09 PM,,PI19,,,,ICD,,,,,,,,,,,,,,,,,,,,,20/Jul/26 12:00 AM,0,,,cwhite10,,,,,";27/Jul/26 3:09 PM;cwhite10;3600",,,,,,,,,5760,2160,3600,62%,5760,2160,4200,,,,,,,,,,,SSWUMS-2044,,,,,,,,,,,,,,,,,,,,,,,,,,,,,dcatapan,,,,,,,,,,,SSWCYBER,mkuperst,,,20/Jul/26 12:00 AM,,SSWUMS-1366,,,Done,,,,,,Sprint,,,,,,,,No comments by current user.,,,,,,,,,,,,,,,,,,,,,"1|i09sfw:",,,,,,,,,,,,,,,,Medium,,,,,,,PI19 7/1/2026 - 9/23/2026,,,,,,,,,,0.2,,,,100%,20/Jul/26 12:00 AM,17/Jul/26 12:00 AM,,,,,,,,,,,,0.0,0.0,,0.0,,0.0,0.0,,0.0,0.0,0.0,,,,,,,,
December Monthly Metric Slide Development,SSWUMS-2067,103002,Task,To Do,SSWUMS,SSWUMS,software,mkuperst,"Welcome to the SSWUMS Team space, led by Meridith K (Product Owner). This space includes D440 and D454 resources, as well as Sprint and Kanban work.
",,Medium,,mkuperst,cwhite10,cwhite10,12/Jun/26 11:32 AM,09/Jul/26 4:31 PM,18/Sep/26 3:31 PM,,,PI20,,,,UMS Monthly Metrics,,,,,,,,,,,,,,,,,,,,,03/Dec/26 12:00 AM,0,,,cwhite10,,,,,,,,,,,,,,14400,14400,,0%,14400,14400,,,,,,,,,,,,SSWUMS-2064,,,,,,,,,,,,,,,,,,,,,,,,,,,,,,,,,,,,,,,,,mkuperst,,,03/Dec/26 12:00 AM,,SSWUMS-981,,,In Progress,,,,,,Sprint,,,,,,,,No comments by current user.,,,,,,,,,,,,,,,,,,,,,"1|i09res:",,,,,,,,,,,,,,,,Medium,,,,,,,PI20 9/23/2026 - 1/3/2027,,,,,,,,,,0.5,,,,0%,03/Dec/26 12:00 AM,23/Nov/26 12:00 AM,,,,,,,,,,,,0.0,0.0,,0.0,,0.0,0.0,,0.0,0.0,0.0,,,,,,,,
November Monthly Metric Slide Development,SSWUMS-2064,102999,Task,To Do,SSWUMS,SSWUMS,software,mkuperst,"Welcome to the SSWUMS Team space, led by Meridith K (Product Owner). This space includes D440 and D454 resources, as well as Sprint and Kanban work.
",,Medium,,mkuperst,cwhite10,cwhite10,12/Jun/26 11:31 AM,09/Jul/26 4:31 PM,18/Sep/26 3:31 PM,,,PI20,,,,UMS Monthly Metrics,,,,,,,,,,,,,,,,,,,,,04/Nov/26 12:00 AM,0,,,cwhite10,,,,,,,,,,,,,,14400,14400,,0%,14400,14400,,,,,,,,,,SSWUMS-2067,,SSWUMS-2061,,,,,,,,,,,,,,,,,,,,,,,,,,,,,,,,,,,,,,,,,mkuperst,,,04/Nov/26 12:00 AM,,SSWUMS-981,,,In Progress,,,,,,Sprint,,,,,,,,No comments by current user.,,,,,,,,,,,,,,,,,,,,,"1|i09re4:",,,,,,,,,,,,,,,,Medium,,,,,,,PI20 9/23/2026 - 1/3/2027,,,,,,,,,,0.5,,,,0%,04/Nov/26 12:00 AM,29/Oct/26 12:00 AM,,,,,,,,,,,,0.0,0.0,,0.0,,0.0,0.0,,0.0,0.0,0.0,,,,,,,,
October Monthly Metric Slide Development,SSWUMS-2061,102996,Task,To Do,SSWUMS,SSWUMS,software,mkuperst,"Welcome to the SSWUMS Team space, led by Meridith K (Product Owner). This space includes D440 and D454 resources, as well as Sprint and Kanban work.
",,Medium,,mkuperst,cwhite10,cwhite10,12/Jun/26 11:29 AM,09/Jul/26 4:31 PM,18/Sep/26 3:31 PM,,,PI20,,,,UMS Monthly Metrics,,,,,,,,,,,,,,,,,,,,,09/Oct/26 12:00 AM,0,,,cwhite10,,,,,,,,,,,,,,14400,14400,,0%,14400,14400,,,,,,,,,,SSWUMS-2064,,SSWUMS-2058,,,,,,,,,,,,,,,,,,,,,,,,,,,,,,,,,,,,,,,,,mkuperst,,,09/Oct/26 12:00 AM,,SSWUMS-981,,,In Progress,,,,,,Sprint,,,,,,,,No comments by current user.,,,,,,,,,,,,,,,,,,,,,"1|i09rdg:",,,,,,,,,,,,,,,,Medium,,,,,,,PI20 9/23/2026 - 1/3/2027,,,,,,,,,,0.5,,,,0%,09/Oct/26 12:00 AM,02/Oct/26 12:00 AM,,,,,,,,,,,,0.0,0.0,,0.0,,0.0,0.0,,0.0,0.0,0.0,,,,,,,,
August Monthly Metric Slide Development,SSWUMS-2058,102992,Task,Done,SSWUMS,SSWUMS,software,mkuperst,"Welcome to the SSWUMS Team space, led by Meridith K (Product Owner). This space includes D440 and D454 resources, as well as Sprint and Kanban work.
",,Medium,Done,mkuperst,cwhite10,cwhite10,12/Jun/26 11:27 AM,17/Aug/26 1:56 PM,18/Sep/26 3:31 PM,17/Aug/26 1:56 PM,,PI19,,,,UMS Monthly Metrics,,,,,,,,,,,,,,,,,,,,,12/Aug/26 12:00 AM,0,,,cwhite10,,,,,";17/Aug/26 1:56 PM;cwhite10;60",,,,,,,,,14400,14340,60,0%,14400,14340,9060,,,,,,,,,SSWUMS-2061,,SSWUMS-2055,,,,,,,,,,,,,,,,,,,,,,,,,,,,,,,,,,,,,,,,,mkuperst,,,12/Aug/26 12:00 AM,,SSWUMS-980,,,In Progress,,,,,,Sprint,,,,,,,,No comments by current user.,,,,,,,,,,,,,,,,,,,,,"1|i09rck:",,,,,,,,,,,,,,,,Medium,,,,,,,PI19 7/1/2026 - 9/23/2026,,,,,,,,,,0.5,,,,100%,12/Aug/26 12:00 AM,06/Aug/26 12:00 AM,,,,,,,,,,,,0.0,0.0,,0.0,,0.0,0.0,,0.0,0.0,0.0,,,,,,,,
July Monthly Metric Slide Development,SSWUMS-2055,102989,Task,Cancelled,SSWUMS,SSWUMS,software,mkuperst,"Welcome to the SSWUMS Team space, led by Meridith K (Product Owner). This space includes D440 and D454 resources, as well as Sprint and Kanban work.
",,Medium,Won't Do,mkuperst,cwhite10,cwhite10,12/Jun/26 11:25 AM,09/Jul/26 1:23 PM,18/Sep/26 3:31 PM,09/Jul/26 1:23 PM,,PI19,,,,UMS Monthly Metrics,,,,,,,,,,,,,,,,,,,,,,0,,,cwhite10,,,,,,,,,,,,,,0,0,,0%,0,0,,,,,,,,,,SSWUMS-2058,,,,,,,,,,,,,,,,,,,,,,,,,,,,,,,,,,,,,,,,,,,mkuperst,,,07/Jul/26 12:00 AM,,SSWUMS-980,,,In Progress,,,,,,Sprint,,,,,"Posted on: Thu Jul 09 13:23:12 EDT 2026
Not needed in July due to PI",,,No comments by current user.,,,,,,,,,,,,,,,,,,,,,"1|i09rbw:",,,,,,,,,,,,,,,,Medium,,,,,,,PI19 7/1/2026 - 9/23/2026,,,,,,,,,,0.0,,,,,,30/Jun/26 12:00 AM,,,,,,,,,,,,0.0,0.0,,0.0,,0.0,0.0,,0.0,0.0,0.0,"09/Jul/26 1:23 PM;cwhite10;Not needed in July due to PI;;;",,,,,,,
VA-SSW-NIO-ICD-001 CP-0043 Leads Review Adj,SSWUMS-2048,102982,Task,Cancelled,SSWUMS,SSWUMS,software,mkuperst,"Welcome to the SSWUMS Team space, led by Meridith K (Product Owner). This space includes D440 and D454 resources, as well as Sprint and Kanban work.
",,Medium,Won't Do,mkuperst,cwhite10,cwhite10,12/Jun/26 11:19 AM,19/Aug/26 1:55 PM,18/Sep/26 3:31 PM,19/Aug/26 1:55 PM,,PI19,,,,ICD,,,,,,,,,,,,,,,,,,,,,21/Aug/26 12:00 AM,0,,,cwhite10,,,,,,,,,,,,,,0,0,,0%,0,0,,,,,,,,,,,,,,,,,,,,,,,,,,,,,,,,,,,,,,,,,dpazmino,,,,,,,,,,,SSWIF,mkuperst,,,21/Aug/26 12:00 AM,,SSWIF-3665,,,In Progress,,,,,,Sprint,,,,,"Posted on: Wed Aug 19 13:55:22 EDT 2026
No Comments to Adj

 ",,,No comments by current user.,,,,,,,,,,,,,,,,,,,,,"1|i09rac:",,,,,,,,,,,,,,,,Medium,,,,,,,PI19 7/1/2026 - 9/23/2026,,,,,,,,,,0.0,,,,100%,21/Aug/26 12:00 AM,10/Aug/26 12:00 AM,,,,,,,,,,,,0.0,0.0,,0.0,,0.0,0.0,,0.0,0.0,0.0,"19/Aug/26 1:55 PM;cwhite10;No Comments to Adj

 ;;;",,,,,,,
VA-SSW-NIO-ICD-001 CP-0043 Leads Review,SSWUMS-2047,102981,Task,Done,SSWUMS,SSWUMS,software,mkuperst,"Welcome to the SSWUMS Team space, led by Meridith K (Product Owner). This space includes D440 and D454 resources, as well as Sprint and Kanban work.
",,Medium,Done,mkuperst,cwhite10,cwhite10,12/Jun/26 11:19 AM,19/Aug/26 1:55 PM,18/Sep/26 3:31 PM,19/Aug/26 1:55 PM,,PI19,,,,ICD,,,,,,,,,,,,,,,,,,,,,14/Aug/26 12:00 AM,0,,,cwhite10,,,,,";19/Aug/26 1:55 PM;cwhite10;60",,,,,,,,,14400,14340,60,0%,14400,14340,3960,,,,,,,,,,,,,,,,,,,,,,,,,,,,,,,,,,,,,,,,dpazmino,,,,,,,,,,,SSWIF,mkuperst,,,14/Aug/26 12:00 AM,,SSWIF-3665,,,In Progress,,,,,,Sprint,,,,,,,,No comments by current user.,,,,,,,,,,,,,,,,,,,,,"1|i09ra4:",,,,,,,,,,,,,,,,Medium,,,,,,,PI19 7/1/2026 - 9/23/2026,,,,,,,,,,0.5,,,,100%,07/Aug/26 12:00 AM,03/Aug/26 12:00 AM,,,,,,,,,,,,0.0,0.0,,0.0,,0.0,0.0,,0.0,0.0,0.0,,,,,,,,
EB PI 18 Review Intial Slide Development - Review,SSWUMS-2046,102806,Task,Done,SSWUMS,SSWUMS,software,mkuperst,"Welcome to the SSWUMS Team space, led by Meridith K (Product Owner). This space includes D440 and D454 resources, as well as Sprint and Kanban work.
",,Medium,Done,mkuperst,cwhite10,cwhite10,05/Jun/26 11:14 AM,15/Jun/26 3:31 PM,18/Sep/26 3:31 PM,15/Jun/26 3:31 PM,,PI18,,,,EB PI,,,,,,,,,,,,,,,,,,,,,22/Jun/26 12:00 AM,0,,,cwhite10,,,,,";15/Jun/26 3:31 PM;cwhite10;1800",,,,,,,,,14400,12600,1800,12%,14400,12600,1800,,,,,,,,,,,SSWUMS-1997,,,,,,,,,,,,,,,,,,,,,,,,,,,,,,,,,,,,,,,,,mkuperst,,,22/Jun/26 12:00 AM,,SSWUMS-979,,,Done,,,,,,Sprint,,,,,,,,No comments by current user.,,,,,,,,,,,,,,,,,,,,,"1|i09qgs:",,,,,,,,,,,,,,,,Medium,,,,,,,SSWUMS Sprint 18.6,,,,,,,,,,0.5,,,,,,01/Jun/26 12:00 AM,,,,,,,,,,,,0.0,0.0,,0.0,,,0.0,,,,,,,,,,,,
RTR IRS Leads Review,SSWUMS-2045,102805,Task,Done,SSWUMS,SSWUMS,software,mkuperst,"Welcome to the SSWUMS Team space, led by Meridith K (Product Owner). This space includes D440 and D454 resources, as well as Sprint and Kanban work.
",,Medium,Done,mkuperst,cwhite10,cwhite10,05/Jun/26 11:02 AM,25/Aug/26 8:59 AM,18/Sep/26 3:31 PM,25/Aug/26 8:59 AM,,PI19,,,,RTR IRS,,,,,,,,,,,,,,,,,,,,,27/Aug/26 12:00 AM,0,,,cwhite10,,,,,";25/Aug/26 8:59 AM;bchadwic;60",,,,,,,,,28800,28740,60,0%,28800,28740,23460,,,,,,,,,,,,,,,,,,,,,,,,,,,,,,,,,,,,,,,,kbassi,,,,,,,,,,,SSWIF,mkuperst,,,27/Aug/26 12:00 AM,,SSWIF-4075,,,In Progress,,,,,,Sprint,,,,,,,,No comments by current user.,,,,,,,,,,,,,,,,,,,,,"1|i09qgk:",,,,,,,,,,,,,,,,Medium,,,,,,,PI19 7/1/2026 - 9/23/2026,,,,,,,,,,1.0,,,,100%,27/Aug/26 12:00 AM,17/Aug/26 12:00 AM,,,,,,,,,,,,0.0,0.0,,0.0,,,0.0,,,,,,,,,,,,
SSN812-CYBER-SSS-001 PI 18 Draft Release Review,SSWUMS-2044,102804,Task,Done,SSWUMS,SSWUMS,software,mkuperst,"Welcome to the SSWUMS Team space, led by Meridith K (Product Owner). This space includes D440 and D454 resources, as well as Sprint and Kanban work.
",,Medium,Done,mkuperst,cwhite10,cwhite10,05/Jun/26 11:00 AM,11/Aug/26 4:57 PM,18/Sep/26 3:31 PM,27/Jul/26 3:09 PM,,PI19,,,,ICD,,,,,,,,,,,,,,,,,,,,,06/Jul/26 12:00 AM,0,,,cwhite10,,,,,";27/Jul/26 3:09 PM;cwhite10;1800",,,,,,,,,28800,27000,1800,6%,28800,27000,15000,,,,,,,,,SSWUMS-2073,,,,,,,,,,,,,,,,,,,,,,,,,,,,,,,dcatapan,,,,,,,,,,,SSWCYBER,mkuperst,,,06/Jul/26 12:00 AM,,SSWUMS-1366,,,Done,,,,,,Sprint,,,,,,,,No comments by current user.,,,,,,,,,,,,,,,,,,,,,"1|i09qgc:",,,,,,,,,,,,,,,,Medium,,,,,,,PI19 7/1/2026 - 9/23/2026,,,,,,,,,,1.0,,,,100%,06/Jul/26 12:00 AM,22/Jun/26 12:00 AM,,,,,,,,,,,,0.0,0.0,,0.0,,0.0,0.0,,0.0,0.0,0.0,,,,,,,,
VA-SSW-CAB-ICD-001 Leads Review Adj (RCR),SSWUMS-2041,102801,Task,Done,SSWUMS,SSWUMS,software,mkuperst,"Welcome to the SSWUMS Team space, led by Meridith K (Product Owner). This space includes D440 and D454 resources, as well as Sprint and Kanban work.
",,Medium,Done,mkuperst,cwhite10,cwhite10,05/Jun/26 10:31 AM,11/Aug/26 4:55 PM,18/Sep/26 3:31 PM,27/Jul/26 10:53 AM,,PI19,,,,ICD,,,,,,,,,,,,,,,,,,,,,15/Jul/26 12:00 AM,0,,,cwhite10,,,,,";27/Jul/26 10:53 AM;cwhite10;60",,,,,,,,,14400,14340,60,0%,14400,14340,7260,,,,,,,,,,,SSWUMS-2038,,,,,,,,,,,,,,,,,,,,,,,,,,,,,aodiase,,,,,,,,,,,SSWIF,mkuperst,,,15/Jul/26 12:00 AM,,SSWUMS-1366,,,Done,,,,,,Sprint,,,,,,,,No comments by current user.,,,,,,,,,,,,,,,,,,,,,"1|i09qfo:",,,,,,,,,,,,,,,,Medium,,,,,,,PI19 7/1/2026 - 9/23/2026,,,,,,,,,,0.5,,,,100%,15/Jul/26 12:00 AM,25/Jun/26 12:00 AM,,,,,,,,,,,,0.0,0.0,,0.0,,0.0,0.0,,0.0,0.0,0.0,,,,,,,,
VA-SSW-CAB-ICD-001 Leads Review,SSWUMS-2038,102798,Task,Done,SSWUMS,SSWUMS,software,mkuperst,"Welcome to the SSWUMS Team space, led by Meridith K (Product Owner). This space includes D440 and D454 resources, as well as Sprint and Kanban work.
",,Medium,Done,mkuperst,cwhite10,cwhite10,05/Jun/26 10:30 AM,11/Aug/26 4:55 PM,18/Sep/26 3:31 PM,26/Jun/26 2:47 PM,,PI18,,,,ICD,,,,,,,,,,,,,,,,,,,,,24/Jun/26 12:00 AM,0,,,cwhite10,,,,,";26/Jun/26 2:47 PM;cwhite10;60",,,,,,,,,14400,14340,60,0%,14400,14340,5040,,,,,,,,,SSWUMS-2041,,,,,,,,,,,,,,,,,,,,,,,,,,,,,,,aodiase,,,,,,,,,,,SSWIF,mkuperst,,,,,SSWUMS-1365,,,Done,,,,,,Sprint,,,,,,,,No comments by current user.,,,,,,,,,,,,,,,,,,,,,"1|i09qf0:",,,,,,,,,,,,,,,,Medium,,,,,,,SSWUMS Sprint 18.7,,,,,,,,,,0.5,,,,100%,24/Jun/26 12:00 AM,17/Jun/26 12:00 AM,,,,,,,,,,,,0.0,0.0,,0.0,,0.0,0.0,,0.0,0.0,0.0,,,,,,,,
GDMS Sprint Package Review 19.5 (Start: 10/14),SSWUMS-2034,102794,Task,To Do,SSWUMS,SSWUMS,software,mkuperst,"Welcome to the SSWUMS Team space, led by Meridith K (Product Owner). This space includes D440 and D454 resources, as well as Sprint and Kanban work.
",,Medium,,cwhite10,mkuperst,cwhite10,05/Jun/26 10:18 AM,09/Jul/26 4:29 PM,18/Sep/26 3:31 PM,,,PI20,,,,GDMS Sprint Materials,,,,,,,,,,,,,,,,,,,,,21/Oct/26 12:00 AM,0,X:\Programs.686.BlockVI\Seabed Warfare\05 Concept Development\UMS\3 Presentations\C2S PDMS Sprint Jira Data\2026\PI 18,,cwhite10,,,,,,,,,,,,,,14400,14400,,0%,14400,14400,,,,,,,,,,,,SSWUMS-2030,,,,,,,,,,,,,,,,,,,,,,,,,,,,,,,,,,,,,,,,,cwhite10,,,21/Oct/26 12:00 AM,,SSWUMS-981,,,In Progress,,,,,,Sprint,,,,,,,,No comments by current user.,,,,,,,,,,,,,,,,,,,,,"1|i09qe4:",,,,,07/Jul/25 12:00 AM,,,,,,,,,,,Medium,,,,,,,PI20 9/23/2026 - 1/3/2027,,,,,,,,,,0.5,,,,0%,21/Oct/26 12:00 AM,14/Oct/26 12:00 AM,,,,,,,,,,,,0.0,0.0,,,,0.0,1.2,,0.0,0.0,0.0,,,,,,,,
GDMS Sprint Package Review 19.4 (Start: 09/23),SSWUMS-2030,102790,Task,To Do,SSWUMS,SSWUMS,software,mkuperst,"Welcome to the SSWUMS Team space, led by Meridith K (Product Owner). This space includes D440 and D454 resources, as well as Sprint and Kanban work.
",,Medium,,cwhite10,mkuperst,cwhite10,05/Jun/26 10:17 AM,09/Jul/26 4:29 PM,18/Sep/26 3:31 PM,,,PI20,,,,GDMS Sprint Materials,,,,,,,,,,,,,,,,,,,,,30/Sep/26 12:00 AM,0,X:\Programs.686.BlockVI\Seabed Warfare\05 Concept Development\UMS\3 Presentations\C2S PDMS Sprint Jira Data\2026\PI 18,,cwhite10,,,,,,,,,,,,,,14400,14400,,0%,14400,14400,,,,,,,,,,SSWUMS-2034,,SSWUMS-2026,,,,,,,,,,,,,,,,,,,,,,,,,,,,,,,,,,,,,,,,,cwhite10,,,30/Sep/26 12:00 AM,,SSWUMS-981,,,In Progress,,,,,,Sprint,,,,,,,,No comments by current user.,,,,,,,,,,,,,,,,,,,,,"1|i09qd8:",,,,,07/Jul/25 12:00 AM,,,,,,,,,,,Medium,,,,,,,PI20 9/23/2026 - 1/3/2027,,,,,,,,,,0.5,,,,0%,30/Sep/26 12:00 AM,23/Sep/26 12:00 AM,,,,,,,,,,,,0.0,0.0,,,,0.0,1.2,,0.0,0.0,0.0,,,,,,,,
GDMS Sprint Package Review 19.3 (Start: 09/02),SSWUMS-2026,102786,Task,Done,SSWUMS,SSWUMS,software,mkuperst,"Welcome to the SSWUMS Team space, led by Meridith K (Product Owner). This space includes D440 and D454 resources, as well as Sprint and Kanban work.
",,Medium,Done,cwhite10,mkuperst,cwhite10,05/Jun/26 10:16 AM,08/Sep/26 10:59 AM,18/Sep/26 3:31 PM,08/Sep/26 10:59 AM,,PI19,,,,GDMS Sprint Materials,,,,,,,,,,,,,,,,,,,,,09/Sep/26 12:00 AM,0,X:\Programs.686.BlockVI\Seabed Warfare\05 Concept Development\UMS\3 Presentations\C2S PDMS Sprint Jira Data\2026\PI 18,,cwhite10,,,,,";08/Sep/26 10:59 AM;cwhite10;60",,,,,,,,,14400,14340,60,0%,14400,14340,8520,,,,,,,,,SSWUMS-2030,,SSWUMS-2022,,,,,,,,,,,,,,,,,,,,,,,,,,,,,,,,,,,,,,,,,cwhite10,,,09/Sep/26 12:00 AM,,SSWUMS-980,,,In Progress,,,,,,Sprint,,,,,,,,No comments by current user.,,,,,,,,,,,,,,,,,,,,,"1|i09qcc:",,,,,07/Jul/25 12:00 AM,,,,,,,,,,,Medium,,,,,,,PI19 7/1/2026 - 9/23/2026,,,,,,,,,,0.5,,,,100%,09/Sep/26 12:00 AM,02/Sep/26 12:00 AM,,,,,,,,,,,,0.0,0.0,,,,0.0,1.2,,0.0,0.0,0.0,,,,,,,,
GDMS Sprint Package Review 19.2 (Start: 08/12),SSWUMS-2022,102782,Task,Done,SSWUMS,SSWUMS,software,mkuperst,"Welcome to the SSWUMS Team space, led by Meridith K (Product Owner). This space includes D440 and D454 resources, as well as Sprint and Kanban work.
",,Medium,Done,cwhite10,mkuperst,cwhite10,05/Jun/26 10:14 AM,24/Aug/26 11:39 AM,18/Sep/26 3:31 PM,24/Aug/26 11:39 AM,,PI19,,,,GDMS Sprint Materials,,,,,,,,,,,,,,,,,,,,,19/Aug/26 12:00 AM,0,X:\Programs.686.BlockVI\Seabed Warfare\05 Concept Development\UMS\3 Presentations\C2S PDMS Sprint Jira Data\2026\PI 18,,cwhite10,,,,,";24/Aug/26 11:39 AM;cwhite10;60",,,,,,,,,14400,14340,60,0%,14400,14340,4260,,,,,,,,,SSWUMS-2026,,SSWUMS-2017,,,,,,,,,,,,,,,,,,,,,,,,,,,,,,,,,,,,,,,,,cwhite10,,,19/Aug/26 12:00 AM,,SSWUMS-980,,,In Progress,,,,,,Sprint,,,,,,,,No comments by current user.,,,,,,,,,,,,,,,,,,,,,"1|i09qbg:",,,,,07/Jul/25 12:00 AM,,,,,,,,,,,Medium,,,,,,,PI19 7/1/2026 - 9/23/2026,,,,,,,,,,0.5,,,,100%,19/Aug/26 12:00 AM,12/Aug/26 12:00 AM,,,,,,,,,,,,0.0,0.0,,,,0.0,1.2,,0.0,0.0,0.0,,,,,,,,
GDMS Sprint Package Review 19.1 (Start: 07/22),SSWUMS-2017,102777,Task,Done,SSWUMS,SSWUMS,software,mkuperst,"Welcome to the SSWUMS Team space, led by Meridith K (Product Owner). This space includes D440 and D454 resources, as well as Sprint and Kanban work.
",,Medium,Done,cwhite10,mkuperst,cwhite10,05/Jun/26 10:12 AM,07/Aug/26 4:37 PM,18/Sep/26 3:31 PM,07/Aug/26 4:37 PM,,PI19,,,,GDMS Sprint Materials,,,,,,,,,,,,,,,,,,,,,29/Jul/26 12:00 AM,0,X:\Programs.686.BlockVI\Seabed Warfare\05 Concept Development\UMS\3 Presentations\C2S PDMS Sprint Jira Data\2026\PI 18,,cwhite10,,,,,";07/Aug/26 4:37 PM;cwhite10;60",,,,,,,,,14400,14340,60,0%,23040,17580,5460,,,,,,,,,SSWUMS-2022,,SSWUMS-1458,,,,,,,,,,,,,,,,,,,,,,,,,,,,,,,,,,,,,,,,,cwhite10,,,29/Jul/26 12:00 AM,,SSWUMS-980,,,In Progress,,,,,,Sprint,,,,,,,,No comments by current user.,,,,,,,,,,,,,,,,,,,,,"1|i09qac:",,,,,07/Jul/25 12:00 AM,,,,,,,,,,,Medium,,,,,,,PI19 7/1/2026 - 9/23/2026,,,,,,,,,,0.5,,,,100%,29/Jul/26 12:00 AM,22/Jul/26 12:00 AM,,,,,,,,,,,,0.0,0.0,,,,0.0,1.2,,0.0,0.0,0.0,,,,,,,,
HMI IPT Version 1.5 draft Review,SSWUMS-2013,102773,Task,Done,SSWUMS,SSWUMS,software,mkuperst,"Welcome to the SSWUMS Team space, led by Meridith K (Product Owner). This space includes D440 and D454 resources, as well as Sprint and Kanban work.
",,Medium,Done,mkuperst,cwhite10,cwhite10,05/Jun/26 10:02 AM,12/Aug/26 12:34 PM,18/Sep/26 3:31 PM,18/Jun/26 2:23 PM,,PI18,,,,HMI Requirements Spec,,,,,,,,,,,,,,,,,,,,,19/Jun/26 12:00 AM,0,Related AI: UMS-0764,,cwhite10,,,,,";18/Jun/26 2:23 PM;cwhite10;60",,,,,,,,,28800,28740,60,0%,28800,28740,14460,,,,,,,,,,,,,,,,,,,,,,,,,,,,,,,,,,,,,,,,,,,,,,,,,,,,mkuperst,,,18/Jun/26 12:00 AM,,SSWUMS-1357,,,Done,,,,,,Sprint,,,,,,,,No comments by current user.,,,,,,,,,,,,,,,,,,,,,"1|i09q9g:",,,,,,,,,,,,,,,,Medium,,,,,,,SSWUMS Sprint 18.7,,,,,,,,,,1.0,,,,100%,18/Jun/26 12:00 AM,04/Jun/26 12:00 AM,,,,,,,,,,,,0.0,0.0,,0.0,,0.0,0.0,,0.0,0.0,0.0,,,,,,,,
MTEP Rev B Review Adj,SSWUMS-2008,102768,Task,Done,SSWUMS,SSWUMS,software,mkuperst,"Welcome to the SSWUMS Team space, led by Meridith K (Product Owner). This space includes D440 and D454 resources, as well as Sprint and Kanban work.
",,Medium,Done,mkuperst,cwhite10,cwhite10,05/Jun/26 9:41 AM,27/Jul/26 10:48 AM,18/Sep/26 3:31 PM,27/Jul/26 10:48 AM,,PI19,,,,GDMS MTEP,,,,,,,,,,,,,,,,,,,,,15/Jul/26 12:00 AM,0,,,cwhite10,,,,,";27/Jul/26 10:48 AM;cwhite10;60",,,,,,,,,43200,43140,60,0%,43200,43140,1860,,,,,,,,,,,SSWUMS-1514,,,,,,,,,,,,,,,,,,,,,,,,,,,,,,,,,SSWTEST,,,,,,,,mkuperst,,,15/Jul/26 12:00 AM,,SSWUMS-2007,,,Done,,,,,,SOS,Sprint,,,,,,,No comments by current user.,,,,,,,,,,,,,,,,,,,,,"1|i09q8c:",,,,,,,,,,,,,,,,Medium,,,,,,,PI19 7/1/2026 - 9/23/2026,,,,,,,,,,1.5,,,,100%,15/Jul/26 12:00 AM,09/Jul/26 12:00 AM,,,,,,,,,,,,0.0,0.0,,0.0,,0.0,0.0,,0.0,0.0,0.0,,,,,,,,
4.a. GDMS MTEP - PI 19,SSWUMS-2007,102767,Epic,Done,SSWUMS,SSWUMS,software,mkuperst,"Welcome to the SSWUMS Team space, led by Meridith K (Product Owner). This space includes D440 and D454 resources, as well as Sprint and Kanban work.
",,Medium,Done,,mkuperst,cwhite10,05/Jun/26 9:41 AM,08/Sep/26 4:06 PM,18/Sep/26 3:31 PM,30/Jul/26 11:58 AM,,PI19,,,,GDMS MTEP,GDMS SOW,,,,,,,,,,,,,,,,,,,,,0,,,cwhite10,,,,,,,,,,,,,,0,0,,0%,0,0,,,,,,,,,,,,SSWUMS-1093,,,,,,,,,,,,,,,,,,,,,,,,,,,,,,,,,SSWTEST,,,,,,,,,,,,ghx-label-13,,4.a. GDMS MTEP - PI 19,Done,,,,,,,Sprint,,,,,,,,No comments by current user.,,,,,,,SSWUMS-916,,,,,,,,,,,,,,"1|hzwrwy:o",,,,,,,,,,,,,,,,Medium,,,,,,,,,,,,,,,,,,,,,94%,23/Sep/26 12:00 AM,01/Jul/26 12:00 AM,,,,,,,,,,,100.0,1.5,0.0,,,100.0,4.3,1.5,0.0,12.0,11.5,0.5,,,,,,,,
4.h. GDMS Drawings - PI19,SSWUMS-2006,102766,Epic,Done,SSWUMS,SSWUMS,software,mkuperst,"Welcome to the SSWUMS Team space, led by Meridith K (Product Owner). This space includes D440 and D454 resources, as well as Sprint and Kanban work.
",,Medium,Done,,mkuperst,cwhite10,05/Jun/26 9:33 AM,08/Sep/26 4:06 PM,18/Sep/26 3:31 PM,11/Aug/26 9:03 AM,,PI19,,,,EOSR,EOSR Installation Drawing,GDMS CCA Development,PDMS Low Voltage Schematic,PDMS Optical Schematic,PDMS Top Level Schematic,,,,,,,,,,,,,,,,,0,,,cwhite10,,,,,,,,,,,,,,0,0,,0%,0,0,,,,,,,,,,,,SSWUMS-1898,,,,,,,,,,,,,,,,,,,,,,,,,,,,,,,,,SSWHW,,,,,,,,,,,,ghx-label-13,,4.h. GDMS Drawings - PI19,Done,,,,,,,,,,,,,,,No comments by current user.,,,,,,,SSWUMS-563,,,,,,,,,,,,,,"1|i03q43:5i056vnc",,,,,,,,,,,,,,,,Medium,,,,,,,,,,,,,,,,,,,,,94%,23/Sep/26 12:00 AM,01/Jul/26 12:00 AM,,,,,,,,,,,100.0,2.8,0.0,,,100.0,55.8,2.8,0.0,22.4,9.9,12.5,,,,,,,,
OBMP Issuance for approve-admin Processing,SSWUMS-2004,102574,Task,Done,SSWUMS,SSWUMS,software,mkuperst,"Welcome to the SSWUMS Team space, led by Meridith K (Product Owner). This space includes D440 and D454 resources, as well as Sprint and Kanban work.
",,Medium,Done,bchadwic,cwhite10,cwhite10,02/Jun/26 12:23 PM,15/Jun/26 8:45 AM,18/Sep/26 3:31 PM,15/Jun/26 8:45 AM,,PI18,,,,OBMP,,,,,,,,,,,,,,,,,,,,,12/Jun/26 12:00 AM,0,,,cwhite10,,,,,";05/Jun/26 10:23 AM;cwhite10;1200",";15/Jun/26 8:45 AM;cwhite10;28800",,,,,,,,14400,0,30000,208%,14400,0,30000,,,,,,,,,,,,,,,,,,,,,,,,,,,,,,,,,,,,,,,,,,,,,,,,,,,,bchadwic,,,12/Jun/26 12:00 AM,,SSWUMS-1902,,,Done,,,,,,Sprint,,,,,,,,No comments by current user.,,,,,,,,,,,,,,,,,,,,,"1|i09pa4:",,,,,,,,,,,,,,,,Medium,,,,,,,SSWUMS Sprint 18.6,,,,,,,,,,0.5,,,,,12/Jun/26 12:00 AM,,,,,,,,,,,,,0.0,0.0,,0.0,,,0.0,,,,,,,,,,,,
VA SSN812 I&D Level Handling and Support Equipment List Review ,SSWUMS-2000,102546,Task,Done,SSWUMS,SSWUMS,software,mkuperst,"Welcome to the SSWUMS Team space, led by Meridith K (Product Owner). This space includes D440 and D454 resources, as well as Sprint and Kanban work.
",,Medium,Done,mkuperst,cwhite10,cwhite10,02/Jun/26 10:30 AM,12/Jun/26 11:10 AM,18/Sep/26 3:31 PM,12/Jun/26 11:10 AM,,PI18,,,,Review,,,,,,,,,,,,,,,,,,,,,12/Jun/26 12:00 AM,0,,,cwhite10,,,,,";12/Jun/26 11:10 AM;cwhite10;60",,,,,,,,,57600,57540,60,0%,57600,57540,2760,,,,,,,,,,,,,,,,,,,,,,,,,,,,,,,,,,,,,,,,,,,,,,,,,,,,mkuperst,,,12/Jun/26 12:00 AM,,SSWUMS-1357,,,Done,,,,,,Sprint,,,,,,,,No comments by current user.,,,,,,,,,,,,,,,,,,,,,"1|i09p50:",,,,,,,,,,,,,,,,Medium,,,,,,,SSWUMS Sprint 18.6,,,,,,,,,,2.0,,,,100%,12/Jun/26 12:00 AM,02/Jun/26 12:00 AM,,,,,,,,,,,,0.0,0.0,,0.0,,0.0,0.0,,0.0,0.0,0.0,,,,,,,,
6. D440 SYS Products - PI20,SSWUMS-1999,102501,Epic,To Do,SSWUMS,SSWUMS,software,mkuperst,"Welcome to the SSWUMS Team space, led by Meridith K (Product Owner). This space includes D440 and D454 resources, as well as Sprint and Kanban work.
",,Medium,,,mkuperst,cwhite10,01/Jun/26 3:18 PM,19/Aug/26 9:00 AM,18/Sep/26 3:31 PM,,,PI20,,,,Cyber Data Call,PHC Eng GUI Spec,,,,,,,,,,,,,,,,,,,,,0,,,cwhite10,,,,,,,,,,,,,,0,0,,0%,0,0,,,,,,,,,,,,SSWUMS-1998,,,,,,,,,,,,,,,,,,,,,,,,,,,,,,,,,,,,,,,,,,,,,ghx-label-8,,6. D440 SYS Products - PI20,To Do,,,,,,,,,,,,,,,No comments by current user.,,,,,,,SSWUMS-562,,,,,,,,,,,,,,"1|i0ais3:",,,,,,,,,,,,,,,,Medium,,,,,,,,,,,,,,,,,,,,,0%,23/Dec/26 12:00 AM,23/Sep/26 12:00 AM,,,,,,,,,,,0.0,0.0,0.0,,,0.0,0.0,4.0,4.0,32.0,32.0,0.0,,,,,,,,
6. D440 SYS Products - PI19,SSWUMS-1998,102500,Epic,Cancelled,SSWUMS,SSWUMS,software,mkuperst,"Welcome to the SSWUMS Team space, led by Meridith K (Product Owner). This space includes D440 and D454 resources, as well as Sprint and Kanban work.
",,Medium,Won't Do,,mkuperst,cwhite10,01/Jun/26 3:18 PM,12/Aug/26 1:08 PM,18/Sep/26 3:31 PM,12/Aug/26 1:08 PM,,,,,,SDP,,,,,,,,,,,,,,,,,,,,,,0,,,cwhite10,,,,,,,,,,,,,,0,0,,0%,0,0,,,,,,,,,,SSWUMS-1999,,SSWUMS-1367,,,,,,,,,,,,,,,,,,,,,,,,,,,,,,,,,,,,,,,,,,,,,ghx-label-8,,6. D440 SYS Products - PI19,Done,,,,,,,,,,,,,,,No comments by current user.,,,,,,,SSWUMS-562,,,,,,,,,,,,,,"1|i09ox0:",,,,,,,,,,,,,,,,Medium,,,,,,,,,,,,,,,,,0.0,,,,94%,23/Sep/26 12:00 AM,01/Jul/26 12:00 AM,,,,,,,,,,,0.0,0.0,0.0,,,0.0,0.0,0.0,0.0,0.0,0.0,0.0,,,,,,,,
EB PI 18 Review Intial Slide Development,SSWUMS-1997,102496,Task,Done,SSWUMS,SSWUMS,software,mkuperst,"Welcome to the SSWUMS Team space, led by Meridith K (Product Owner). This space includes D440 and D454 resources, as well as Sprint and Kanban work.
",,Medium,Done,cwhite10,cwhite10,cwhite10,01/Jun/26 3:14 PM,05/Jun/26 11:14 AM,18/Sep/26 3:31 PM,05/Jun/26 11:14 AM,,PI18,,,,EB PI,,,,,,,,,,,,,,,,,,,,,22/Jun/26 12:00 AM,0,,,cwhite10,,,,,";01/Jun/26 3:15 PM;cwhite10;3600",";05/Jun/26 11:14 AM;cwhite10;9000",,,,,,,,14400,1800,12600,87%,14400,1800,12600,,,,,,,,,SSWUMS-2046,,,,,,,,,,,,,,,,,,,,,,,,,,,,,,,mkuperst,,,,,,,,,,,,cwhite10,,,22/Jun/26 12:00 AM,,SSWUMS-979,,,Done,,,,,,Sprint,,,,,,,,No comments by current user.,,,,,,,,,,,,,,,,,,,,,"1|i09owc:",,,,,,,,,,,,,,,,Medium,,,,,,,SSWUMS Sprint 18.6,,,,,,,,,,0.5,,,,,,01/Jun/26 12:00 AM,,,,,,,,,,,,0.0,0.0,,0.0,,,0.0,,,,,,,,,,,,
CCB Charter & CIAL for Info Transmittal Admin Routing,SSWUMS-1996,102310,Task,Done,SSWUMS,SSWUMS,software,mkuperst,"Welcome to the SSWUMS Team space, led by Meridith K (Product Owner). This space includes D440 and D454 resources, as well as Sprint and Kanban work.
",,Medium,Done,mkuperst,cwhite10,cwhite10,27/May/26 3:44 PM,01/Jul/26 10:28 AM,18/Sep/26 3:31 PM,01/Jul/26 10:28 AM,,PI19,,,,Document Dev,,,,,,,,,,,,,,,,,,,,,,0,,,cwhite10,,,,,";01/Jul/26 10:28 AM;mkuperst;3600",,,,,,,,,5760,2160,3600,62%,5760,2160,3600,,SSWUMS-1995,,,,,,,,,,,,,,,,,,,,,,,,,,,,,,,,,,,,,,,,,,,,,,,,,,mkuperst,,,03/Jul/26 12:00 AM,,SSWUMS-1320,,,Done,,,,,,Sprint,,,,,,,,No comments by current user.,,,,,,,,,,,,,,,,,,,,,"1|i09nwc:",,,,,,,,,,,,,,,,Medium,,,,,,,PI19 7/1/2026 - 9/23/2026,,,,,,,,,,0.2,,,,,,29/Jun/26 12:00 AM,,,,,,,,,,,,0.0,0.0,,0.0,,,0.0,,,,,,,,,,,,
CCB Charter & CIAL for Info Transmittal QA/TPA/Manager Review,SSWUMS-1995,102309,Task,Done,SSWUMS,SSWUMS,software,mkuperst,"Welcome to the SSWUMS Team space, led by Meridith K (Product Owner). This space includes D440 and D454 resources, as well as Sprint and Kanban work.
",,Medium,Done,mkuperst,cwhite10,cwhite10,27/May/26 3:43 PM,25/Jun/26 4:14 PM,18/Sep/26 3:31 PM,25/Jun/26 4:14 PM,,PI18,,,,Document Dev,,,,,,,,,,,,,,,,,,,,,,0,,,cwhite10,,,,,";25/Jun/26 4:14 PM;cwhite10;3600",,,,,,,,,5760,2160,3600,62%,5760,2160,3600,,SSWUMS-1994,,,SSWUMS-1996,,,,,,,,,,,,,,,,,,,,,,,,,,,,,,,,,,,,,,,,,,,,,,,mkuperst,,,26/Jun/26 12:00 AM,,SSWUMS-1257,,,Done,,,,,,Sprint,,,,,,,,No comments by current user.,,,,,,,,,,,,,,,,,,,,,"1|i09nw4:",,,,,,,,,,,,,,,,Medium,,,,,,,SSWUMS Sprint 18.7,,,,,,,,,,0.2,,,,,,22/Jun/26 12:00 AM,,,,,,,,,,,,0.0,0.0,,0.0,,,0.0,,,,,,,,,,,,
CCB Charter & CIAL for Info Transmittal Leads/Supervisor Review,SSWUMS-1994,102308,Task,Done,SSWUMS,SSWUMS,software,mkuperst,"Welcome to the SSWUMS Team space, led by Meridith K (Product Owner). This space includes D440 and D454 resources, as well as Sprint and Kanban work.
",,Medium,Done,mkuperst,cwhite10,cwhite10,27/May/26 3:41 PM,12/Aug/26 12:20 PM,18/Sep/26 3:31 PM,22/Jun/26 7:58 AM,,PI18,,,,Document Dev,,,,,,,,,,,,,,,,,,,,,,0,,,cwhite10,,,,,";22/Jun/26 7:58 AM;cwhite10;60",,,,,,,,,14400,14340,60,0%,14400,14340,3960,,SSWUMS-1993,,,SSWUMS-1995,,,,,,,,,,,,,,,,,,,,,,,,,,,,,,,,,,,,,,,SSWSYSPM,,,,,,,,mkuperst,,,19/Jun/26 12:00 AM,,SSWUMS-1257,,,Done,,,,,,Sprint,,,,,,,,No comments by current user.,,,,,,,,,,,,,,,,,,,,,"1|i09nvw:",,,,,,,,,,,,,,,,Medium,,,,,,,SSWUMS Sprint 18.7,,,,,,,,,,0.5,,,,,,15/Jun/26 12:00 AM,,,,,,,,,,,,0.0,0.0,,0.0,,0.0,0.0,,0.0,0.0,0.0,,,,,,,,
Update UMS CCB Charter & CIAL for Info Transmittal,SSWUMS-1993,102306,Task,Done,SSWUMS,SSWUMS,software,mkuperst,"Welcome to the SSWUMS Team space, led by Meridith K (Product Owner). This space includes D440 and D454 resources, as well as Sprint and Kanban work.
",,Medium,Done,mkuperst,cwhite10,cwhite10,27/May/26 3:38 PM,12/Jun/26 11:10 AM,18/Sep/26 3:31 PM,12/Jun/26 11:10 AM,,PI18,,,,Document Dev,,,,,,,,,,,,,,,,,,,,,,0,,,cwhite10,,,,,";12/Jun/26 11:10 AM;cwhite10;7200",,,,,,,,,14400,7200,7200,50%,14400,7200,7200,,,,,SSWUMS-1994,,,,,,,,,,,,,,,,,,,,,,,,,,,,,,,,,,,,,,,,,,,,,,,mkuperst,,,12/Jun/26 12:00 AM,,SSWUMS-1257,,,Done,,,,,,Sprint,,,,,,,,No comments by current user.,,,,,,,,,,,,,,,,,,,,,"1|i09nvg:",,,,,,,,,,,,,,,,Medium,,,,,,,SSWUMS Sprint 18.6,,,,,,,,,,0.5,,,,,,27/May/26 12:00 AM,,,,,,,,,,,,0.0,0.0,,0.0,,,0.0,,,,,,,,,,,,
VA-SSW-UMS-SIM-IS Leads Review Adj',SSWUMS-1985,101763,Task,Done,SSWUMS,SSWUMS,software,mkuperst,"Welcome to the SSWUMS Team space, led by Meridith K (Product Owner). This space includes D440 and D454 resources, as well as Sprint and Kanban work.
",,Medium,Done,mkuperst,cwhite10,cwhite10,15/May/26 8:26 AM,12/Aug/26 12:50 PM,18/Sep/26 3:31 PM,22/Jun/26 1:17 PM,,PI18,,,,UMS SIM IS,,,,,,,,,,,,,,,,,,,,,24/Jun/26 12:00 AM,0,,,cwhite10,,,,,";17/Jun/26 4:07 PM;cwhite10;60",";22/Jun/26 1:17 PM;cwhite10;60",,,,,,,,14400,14280,120,0%,16800,14280,7020,,,,,,,,,,,SSWUMS-1981,,,,,,,,,,,,,,,,,,,,,,,,,,,,,mruiz3,,,,,,,,,,,SSWTEST,mkuperst,,,24/Jun/26 12:00 AM,,SSWUMS-1979,,,Done,,,,,,SOS,Sprint,,,,,,,No comments by current user.,,,,,,,,,,,,,,,,,,,,,"1|i09lgg:",,,,,,,,,,,,,,,,Medium,,,,,,,SSWUMS Sprint 18.7,,,,,,,,,,0.5,,,,100%,24/Jun/26 12:00 AM,17/Jun/26 12:00 AM,,,,,,,,,,,100.0,0.1,0.0,,,100.0,0.0,0.1,0.0,0.0,0.0,0.0,,,,,,,,
VA-SSW-UMS-SIM-IS Leads Review,SSWUMS-1981,101759,Task,Done,SSWUMS,SSWUMS,software,mkuperst,"Welcome to the SSWUMS Team space, led by Meridith K (Product Owner). This space includes D440 and D454 resources, as well as Sprint and Kanban work.
",,Medium,Done,mkuperst,cwhite10,cwhite10,15/May/26 8:25 AM,12/Aug/26 12:50 PM,18/Sep/26 3:31 PM,17/Jun/26 4:09 PM,,PI18,,,,UMS SIM IS,,,,,,,,,,,,,,,,,,,,,17/Jun/26 12:00 AM,0,,,cwhite10,,,,,";17/Jun/26 4:09 PM;cwhite10;60",,,,,,,,,28800,28740,60,0%,28800,28740,9660,,,,,,,,,SSWUMS-1985,,,,,,,,,,,,,,,,,,,,,,,,,,,,,,,mruiz3,,,,,,,,,,,SSWTEST,mkuperst,,,17/Jun/26 12:00 AM,,SSWUMS-1979,,,Done,,,,,,SOS,Sprint,,,,"Posted on: Tue Jun 16 12:54:43 EDT 2026
Placed in incorrect Sprint moved out of 18.6 to 18.7 to align with due dates",,,No comments by current user.,,,,,,,,,,,,,,,,,,,,,"1|i09lfk:",,,,,,,,,,,,,,,,Medium,,,,,,,SSWUMS Sprint 18.7,,,,,,,,,,1.0,,,,100%,17/Jun/26 12:00 AM,10/Jun/26 12:00 AM,,,,,,,,,,,,0.0,0.0,,0.0,,0.0,0.0,,0.0,0.0,0.0,"16/Jun/26 12:54 PM;cwhite10;Placed in incorrect Sprint moved out of 18.6 to 18.7 to align with due dates;;;",,,,,,,
6. D440 Test Products - PI19,SSWUMS-1980,101758,Epic,Cancelled,SSWUMS,SSWUMS,software,mkuperst,"Welcome to the SSWUMS Team space, led by Meridith K (Product Owner). This space includes D440 and D454 resources, as well as Sprint and Kanban work.
",,Medium,Won't Do,,mkuperst,cwhite10,15/May/26 8:20 AM,30/Jun/26 12:43 PM,18/Sep/26 3:31 PM,30/Jun/26 12:43 PM,,PI19,,,,C2S,Document Dev,Review,UMS SIM IS,UMS SIMN SRS,UMS SSLR,Vendor (GDMS),,,,,,,,,,,,,,,,0,,,cwhite10,,,,,,,,,,,,,,0,0,,0%,0,0,,,,,,,,,,,,SSWUMS-1979,,,,,,,,,,,,,,,,,,,,,,,,,,,,,,,,,,,,,,,,,,,,,ghx-label-8,,6. D440 Test Products - PI19,Done,,,,,,,,,,,,,,,No comments by current user.,,,,,,,SSWUMS-562,,,,,,,,,,,,,,"1|i09lfc:",,,,,,,,,,,,,,,,Medium,,,,,,,,,,,,,,,,,0.0,,,,94%,23/Sep/26 12:00 AM,01/Jul/26 12:00 AM,,,,,,,,,,,0.0,0.0,0.0,,,0.0,0.0,0.0,0.0,0.0,0.0,0.0,,,,,,,,
6. D440 Test Products - PI18,SSWUMS-1979,101757,Epic,Done,SSWUMS,SSWUMS,software,mkuperst,"Welcome to the SSWUMS Team space, led by Meridith K (Product Owner). This space includes D440 and D454 resources, as well as Sprint and Kanban work.
",,Medium,Done,,mkuperst,cwhite10,15/May/26 8:20 AM,01/Jul/26 1:20 PM,18/Sep/26 3:31 PM,29/Jun/26 8:46 AM,,PI18,,,,C2S,Document Dev,Review,UMS SIM IS,UMS SIMN SRS,UMS SSLR,UMS System Test Plan,Vendor (GDMS),,,,,,,,,,,,,,,0,,,cwhite10,,,,,,,,,,,,,,0,0,,0%,0,0,,,,,,,,,,SSWUMS-1980,,SSWUMS-1213,,,,,,,,,,,,,,,,,,,,,,,,,,,,,,,,,,,,,,,,,,,,,ghx-label-8,,6. D440 Test Products - PI18,Done,,,,,,,,,,,,,,,No comments by current user.,,,,,,,SSWUMS-562,,,,,,,,,,,,,,"1|i09lf4:",,,,,,,,,,,,,,,,Medium,,,,,,,,,,,,,,,,,,,,,100%,01/Jul/26 12:00 AM,25/Mar/26 12:00 AM,,,,,,,,,,,100.0,1.7,0.0,,,100.0,41.4,1.7,0.0,13.6,8.0,5.6,,,,,,,,
ESTP ICD CP-0000C Review Adj,SSWUMS-1978,101669,Task,Done,SSWUMS,SSWUMS,software,mkuperst,"Welcome to the SSWUMS Team space, led by Meridith K (Product Owner). This space includes D440 and D454 resources, as well as Sprint and Kanban work.
",,Medium,Done,mkuperst,cwhite10,cwhite10,13/May/26 2:51 PM,11/Aug/26 4:56 PM,18/Sep/26 3:31 PM,05/Jun/26 3:13 PM,,PI18,,,,ICD,,,,,,,,,,,,,,,,,,,,,,0,,,cwhite10,,,,,";05/Jun/26 3:13 PM;cwhite10;600",,,,,,,,,14400,13800,600,4%,14400,13800,600,,,,,,,,,,,,,,,,,,,,,,,,,,,,,,,,,,,,,,,,cwhite10,,,,,,,,,,,SSWIF,mkuperst,,,05/Jun/26 12:00 AM,,SSWUMS-1365,,,Done,,,,,,Sprint,,,,,,,,No comments by current user.,,,,,,,,,,,,,,,,,,,,,"1|i09ky8:",,,,,,,,,,,,,,,,Medium,,,,,,,SSWUMS Sprint 18.6,,,,,,,,,,0.5,,,,100%,05/Jun/26 12:00 AM,01/Jun/26 12:00 AM,,,,,,,,,,,,0.0,0.0,,0.0,,,0.0,,,,,,,,,,,,
ESTP ICD CP-0000C Review,SSWUMS-1977,101668,Task,Done,SSWUMS,SSWUMS,software,mkuperst,"Welcome to the SSWUMS Team space, led by Meridith K (Product Owner). This space includes D440 and D454 resources, as well as Sprint and Kanban work.
",,Medium,Done,mkuperst,cwhite10,cwhite10,13/May/26 2:49 PM,11/Aug/26 4:56 PM,18/Sep/26 3:31 PM,01/Jun/26 1:46 PM,,PI18,,,,ICD,,,,,,,,,,,,,,,,,,,,,,0,,,cwhite10,,,,,";01/Jun/26 1:46 PM;cwhite10;1200",,,,,,,,,14400,13200,1200,8%,14400,13200,1200,,,,,,,,,,,,,,,,,,,,,,,,,,,,,,,,,,,,,,,,cwhite10,,,,,,,,,,,,mkuperst,,,07/Jul/26 12:00 AM,,SSWUMS-1365,,,Done,,,,,,Sprint,,,,,,,,No comments by current user.,,,,,,,,,,,,,,,,,,,,,"1|i09ky0:",,,,,,,,,,,,,,,,Medium,,,,,,,SSWUMS Sprint 18.5,,,,,,,,,,0.5,,,,100%,07/Jul/26 12:00 AM,23/Jun/26 12:00 AM,,,,,,,,,,,,0.0,0.0,,0.0,,,0.0,,,,,,,,,,,,
LBTF In-Person support - XFMR Intergration (Sep),SSWUMS-1976,101621,Task,To Do,SSWUMS,SSWUMS,software,mkuperst,"Welcome to the SSWUMS Team space, led by Meridith K (Product Owner). This space includes D440 and D454 resources, as well as Sprint and Kanban work.
",,Medium,,bchadwic,cwhite10,cwhite10,13/May/26 11:18 AM,17/Sep/26 3:51 PM,18/Sep/26 3:31 PM,,,PI20,,,,LBTF,,,,,,,,,,,,,,,,,,,,,11/Sep/26 12:00 AM,0,"XFMR ships the week of the Setember 14th and ACcore will support the instiall that week

dave young was thinking the following week",,cwhite10,mkuperst,,,,,,,,,,,,,86400,86400,,0%,86400,86400,,,,,,,,,,,,SSWUMS-1970,,,,,,,,,,,,,,,,,,,,,,,,,,,,,,,,,,,,,,,,,bchadwic,,,25/Sep/26 12:00 AM,,SSWUMS-1971,,,In Progress,,,,,,Sprint,,,,,"Posted on: Tue Jul 14 13:12:40 EDT 2026
Transformer cable delivery is delayed until end of August, so integration support isn't expected until September",,,No comments by current user.,,,,,,,,,,,,,,,,,,,,,"1|i09kqw:",,,,,,,,,,,,,,,,Medium,,,,,,,PI19 7/1/2026 - 9/23/2026,,,,,,,,,,3.0,,,,0%,25/Sep/26 12:00 AM,21/Sep/26 12:00 AM,,,,,,,,,,,,0.0,0.0,,0.0,,,0.0,,,,,"14/Jul/26 1:12 PM;mkuperst;Transformer cable delivery is delayed until end of August, so integration support isn't expected until September;;;",,,,,,,
LBTF In-Person support - NIOU Hookup Support (January),SSWUMS-1975,101620,Task,To Do,SSWUMS,SSWUMS,software,mkuperst,"Welcome to the SSWUMS Team space, led by Meridith K (Product Owner). This space includes D440 and D454 resources, as well as Sprint and Kanban work.
",,Medium,,cwhite10,cwhite10,cwhite10,13/May/26 11:17 AM,03/Sep/26 11:33 AM,18/Sep/26 3:31 PM,,,PI21,,,,LBTF,,,,,,,,,,,,,,,,,,,,,,0,"For intail Hookup to LBTF

may need to move later as the GDMS controls may need more time with the rack at ADL (keeping at ADl ~PI20)

 

Before the date would like:

2 weeks to move from ADL to GDMS

1 month of hookup and checking at LBTF (EB vitis during that one month Period)",,cwhite10,,,,,,,,,,,,,,86400,86400,,0%,86400,86400,,,,,,,,,,,,SSWUMS-1973,,,,,,,,,,,,,,,,,,,,,,,,,,,,,,,,,SSWHW,,,,,,,,cwhite10,,,,,SSWUMS-1971,,,In Progress,,,,,,Sprint,,,,,,,,No comments by current user.,,,,,,,,,,,,,,,,,,,,,"1|i09kqo:",,,,,,,,,,,,,,,,Medium,,,,,,,PI21 1/4/2027 - 3/24/2027,,,,,,,,,,3.0,,,,,,,,,,,,,,,,,,0.0,0.0,,0.0,,,0.0,,,,,,,,,,,,
1.b. LBTF - PI21,SSWUMS-1974,101619,Epic,Cancelled,SSWUMS,SSWUMS,software,mkuperst,"Welcome to the SSWUMS Team space, led by Meridith K (Product Owner). This space includes D440 and D454 resources, as well as Sprint and Kanban work.
",,Medium,Won't Do,cwhite10,cwhite10,cwhite10,13/May/26 11:17 AM,07/Aug/26 4:35 PM,18/Sep/26 3:31 PM,07/Aug/26 4:35 PM,,,,,,GDMS IMS,LBTF Cables,LBTF Connectors,LBTF Junction Boxes,ROG-1727 ADL and LBTF Testing Needs,Vendor (GDMS),,,,,,,,,,,,,,,,,0,,,cwhite10,,,,,,,,,,,,,,0,0,,0%,0,0,,,,,,,,,,,,SSWUMS-1972,,,,,,,,,,,,,,,,,,,,,,,,,,,,,,,,,,,,,,,,,,,,,ghx-label-3,,1.b. LBTF - PI21,Done,,,,,,,,,,,,,,,No comments by current user.,,,,,,,SSWUMS-564,,,,,,,,,,,,,,"1|i09kqg:",,,,,,,,,,,,,,,,Medium,,,,,,,,,,,,,,,,,0.0,,,,,,,,,,,,,,,,,0.0,0.0,0.0,,,0.0,0.0,0.0,0.0,0.0,0.0,0.0,,,,,,,,
LBTF In-Person support - NIOU Hookup Support (~October),SSWUMS-1973,101618,Task,To Do,SSWUMS,SSWUMS,software,mkuperst,"Welcome to the SSWUMS Team space, led by Meridith K (Product Owner). This space includes D440 and D454 resources, as well as Sprint and Kanban work.
",,Medium,,cwhite10,cwhite10,cwhite10,13/May/26 11:15 AM,03/Sep/26 11:23 AM,18/Sep/26 3:31 PM,,,PI20,,,,LBTF,,,,,,,,,,,,,,,,,,,,,,0,"To support Intail GDMS connection of the CCA into the LBTF Rack and connection of the Speed goat

Proposed to merge with the PI event (if needed)",,cwhite10,,,,,,,,,,,,,,86400,86400,,0%,86400,86400,,,,,,,,,,SSWUMS-1975,,SSWUMS-1970,,,,,,,,,,,,,,,,,,,,,,,,,,,,,,,,,SSWHW,,,,,,,,cwhite10,,,,,SSWUMS-1971,,,In Progress,,,,,,Sprint,,,,,,,,No comments by current user.,,,,,,,,,,,,,,,,,,,,,"1|i09kq8:",,,,,,,,,,,,,,,,Medium,,,,,,,PI20 9/23/2026 - 1/3/2027,,,,,,,,,,3.0,,,,,,,,,,,,,,,,,,0.0,0.0,,0.0,,,0.0,,,,,,,,,,,,
1.b. LBTF - PI20,SSWUMS-1972,101616,Epic,Cancelled,SSWUMS,SSWUMS,software,mkuperst,"Welcome to the SSWUMS Team space, led by Meridith K (Product Owner). This space includes D440 and D454 resources, as well as Sprint and Kanban work.
",,Medium,Won't Do,cwhite10,cwhite10,cwhite10,13/May/26 11:14 AM,07/Aug/26 4:36 PM,18/Sep/26 3:31 PM,07/Aug/26 4:36 PM,,,,,,GDMS IMS,LBTF Cables,LBTF Connectors,LBTF Junction Boxes,ROG-1727 ADL and LBTF Testing Needs,Vendor (GDMS),,,,,,,,,,,,,,,,,0,,,cwhite10,,,,,,,,,,,,,,0,0,,0%,0,0,,,,,,,,,,SSWUMS-1974,,,,,,,,,,,,,,,,,,,,,,,,,,,,,,,,,,,,,,,,,,,,,,,ghx-label-3,,1.b. LBTF - PI20,Done,,,,,,,,,,,,,,,No comments by current user.,,,,,,,SSWUMS-564,,,,,,,,,,,,,,"1|i09kps:",,,,,,,,,,,,,,,,Medium,,,,,,,,,,,,,,,,,0.0,,,,,,,,,,,,,,,,,0.0,0.0,0.0,,,0.0,0.0,0.0,0.0,0.0,0.0,0.0,,,,,,,,
1.b. LBTF Onsite Support,SSWUMS-1971,101611,Epic,In Progress,SSWUMS,SSWUMS,software,mkuperst,"Welcome to the SSWUMS Team space, led by Meridith K (Product Owner). This space includes D440 and D454 resources, as well as Sprint and Kanban work.
",,Medium,,cwhite10,cwhite10,cwhite10,13/May/26 11:13 AM,09/Sep/26 1:02 AM,18/Sep/26 3:31 PM,,,,,,,LBTF,,,,,,,,,,,,,,,,,,,,,,0,,,cwhite10,,,,,,,,,,,,,,0,0,,0%,0,0,,,,,,,,,,,,,,,,,,,,,,,,,,,,,,,,,,,,,,,,,,,,,SSWHW,SSWSW,SSWTEST,,,,,,,,,,ghx-label-3,,1.b. LBTF Onsite Support,In Progress,,,,,,,,,,,,,,,No comments by current user.,,,,,,,SSWUMS-564,,,,,,,,,,,,,,"1|hzwrwy:m",,,,,,,,,,,,,,,,Medium,,,,,,,,,,,,,,,,,,,,,,,,,,,,,,,,,,30.77,4.0,0.0,,,30.8,38.5,13.0,9.0,104.0,64.0,40.0,,,,,,,,
LBTF In-Person support - ADL Testing (September),SSWUMS-1970,101610,Task,Done,SSWUMS,SSWUMS,software,mkuperst,"Welcome to the SSWUMS Team space, led by Meridith K (Product Owner). This space includes D440 and D454 resources, as well as Sprint and Kanban work.
",,Medium,Done,cwhite10,cwhite10,cwhite10,13/May/26 11:12 AM,08/Sep/26 9:31 AM,18/Sep/26 3:31 PM,08/Sep/26 9:31 AM,,PI19,,,,LBTF,,,,,,,,,,,,,,,,,,,,,04/Sep/26 12:00 AM,0,,,cwhite10,,,,,";03/Sep/26 3:42 PM;mkuperst;60",";08/Sep/26 9:31 AM;cwhite10;144000",,,,,,,,115200,0,144060,125%,115200,0,144060,,,,,,,,,SSWUMS-1973,SSWUMS-1976,,,,,,,,,,,,,,,,,,,,,,,,,,,,,,,,,,SSWHW,SSWSW,,,,,,,cwhite10,,,04/Sep/26 12:00 AM,,SSWUMS-1971,,,In Progress,,,,,,Sprint,,,,,,,,No comments by current user.,,,,,,,,,,,,,,,,,,,,,"1|i09kog:",,,,,,,,,,,,,,,,Medium,,,,,,,PI19 7/1/2026 - 9/23/2026,,,,,,,,,,4.0,,,,100%,04/Sep/26 12:00 AM,31/Aug/26 12:00 AM,,,,,,,,,,,,0.0,0.0,,0.0,,,0.0,,,,,,,,,,,,
GDMS IMS and SMS review(For August Edition),SSWUMS-1966,101604,Task,To Do,SSWUMS,SSWUMS,software,mkuperst,"Welcome to the SSWUMS Team space, led by Meridith K (Product Owner). This space includes D440 and D454 resources, as well as Sprint and Kanban work.
",,Medium,,mkuperst,mkuperst,cwhite10,13/May/26 11:02 AM,09/Jul/26 4:42 PM,18/Sep/26 3:31 PM,,,PI20,,,,GDMS IMS,GDMS SMS,,,,,,,,,,,,,,,,,,,,28/Sep/26 12:00 AM,0,"\\US-CT-EB01\EBDepts\Programs.686.BlockVI\Seabed Warfare\05 Concept Development\UMS\1 Programmatic\2. Reporting\2 Segment Schedules\Summary Schedules

\\us-ct-eb01\EBDepts\Programs.686.BlockVI\Seabed Warfare\05 Concept Development\UMS\1 Programmatic\2. Reporting\4 GDMS IMS\

\\us-ct-eb01\EBDepts\Programs.686.BlockVI\Seabed Warfare\05 Concept Development\UMS\1 Programmatic\3. Risk Management\GDMS RMB\",,cwhite10,,,,,,,,,,,,,,14400,14400,,0%,23040,23040,,,,,,,,,,,,SSWUMS-1962,,,,,,,,,,,,,,,,,,,,,,,,,,,,,,,,,,,,,,,,,mkuperst,,,28/Sep/26 12:00 AM,,SSWUMS-981,,,In Progress,,,,,,,,,1.0,"SMS Comments

+*Slide 14*+
 * FA Documents still showing in January of 2025
 * HRS Dates not updates(Noted in text box on slide)

 

IMS Comments
 * Need to roll in the HRS Updates as well as CCA dates",,,,No comments by current user.,,,,,,,,,,,,,,,,,,,,,"1|i09kn4:",,,,,,,,,,,,,,,,,,,,,,,PI20 9/23/2026 - 1/3/2027,,,,,,,,,,0.5,,,,0%,28/Sep/26 12:00 AM,21/Sep/26 12:00 AM,,,,,,,,,,,,0.0,0.0,,,,0.0,0.6,,0.8,0.8,0.0,,,,,,,,
GDMS IMS and SMS review(For July Edition),SSWUMS-1962,101600,Task,In Progress,SSWUMS,SSWUMS,software,mkuperst,"Welcome to the SSWUMS Team space, led by Meridith K (Product Owner). This space includes D440 and D454 resources, as well as Sprint and Kanban work.
",,Medium,,mkuperst,mkuperst,cwhite10,13/May/26 11:01 AM,17/Sep/26 12:11 PM,18/Sep/26 3:31 PM,,,PI19,,,,GDMS IMS,GDMS SMS,,,,,,,,,,,,,,,,,,,,27/Aug/26 12:00 AM,0,"\\US-CT-EB01\EBDepts\Programs.686.BlockVI\Seabed Warfare\05 Concept Development\UMS\1 Programmatic\2. Reporting\2 Segment Schedules\Summary Schedules

\\us-ct-eb01\EBDepts\Programs.686.BlockVI\Seabed Warfare\05 Concept Development\UMS\1 Programmatic\2. Reporting\4 GDMS IMS\

\\us-ct-eb01\EBDepts\Programs.686.BlockVI\Seabed Warfare\05 Concept Development\UMS\1 Programmatic\3. Risk Management\GDMS RMB\",,cwhite10,,,,,";17/Sep/26 12:11 PM;mkuperst;60",,,,,,,,,14400,14340,60,0%,23040,18300,5460,,,,,,,,,SSWUMS-1966,,SSWUMS-1958,,,,,,,,,,,,,,,,,,,,,,,,,,,,,,,,,,,,,,,,,mkuperst,,,27/Aug/26 12:00 AM,,SSWUMS-980,,,In Progress,,,,,,,,,1.0,"SMS Comments

+*Slide 14*+
 * FA Documents still showing in January of 2025
 * HRS Dates not updates(Noted in text box on slide)

 

IMS Comments
 * Need to roll in the HRS Updates as well as CCA dates",,,,No comments by current user.,,,,,,,,,,,,,,,,,,,,,"1|i09km8:",,,,,,,,,,,,,,,,,,,,,,,PI19 7/1/2026 - 9/23/2026,,,,,,,,,,0.5,,,,100%,27/Aug/26 12:00 AM,20/Aug/26 12:00 AM,,,,,,,,,,,,0.0,0.0,,,,0.0,0.6,,0.8,0.8,0.0,,,,,,,,
GDMS IMS and SMS review(For June Edition),SSWUMS-1958,101596,Task,Done,SSWUMS,SSWUMS,software,mkuperst,"Welcome to the SSWUMS Team space, led by Meridith K (Product Owner). This space includes D440 and D454 resources, as well as Sprint and Kanban work.
",,Medium,Done,mkuperst,mkuperst,cwhite10,13/May/26 10:58 AM,11/Aug/26 8:47 AM,18/Sep/26 3:31 PM,11/Aug/26 8:47 AM,,PI19,,,,GDMS IMS,GDMS SMS,,,,,,,,,,,,,,,,,,,,27/Jul/26 12:00 AM,0,"\\US-CT-EB01\EBDepts\Programs.686.BlockVI\Seabed Warfare\05 Concept Development\UMS\1 Programmatic\2. Reporting\2 Segment Schedules\Summary Schedules

\\us-ct-eb01\EBDepts\Programs.686.BlockVI\Seabed Warfare\05 Concept Development\UMS\1 Programmatic\2. Reporting\4 GDMS IMS\

\\us-ct-eb01\EBDepts\Programs.686.BlockVI\Seabed Warfare\05 Concept Development\UMS\1 Programmatic\3. Risk Management\GDMS RMB\",,cwhite10,,,,,";11/Aug/26 8:47 AM;cwhite10;60",,,,,,,,,14400,14340,60,0%,23040,16320,18960,,,,,,,,,SSWUMS-1962,,SSWUMS-1490,,,,,,,,,,,,,,,,,,,,,,,,,,,,,,,,,,,,,,,,,mkuperst,,,27/Jul/26 12:00 AM,,SSWUMS-980,,,In Progress,,,,,,,,,1.0,"SMS Comments

+*Slide 14*+
 * FA Documents still showing in January of 2025
 * HRS Dates not updates(Noted in text box on slide)

 

IMS Comments
 * Need to roll in the HRS Updates as well as CCA dates",,,,No comments by current user.,,,,,,,,,,,,,,,,,,,,,"1|i09klc:",,,,,,,,,,,,,,,,,,,,,,,PI19 7/1/2026 - 9/23/2026,,,,,,,,,,0.5,,,,100%,27/Jul/26 12:00 AM,20/Jul/26 12:00 AM,,,,,,,,,,,,0.0,0.0,,,,0.0,0.6,,0.8,0.8,0.0,,,,,,,,
SSW Lead Engineers Weekly Update slides (09/16/26),SSWUMS-1957,101595,Task,Done,SSWUMS,SSWUMS,software,mkuperst,"Welcome to the SSWUMS Team space, led by Meridith K (Product Owner). This space includes D440 and D454 resources, as well as Sprint and Kanban work.
",,Medium,Done,cwhite10,cwhite10,cwhite10,13/May/26 10:56 AM,16/Sep/26 10:01 AM,18/Sep/26 3:31 PM,16/Sep/26 10:01 AM,,PI19,,,,Meetings,,,,,,,,,,,,,,,,,,,,,16/Sep/26 12:00 AM,0,,,cwhite10,,,,,";16/Sep/26 10:01 AM;cwhite10;1200",,,,,,,,,2880,1680,1200,41%,2880,1680,1200,,,,,,,,,,,SSWUMS-1956,,,,,,,,,,,,,,,,,,,,,,,,,,,,,mkuperst,,,,,,,,,,,,cwhite10,,,16/Sep/26 12:00 AM,,SSWUMS-980,,,In Progress,,,,,,Sprint,,,,,,,,No comments by current user.,,,,,,,,,,,,,,,,,,,,,"1|i07vza:",,,,,,,,,,,,,,,,Medium,,,,,,,PI19 7/1/2026 - 9/23/2026,,,,,,,,,,0.1,,,,,16/Sep/26 12:00 AM,,,,,,,,,,,,,0.0,0.0,,0.0,,,0.0,,,,,,,,,,,,
SSW Lead Engineers Weekly Update slides (09/02/26),SSWUMS-1956,101594,Task,Cancelled,SSWUMS,SSWUMS,software,mkuperst,"Welcome to the SSWUMS Team space, led by Meridith K (Product Owner). This space includes D440 and D454 resources, as well as Sprint and Kanban work.
",,Medium,Won't Do,cwhite10,cwhite10,cwhite10,13/May/26 10:55 AM,02/Sep/26 3:08 PM,18/Sep/26 3:31 PM,02/Sep/26 3:08 PM,,PI19,,,,Meetings,,,,,,,,,,,,,,,,,,,,,02/Sep/26 12:00 AM,0,,,cwhite10,,,,,,,,,,,,,,0,0,,0%,0,0,,,,,,,,,,SSWUMS-1957,,SSWUMS-1955,,,,,,,,,,,,,,,,,,,,,,,,,,,,,mkuperst,,,,,,,,,,,,cwhite10,,,02/Sep/26 12:00 AM,,SSWUMS-980,,,In Progress,,,,,,Sprint,,,,,"Posted on: Wed Sep 02 15:08:48 EDT 2026
No needed",,,No comments by current user.,,,,,,,,,,,,,,,,,,,,,"1|i07vz7:",,,,,,,,,,,,,,,,Medium,,,,,,,PI19 7/1/2026 - 9/23/2026,,,,,,,,,,0.0,,,,,02/Sep/26 12:00 AM,,,,,,,,,,,,,0.0,0.0,,0.0,,,0.0,,,,,"02/Sep/26 3:08 PM;cwhite10;No needed;;;",,,,,,,
SSW Lead Engineers Weekly Update slides (08/19/26),SSWUMS-1955,101593,Task,Done,SSWUMS,SSWUMS,software,mkuperst,"Welcome to the SSWUMS Team space, led by Meridith K (Product Owner). This space includes D440 and D454 resources, as well as Sprint and Kanban work.
",,Medium,Done,cwhite10,cwhite10,cwhite10,13/May/26 10:55 AM,19/Aug/26 9:23 AM,18/Sep/26 3:31 PM,11/Aug/26 2:04 PM,,PI19,,,,Meetings,,,,,,,,,,,,,,,,,,,,,19/Aug/26 12:00 AM,0,,,cwhite10,,,,,";11/Aug/26 2:04 PM;cwhite10;7200",,,,,,,,,2880,0,7200,250%,2880,0,7200,,,,,,,,,SSWUMS-1956,,SSWUMS-1954,,,,,,,,,,,,,,,,,,,,,,,,,,,,,mkuperst,,,,,,,,,,,,cwhite10,,,19/Aug/26 12:00 AM,,SSWUMS-980,,,In Progress,,,,,,Sprint,,,,,,,,No comments by current user.,,,,,,,,,,,,,,,,,,,,,"1|i07vz5:i",,,,,,,,,,,,,,,,Medium,,,,,,,PI19 7/1/2026 - 9/23/2026,,,,,,,,,,0.1,,,,,19/Aug/26 12:00 AM,,,,,,,,,,,,,0.0,0.0,,0.0,,,0.0,,,,,,,,,,,,
SSW Lead Engineers Weekly Update slides (08/05/26),SSWUMS-1954,101592,Task,Done,SSWUMS,SSWUMS,software,mkuperst,"Welcome to the SSWUMS Team space, led by Meridith K (Product Owner). This space includes D440 and D454 resources, as well as Sprint and Kanban work.
",,Medium,Done,cwhite10,cwhite10,cwhite10,13/May/26 10:54 AM,19/Aug/26 9:23 AM,18/Sep/26 3:31 PM,03/Aug/26 8:57 AM,,PI19,,,,Meetings,,,,,,,,,,,,,,,,,,,,,05/Aug/26 12:00 AM,0,,,cwhite10,,,,,";03/Aug/26 8:57 AM;cwhite10;1200",,,,,,,,,2880,1680,1200,41%,2880,1680,1200,,,,,,,,,SSWUMS-1955,,SSWUMS-1953,,,,,,,,,,,,,,,,,,,,,,,,,,,,,mkuperst,,,,,,,,,,,,cwhite10,,,05/Aug/26 12:00 AM,,SSWUMS-980,,,In Progress,,,,,,Sprint,,,,,,,,No comments by current user.,,,,,,,,,,,,,,,,,,,,,"1|i07vz4:r",,,,,,,,,,,,,,,,Medium,,,,,,,PI19 7/1/2026 - 9/23/2026,,,,,,,,,,0.1,,,,,05/Aug/26 12:00 AM,,,,,,,,,,,,,0.0,0.0,,0.0,,,0.0,,,,,,,,,,,,
SSW Lead Engineers Weekly Update slides (07/22/26),SSWUMS-1953,101591,Task,Done,SSWUMS,SSWUMS,software,mkuperst,"Welcome to the SSWUMS Team space, led by Meridith K (Product Owner). This space includes D440 and D454 resources, as well as Sprint and Kanban work.
",,Medium,Done,cwhite10,cwhite10,cwhite10,13/May/26 10:53 AM,19/Aug/26 9:23 AM,18/Sep/26 3:31 PM,23/Jul/26 7:13 AM,,PI19,,,,Meetings,,,,,,,,,,,,,,,,,,,,,22/Jul/26 12:00 AM,0,,,cwhite10,,,,,";23/Jul/26 7:13 AM;cwhite10;2700",,,,,,,,,2880,180,2700,93%,2880,180,2700,,,,,,,,,SSWUMS-1954,,,,,,,,,,,,,,,,,,,,,,,,,,,,,,,mkuperst,,,,,,,,,,,,cwhite10,,,22/Jul/26 12:00 AM,,SSWUMS-980,,,In Progress,,,,,,Sprint,,,,,,,,No comments by current user.,,,,,,,,,,,,,,,,,,,,,"1|i07vz4:c",,,,,,,,,,,,,,,,Medium,,,,,,,PI19 7/1/2026 - 9/23/2026,,,,,,,,,,0.1,,,,,22/Jul/26 12:00 AM,,,,,,,,,,,,,0.0,0.0,,0.0,,,0.0,,,,,,,,,,,,
sxc UMS Project Testing Epic,SSWUMS-1951,101565,Epic,To Do,SSWUMS,SSWUMS,software,mkuperst,"Welcome to the SSWUMS Team space, led by Meridith K (Product Owner). This space includes D440 and D454 resources, as well as Sprint and Kanban work.
",,Lowest,,scodd,scodd,scodd,13/May/26 7:11 AM,16/Sep/26 9:03 AM,18/Sep/26 3:31 PM,,,,,,,,,,,,,,,,,,,,,,,,,,,,,0,,,scodd,ScriptRunner,,,,";13/May/26 7:13 AM;scodd;60",";13/May/26 7:14 AM;scodd;60",";13/May/26 7:14 AM;scodd;60",,,,,,,180,0,180,100%,180,0,180,,,,,,,,,,,,,,,,,,,,,,,,,,,,,,,,,,,,,,test,,scodd,,,,,,,,,,,,scodd,,,,,,sxc UMS Project Testing Epic,To Do,,,,,,,Sprint,,,,,"Posted on: Wed May 13 07:14:23 EDT 2026
The following errors occurred: (Please Log Time in the Time Spent field)",,,No comments by current user.,,,,,,,,scodd,,,,,,,,,,,,,"1|i09kf4:",,13/May/26 12:00 AM,Approved,,,,,,,,,,,,,Medium,,,,,,,,,,,,,,,,,0.1,,,,100%,01/Jul/26 12:00 AM,25/Mar/26 12:00 AM,,,,,,,,,,,0.0,0.0,0.0,,,0.0,0.0,0.0,0.0,0.0,0.0,0.0,"13/May/26 7:14 AM;ScriptRunner;The following errors occurred: (Please Log Time in the Time Spent field);;;",,,,,,,
C2I Quarterly & Planning Event,SSWUMS-1946,98877,Task,Done,SSWUMS,SSWUMS,software,mkuperst,"Welcome to the SSWUMS Team space, led by Meridith K (Product Owner). This space includes D440 and D454 resources, as well as Sprint and Kanban work.
",,Medium,Done,mkuperst,mkuperst,mkuperst,08/Apr/26 11:55 AM,12/Jun/26 11:01 AM,18/Sep/26 3:31 PM,12/Jun/26 11:01 AM,,PI18,,,,C2I IPT,,,,,,,,,,,,,,,,,,,,,,0,"The next C2IPT Quarterly and Planning conference is scheduled for June 10{^}th{^} and June 11{^}th{^} in LM Manassas

GDMS file posted here: [2026-06|https://gdmscollab.sharepoint.us/:f:/r/sites/PRGM-Rogue/Prime/Working%20Groups/C2%20IPT/C2I%20Quarterly/2026-06?csf=1&web=1&e=yuPuic]

EB master slide deck to incorporate inputs into is located here:[ C2I_Quarterly_2026_June_EB-Inputs.pptx|https://gdeb-my.sharepoint.us/:p:/g/personal/gmoustak_gdeb_com/IQDgQ-BeJ5ogQIzzqv3d7MdrAdrIqsQ1rXzRqbVUi29wFOw]

Related Confluence: 

[https://192.168.3.34/cnfl1/spaces/SSWINT/pages/159257906/2026+June+C2IPT]",,mkuperst,,,,,";12/Jun/26 11:01 AM;cwhite10;115200",,,,,,,,,115200,0,115200,100%,115200,0,115200,,,,,,,,,,,SSWUMS-1945,,,,,,,,,,,,,,,,SSWSYSPM-3040,,,,,,,,,,,,,gmoustak,,,,,,,,,,,SSWSYSPM,mkuperst,,,11/Jun/26 12:00 AM,,SSWUMS-1357,,,Done,,,,,,Sprint,,,,,,,,No comments by current user.,,,,,,,,,,,,,,,,,,,,,"1|i09740:",,,,,,,,,,,,,,,,Medium,,,,,,,SSWUMS Sprint 18.6,,,,,,,,,,4.0,,,,,11/Jun/26 12:00 AM,,,,,,,,,,,,,0.0,0.0,,0.0,,,0.0,,,,,,,,,,,,
C2I Quarterly Slides - Update GDMS Inputs in Master slide deck,SSWUMS-1945,98876,Task,Done,SSWUMS,SSWUMS,software,mkuperst,"Welcome to the SSWUMS Team space, led by Meridith K (Product Owner). This space includes D440 and D454 resources, as well as Sprint and Kanban work.
",,Medium,Done,mkuperst,mkuperst,mkuperst,08/Apr/26 11:53 AM,02/Jun/26 12:16 PM,18/Sep/26 3:31 PM,02/Jun/26 12:16 PM,,PI18,,,,C2I IPT,,,,,,,,,,,,,,,,,,,,,,0,"GDMS Slides due back to EB by COB 4/30/26

GDMS file posted here: [2026-06|https://gdmscollab.sharepoint.us/:f:/r/sites/PRGM-Rogue/Prime/Working%20Groups/C2%20IPT/C2I%20Quarterly/2026-06?csf=1&web=1&e=yuPuic]

EB master slide deck to incorporate inputs into is located here:[ C2I_Quarterly_2026_June_EB-Inputs.pptx|https://gdeb-my.sharepoint.us/:p:/g/personal/gmoustak_gdeb_com/IQDgQ-BeJ5ogQIzzqv3d7MdrAdrIqsQ1rXzRqbVUi29wFOw]

Related Confluence: 

[https://192.168.3.34/cnfl1/spaces/SSWINT/pages/159257906/2026+June+C2IPT]",,mkuperst,,,,,";12/May/26 10:33 AM;gbarry;60",";02/Jun/26 12:16 PM;cwhite10;5400",,,,,,,,5760,300,5460,94%,5760,300,5460,,,,,,,,,SSWUMS-1946,,SSWUMS-1944,,,,,,,,,,,,,,,,SSWSYSPM-3040,,,,,,,,,,,,,gmoustak,,,,,,,,,,,SSWSYSPM,mkuperst,,,12/May/26 12:00 AM,,SSWUMS-1357,,,Done,,,,,,Sprint,,,,,,,,No comments by current user.,,,,,,,,,,,,,,,,,,,,,"1|i0973s:",,,,,,,,,,,,,,,,Medium,,,,,,,SSWUMS Sprint 18.4,SSWUMS Sprint 18.5,,,,,,,,,0.2,,,,,12/May/26 12:00 AM,,,,,,,,,,,,,0.0,0.0,,0.0,,,0.0,,,,,,,,,,,,
C2I Quarterly Slides - Consolidate GDMS Inputs into Master slide deck,SSWUMS-1944,98875,Task,Done,SSWUMS,SSWUMS,software,mkuperst,"Welcome to the SSWUMS Team space, led by Meridith K (Product Owner). This space includes D440 and D454 resources, as well as Sprint and Kanban work.
",,Medium,Done,mkuperst,mkuperst,mkuperst,08/Apr/26 11:52 AM,12/May/26 10:32 AM,18/Sep/26 3:31 PM,12/May/26 10:32 AM,,PI18,,,,C2I IPT,,,,,,,,,,,,,,,,,,,,,,0,"GDMS Slides due back to EB by COB 4/30/26

GDMS file posted here: [2026-06|https://gdmscollab.sharepoint.us/:f:/r/sites/PRGM-Rogue/Prime/Working%20Groups/C2%20IPT/C2I%20Quarterly/2026-06?csf=1&web=1&e=yuPuic]

EB master slide deck to incorporate inputs into is located here:[ C2I_Quarterly_2026_June_EB-Inputs.pptx|https://gdeb-my.sharepoint.us/:p:/g/personal/gmoustak_gdeb_com/IQDgQ-BeJ5ogQIzzqv3d7MdrAdrIqsQ1rXzRqbVUi29wFOw]

Related Confluence: 

[https://192.168.3.34/cnfl1/spaces/SSWINT/pages/159257906/2026+June+C2IPT]",,mkuperst,,,,,";01/May/26 10:38 AM;gbarry;3600",";12/May/26 10:32 AM;gbarry;900",,,,,,,,2880,0,4500,156%,2880,0,4500,,,,,,,,,SSWUMS-1945,,,,,,,,,,,,,,,,,,SSWSYSPM-3040,,,,,,,,,,,,,gmoustak,,,,,,,,,,,SSWSYSPM,mkuperst,,,01/May/26 12:00 AM,,SSWUMS-1357,,,Done,,,,,,Sprint,,,,,,,,No comments by current user.,,,,,,,,,,,,,,,,,,,,,"1|i0973k:",,,,,,,,,,,,,,,,Medium,,,,,,,SSWUMS Sprint 18.3,,,,,,,,,,0.1,,,,,01/May/26 12:00 AM,,,,,,,,,,,,,0.0,0.0,,0.0,,,0.0,,,,,,,,,,,,
4.g. PDMS PHA - PI18,SSWUMS-1940,98827,Epic,Done,SSWUMS,SSWUMS,software,mkuperst,"Welcome to the SSWUMS Team space, led by Meridith K (Product Owner). This space includes D440 and D454 resources, as well as Sprint and Kanban work.
",,Medium,Done,mkuperst,mkuperst,mkuperst,07/Apr/26 3:21 PM,30/Jun/26 12:20 PM,18/Sep/26 3:31 PM,16/Jun/26 12:18 PM,,PI18,,,,Customer,PDMS PHA,Review,Vendor (GDMS),,,,,,,,,,,,,,,,,,,0,"Estimated 16 hours for initial review + 16 hours for adjudication, per product

[~rconley] [~bchadwic] [~cwhite10] [~rclouse1] ",,mkuperst,,,,,,,,,,,,,,0,0,,0%,0,0,,,,,,,,,,,,SSWUMS-1103,,,,,,,,,,,,,,,,,,,,,,,,,,,,,,,,,,,,,,,,,,,,,ghx-label-13,,4.g. PDMS PHA - PI18,Done,,,,,,,,,,,,,,,No comments by current user.,,,,,,,SSWUMS-471,,,,,,,,,,,,,,"1|i096w8:",,,,,,,,,,,,,,,,Medium,,,,,,,,,,,,,,,,,,,,,100%,01/Jul/26 12:00 AM,25/Mar/26 12:00 AM,,,,,,,,,,,100.0,2.0,0.0,,,100.0,131.4,2.0,0.0,16.0,'-5.0,21.0,,,,,,,,
PDMS PHA For Info Submittal - Review and Sign MRF,SSWUMS-1939,98826,Task,Done,SSWUMS,SSWUMS,software,mkuperst,"Welcome to the SSWUMS Team space, led by Meridith K (Product Owner). This space includes D440 and D454 resources, as well as Sprint and Kanban work.
",,Medium,Done,bchadwic,mkuperst,mkuperst,07/Apr/26 3:20 PM,12/Jun/26 11:09 AM,18/Sep/26 3:31 PM,12/Jun/26 11:09 AM,,PI18,,,,PDMS PHA,,,,,,,,,,,,,,,,,,,,,,0,"Per 4/2 email from Stacy Garcia

This is a “heads-up” email…

 

We are a couple of weeks out from receiving the UMS PDMS PHA from GDMS which will require MRF review by all those on the “TO” line. When you receive the files for review, D422 will have verified that NAVSEA comments were incorporated as adjudicated in the [NAVSEA approval letter|https://ora.ebnet.gdeb.com:4443/pls/APPL/display.document_file?file_id=130006269803203], and we will be ready to submit for information and HIF acknowledgement.

 

As with the C2S PHA submittal for info, the EB MRF review has been allotted for one week, expected to begin Monday, April 20 with planned distribution to NAVSEA on Friday, April 24. Therefore, we will be looking for review/signature from {+}Monday, April 20 through Thursday, April 23{+}. I know it’s a few weeks out, but if you foresee any challenge with meeting this ECD, please let me know. As a reminder, this step is verbatim comment incorporation, so unless there are NAVSEA comments that were not adequately incorporated, we are not able to take comments regarding items outside of the NAVSEA comments linked above.

 

I will provide updates as we move through the next two weeks and look to receive the final files from GDMS. Thank you!",,bchadwic,cwhite10,mkuperst,,,";12/Jun/26 11:09 AM;cwhite10;60",,,,,,,,,57600,57540,60,0%,83520,59700,75660,,,,,,,,,,,,,,,,,,,,,,,,,,,,,,,,,,,,,,,,,,,,,,,,,,,,bchadwic,,,05/Jun/26 12:00 AM,,SSWUMS-1940,,,Done,,,,,,Sprint,,,,,"Posted on: Tue Jun 02 12:32:31 EDT 2026
Did not receive Files yet",,,No comments by current user.,,,,,,,,,,,,,,,,,,,,,"1|i096w0:",,,,,,,,,,,,,,,,Medium,,,,,,,SSWUMS Sprint 18.4,SSWUMS Sprint 18.5,SSWUMS Sprint 18.6,,,,,,,,2.0,,,,100%,08/May/26 12:00 AM,04/May/26 12:00 AM,,,,,,,,,,,100.0,0.9,0.0,,,100.0,0.0,0.9,0.0,0.0,0.0,0.0,"21/Apr/26 1:36 PM;mkuperst;Shifted out per 4/20 email from Stacy Garcia;

As an update, the UMS PDMS PHA is still approaching MRF review. We have been in a holding pattern awaiting NAVSEA technical concurrence on an additional use case of BeCu resulting in an update to HIF PDMS-13; that concurrence is being spearheaded by Lance and is expected by 4/24 at the latest. Therefore, we are anticipating that the planned schedule presented in the email below will shift by two weeks, with EB MRF review expected to begin Monday, May 4{^}th{^} with planned distribution to NAVSEA on Friday, May 8{^}th{^}.

 

I will continue to provide updates as they are available. The next update should be more accurate with regards to the EB review window as the PHA moves into GDMS configuration management. I appreciate your patience and awareness of this upcoming review!;;;","20/May/26 1:32 PM;bchadwic;Awaiting updates to the PHA by the safety team. Updates to PDMS-13 HIF cancelled because the HV connectors are able to switch back to TeCu. ;;;","02/Jun/26 12:32 PM;cwhite10;Did not receive Files yet;;;",,,,,
6. EB Safety Products - PI18,SSWUMS-1926,98023,Epic,Done,SSWUMS,SSWUMS,software,mkuperst,"Welcome to the SSWUMS Team space, led by Meridith K (Product Owner). This space includes D440 and D454 resources, as well as Sprint and Kanban work.
",,Medium,Done,mkuperst,mkuperst,mkuperst,24/Mar/26 4:31 PM,18/Jun/26 2:10 PM,18/Sep/26 3:31 PM,18/Jun/26 2:10 PM,,PI18,,,,PHC FHA,PHC HIF,Vendor (GDMS),,,,,,,,,,,,,,,,,,,,0,"Estimated 16 hours for initial review + 16 hours for adjudication, per product",,mkuperst,,,,,,,,,,,,,,0,0,,0%,0,0,,,,,,,,,,,,SSWUMS-1054,,,,,,,,,,,,,,,,,,,,,,,,,,,,,,,,,,,,,,,,,,,,,ghx-label-8,,6. EB Safety Products - PI18,Done,,,,,,,,,,,,,,,No comments by current user.,,,,,,,SSWUMS-562,,,,,,,,,,,,,,"1|i092u0:",,,,,,,,,,,,,,,,Medium,,,,,,,,,,,,,,,,,,,,,100%,01/Jul/26 12:00 AM,25/Mar/26 12:00 AM,,,,,,,,,,,0.0,0.0,0.0,,,0.0,0.0,0.0,0.0,0.0,0.0,0.0,,,,,,,,
Engineering Inputs to BOE for EMBT Safety Analysis with ROV Deployed,SSWUMS-1925,98022,Task,Cancelled,SSWUMS,SSWUMS,software,mkuperst,"Welcome to the SSWUMS Team space, led by Meridith K (Product Owner). This space includes D440 and D454 resources, as well as Sprint and Kanban work.
",,Medium,Won't Do,mkuperst,mkuperst,mkuperst,24/Mar/26 4:30 PM,05/Jun/26 11:35 AM,18/Sep/26 3:31 PM,05/Jun/26 11:35 AM,,,,,,,,,,,,,,,,,,,,,,,,,,,,0,"Per email from Ashley White:

BLUF: 
D422 ESOH has drafted a BOE for the assessment of EMBT blow with ROV deployed, and are looking for engineering inputs on hours needed to perform additional assessments. 

Request:
Each of the following departments (D413, D417, D440, D496, D419, D374) has a box labeled within the BOE-ACTIVITIES tab on the {color:#4c9aff}attached excel{color}. Please list the amount of hours needed in order to perform the necessary engineering assessments that will support characterizing the risk for EMBT blow with ROV deployed. 

{color:#4c9aff}Excel:{color}

{color:#4c9aff}\\us-ct-eb01\EBDepts\Programs.408\D408_ESOH\External_Department_Share\SSW_External_Share\SSW EMBT Blow w_Equipment Deployed\BOE_EST_EMBT_ROV Deployed.xlsm{color}

Background:
D422 ESOH Engineering is inquiring with select departments who took part in the development of an Analysis Completion Summary (ACS) (which is a smaller, more focused safety assessment) for an EMBT Blow with EST deployed. This analysis was developed in 2024 and issued to NAVSEA for approval and HIF acknowledgement in February 2025. We are still waiting for approval with comment (any day now).

This inquiry now is for an ACS for EMBT blow with ROV deployed. {color:#4c9aff}A draft HIF was developed{color} with key stakeholders towards the end of 2025. It was identified that additional engineering efforts would need to be performed in order to determine the associated risk assessment for the hazard, and to further determine appropriate mitigating actions that would support lowering the associated risk. 

{color:#4c9aff}Draft HIF:{color}

{color:#4c9aff}\\us-ct-eb01\EBDepts\Programs.408\D408_ESOH\External_Department_Share\SSW_External_Share\SSW EMBT Blow w_Equipment Deployed\CUI_SSWx8-01DRAFT_10.6.25.docx{color}

BOE INFO:
The single activity captured in the BOE-ACTIVITIES tab is meant to be an LOE that captures the entirety of the hours needed for engineering support prior to development of the ACS. 

The BOE-PRODUCT tab captures the ACS that will be authored by D422 with the support of this engineering community. This product will have the typical ESOH product steps for Document Development, and Engineering Review, so there will be hours allocated there for actual time and input into the analysis. 

Please provide inputs by 4/10/26. If you cannot meet that timeframe, please reach out to me. 
Any question or concerns in general, don’t hesitate to reach out. Thanks!

{color:#4c9aff}Folder:{color}

{color:#4c9aff}\\us-ct-eb01\EBDepts\Programs.408\D408_ESOH\External_Department_Share\SSW_External_Share\SSW EMBT Blow w_Equipment Deployed{color}",,cwhite10,mkuperst,,,,,,,,,,,,,0,0,,0%,0,0,,,,,,,,,,,,,,,,,,,,,,,,,,,,,,,,,,,,,,,,,,,,,,,,,,,,,mkuperst,,,10/Apr/26 12:00 AM,,SSWUMS-1926,,,Done,,,,,,Sprint,,,,,"Posted on: Fri Jun 05 11:35:57 EDT 2026
Will make new task if it comes up again",,,No comments by current user.,,,,,,,,,,,,,,,,,,,,,"1|i092ts:",,,,,,,,,,,,,,,,Medium,,,,,,,,,,,,,,,,,0.0,,,,,,,,,,,,,,,,,,0.0,0.0,,0.0,,,0.0,,,,,"27/Mar/26 10:19 AM;mkuperst;Effort moved from Selected for Dev to To Do, per follow up email from Adam White directing work on this to be paused. No ECD on when this request will be re-issued.;;;","05/Jun/26 11:35 AM;cwhite10;Will make new task if it comes up again;;;",,,,,,
UMS QPR - Slide review,SSWUMS-1919,98011,Task,Done,SSWUMS,SSWUMS,software,mkuperst,"Welcome to the SSWUMS Team space, led by Meridith K (Product Owner). This space includes D440 and D454 resources, as well as Sprint and Kanban work.
",,Medium,Done,mkuperst,mkuperst,mkuperst,24/Mar/26 3:42 PM,21/Apr/26 2:22 PM,18/Sep/26 3:31 PM,21/Apr/26 2:22 PM,,PI18,,,,GDMS UMS QPR,,,,,,,,,,,,,,,,,,,,,13/Apr/26 12:00 AM,0,"{color:#ffab00}\\us-ct-eb01\EBDepts\Programs.686.BlockVI\Seabed Warfare\05 Concept Development\UMS\3 Presentations\GDMS Quarterly Reviews\2026 - 04{color}

GDMS submit draft to EB - April 6th
EB comments due to GDMS - April 13th. Requested to have them in by EOD 4/9 for 4/10 compilation though.
Comment review meeting - April 14th (afternoon)
Final GDMS Submit to EB – April 17th 
Final walk-thru meeting – April 20th (afternoon)                                                                                                                                                        
Gov't Read-ahead – April 21st
QPR - April 28th

[~dhiggin2] will work to set up comment adj meetings for the 14th and the 20th. ",,mkuperst,,,,,";09/Apr/26 5:04 PM;mkuperst;60",";21/Apr/26 2:22 PM;mkuperst;60",,,,,,,,43200,43080,120,0%,57600,43080,42420,,,,,,,,,,,,,,,,,,,,,,,,,,,,,,,,,,,,,,,,dhiggin2,,,,,,,,,,,,mkuperst,,,22/Apr/26 12:00 AM,,SSWUMS-979,,,Done,,,,,,Sprint,,,,,,,,No comments by current user.,,,,,,,,,,,,,,,,,,,,,"1|i092rc:",,,,,,,,,,,,,,,,Medium,,,,,,,SSWUMS Sprint 18.2,,,,,,,,,,1.5,,,,,22/Apr/26 12:00 AM,,,,,,,,,,,,100.0,0.5,0.0,,,100.0,0.0,0.5,0.0,0.0,0.0,0.0,,,,,,,,
UMS CCB Charter Adj. - Leads/PL/Supervisor,SSWUMS-1914,97929,Task,Done,SSWUMS,SSWUMS,software,mkuperst,"Welcome to the SSWUMS Team space, led by Meridith K (Product Owner). This space includes D440 and D454 resources, as well as Sprint and Kanban work.
",,Medium,Done,mkuperst,mkuperst,mkuperst,24/Mar/26 10:43 AM,30/Mar/26 8:53 PM,18/Sep/26 3:31 PM,30/Mar/26 8:53 PM,,PI18,,,,Document Dev,,,,,,,,,,,,,,,,,,,,,,0,"* CCB PTR Schedule
 ** EB: ""X:\Programs.686.BlockVI\Seabed Warfare\05 Concept Development\UMS\4 Requirements\0. CCB for NAVSEA Approved Docs\CCB PTR Schedule.mpp""
 ** GDMS: [CCB PTR Schedule.mpp|https://gdmscollab.sharepoint.us/:u:/r/sites/PRGM-Rogue/Prime/Working%20Groups/Systems-Requirements%20Team/UMS%20Requirements%20Development/CCB/CCB%20PTR%20Schedule.mpp?csf=1&web=1&e=GDdZOR]

 * UMS CCB Charter Draft files
 ** EB: ""X:\Programs.686.BlockVI\Seabed Warfare\05 Concept Development\UMS\4 Requirements\0. CCB for NAVSEA Approved Docs\CCB Charter""
 ** GDMS: [UMS CCB Charter|https://gdmscollab.sharepoint.us/:f:/r/sites/PRGM-Rogue/Prime/Working%20Groups/Systems-Requirements%20Team/UMS%20Requirements%20Development/CCB/UMS%20CCB%20Charter?csf=1&web=1&e=OKVTOQ]

Informal comment discussion tentatively planned for 2/4, pending GDMS availability.",,mkuperst,,,,,";25/Mar/26 9:20 AM;mkuperst;60",";30/Mar/26 8:53 PM;mkuperst;3600",,,,,,,,28800,25140,3660,12%,28800,25140,9660,,,,,,,,,,,SSWUMS-1890,,,,,,,,,,,,,,,,,,,,,,,,,,,,,,,,,SSWSYSPM,,,,,,,,mkuperst,,,27/Mar/26 12:00 AM,,SSWUMS-1257,,,Done,,,,,,Sprint,,,,,,,,No comments by current user.,,,,,,,,,,,,,,,,,,,,,"1|i092c8:",,,,,,,,,,,,,,,,Medium,,,,,,,SSWUMS Sprint 18.1,,,,,,,,,,1.0,,,,,31/Mar/26 12:00 AM,,,,,,,,,,,,,0.0,0.0,,0.0,,0.0,0.0,,0.0,0.0,0.0,,,,,,,,
FORJ breakdown brief development support - Adj. updates,SSWUMS-1913,97682,Task,Done,SSWUMS,SSWUMS,software,mkuperst,"Welcome to the SSWUMS Team space, led by Meridith K (Product Owner). This space includes D440 and D454 resources, as well as Sprint and Kanban work.
",,Medium,Done,bchadwic,mkuperst,mkuperst,23/Mar/26 8:09 PM,30/Mar/26 7:22 AM,18/Sep/26 3:31 PM,30/Mar/26 7:22 AM,,PI18,,,,PDMS,,,,,,,,,,,,,,,,,,,,,,0,"Review and provide input to initial draft of the FORJ breakdown brief

The presentation and comment log can be found here:

X:\Programs.686.BlockVI\Seabed Warfare\05 Concept Development\UMS\10 PDMS\EOSR\First Article FORJ\Post Life Testing Investigation",,bchadwic,mkuperst,,,,"Comments reviewed. Brief posted for NAVSEA readahead.;30/Mar/26 7:22 AM;bchadwic;3600",,,,,,,,,14400,10800,3600,25%,14400,10800,3600,,,,,,,,,,,SSWUMS-1355,,,,,,,,,,,,,,,,,,,,,,,,,,,,,,,,,,,,,,,,,bchadwic,,,26/Mar/26 12:00 AM,,SSWUMS-970,,,Done,,,,,,Sprint,,,,,"Posted on: Mon Mar 30 07:22:31 EDT 2026
Comments reviewed. Brief posted for NAVSEA readahead.",,,No comments by current user.,,,,,,,,,,,,,,,,,,,,,"1|i090uo:",,,,,,,,,,,,,,,,Medium,,,,,,,SSWUMS Sprint 18.1,,,,,,,,,,0.5,,,,,,,,,,,,,,,,,,0.0,0.0,,0.0,,0.0,0.0,,,,,"30/Mar/26 7:22 AM;bchadwic;Comments reviewed. Brief posted for NAVSEA readahead.;;;",,,,,,,
For Review - New C2S_PDMS FHA HIFs,SSWUMS-1905,97476,Task,Done,SSWUMS,SSWUMS,software,mkuperst,"Welcome to the SSWUMS Team space, led by Meridith K (Product Owner). This space includes D440 and D454 resources, as well as Sprint and Kanban work.
",,Medium,Done,mkuperst,mkuperst,mkuperst,19/Mar/26 9:39 AM,09/Apr/26 4:17 PM,18/Sep/26 3:31 PM,09/Apr/26 4:17 PM,,PI18,,,,C2S & PDMS FHA,,,,,,,,,,,,,,,,,,,,,,0,"Per 3/18/26 email from Stacy Garcia

we’re re-scheduling the GDMS C2S/PDMS FHA face-to-face for the week of March 30{^}th{^} (tentatively April 1{^}st{^} – 2{^}nd{^}). As an unplanned benefit, we now have some extra time to *{color:#4c9aff}review the read-ahead files for the new HIFs that GDMS drafted to support FHA comment adjudication.{color}* I have saved all new HIFs provided by GDMS in the folder linked below for review and commenting. {color:#4c9aff}*Please make comments and edits directly in track changes in preparation for review and discussion of the HIFs during the face-to-face*{color}. As a high-level reminder, these new HIFs were generated as part of the comment adjudication effort in response to EB comments. Therefore, we want to verify that the HIFs satisfy the comments which drove their creation, as well as ensure that we agree with the HIF content as written. Please let me know if you have any questions and look out for forthcoming updates on the rescheduled face-to-face. Thanks!

 

Folder:

{color:#4c9aff}*X:\Programs.408\D408_ESOH\External_Department_Share\SSW_External_Share\SSW UMS C2S PDMS\3.16.26 HIF Files\Track Changes*{color}

Shop Order: {color:#4c9aff}*JIH00132YQ0630B*{color}",,mkuperst,,,,,"Meeting attendence;01/Apr/26 3:50 PM;cwhite10;25200",";09/Apr/26 12:10 PM;mkuperst;60",";09/Apr/26 4:17 PM;mkuperst;60",,,,,,,57600,32280,25320,43%,57600,32280,55920,,,,,,,,,,,,,,,,,,,,,,,,,,,,,,,,,,,,,,,,,,,,,,,,,,,,mkuperst,,,01/Apr/26 12:00 AM,,SSWUMS-1904,,,Done,,,,,,Sprint,,,,,"Posted on: Thu Apr 09 10:24:54 EDT 2026
[~mkuperst] to complete review",,,No comments by current user.,,,,,,,,,,,,,,,,,,,,,"1|i08zps:",,,,,,,,,,,,,,,,Medium,,,,,,,SSWUMS Sprint 18.1,SSWUMS Sprint 18.2,,,,,,,,,2.0,,,,,,,,,,,,,,,,,,0.0,0.0,,0.0,,0.0,0.0,,0.0,'-2.0,2.0,"09/Apr/26 10:24 AM;mkuperst;[~mkuperst] to complete review;;;",,,,,,,
4.g. C2S & PDMS FHA - PI18,SSWUMS-1904,97475,Epic,Done,SSWUMS,SSWUMS,software,mkuperst,"Welcome to the SSWUMS Team space, led by Meridith K (Product Owner). This space includes D440 and D454 resources, as well as Sprint and Kanban work.
",,Medium,Done,mkuperst,mkuperst,mkuperst,19/Mar/26 9:38 AM,16/Jun/26 1:15 PM,18/Sep/26 3:31 PM,16/Jun/26 12:18 PM,,PI18,,,,C2S & PDMS FHA,Customer,GDMS Sprint Materials,Review,Vendor (GDMS),,,,,,,,,,,,,,,,,,0,"|{color:#c1c7d0} 4/3/25 Plan{color}|{color:#c1c7d0}Start Date{color}|{color:#c1c7d0}End Date{color}|
|{color:#c1c7d0}GDMS Function Development (PI Event, Front Matter Development included){color}|{color:#c1c7d0}1/29/2025{color}|{color:#c1c7d0}7/28/2025{color}|
|{color:#c1c7d0}GDMS Internal Reviews{color}|{color:#c1c7d0}7/29/2025{color}|{color:#c1c7d0}8/21/2025{color}|
|{color:#c1c7d0}GDMS Submittal and EB Review Window{color}|{color:#c1c7d0}8/26/2025{color}|{color:#c1c7d0}10/27/2025{color}|
|{color:#c1c7d0}GDMS Adjudication of EB comments{color}|{color:#c1c7d0}10/28/2025{color}|{color:#c1c7d0}11/18/2025{color}|

 

Estimated 16 hours for initial review + 16 hours for adjudication, per product

[~rconley] [~bchadwic] [~cwhite10]",,mkuperst,,,,,,,,,,,,,,0,0,,0%,0,0,,,,,,,,,,,,SSWUMS-915,,,,,,,,,,,,,,,,,,,,,,,,,,,,,,,,,,,,,,,,,,,,,ghx-label-13,,4.g. C2S & PDMS FHA - PI18,Done,,,,,,,,,,,,,,,No comments by current user.,,,,,,,SSWUMS-471,,,,,,,,,,,,,,"1|i08zpk:",,,,,,,,,,,,,,,,Medium,,,,,,,,,,,,,,,,,,,,,100%,01/Jul/26 12:00 AM,25/Mar/26 12:00 AM,,,,,,,,,,,100.0,2.0,0.0,,,100.0,96.9,2.0,0.0,16.0,0.5,15.5,,,,,,,,
4.e. OBMP - PI19,SSWUMS-1903,97435,Epic,In Progress,SSWUMS,SSWUMS,software,mkuperst,"Welcome to the SSWUMS Team space, led by Meridith K (Product Owner). This space includes D440 and D454 resources, as well as Sprint and Kanban work.
",,Medium,,mkuperst,mkuperst,cwhite10,18/Mar/26 10:00 AM,03/Sep/26 3:43 PM,18/Sep/26 3:31 PM,,,PI19,,,,OBMP,,,,,,,,,,,,,,,,,,,,,,0,"Estimated 16 hours for initial review + 16 hours for adjudication, per product.

Includes OBMP and PDMS to Plat ICD",,cwhite10,,,,,,,,,,,,,,0,0,,0%,0,0,,,,,,,,,,,,SSWUMS-1902,,,,,,,,,,,,,,,,,,,,,,,,,,,,,,,,,,,,,,,,,,,,,ghx-label-13,,4.e. OBMP - PI19,In Progress,,,,,,,,,,,,,,,No comments by current user.,,,,,,,SSWUMS-474,,,,,,,,,,,,,,"1|hzwrwz:zu",,,,,,,,,,,,,,,,Medium,,,,,,,,,,,,,,,,,,,,,94%,23/Sep/26 12:00 AM,01/Jul/26 12:00 AM,,,,,,,,,,,0.0,0.0,0.5,,,0.0,0.2,0.9,0.9,7.2,7.2,0.0,,,,,,,,
4.e. OBMP - PI18,SSWUMS-1902,97434,Epic,Done,SSWUMS,SSWUMS,software,mkuperst,"Welcome to the SSWUMS Team space, led by Meridith K (Product Owner). This space includes D440 and D454 resources, as well as Sprint and Kanban work.
",,Medium,Done,mkuperst,mkuperst,cwhite10,18/Mar/26 9:59 AM,11/Aug/26 4:58 PM,18/Sep/26 3:31 PM,16/Jun/26 12:17 PM,,PI18,,,,Document Dev,OBMP,,,,,,,,,,,,,,,,,,,,,0,"Estimated 16 hours for initial review + 16 hours for adjudication, per product.

Includes OBMP and PDMS to Plat ICD",,cwhite10,,,,,,,,,,,,,,0,0,,0%,0,0,,,,,,,,,,SSWUMS-1903,,SSWUMS-1132,,,,,,,,,,,,,,,,,,,,,,,,,,,,,,,,,,,,,,,,,,,,,ghx-label-13,,4.e. OBMP - PI18,Done,,,,,,,,,,,,,,,No comments by current user.,,,,,,,SSWUMS-474,,,,,,,,,,,,,,"1|i08zi0:",,,,,,,,,,,,,,,,Medium,,,,,,,,,,,,,,,,,,,,,100%,01/Jul/26 12:00 AM,25/Mar/26 12:00 AM,,,,,,,,,,,100.0,0.6,0.0,,,100.0,202.3,0.6,0.0,4.3,'-4.4,8.7,,,,,,,,
PDMS C&C Procurement Spec Transmittal Prep,SSWUMS-1899,96815,Task,Done,SSWUMS,SSWUMS,software,mkuperst,"Welcome to the SSWUMS Team space, led by Meridith K (Product Owner). This space includes D440 and D454 resources, as well as Sprint and Kanban work.
",,Medium,Done,bchadwic,bchadwic,bchadwic,10/Mar/26 1:57 PM,25/Mar/26 8:21 AM,18/Sep/26 3:31 PM,25/Mar/26 8:21 AM,,PI17,,,,PDMS Cable & Connector Procurement Spec,,,,,,,,,,,,,,,,,,,,,,0,Preparation of the transmittal for the NAVSEA comment incorporated version of the PDMS C&C Procurement Spec.,,bchadwic,,,,,";24/Mar/26 12:26 PM;bchadwic;3600",";25/Mar/26 8:21 AM;bchadwic;5400",,,,,,,,14400,5400,9000,62%,14400,5400,9000,,,,,,,,,,,,,,,,,,,,,,,,,,,,,,,,,,,,,,,,,,,,,,,,,,,,bchadwic,,,17/Mar/26 12:00 AM,,SSWUMS-1344,,,Done,,,,,,Sprint,,,,,,,,No comments by current user.,,,,,,,,,,,,,,,,,,,,,"1|i08wmo:",,,,,,,,,,,,,,,,Medium,,,,,,,SSWUMS Sprint 17.6,,,,,,,,,,0.5,,,,100%,17/Mar/26 12:00 AM,13/Mar/26 12:00 AM,,,,,,,,,,,,0.0,0.0,,0.0,,,0.0,,,,,,,,,,,,
4.h. GDMS Drawings - PI18,SSWUMS-1898,96709,Epic,Done,SSWUMS,SSWUMS,software,mkuperst,"Welcome to the SSWUMS Team space, led by Meridith K (Product Owner). This space includes D440 and D454 resources, as well as Sprint and Kanban work.
",,Medium,Done,,mkuperst,mkuperst,09/Mar/26 4:13 PM,16/Jun/26 1:15 PM,18/Sep/26 3:31 PM,16/Jun/26 12:18 PM,,PI18,,,,EOSR,EOSR Installation Drawing,GDMS CCA Development,PDMS Low Voltage Schematic,PDMS Optical Schematic,PDMS Top Level Schematic,,,,,,,,,,,,,,,,,0,,,mkuperst,,,,,,,,,,,,,,0,0,,0%,0,0,,,,,,,,,,SSWUMS-2006,,SSWUMS-1241,,,,,,,,,,,,,,,,,,,,,,,,,,,,,,,,,,,,,,,,,,,,,ghx-label-13,,4.h. GDMS Drawings - PI18,Done,,,,,,,,,,,,,,,No comments by current user.,,,,,,,SSWUMS-563,,,,,,,,,,,,,,"1|i08w2g:",,,,,,,,,,,,,,,,Medium,,,,,,,,,,,,,,,,,,,,,100%,01/Jul/26 12:00 AM,25/Mar/26 12:00 AM,,,,,,,,,,,100.0,0.2,0.0,,,100.0,43.7,0.2,0.0,1.6,0.9,0.7,,,,,,,,
4.f. C2S DVT Plan - PI 21,SSWUMS-1897,96697,Epic,Cancelled,SSWUMS,SSWUMS,software,mkuperst,"Welcome to the SSWUMS Team space, led by Meridith K (Product Owner). This space includes D440 and D454 resources, as well as Sprint and Kanban work.
",,Medium,Won't Do,mkuperst,mkuperst,cwhite10,09/Mar/26 2:21 PM,11/Aug/26 4:44 PM,18/Sep/26 3:31 PM,06/Aug/26 7:15 PM,,PI21,,,,DVT,,,,,,,,,,,,,,,,,,,,,,0,,,cwhite10,,,,,,,,,,,,,,0,0,,0%,0,0,,,,,,,,,,,,SSWUMS-1410,,,,,,,,,,,,,,,,,,,,,,,,,,,,,,,,,,,,,,,,,,,,,ghx-label-13,,4.f. C2S DVT Plan - PI 21,Done,,,,,,,,,,,,,,,No comments by current user.,,,,,,,SSWUMS-468,,,,,,,,,,,,,,"1|i08w00:",,,,,,,,,,,,,,,,Medium,,,,,,,,,,,,,,,,,0.0,,,,,,,,,,,,,,,,,0.0,0.0,0.0,,,0.0,0.0,0.0,0.0,0.0,0.0,0.0,,,,,,,,
4.a. UMS CONOPS - PI18,SSWUMS-1896,96696,Epic,Done,SSWUMS,SSWUMS,software,mkuperst,"Welcome to the SSWUMS Team space, led by Meridith K (Product Owner). This space includes D440 and D454 resources, as well as Sprint and Kanban work.
",,Medium,Done,mkuperst,mkuperst,cwhite10,09/Mar/26 12:50 PM,16/Jun/26 1:15 PM,18/Sep/26 3:31 PM,16/Jun/26 12:18 PM,,PI18,,,,C2S,CONOPS,Document Dev,Review,UMS SSLR,Vendor (GDMS),,,,,,,,,,,,,,,,,0,Estimated 16 hours for initial review + 16 hours for adjudication,,cwhite10,,,,,,,,,,,,,,0,0,,0%,0,0,,,,,,,,,,,,SSWUMS-1242,,,,,,,,,,,,,,,,,,,,,,,,,,,,,,,,,,,,,,,,,,,,,ghx-label-13,,4.a. UMS CONOPS - PI18,Done,,,,,,,,,,,,,,,No comments by current user.,,,,,,,SSWUMS-476,,,,,,,,,,,,,,"1|i08vzs:",,,,,,,,,,,,,,,,Medium,,,,,,,,,,,,,,,,,,,,,100%,01/Jul/26 12:00 AM,25/Mar/26 12:00 AM,,,,,,,,,,,100.0,0.6,0.0,,,100.0,52.1,0.6,0.0,4.8,2.3,2.5,,,,,,,,
UMS CCB Charter Review - QA/TPQ/Manager,SSWUMS-1894,96587,Task,Done,SSWUMS,SSWUMS,software,mkuperst,"Welcome to the SSWUMS Team space, led by Meridith K (Product Owner). This space includes D440 and D454 resources, as well as Sprint and Kanban work.
",,Medium,Done,mkuperst,mkuperst,mkuperst,05/Mar/26 12:02 PM,09/Apr/26 8:52 AM,18/Sep/26 3:31 PM,09/Apr/26 8:52 AM,,PI18,,,,Document Dev,,,,,,,,,,,,,,,,,,,,,,0,"* CCB PTR Schedule
 ** EB: ""X:\Programs.686.BlockVI\Seabed Warfare\05 Concept Development\UMS\4 Requirements\0. CCB for NAVSEA Approved Docs\CCB PTR Schedule.mpp""
 ** GDMS: [CCB PTR Schedule.mpp|https://gdmscollab.sharepoint.us/:u:/r/sites/PRGM-Rogue/Prime/Working%20Groups/Systems-Requirements%20Team/UMS%20Requirements%20Development/CCB/CCB%20PTR%20Schedule.mpp?csf=1&web=1&e=GDdZOR]

 * UMS CCB Charter Draft files
 ** EB: ""X:\Programs.686.BlockVI\Seabed Warfare\05 Concept Development\UMS\4 Requirements\0. CCB for NAVSEA Approved Docs\CCB Charter""
 ** GDMS: [UMS CCB Charter|https://gdmscollab.sharepoint.us/:f:/r/sites/PRGM-Rogue/Prime/Working%20Groups/Systems-Requirements%20Team/UMS%20Requirements%20Development/CCB/UMS%20CCB%20Charter?csf=1&web=1&e=OKVTOQ]

Informal comment discussion tentatively planned for 2/4, pending GDMS availability.",,mkuperst,,,,,";31/Mar/26 1:49 PM;mkuperst;1800",";09/Apr/26 8:52 AM;mkuperst;7200",,,,,,,,28800,19800,9000,31%,28800,19800,9000,,,,,,,,,,,SSWUMS-1890,,,,,,,,,,,,,,,,,,,,,,,,,,,,,,,,,SSWSYSPM,,,,,,,,mkuperst,,,08/Apr/26 12:00 AM,,SSWUMS-1257,,,Done,,,,,,Sprint,,,,,"Posted on: Mon Mar 30 20:57:55 EDT 2026
Requested all comments back by COB 4/6 to support incorporating any comments on 4/7 and verifying on 4/8.",,,No comments by current user.,,,,,,,,,,,,,,,,,,,,,"1|i08vg0:",,,,,,,,,,,,,,,,Medium,,,,,,,SSWUMS Sprint 18.1,,,,,,,,,,1.0,,,,,08/Apr/26 12:00 AM,,,,,,,,,,,,,0.0,0.0,,0.0,,0.0,0.0,,,,,"30/Mar/26 8:57 PM;mkuperst;Requested all comments back by COB 4/6 to support incorporating any comments on 4/7 and verifying on 4/8.;;;",,,,,,,
UMS CCB Charter Review - Leads/PL/Supervisor,SSWUMS-1890,96582,Task,Done,SSWUMS,SSWUMS,software,mkuperst,"Welcome to the SSWUMS Team space, led by Meridith K (Product Owner). This space includes D440 and D454 resources, as well as Sprint and Kanban work.
",,Medium,Done,mkuperst,mkuperst,mkuperst,05/Mar/26 11:56 AM,24/Mar/26 10:43 AM,18/Sep/26 3:31 PM,24/Mar/26 10:30 AM,,PI17,,,,Document Dev,,,,,,,,,,,,,,,,,,,,,,0,"* CCB PTR Schedule
 ** EB: ""X:\Programs.686.BlockVI\Seabed Warfare\05 Concept Development\UMS\4 Requirements\0. CCB for NAVSEA Approved Docs\CCB PTR Schedule.mpp""
 ** GDMS: [CCB PTR Schedule.mpp|https://gdmscollab.sharepoint.us/:u:/r/sites/PRGM-Rogue/Prime/Working%20Groups/Systems-Requirements%20Team/UMS%20Requirements%20Development/CCB/CCB%20PTR%20Schedule.mpp?csf=1&web=1&e=GDdZOR]

 * UMS CCB Charter Draft files
 ** EB: ""X:\Programs.686.BlockVI\Seabed Warfare\05 Concept Development\UMS\4 Requirements\0. CCB for NAVSEA Approved Docs\CCB Charter""
 ** GDMS: [UMS CCB Charter|https://gdmscollab.sharepoint.us/:f:/r/sites/PRGM-Rogue/Prime/Working%20Groups/Systems-Requirements%20Team/UMS%20Requirements%20Development/CCB/UMS%20CCB%20Charter?csf=1&web=1&e=OKVTOQ]

Informal comment discussion tentatively planned for 2/4, pending GDMS availability.",,cwhite10,mkuperst,,,,";20/Mar/26 1:56 PM;mkuperst;3600",";24/Mar/26 10:30 AM;mkuperst;7200",,,,,,,,28800,18000,10800,37%,28800,18000,20700,,,,,,,,,SSWUMS-1894,SSWUMS-1914,SSWUMS-1420,,,,,,,,,,,,,,,,,,,,,,,,,,,,,,,,,,,,,,,,,mkuperst,,,23/Mar/26 12:00 AM,,SSWUMS-1247,,,Done,,,,,,Sprint,,,,,"Posted on: Wed Mar 18 12:36:33 EDT 2026
Per Prairie - only comments are against the CIAL. For the first two items those should be PMS394/450 for approval authority.",,,No comments by current user.,,,,,,,,,,,,,,,,,,,,,"1|i08vew:",,,,,,,,,,,,,,,,Medium,,,,,,,SSWUMS Sprint 17.6,,,,,,,,,,1.0,,,,,18/Mar/26 12:00 AM,,,,,,,,,,,,,0.0,0.0,,0.0,,0.0,0.0,,0.0,0.0,0.0,"06/Mar/26 12:31 PM;mkuperst;Per Prairie, need to revise letter into a submittal for approval;;;","09/Mar/26 2:48 PM;cwhite10;No Comments MRF Signed;;;","18/Mar/26 12:36 PM;mkuperst;Per Prairie - only comments are against the CIAL. For the first two items those should be PMS394/450 for approval authority.;;;",,,,,
EB-6101 VIR - PDMS Response (VIR # SVN062-034),SSWUMS-1637,96215,Task,Cancelled,SSWUMS,SSWUMS,software,mkuperst,"Welcome to the SSWUMS Team space, led by Meridith K (Product Owner). This space includes D440 and D454 resources, as well as Sprint and Kanban work.
",,Medium,Won't Do,bchadwic,bchadwic,bchadwic,03/Mar/26 10:04 AM,03/Mar/26 2:11 PM,18/Sep/26 3:31 PM,03/Mar/26 2:11 PM,,PI17,,,,EB-6101,,,,,,,,,,,,,,,,,,,,,10/Mar/26 12:00 AM,0,Review and create response to the PDMS EB-6101 interpretation VIR.,,bchadwic,,,,,,,,,,,,,,0,0,,0%,0,0,,,,,,,,,,,,,,,,,,,,,,,,,,,,,,,,,,,,,,,,,,,,,,,,,,,,,bchadwic,,,06/Mar/26 12:00 AM,,SSWUMS-969,,,Done,,,,,,Sprint,,,,,"Posted on: Tue Mar 03 14:11:04 EST 2026
Cancelled, duplicate of SSWUMS-1623.",,,No comments by current user.,,,,,,,,,,,,,,,,,,,,,"1|i08tc8:",,,,,,,,,,,,,,,,Medium,,,,,,,SSWUMS Sprint 17.5,,,,,,,,,,0.0,,,,100%,06/Mar/26 12:00 AM,05/Mar/26 12:00 AM,,,,,,,,,,,,0.0,0.0,,0.0,,,0.0,,,,,"03/Mar/26 2:11 PM;bchadwic;Cancelled, duplicate of SSWUMS-1623.;;;",,,,,,,
XFMRS ICD - CP-0035 Leads Review,SSWUMS-1636,96144,Task,Done,SSWUMS,SSWUMS,software,mkuperst,"Welcome to the SSWUMS Team space, led by Meridith K (Product Owner). This space includes D440 and D454 resources, as well as Sprint and Kanban work.
",,Medium,Done,bchadwic,bchadwic,bchadwic,02/Mar/26 10:26 AM,11/Aug/26 4:56 PM,18/Sep/26 3:31 PM,05/Mar/26 12:05 PM,,PI17,,,,ICD,,,,,,,,,,,,,,,,,,,,,04/Mar/26 12:00 AM,0,"CP-0035 of the Transformers ICD is ready for leads review. Please provide comments by COB on 3/4/26. Comments should be placed in the comment log on DOORs. The adjudication window is scheduled from 3/5 – 3/18.

 

Relevant files can be found here: X:\Eng.440\Projects-VA\VA SSW\CWS Working Group\CWS Share\Product Reviews\VA-SSW-XFMRS-ICD-001\CP-0035

DOORs path: /VA SSW PHC/7 - Interfaces/XFMRS ICD",,bchadwic,cwhite10,fopuszyn,mkuperst,,";02/Mar/26 4:14 PM;cwhite10;60","Left 1 Comment;02/Mar/26 4:14 PM;cwhite10;2700","Reviewed BCR, no comments. Looks to include primarily editorial updates, new parent traces, and Appendix updates.;04/Mar/26 11:33 AM;mkuperst;3600",";05/Mar/26 8:43 AM;fopuszyn;120",";05/Mar/26 12:05 PM;mkuperst;60",,,,,28800,22260,6540,22%,28800,22260,6540,,,,,,,,,,,,,,,,,,,,,,,,,,,,,,,,,,,,,,Comments against the transformers ICD are logged in the DOORs comment module and GDMS comments saved.,,bchadwic,,,,,,,,,,,,bchadwic,,,04/Mar/26 12:00 AM,,SSWUMS-1235,,,Done,,,,,,Sprint,,,,,"Posted on: Thu Mar 05 08:42:48 EST 2026
No comments.",,,No comments by current user.,,,,,,,,mkuperst,cwhite10,fopuszyn,,,,,,,,,,,"1|i08sxk:",,,Approved,,02/Mar/26 12:00 AM,Approved,,,Approved,,,,,,,Medium,,,,,,,SSWUMS Sprint 17.5,,,,,,,,,,1.0,,,,100%,04/Mar/26 12:00 AM,02/Mar/26 12:00 AM,,,,,,,,,,,,0.0,0.0,,0.0,,,0.0,,,,,"02/Mar/26 4:14 PM;cwhite10;Left 1 Comment;;;","04/Mar/26 11:33 AM;mkuperst;Reviewed BCR, no comments. Looks to include primarily editorial updates, new parent traces, and Appendix updates.;;;","05/Mar/26 8:42 AM;fopuszyn;No comments.;;;",,,,,
Summarize UMS PaaS Requirements Impacts,SSWUMS-1631,96106,Task,Done,SSWUMS,SSWUMS,software,mkuperst,"Welcome to the SSWUMS Team space, led by Meridith K (Product Owner). This space includes D440 and D454 resources, as well as Sprint and Kanban work.
",,Medium,Done,cwhite10,mkuperst,mkuperst,27/Feb/26 12:20 PM,02/Mar/26 10:30 AM,18/Sep/26 3:31 PM,02/Mar/26 10:30 AM,,PI17,,,,MES PaaS,,,,,,,,,,,,,,,,,,,,,,0,"Update the *Master Requirements List* with the number of requirements that GDMS indicated would be not changed, modified, added, or deleted, indicated in the *UMS Inputs* file

 
----
Master Requirement List EB location

*\us-ct-eb01\EBDepts\Eng.440\Projects-VA\VA SSW\CWS Working Group\Meetings\PHC part of MES PaaS\Kickoff_2026*

UMS Inputs

*""\\us-ct-eb01\EBDepts\Eng.440\Projects-VA\VA SSW\CWS Working Group\Meetings\PHC part of MES PaaS\Kickoff_2026\Inputs\UMS_tabs_Consolidated_PHC-MES-PaaS_Requirements_Impact.xlsx""*

EB Confluence

[https://192.168.3.34/cnfl1/pages/viewpage.action?pageId=146509704&src=contextnavpagetreemode]

GDMS Alliance root folder

[https://gdmscollab.sharepoint.us/:f:/r/sites/PRGM-Rogue/Prime/To%20GDMS/PHC%20on%20MES%20PaaS/Kickoff_2026?csf=1&web=1&e=AKmfxs]",,mkuperst,,,,,";02/Mar/26 10:30 AM;cwhite10;2700",,,,,,,,,2880,180,2700,93%,2880,180,2700,,,,,,,,,,,,,,,,,,,,,,,,,,,,,,,,,,,,,,,,aviola,,,,,,,,,,,,cwhite10,,,02/Mar/26 12:00 AM,,SSWUMS-1348,,,Done,,,,,,SOS,Sprint,,,,,,,No comments by current user.,,,,,,,,,,,,,,,,,,,,,"1|i08sq0:",,,,,,,,,,,,,,,,Medium,,,,,,,SSWUMS Sprint 17.5,,,,,,,,,,0.1,,,,,03/Mar/26 12:00 AM,,,,,,,,,,,,,0.0,0.0,,0.0,,,0.0,,,,,,,,,,,,
EB-6101 VIR - C2S: VIR SVN062-035 (Tracking # MLSOPJTM),SSWUMS-1624,95592,Task,Done,SSWUMS,SSWUMS,software,mkuperst,"Welcome to the SSWUMS Team space, led by Meridith K (Product Owner). This space includes D440 and D454 resources, as well as Sprint and Kanban work.
",,Medium,Done,cwhite10,mkuperst,mkuperst,23/Feb/26 2:06 PM,20/Mar/26 9:17 AM,18/Sep/26 3:31 PM,20/Mar/26 9:17 AM,,PI17,,,,EB-6101,,,,,,,,,,,,,,,,,,,,,,0,Requesting dispositions for title VIR be completed by 3/20 to support closure by EOM March.,,mkuperst,,,,,";10/Mar/26 7:45 AM;cwhite10;5400",";20/Mar/26 9:17 AM;cwhite10;10800",,,,,,,,14400,0,16200,112%,14400,0,16200,,,,,,,,,,,SSWUMS-1623,,,,,,,,,,,,,,,,,"09/Mar/26 1:25 PM;cwhite10;VIR Template 1.docx;https://192.168.3.34/jira1/secure/attachment/20347/VIR+Template+1.docx",,,,,,,,,,,,dhiggin2,,,,,,,,,,,,cwhite10,,,20/Mar/26 12:00 AM,,SSWUMS-1345,,,Done,,,,,,Sprint,,,,,"Posted on: Wed Mar 11 11:13:34 EDT 2026
Planned rollover",,,No comments by current user.,,,,,,,,,,,,,,,,,,,,,"1|i08py0:",,,,,,,,,,,,,,,,Medium,,,,,,,SSWUMS Sprint 17.5,SSWUMS Sprint 17.6,,,,,,,,,0.5,,,,,20/Mar/26 12:00 AM,,,,,,,,,,,,,0.0,0.0,,0.0,,,0.0,,,,,"11/Mar/26 11:13 AM;mkuperst;Planned rollover;;;",,,,,,,
EB-6101 VIR - PDMS: VIR SVN062-034 (Tracking # MLSOLXUY),SSWUMS-1623,95591,Task,Done,SSWUMS,SSWUMS,software,mkuperst,"Welcome to the SSWUMS Team space, led by Meridith K (Product Owner). This space includes D440 and D454 resources, as well as Sprint and Kanban work.
",,Medium,Done,bchadwic,mkuperst,mkuperst,23/Feb/26 2:05 PM,23/Mar/26 7:22 AM,18/Sep/26 3:31 PM,23/Mar/26 7:22 AM,,PI17,,,,EB-6101,,,,,,,,,,,,,,,,,,,,,,0,Requesting dispositions for title VIR be completed by 3/20 to support closure by EOM March.,,bchadwic,mkuperst,,,,"VIR draft response started here: X:\Programs.686.BlockVI\Seabed Warfare\05 Concept Development\UMS\10 PDMS\VIRs;03/Mar/26 2:12 PM;bchadwic;3600","Review of the VIR complete. With Evan for final review and disposition as VTS.;20/Mar/26 12:43 PM;bchadwic;7200","VIR has passed VTS review.;23/Mar/26 7:22 AM;bchadwic;300",,,,,,,14400,3300,11100,77%,14400,3300,11100,,,,,,,,,SSWUMS-1624,,,,,,,,,,,,,,,,,,,,,,,,,,,,,,,dhiggin2,,,,,,,,,,,,bchadwic,,,20/Mar/26 12:00 AM,,SSWUMS-1345,,,Done,,,,,,Sprint,,,,,"Posted on: Mon Mar 23 07:22:52 EDT 2026
VIR has passed VTS review.",,,No comments by current user.,,,,,,,,,,,,,,,,,,,,,"1|i08pxs:",,,,,,,,,,,,,,,,Medium,,,,,,,SSWUMS Sprint 17.5,SSWUMS Sprint 17.6,,,,,,,,,0.5,,,,,20/Mar/26 12:00 AM,,,,,,,,,,,,,0.0,0.0,,0.0,,,0.0,,,,,"03/Mar/26 2:12 PM;bchadwic;VIR draft response started here: X:\Programs.686.BlockVI\Seabed Warfare\05 Concept Development\UMS\10 PDMS\VIRs;;;","23/Mar/26 7:22 AM;bchadwic;VIR has passed VTS review.;;;",,,,,,
PSS Targeted Review,SSWUMS-1619,95576,Task,Done,SSWUMS,SSWUMS,software,mkuperst,"Welcome to the SSWUMS Team space, led by Meridith K (Product Owner). This space includes D440 and D454 resources, as well as Sprint and Kanban work.
",,Medium,Done,mkuperst,mkuperst,mkuperst,23/Feb/26 12:09 PM,03/Mar/26 3:46 PM,18/Sep/26 3:31 PM,03/Mar/26 3:46 PM,,PI17,,,,PSS,,,,,,,,,,,,,,,,,,,,,,0,"To facilitate the signing process please use MRF following folder path instead of the one attached in the previous email:

\\us-ct-eb01\EBDepts\Eng.417\C - D417_Public\SSW Config Management\6 - PTR Forms - Working\D432\Abner Molina PTRs\250114-02 (SCS to PSS)\Rec & Concurrence

The proposed PSS changes create a single authoritative location for Ship Control System requirements, remove redundant requirements, reduce ambiguity of the SSW Ship Control functions and support the

FBW SCS certification. Four enclosures will be provided in the letter. Enclosure (1) provides the proposed changes incorporated to the PSS (i.e. “smooth version”). Enclosure (2) provides changes tracked in colored text. Enclosure (3) identifies the sections of the PSS that are impacted by the changes. Enclosure (4) provides the minutes of the meeting where NAVSEA agreed with EB’s proposed plan to consolidate the PSS requirements for the Ship Control System into PSS section 4.122.

 

The review package will be provided in a follow-up email by 2/23/26.

 

Please provide comments or MRF signature by *+ECD 3/06/26+* . Let me know as soon as possible if you cannot make this date or if you have any changes required for the MRF.

 

Here is our planned timeline:
 * Stakeholder Leads and Supervisor Review (2/23/26 - 3/06/26)
 * Comment Adjudication (3/10/26)
 * Verification of Comment Adjudication (3/10/26 - 3/13/26)
 * QA sign off (ECD 3/16/26)
 * TPQ sign off (ECD 3/17/26)
 * Managers Review/sign off (3/18/26 - 3/23/25)

 

Here is a list of the MRF reviewers and the Enclosure 1 sections that need their review (Note that deleted sections can be better viewed in Enclosure 2):
|*FUNCTION*|*Dept*|*Role*|*Review the Following Sections:*|
|Meridith Kuperstein|440|Engineer|SSW-PSS-570
4.122.1.5 
4.122.2.5|

 ",,mkuperst,,,,,";03/Mar/26 3:30 PM;mkuperst;60","Reviewed, no comments, signed the MRF.;03/Mar/26 3:46 PM;mkuperst;1200",,,,,,,,5760,4500,1260,21%,5760,4500,1260,,,,,,,,,,,,,,,,,,,,,,,,,,,,"26/Feb/26 10:23 AM;mkuperst;432_RDG_1122882_5.7.32.docx;https://192.168.3.34/jira1/secure/attachment/20305/432_RDG_1122882_5.7.32.docx","26/Feb/26 10:23 AM;mkuperst;CUI_Enclosure1.pdf;https://192.168.3.34/jira1/secure/attachment/20300/CUI_Enclosure1.pdf","26/Feb/26 10:23 AM;mkuperst;CUI_Enclosure2.pdf;https://192.168.3.34/jira1/secure/attachment/20301/CUI_Enclosure2.pdf","26/Feb/26 10:23 AM;mkuperst;CUI_Enclosure3.pdf;https://192.168.3.34/jira1/secure/attachment/20302/CUI_Enclosure3.pdf","26/Feb/26 10:23 AM;mkuperst;CUI_Enclosure4.pdf;https://192.168.3.34/jira1/secure/attachment/20303/CUI_Enclosure4.pdf","26/Feb/26 10:23 AM;mkuperst;UUI_ROV_1120637_MRF.pdf;https://192.168.3.34/jira1/secure/attachment/20304/UUI_ROV_1120637_MRF.pdf",,,,,,,,,,,,,,,,,,,mkuperst,,,06/Mar/26 12:00 AM,,SSWUMS-1294,,,Done,,,,,,SOS,Sprint,,,,"Posted on: Tue Mar 03 15:46:20 EST 2026
Reviewed, no comments, signed the MRF.",,,No comments by current user.,,,,,,,,,,,,,,,,,,,,,"1|i08pug:",,,,,,,,,,,,,,,,Medium,,,,,,,SSWUMS Sprint 17.5,,,,,,,,,,0.2,,,,,06/Mar/26 12:00 AM,,,,,,,,,,,,,0.0,0.0,,0.0,,,0.0,,,,,"03/Mar/26 3:46 PM;mkuperst;Reviewed, no comments, signed the MRF.;;;",,,,,,,
PDMS C&C Procurement Spec - Adjudication Review,SSWUMS-1615,95068,Task,Done,SSWUMS,SSWUMS,software,mkuperst,"Welcome to the SSWUMS Team space, led by Meridith K (Product Owner). This space includes D440 and D454 resources, as well as Sprint and Kanban work.
",,Medium,Done,bchadwic,bchadwic,bchadwic,19/Feb/26 1:35 PM,28/Feb/26 4:21 PM,18/Sep/26 3:31 PM,28/Feb/26 4:21 PM,,PI17,,,,PDMS Cable & Connector Procurement Spec,,,,,,,,,,,,,,,,,,,,,27/Feb/26 12:00 AM,0,GDMS has submitted the NAVSEA comment incorporated version of the PDMS Cable & Connector Procurement Specification. This task is for review of the incorporations prior to GDMS baselining the product in their CM tool.,,bchadwic,,,,,"Incorporations reviewed and comments sent back to GDMS.;28/Feb/26 4:21 PM;bchadwic;7200",,,,,,,,,5760,0,7200,125%,5760,0,7200,,,,,,,,,,,,,,,,,,,,,,,,,,,,,,,,,,,,,,,,,,,,,,,,,,,,bchadwic,,,25/Feb/26 12:00 AM,,SSWUMS-1344,,,Done,,,,,,Sprint,,,,,"Posted on: Sat Feb 28 16:21:04 EST 2026
Incorporations reviewed and comments sent back to GDMS.",,,No comments by current user.,,,,,,,,,,,,,,,,,,,,,"1|i08nlc:",,,,,,,,,,,,,,,,Medium,,,,,,,SSWUMS Sprint 17.4,SSWUMS Sprint 17.5,,,,,,,,,0.2,,,,100%,25/Feb/26 12:00 AM,20/Feb/26 12:00 AM,,,,,,,,,,,,0.0,0.0,,0.0,,,0.0,,,,,"25/Feb/26 8:54 AM;bchadwic;Delayed due to snow storm;;;","28/Feb/26 4:21 PM;bchadwic;Incorporations reviewed and comments sent back to GDMS.;;;",,,,,,
Fill in Transmittal for PDMSA SRDD,SSWUMS-1605,94847,Task,Done,SSWUMS,SSWUMS,software,mkuperst,"Welcome to the SSWUMS Team space, led by Meridith K (Product Owner). This space includes D440 and D454 resources, as well as Sprint and Kanban work.
",,Medium,Done,cwhite10,cwhite10,cwhite10,18/Feb/26 2:57 PM,26/Mar/26 9:49 AM,18/Sep/26 3:31 PM,26/Mar/26 9:49 AM,,PI19,,,,SRDD,,,,,,,,,,,,,,,,,,,,,28/Aug/26 12:00 AM,0,,,cwhite10,,,,,";26/Mar/26 9:49 AM;cwhite10;1200",,,,,,,,,2880,1680,1200,41%,2880,1680,1200,,,,,,,,,,,,,,,,,,,,,,,,,,,,,,,,,,,,,,,,,,,,,,,,,,,,cwhite10,,,28/Aug/26 12:00 AM,,SSWUMS-1480,,,In Progress,,,,,,Sprint,,,,,,,,No comments by current user.,,,,,,,,,,,,,,,,,,,,,"1|i08mi0:",,,,,,,,,,,,,,,,Medium,,,,,,,PI19 7/1/2026 - 9/23/2026,,,,,,,,,,0.1,,,,,28/Aug/26 12:00 AM,,,,,,,,,,,,,0.0,0.0,,0.0,,,0.0,,,,,,,,,,,,
Fill in Transmittal for C2A SRDD,SSWUMS-1604,94846,Task,Done,SSWUMS,SSWUMS,software,mkuperst,"Welcome to the SSWUMS Team space, led by Meridith K (Product Owner). This space includes D440 and D454 resources, as well as Sprint and Kanban work.
",,Medium,Done,cwhite10,cwhite10,cwhite10,18/Feb/26 2:56 PM,26/Mar/26 9:48 AM,18/Sep/26 3:31 PM,26/Mar/26 9:48 AM,,PI19,,,,SRDD,,,,,,,,,,,,,,,,,,,,,28/Jul/26 12:00 AM,0,,,cwhite10,,,,,";26/Mar/26 9:48 AM;cwhite10;1200",,,,,,,,,2880,1680,1200,41%,2880,1680,1200,,,,,,,,,,,,,,,,,,,,,,,,,,,,,,,,,,,,,,,,,,,,,,,,,,,,cwhite10,,,28/Jul/26 12:00 AM,,SSWUMS-1479,,,In Progress,,,,,,Sprint,,,,,,,,No comments by current user.,,,,,,,,,,,,,,,,,,,,,"1|i08mhs:",,,,,,,,,,,,,,,,Medium,,,,,,,PI19 7/1/2026 - 9/23/2026,,,,,,,,,,0.1,,,,,28/Jul/26 12:00 AM,,,,,,,,,,,,,0.0,0.0,,0.0,,,0.0,,,,,,,,,,,,
Fill in Transmittal for MCA SRDD,SSWUMS-1603,94845,Task,Done,SSWUMS,SSWUMS,software,mkuperst,"Welcome to the SSWUMS Team space, led by Meridith K (Product Owner). This space includes D440 and D454 resources, as well as Sprint and Kanban work.
",,Medium,Done,cwhite10,cwhite10,cwhite10,18/Feb/26 2:55 PM,26/Mar/26 9:49 AM,18/Sep/26 3:31 PM,26/Mar/26 9:49 AM,,PI19,,,,SRDD,,,,,,,,,,,,,,,,,,,,,30/Jun/26 12:00 AM,0,,,cwhite10,,,,,";26/Mar/26 9:49 AM;cwhite10;1200",,,,,,,,,2880,1680,1200,41%,2880,1680,1200,,,,,,,,,,,,,,,,,,,,,,,,,,,,,,,,,,,,,,,,,,,,,,,,,,,,cwhite10,,,30/Jun/26 12:00 AM,,SSWUMS-1476,,,In Progress,,,,,,Sprint,,,,,,,,No comments by current user.,,,,,,,,,,,,,,,,,,,,,"1|i08mhk:",,,,,,,,,,,,,,,,Medium,,,,,,,SSWUMS Sprint 18.7,,,,,,,,,,0.1,,,,,30/Jun/26 12:00 AM,,,,,,,,,,,,,0.0,0.0,,0.0,,,0.0,,,,,,,,,,,,
Fill in Transmittal for EIA SRDD,SSWUMS-1602,94844,Task,Done,SSWUMS,SSWUMS,software,mkuperst,"Welcome to the SSWUMS Team space, led by Meridith K (Product Owner). This space includes D440 and D454 resources, as well as Sprint and Kanban work.
",,Medium,Done,cwhite10,cwhite10,cwhite10,18/Feb/26 2:54 PM,26/Mar/26 9:31 AM,18/Sep/26 3:31 PM,26/Mar/26 9:31 AM,,PI18,,,,SRDD,,,,,,,,,,,,,,,,,,,,,26/May/26 12:00 AM,0,,,cwhite10,,,,,";26/Mar/26 9:31 AM;cwhite10;2700",,,,,,,,,2880,180,2700,93%,2880,180,2700,,,,,,,,,,,,,,,,,,,,,,,,,,,,,,,,,,,,,,,,,,,,,,,,,,,,cwhite10,,,26/May/26 12:00 AM,,SSWUMS-1474,,,Done,,,,,,Sprint,,,,,,,,No comments by current user.,,,,,,,,,,,,,,,,,,,,,"1|i08mhc:",,,,,,,,,,,,,,,,Medium,,,,,,,SSWUMS Sprint 18.5,,,,,,,,,,0.1,,,,,26/May/26 12:00 AM,,,,,,,,,,,,,0.0,0.0,,0.0,,,0.0,,,,,,,,,,,,
Fill in Transmittal for HSMA SRDD,SSWUMS-1601,94842,Task,Done,SSWUMS,SSWUMS,software,mkuperst,"Welcome to the SSWUMS Team space, led by Meridith K (Product Owner). This space includes D440 and D454 resources, as well as Sprint and Kanban work.
",,Medium,Done,cwhite10,cwhite10,cwhite10,18/Feb/26 2:53 PM,26/Mar/26 9:06 AM,18/Sep/26 3:31 PM,26/Mar/26 9:06 AM,,PI18,,,,SRDD,,,,,,,,,,,,,,,,,,,,,28/Apr/26 12:00 AM,0,,,cwhite10,,,,,";26/Mar/26 9:06 AM;cwhite10;2700",,,,,,,,,2880,180,2700,93%,2880,180,2700,,,,,,,,,,,,,,,,,,,,,,,,,,,,,,,,,,,,,,,,,,,,,,,,,,,,cwhite10,,,28/Apr/26 12:00 AM,,SSWUMS-1352,,,Done,,,,,,Sprint,,,,,,,,No comments by current user.,,,,,,,,,,,,,,,,,,,,,"1|i08mgw:",,,,,,,,,,,,,,,,Medium,,,,,,,SSWUMS Sprint 18.3,,,,,,,,,,0.1,,,,,28/Apr/26 12:00 AM,,,,,,,,,,,,,0.0,0.0,,0.0,,,0.0,,,,,,,,,,,,
Fill in Transmittal for UIA SRDD,SSWUMS-1600,94840,Task,Done,SSWUMS,SSWUMS,software,mkuperst,"Welcome to the SSWUMS Team space, led by Meridith K (Product Owner). This space includes D440 and D454 resources, as well as Sprint and Kanban work.
",,Medium,Done,cwhite10,cwhite10,cwhite10,18/Feb/26 2:52 PM,25/Mar/26 9:58 AM,18/Sep/26 3:31 PM,25/Mar/26 9:58 AM,,PI18,,,,SRDD,,,,,,,,,,,,,,,,,,,,,31/Mar/26 12:00 AM,0,,,cwhite10,,,,,";25/Mar/26 9:58 AM;cwhite10;3600",,,,,,,,,2880,0,3600,125%,2880,0,3600,,,,,,,,,,,,,,,,,,,,,,,,,,,,,,,,,,,,,,,,,,,,,,,,,,,,cwhite10,,,31/Mar/26 12:00 AM,,SSWUMS-1472,,,Done,,,,,,Sprint,,,,,,,,No comments by current user.,,,,,,,,,,,,,,,,,,,,,"1|i08mgg:",,,,,,,,,,,,,,,,Medium,,,,,,,SSWUMS Sprint 18.1,,,,,,,,,,0.1,,,,,31/Mar/26 12:00 AM,,,,,,,,,,,,,0.0,0.0,,0.0,,,0.0,,,,,,,,,,,,
Fill in Transmittal for SSA SRDD,SSWUMS-1599,94839,Task,Done,SSWUMS,SSWUMS,software,mkuperst,"Welcome to the SSWUMS Team space, led by Meridith K (Product Owner). This space includes D440 and D454 resources, as well as Sprint and Kanban work.
",,Medium,Done,cwhite10,cwhite10,cwhite10,18/Feb/26 2:51 PM,04/Mar/26 11:14 AM,18/Sep/26 3:31 PM,04/Mar/26 8:35 AM,,PI17,,,,SRDD,SRDD-SSA,,,,,,,,,,,,,,,,,,,,03/Mar/26 12:00 AM,0,,,cwhite10,,,,,"Filled out awaiting Document number;02/Mar/26 4:19 PM;cwhite10;2700",";04/Mar/26 8:35 AM;cwhite10;600",,,,,,,,2880,0,3300,114%,2880,0,3300,,,,,,,,,,,,,,,,,,,,,,,,,,,,,,,,,,,,,,,,,,,,,,,,,,,,cwhite10,,,03/Mar/26 12:00 AM,,SSWUMS-1351,,,Done,,,,,,Sprint,,,,,"Posted on: Mon Mar 02 16:19:48 EST 2026
Filled out awaiting Document number",,,No comments by current user.,,,,,,,,,,,,,,,,,,,,,"1|i08mg8:",,,,,,,,,,,,,,,,Medium,,,,,,,SSWUMS Sprint 17.5,,,,,,,,,,0.1,,,,,03/Mar/26 12:00 AM,,,,,,,,,,,,,0.0,0.0,,0.0,,,0.0,,,,,"02/Mar/26 4:19 PM;cwhite10;Filled out awaiting Document number;;;",,,,,,,
SRDD Reviews Kickoff Prep And Attendance,SSWUMS-1592,94767,Task,Done,SSWUMS,SSWUMS,software,mkuperst,"Welcome to the SSWUMS Team space, led by Meridith K (Product Owner). This space includes D440 and D454 resources, as well as Sprint and Kanban work.
",,Medium,Done,cwhite10,cwhite10,cwhite10,18/Feb/26 1:15 PM,03/Mar/26 7:36 AM,18/Sep/26 3:31 PM,02/Mar/26 4:10 PM,,PI17,,,,SRDD,,,,,,,,,,,,,,,,,,,,,02/Mar/26 12:00 AM,0,\\us-ct-eb01\EBDepts\Programs.686.BlockVI\Seabed Warfare\05 Concept Development\UMS\4 Requirements\SRDD,,cwhite10,,,,,";02/Mar/26 4:10 PM;cwhite10;7200",,,,,,,,,0,0,7200,"9,223,372,036,854,775,807%",34560,19980,22500,,,,,,,,,,,,,,,,,,,,,,,,,,,,,,,,,,,,,,,,,,,,,,,,,,,,cwhite10,,,02/Mar/26 12:00 AM,,SSWUMS-947,,,Done,,,,,,SOS,Sprint,,,,,,,No comments by current user.,,,,,,,,,,,,,,,,,,,,,"1|i08m4g:",,,,,,,,,,,,,,,,Medium,,,,,,,SSWUMS Sprint 17.5,,,,,,,,,,0.0,,,,,02/Mar/26 12:00 AM,,,,,,,,,,,,100.0,1.2,0.0,,,100.0,0.0,1.2,0.0,0.0,'-0.5,0.5,,,,,,,,
Draft CONOPS Transmittal,SSWUMS-1591,94738,Task,Done,SSWUMS,SSWUMS,software,mkuperst,"Welcome to the SSWUMS Team space, led by Meridith K (Product Owner). This space includes D440 and D454 resources, as well as Sprint and Kanban work.
",,Medium,Done,cwhite10,cwhite10,cwhite10,18/Feb/26 11:03 AM,25/Feb/26 10:12 AM,18/Sep/26 3:31 PM,18/Feb/26 12:25 PM,,PI17,,,,CONOPS,,,,,,,,,,,,,,,,,,,,,23/Feb/26 12:00 AM,0,X:\Programs.686.BlockVI\Seabed Warfare\05 Concept Development\UMS\4 Requirements\CONOP\A00011839 UMS CONOPS\2026-01-14 Rev A\Current,,cwhite10,,,,,";18/Feb/26 12:25 PM;cwhite10;4500",,,,,,,,,5760,1260,4500,78%,5760,1260,4500,,,,,SSWUMS-1383,,,,,,,,,,,,,,,,,,,,,,,,,,,,,,,,,,,,,,,,,,,,,,,cwhite10,,,23/Feb/26 12:00 AM,,SSWUMS-1242,,,Done,,,,,,Sprint,,,,,,,,No comments by current user.,,,,,,,,,,,,,,,,,,,,,"1|i08lyw:",,,,,,,,,,,,,,,,Medium,,,,,,,SSWUMS Sprint 17.4,,,,,,,,,,0.2,,,,,23/Feb/26 12:00 AM,,,,,,,,,,,,,0.0,0.0,,0.0,,,0.0,,,,,,,,,,,,
Update CCA HRS Transmittal,SSWUMS-1590,94726,Task,Done,SSWUMS,SSWUMS,software,mkuperst,"Welcome to the SSWUMS Team space, led by Meridith K (Product Owner). This space includes D440 and D454 resources, as well as Sprint and Kanban work.
",,Medium,Done,cwhite10,cwhite10,cwhite10,18/Feb/26 10:17 AM,25/Feb/26 10:13 AM,18/Sep/26 3:31 PM,19/Feb/26 1:58 PM,,PI17,,,,C-CCA HRS,,,,,,,,,,,,,,,,,,,,,27/Feb/26 12:00 AM,0,,,cwhite10,,,,,"Pulled in to Current Sprit Completed Early

Updated distribution list and document information;19/Feb/26 1:58 PM;cwhite10;1800",,,,,,,,,2880,1080,1800,62%,2880,1080,1800,,,,,SSWUMS-1179,,,,,,,,,,,,,,,,,,,,,,,,,,,,,,,,,,,,,,,,,,,,,,,cwhite10,,,27/Feb/26 12:00 AM,,SSWUMS-1137,,,Done,,,,,,Sprint,,,,,"Posted on: Thu Feb 19 13:58:39 EST 2026
Pulled in to Current Sprit Completed Early

Updated distribution list and document information",,,No comments by current user.,,,,,,,,,,,,,,,,,,,,,"1|i08lw8:",,,,,,,,,,,,,,,,Medium,,,,,,,SSWUMS Sprint 17.4,,,,,,,,,,0.1,,,,,27/Feb/26 12:00 AM,,,,,,,,,,,,,0.0,0.0,,0.0,,,0.0,,,,,"19/Feb/26 1:58 PM;cwhite10;Pulled in to Current Sprit Completed Early

Updated distribution list and document information;;;",,,,,,,
4.d. PDMS HRS - PI18,SSWUMS-1585,94453,Epic,Done,SSWUMS,SSWUMS,software,mkuperst,"Welcome to the SSWUMS Team space, led by Meridith K (Product Owner). This space includes D440 and D454 resources, as well as Sprint and Kanban work.
",,Medium,Done,,mkuperst,mkuperst,16/Feb/26 11:16 AM,18/Jun/26 2:10 PM,18/Sep/26 3:31 PM,18/Jun/26 2:10 PM,,PI18,,,,PDMS HRS,,,,,,,,,,,,,,,,,,,,,,0,"Estimated 16 hours for initial review + 16 hours for adjudication, per product",,mkuperst,,,,,,,,,,,,,,0,0,,0%,0,0,,,,,,,,,,,,SSWUMS-1350,,,,,,,,,,,,,,,,,,,,,,,,,,,,,,,,,,,,,,,,,,,,,ghx-label-13,,4.d. PDMS HRS - PI18,Done,,,,,,,,,,,,,,,No comments by current user.,,,,,,,SSWUMS-472,,,,,,,,,,,,,,"1|i08kuw:",,,,,,,,,,,,,,,,Medium,,,,,,,,,,,,,,,,,,,,,100%,01/Jul/26 12:00 AM,25/Mar/26 12:00 AM,,,,,,,,,,,100.0,1.2,0.0,,,100.0,66.7,1.2,0.0,9.6,3.2,6.4,,,,,,,,
1.b. LBTF - PI18,SSWUMS-1584,94452,Epic,Cancelled,SSWUMS,SSWUMS,software,mkuperst,"Welcome to the SSWUMS Team space, led by Meridith K (Product Owner). This space includes D440 and D454 resources, as well as Sprint and Kanban work.
",,Medium,Won't Do,cwhite10,cwhite10,mkuperst,16/Feb/26 11:15 AM,07/Aug/26 4:36 PM,18/Sep/26 3:31 PM,22/Jun/26 1:01 PM,,PI18,,,,GDMS IMS,LBTF Cables,LBTF Connectors,LBTF Junction Boxes,ROG-1727 ADL and LBTF Testing Needs,Vendor (GDMS),,,,,,,,,,,,,,,,,0,,,cwhite10,mkuperst,,,,,,,,,,,,,0,0,,0%,0,0,,,,,,,,,,,,SSWUMS-1341,,,,,,,,,,,,,,,,,,,,,,,,,,,,,,,,,,,,,,,,,,,,,ghx-label-3,,1.b. LBTF - PI18,Done,,,,,,,,,,,,"Posted on: Mon Jun 22 13:01:42 EDT 2026
No Tasking in PI 18 - Epic Cancelled",,,No comments by current user.,,,,,,,SSWUMS-564,,,,,,,,,,,,,,"1|i08kuo:",,,,,,,,,,,,,,,,Medium,,,,,,,,,,,,,,,,,0.0,,,,100%,01/Jul/26 12:00 AM,25/Mar/26 12:00 AM,,,,,,,,,,,0.0,0.0,0.0,,,0.0,0.0,0.0,0.0,0.0,0.0,0.0,"22/Jun/26 1:01 PM;cwhite10;No Tasking in PI 18 - Epic Cancelled;;;",,,,,,,
Review PDMS B-Spec PTR's for May CCB,SSWUMS-1565,94244,Task,Done,SSWUMS,SSWUMS,software,mkuperst,"Welcome to the SSWUMS Team space, led by Meridith K (Product Owner). This space includes D440 and D454 resources, as well as Sprint and Kanban work.
",,Medium,Done,bchadwic,cwhite10,cwhite10,12/Feb/26 2:55 PM,01/May/26 10:45 AM,18/Sep/26 3:31 PM,01/May/26 10:44 AM,,PI18,,,,PDMS B-spec,PDMS RVTM,,,,,,,,,,,,,,,,,,,,22/Apr/26 12:00 AM,0,X:\Programs.686.BlockVI\Seabed Warfare\05 Concept Development\UMS\4 Requirements\B-Specs\C2S_PDMS PTRs\,,cwhite10,,,,,";01/May/26 10:44 AM;gbarry;9000",,,,,,,,,14400,5400,9000,62%,31680,21060,10620,,,,,,,,,,,SSWUMS-1521,,,,,,,,,,,,,,,,,,,,,,,,,,,,,,,,,SSWCYBER,SSWHW,SSWIF,SSWSW,SSWSYSPM,SSWTEST,,,bchadwic,,,22/Apr/26 12:00 AM,,SSWUMS-963,,,Done,,,,,,SOS,Sprint,,,,,,,No comments by current user.,,,,,,,,,,,,,,,,,,,,,"1|i08jxk:",,,,,,,,,,,,,,,,Medium,,,,,,,SSWUMS Sprint 18.3,,,,,,,,,,0.5,,,,100%,22/Apr/26 12:00 AM,09/Apr/26 12:00 AM,,,,,,,,,,,0.0,0.0,0.0,,,0.0,0.0,1.2,1.2,0.0,0.0,0.0,,,,,,,,
Review PDMS B-Spec PTR's for June CCB,SSWUMS-1561,94240,Task,Done,SSWUMS,SSWUMS,software,mkuperst,"Welcome to the SSWUMS Team space, led by Meridith K (Product Owner). This space includes D440 and D454 resources, as well as Sprint and Kanban work.
",,Medium,Done,bchadwic,cwhite10,cwhite10,12/Feb/26 2:55 PM,01/Jun/26 1:38 PM,18/Sep/26 3:31 PM,01/Jun/26 1:38 PM,,PI18,,,,PDMS B-spec,PDMS RVTM,,,,,,,,,,,,,,,,,,,,20/May/26 12:00 AM,0,X:\Programs.686.BlockVI\Seabed Warfare\05 Concept Development\UMS\4 Requirements\B-Specs\C2S_PDMS PTRs\,,cwhite10,,,,,";01/Jun/26 1:38 PM;cwhite10;60",,,,,,,,,14400,14340,60,0%,25920,22260,3660,,,,,,,,,,,SSWUMS-1525,,,,,,,,,,,,,,,,,,,,,,,,,,,,,,,,,SSWCYBER,SSWHW,SSWIF,SSWSW,SSWSYSPM,SSWTEST,,,bchadwic,,,20/May/26 12:00 AM,,SSWUMS-963,,,Done,,,,,,SOS,Sprint,,,,"Posted on: Wed May 13 11:09:42 EDT 2026
No comments from SSM",,,No comments by current user.,,,,,,,,,,,,,,,,,,,,,"1|i08jwo:",,,,,,,,,,,,,,,,Medium,,,,,,,SSWUMS Sprint 18.5,,,,,,,,,,0.5,,,,100%,20/May/26 12:00 AM,07/May/26 12:00 AM,,,,,,,,,,,0.0,0.0,0.0,,,0.0,0.0,1.8,1.8,0.0,0.0,0.0,"13/May/26 11:09 AM;cwhite10;No comments from SSM;;;",,,,,,,
Review PDMS B-Spec PTR's for July CCB,SSWUMS-1557,94236,Task,Done,SSWUMS,SSWUMS,software,mkuperst,"Welcome to the SSWUMS Team space, led by Meridith K (Product Owner). This space includes D440 and D454 resources, as well as Sprint and Kanban work.
",,Medium,Done,bchadwic,cwhite10,cwhite10,12/Feb/26 2:55 PM,17/Jun/26 4:05 PM,18/Sep/26 3:31 PM,17/Jun/26 4:05 PM,,PI18,,,,PDMS B-spec,PDMS RVTM,,,,,,,,,,,,,,,,,,,,17/Jun/26 12:00 AM,0,X:\Programs.686.BlockVI\Seabed Warfare\05 Concept Development\UMS\4 Requirements\B-Specs\C2S_PDMS PTRs\,,cwhite10,,,,,";17/Jun/26 4:05 PM;cwhite10;60",,,,,,,,,14400,14340,60,0%,31680,26220,5460,,,,,,,,,,,SSWUMS-1529,,,,,,,,,,,,,,,,,,,,,,,,,,,,,,,,,SSWCYBER,SSWHW,SSWIF,SSWSW,SSWSYSPM,SSWTEST,,,bchadwic,,,17/Jun/26 12:00 AM,,SSWUMS-963,,,Done,,,,,,SOS,Sprint,,,,,,,No comments by current user.,,,,,,,,,,,,,,,,,,,,,"1|i08jvs:",,,,,,,,,,,,,,,,Medium,,,,,,,SSWUMS Sprint 18.7,,,,,,,,,,0.5,,,,100%,17/Jun/26 12:00 AM,04/Jun/26 12:00 AM,,,,,,,,,,,0.0,0.0,0.0,,,0.0,0.0,2.4,2.4,0.0,0.0,0.0,,,,,,,,
Review PDMS B-Spec PTR's for August CCB,SSWUMS-1553,94232,Task,Done,SSWUMS,SSWUMS,software,mkuperst,"Welcome to the SSWUMS Team space, led by Meridith K (Product Owner). This space includes D440 and D454 resources, as well as Sprint and Kanban work.
",,Medium,Done,bchadwic,cwhite10,cwhite10,12/Feb/26 2:52 PM,27/Jul/26 10:56 AM,18/Sep/26 3:31 PM,27/Jul/26 10:56 AM,,PI19,,,,PDMS B-spec,PDMS RVTM,,,,,,,,,,,,,,,,,,,,22/Jul/26 12:00 AM,0,X:\Programs.686.BlockVI\Seabed Warfare\05 Concept Development\UMS\4 Requirements\B-Specs\C2S_PDMS PTRs\,,cwhite10,,,,,";27/Jul/26 10:56 AM;cwhite10;60",,,,,,,,,14400,14340,60,0%,31680,25860,5820,,,,,,,,,,,SSWUMS-1533,,,,,,,,,,,,,,,,,,,,,,,,,,,,,,,,,SSWCYBER,SSWHW,SSWIF,SSWSW,SSWSYSPM,SSWTEST,,,bchadwic,,,22/Jul/26 12:00 AM,,SSWUMS-964,,,In Progress,,,,,,SOS,Sprint,,,,,,,No comments by current user.,,,,,,,,,,,,,,,,,,,,,"1|i08juw:",,,,,,,,,,,,,,,,Medium,,,,,,,PI19 7/1/2026 - 9/23/2026,,,,,,,,,,0.5,,,,100%,22/Jul/26 12:00 AM,09/Jul/26 12:00 AM,,,,,,,,,,,0.0,0.0,0.0,,,0.0,0.0,3.0,3.0,1.6,1.6,0.0,,,,,,,,
Review PDMS B-Spec PTR's for September CCB,SSWUMS-1549,94228,Task,Done,SSWUMS,SSWUMS,software,mkuperst,"Welcome to the SSWUMS Team space, led by Meridith K (Product Owner). This space includes D440 and D454 resources, as well as Sprint and Kanban work.
",,Medium,Done,bchadwic,cwhite10,cwhite10,12/Feb/26 2:52 PM,24/Aug/26 1:14 PM,18/Sep/26 3:31 PM,24/Aug/26 1:14 PM,,PI19,,,,B-Spec,,,,,,,,,,,,,,,,,,,,,19/Aug/26 12:00 AM,0,X:\Programs.686.BlockVI\Seabed Warfare\05 Concept Development\UMS\4 Requirements\B-Specs\C2S_PDMS PTRs\,,cwhite10,,,,,";24/Aug/26 1:14 PM;cwhite10;60",,,,,,,,,14400,14340,60,0%,31680,24420,7260,,,,,,,,,,,SSWUMS-1537,,,,,,,,,,,,,,,,,,,,,,,,,,,,,,,,,SSWCYBER,SSWHW,SSWIF,SSWSW,SSWSYSPM,SSWTEST,,,bchadwic,,,19/Aug/26 12:00 AM,,SSWUMS-964,,,In Progress,,,,,,SOS,Sprint,,,,,,,No comments by current user.,,,,,,,,,,,,,,,,,,,,,"1|i08ju0:",,,,,,,,,,,,,,,,Medium,,,,,,,PI19 7/1/2026 - 9/23/2026,,,,,,,,,,0.5,,,,100%,19/Aug/26 12:00 AM,06/Aug/26 12:00 AM,,,,,,,,,,,0.0,0.0,0.0,,,0.0,0.0,3.6,3.6,1.6,1.6,0.0,,,,,,,,
Review PDMS B-Spec PTR's for October CCB,SSWUMS-1545,94224,Task,Done,SSWUMS,SSWUMS,software,mkuperst,"Welcome to the SSWUMS Team space, led by Meridith K (Product Owner). This space includes D440 and D454 resources, as well as Sprint and Kanban work.
",,Medium,Done,bchadwic,cwhite10,cwhite10,12/Feb/26 2:50 PM,17/Sep/26 12:15 PM,18/Sep/26 3:31 PM,17/Sep/26 12:15 PM,,PI19,,,,B-Spec,,,,,,,,,,,,,,,,,,,,,16/Sep/26 12:00 AM,0,X:\Programs.686.BlockVI\Seabed Warfare\05 Concept Development\UMS\4 Requirements\B-Specs\C2S_PDMS PTRs\,,bchadwic,cwhite10,,,,"All PDMS PTRs reviewed, all comments captured by existing EB comments;08/Sep/26 10:33 AM;bchadwic;1800",";17/Sep/26 12:15 PM;mkuperst;60",,,,,,,,14400,12540,1860,12%,31680,26160,5520,,,,,,,,,,,SSWUMS-1541,,,,,,,,,,,,,,,,,,,,,,,,,,,,,,,,,SSWCYBER,SSWHW,SSWIF,SSWSW,SSWSYSPM,SSWTEST,,,bchadwic,,,16/Sep/26 12:00 AM,,SSWUMS-964,,,In Progress,,,,,,SOS,Sprint,,,,"Posted on: Tue Sep 08 10:33:34 EDT 2026
All PDMS PTRs reviewed, all comments captured by existing EB comments",,,No comments by current user.,,,,,,,,,,,,,,,,,,,,,"1|i08jt4:",,,,,,,,,,,,,,,,Medium,,,,,,,PI19 7/1/2026 - 9/23/2026,,,,,,,,,,0.5,,,,100%,16/Sep/26 12:00 AM,03/Sep/26 12:00 AM,,,,,,,,,,,0.0,0.0,0.0,,,0.0,0.0,4.2,4.2,1.6,1.6,0.0,"08/Sep/26 10:33 AM;bchadwic;All PDMS PTRs reviewed, all comments captured by existing EB comments;;;",,,,,,,
Review C2S B-Spec PTR's for October CCB,SSWUMS-1541,94220,Task,Done,SSWUMS,SSWUMS,software,mkuperst,"Welcome to the SSWUMS Team space, led by Meridith K (Product Owner). This space includes D440 and D454 resources, as well as Sprint and Kanban work.
",,Medium,Done,cwhite10,cwhite10,cwhite10,12/Feb/26 2:47 PM,17/Sep/26 12:15 PM,18/Sep/26 3:31 PM,17/Sep/26 12:15 PM,,PI19,,,,B-Spec,,,,,,,,,,,,,,,,,,,,,16/Sep/26 12:00 AM,0,X:\Programs.686.BlockVI\Seabed Warfare\05 Concept Development\UMS\4 Requirements\B-Specs\C2S_PDMS PTRs\,,cwhite10,,,,,";17/Sep/26 12:15 PM;mkuperst;60",,,,,,,,,14400,14340,60,0%,31680,24420,7260,,,,,,,,,SSWUMS-1545,,SSWUMS-1537,,,,,,,,,,,,,,,,,,,,,,,,,,,,,,,,,SSWCYBER,SSWHW,SSWIF,SSWSW,SSWSYSPM,SSWTEST,,,cwhite10,,,16/Sep/26 12:00 AM,,SSWUMS-926,,,In Progress,,,,,,SOS,Sprint,,,,,,,No comments by current user.,,,,,,,,,,,,,,,,,,,,,"1|i08js8:",,,,,,,,,,,,,,,,Medium,,,,,,,PI19 7/1/2026 - 9/23/2026,,,,,,,,,,0.5,,,,100%,16/Sep/26 12:00 AM,03/Sep/26 12:00 AM,,,,,,,,,,,0.0,0.0,0.0,,,0.0,0.0,3.6,3.6,1.6,1.6,0.0,,,,,,,,
Review C2S B-Spec PTR's for September CCB,SSWUMS-1537,94216,Task,Done,SSWUMS,SSWUMS,software,mkuperst,"Welcome to the SSWUMS Team space, led by Meridith K (Product Owner). This space includes D440 and D454 resources, as well as Sprint and Kanban work.
",,Medium,Done,cwhite10,cwhite10,cwhite10,12/Feb/26 2:44 PM,24/Aug/26 1:16 PM,18/Sep/26 3:31 PM,24/Aug/26 1:16 PM,,PI19,,,,B-Spec,,,,,,,,,,,,,,,,,,,,,19/Aug/26 12:00 AM,0,X:\Programs.686.BlockVI\Seabed Warfare\05 Concept Development\UMS\4 Requirements\B-Specs\C2S_PDMS PTRs\,,cwhite10,,,,,";24/Aug/26 1:16 PM;cwhite10;60",,,,,,,,,14400,14340,60,0%,31680,25020,6660,,,,,,,,,SSWUMS-1541,SSWUMS-1549,SSWUMS-1533,,,,,,,,,,,,,,,,,,,,,,,,,,,,,,,,,SSWCYBER,SSWHW,SSWIF,SSWSW,SSWSYSPM,SSWTEST,,,cwhite10,,,19/Aug/26 12:00 AM,,SSWUMS-926,,,In Progress,,,,,,SOS,Sprint,,,,,,,No comments by current user.,,,,,,,,,,,,,,,,,,,,,"1|i08jrc:",,,,,,,,,,,,,,,,Medium,,,,,,,PI19 7/1/2026 - 9/23/2026,,,,,,,,,,0.5,,,,100%,19/Aug/26 12:00 AM,06/Aug/26 12:00 AM,,,,,,,,,,,0.0,0.0,0.0,,,0.0,0.0,3.0,3.0,1.6,1.6,0.0,,,,,,,,
Review C2S B-Spec PTR's for August CCB,SSWUMS-1533,94212,Task,Done,SSWUMS,SSWUMS,software,mkuperst,"Welcome to the SSWUMS Team space, led by Meridith K (Product Owner). This space includes D440 and D454 resources, as well as Sprint and Kanban work.
",,Medium,Done,cwhite10,cwhite10,cwhite10,12/Feb/26 2:42 PM,27/Jul/26 11:01 AM,18/Sep/26 3:31 PM,27/Jul/26 11:01 AM,,PI19,,,,C2S B-spec,C2S RVTM,,,,,,,,,,,,,,,,,,,,22/Jul/26 12:00 AM,0,X:\Programs.686.BlockVI\Seabed Warfare\05 Concept Development\UMS\4 Requirements\B-Specs\C2S_PDMS PTRs\,,cwhite10,,,,,";27/Jul/26 11:01 AM;cwhite10;60",,,,,,,,,14400,14340,60,0%,25920,22260,3660,,,,,,,,,SSWUMS-1537,SSWUMS-1553,SSWUMS-1529,,,,,,,,,,,,,,,,,,,,,,,,,,,,,,,,,SSWCYBER,SSWHW,SSWIF,SSWSW,SSWSYSPM,SSWTEST,,,cwhite10,,,22/Jul/26 12:00 AM,,SSWUMS-926,,,In Progress,,,,,,SOS,Sprint,,,,,,,No comments by current user.,,,,,,,,,,,,,,,,,,,,,"1|i08jqg:",,,,,,,,,,,,,,,,Medium,,,,,,,PI19 7/1/2026 - 9/23/2026,,,,,,,,,,0.5,,,,100%,22/Jul/26 12:00 AM,09/Jul/26 12:00 AM,,,,,,,,,,,0.0,0.0,0.0,,,0.0,0.0,2.4,2.4,1.6,1.6,0.0,,,,,,,,
Review C2S B-Spec PTR's for July CCB,SSWUMS-1529,94208,Task,Done,SSWUMS,SSWUMS,software,mkuperst,"Welcome to the SSWUMS Team space, led by Meridith K (Product Owner). This space includes D440 and D454 resources, as well as Sprint and Kanban work.
",,Medium,Done,cwhite10,cwhite10,cwhite10,12/Feb/26 2:40 PM,17/Jun/26 4:11 PM,18/Sep/26 3:31 PM,17/Jun/26 4:11 PM,,PI18,,,,C2S B-spec,C2S RVTM,,,,,,,,,,,,,,,,,,,,17/Jun/26 12:00 AM,0,X:\Programs.686.BlockVI\Seabed Warfare\05 Concept Development\UMS\4 Requirements\B-Specs\C2S_PDMS PTRs\,,cwhite10,,,,,";17/Jun/26 4:11 PM;cwhite10;60",,,,,,,,,14400,14340,60,0%,31680,26220,5460,,,,,,,,,SSWUMS-1533,SSWUMS-1557,SSWUMS-1525,,,,,,,,,,,,,,,,,,,,,,,,,,,,,,,,,SSWCYBER,SSWHW,SSWIF,SSWSW,SSWSYSPM,SSWTEST,,,cwhite10,,,17/Jun/26 12:00 AM,,SSWUMS-925,,,Done,,,,,,SOS,Sprint,,,,"Posted on: Fri Jun 05 11:30:13 EDT 2026
No Comments

 ",,,No comments by current user.,,,,,,,,,,,,,,,,,,,,,"1|i08jpk:",,,,,,,,,,,,,,,,Medium,,,,,,,SSWUMS Sprint 18.7,,,,,,,,,,0.5,,,,100%,17/Jun/26 12:00 AM,04/Jun/26 12:00 AM,,,,,,,,,,,0.0,0.0,0.0,,,0.0,0.0,1.8,1.8,0.0,0.0,0.0,"05/Jun/26 11:30 AM;cwhite10;No Comments

 ;;;",,,,,,,
Review C2S B-Spec PTR's for June CCB,SSWUMS-1525,94204,Task,Done,SSWUMS,SSWUMS,software,mkuperst,"Welcome to the SSWUMS Team space, led by Meridith K (Product Owner). This space includes D440 and D454 resources, as well as Sprint and Kanban work.
",,Medium,Done,cwhite10,cwhite10,cwhite10,12/Feb/26 2:39 PM,01/Jun/26 1:18 PM,18/Sep/26 3:31 PM,01/Jun/26 1:18 PM,,PI18,,,,C2S B-spec,C2S RVTM,,,,,,,,,,,,,,,,,,,,20/May/26 12:00 AM,0,X:\Programs.686.BlockVI\Seabed Warfare\05 Concept Development\UMS\4 Requirements\B-Specs\C2S_PDMS PTRs\,,cwhite10,,,,,";01/Jun/26 1:18 PM;cwhite10;60",,,,,,,,,14400,14340,60,0%,31680,25920,5760,,,,,,,,,SSWUMS-1529,SSWUMS-1561,SSWUMS-1521,,,,,,,,,,,,,,,,,,,,,,,,,,,,,,,,,SSWCYBER,SSWHW,SSWIF,SSWSW,SSWSYSPM,SSWTEST,,,cwhite10,,,20/May/26 12:00 AM,,SSWUMS-925,,,Done,,,,,,SOS,Sprint,,,,"Posted on: Wed May 13 11:09:30 EDT 2026
No Comments from SSM or [~cwhite10] ",,,No comments by current user.,,,,,,,,,,,,,,,,,,,,,"1|i08joo:",,,,,,,,,,,,,,,,Medium,,,,,,,SSWUMS Sprint 18.5,,,,,,,,,,0.5,,,,100%,20/May/26 12:00 AM,07/May/26 12:00 AM,,,,,,,,,,,0.0,0.0,0.0,,,0.0,0.0,1.2,1.2,0.0,0.0,0.0,"13/May/26 11:09 AM;cwhite10;No Comments from SSM or [~cwhite10] ;;;",,,,,,,
Review C2S B-Spec PTR's for May CCB,SSWUMS-1521,94200,Task,Done,SSWUMS,SSWUMS,software,mkuperst,"Welcome to the SSWUMS Team space, led by Meridith K (Product Owner). This space includes D440 and D454 resources, as well as Sprint and Kanban work.
",,Medium,Done,cwhite10,cwhite10,cwhite10,12/Feb/26 2:32 PM,13/May/26 10:51 AM,18/Sep/26 3:31 PM,13/May/26 10:51 AM,,PI18,,,,C2S B-spec,C2S RVTM,,,,,,,,,,,,,,,,,,,,22/Apr/26 12:00 AM,0,X:\Programs.686.BlockVI\Seabed Warfare\05 Concept Development\UMS\4 Requirements\B-Specs\C2S_PDMS PTRs\,,cwhite10,,,,,";13/May/26 10:51 AM;cwhite10;900",,,,,,,,,14400,13500,900,6%,31680,26760,4920,,,,,,,,,SSWUMS-1565,SSWUMS-1525,SSWUMS-1397,,,,,,,,,,,,,,,,,,,,,,,,,,,,,,,,,SSWCYBER,SSWHW,SSWIF,SSWSW,SSWSYSPM,SSWTEST,,,cwhite10,,,22/Apr/26 12:00 AM,,SSWUMS-925,,,Done,,,,,,SOS,Sprint,,,,"Posted on: Fri Apr 10 14:24:36 EDT 2026
Left 1 comment on Confluence page",,,No comments by current user.,,,,,,,,,,,,,,,,,,,,,"1|i08jns:",,,,,,,,,,,,,,,,Medium,,,,,,,SSWUMS Sprint 18.3,,,,,,,,,,0.5,,,,100%,22/Apr/26 12:00 AM,09/Apr/26 12:00 AM,,,,,,,,,,,0.0,0.0,0.0,,,0.0,0.0,0.6,0.6,0.0,0.0,0.0,"10/Apr/26 2:24 PM;cwhite10;Left 1 comment on Confluence page;;;",,,,,,,
System Acceptance Test Plan Kickoff and Review Cycle Prep,SSWUMS-1517,94195,Task,Cancelled,SSWUMS,SSWUMS,software,mkuperst,"Welcome to the SSWUMS Team space, led by Meridith K (Product Owner). This space includes D440 and D454 resources, as well as Sprint and Kanban work.
",,Medium,Won't Do,mkuperst,cwhite10,cwhite10,12/Feb/26 1:56 PM,07/Aug/26 2:21 PM,18/Sep/26 3:31 PM,07/Aug/26 2:21 PM,,PI21,,,,System Acceptance Test Plan,,,,,,,,,,,,,,,,,,,,,04/Feb/27 12:00 AM,0,,,cwhite10,,,,,,,,,,,,,,0,0,,0%,0,0,,,,,,,,,,,,,,,,,,,,,,,,,,,,,,,,,,,,,,,,,,,,,,,,,,,,,mkuperst,,,04/Feb/27 12:00 AM,,SSWUMS-1146,,,Cancelled,,,,,,SOS,Sprint,,,,"Posted on: Fri Aug 07 14:21:08 EDT 2026
OBE",,,No comments by current user.,,,,,,,,,,,,,,,,,,,,,"1|i08jmo:",,,,,,,,,,,,,,,,Medium,,,,,,,PI21 1/4/2027 - 3/24/2027,,,,,,,,,,0.0,,,,0%,04/Feb/27 12:00 AM,28/Jan/27 12:00 AM,,,,,,,,,,,,0.0,0.0,,0.0,,,0.0,,,,,"07/Aug/26 2:21 PM;cwhite10;OBE;;;",,,,,,,
PDMS DVT Plan Kickoff and Review Cycle Prep,SSWUMS-1516,94193,Task,To Do,SSWUMS,SSWUMS,software,mkuperst,"Welcome to the SSWUMS Team space, led by Meridith K (Product Owner). This space includes D440 and D454 resources, as well as Sprint and Kanban work.
",,Medium,,bchadwic,cwhite10,cwhite10,12/Feb/26 1:52 PM,11/Aug/26 4:43 PM,18/Sep/26 3:31 PM,,,PI20,,,,DVT,,,,,,,,,,,,,,,,,,,,,04/Nov/26 12:00 AM,0,,,cwhite10,,,,,,,,,,,,,,5760,5760,,0%,5760,5760,,,,,,,,,,,,,,,,,,,,,,,,,,,,,,,,,,,,,,,,,,,,,,,,,,,,,bchadwic,,,04/Nov/26 12:00 AM,,SSWUMS-630,,,To Do,,,,,,SOS,Sprint,,,,,,,No comments by current user.,,,,,,,,,,,,,,,,,,,,,"1|i08jmg:",,,,,,,,,,,,,,,,Medium,,,,,,,PI20 9/23/2026 - 1/3/2027,,,,,,,,,,0.2,,,,0%,04/Nov/26 12:00 AM,28/Oct/26 12:00 AM,,,,,,,,,,,,0.0,0.0,,0.0,,,0.0,,,,,,,,,,,,
C2S DVT Plan Kickoff and Review Cycle Prep,SSWUMS-1515,94192,Task,To Do,SSWUMS,SSWUMS,software,mkuperst,"Welcome to the SSWUMS Team space, led by Meridith K (Product Owner). This space includes D440 and D454 resources, as well as Sprint and Kanban work.
",,Medium,,cwhite10,cwhite10,cwhite10,12/Feb/26 1:51 PM,11/Aug/26 4:44 PM,18/Sep/26 3:31 PM,,,PI21,,,,DVT,,,,,,,,,,,,,,,,,,,,,11/Mar/27 12:00 AM,0,,,cwhite10,,,,,,,,,,,,,,5760,5760,,0%,5760,5760,,,,,,,,,,,,,,,,,,,,,,,,,,,,,,,,,,,,,,,,,,,,,SSWTEST,,,,,,,,cwhite10,,,11/Mar/27 12:00 AM,,SSWUMS-1409,,,In Progress,,,,,,SOS,Sprint,,,,,,,No comments by current user.,,,,,,,,,,,,,,,,,,,,,"1|i08jm8:",,,,,,,,,,,,,,,,Medium,,,,,,,PI21 1/4/2027 - 3/24/2027,,,,,,,,,,0.2,,,,0%,11/Mar/27 12:00 AM,04/Mar/27 12:00 AM,,,,,,,,,,,,0.0,0.0,,0.0,,,0.0,,,,,,,,,,,,
MTEP Rev B Review,SSWUMS-1514,94191,Task,Done,SSWUMS,SSWUMS,software,mkuperst,"Welcome to the SSWUMS Team space, led by Meridith K (Product Owner). This space includes D440 and D454 resources, as well as Sprint and Kanban work.
",,Medium,Done,mkuperst,cwhite10,cwhite10,12/Feb/26 1:50 PM,12/Aug/26 12:33 PM,18/Sep/26 3:31 PM,22/Jun/26 8:40 AM,,PI18,,,,GDMS MTEP,,,,,,,,,,,,,,,,,,,,,,0,,,cwhite10,,,,,";22/Jun/26 8:40 AM;cwhite10;60",,,,,,,,,43200,43140,60,0%,43200,43140,30660,,,,,,,,,SSWUMS-2008,,,,,,,,,,,,,,,,,,,,,,,,,,,,,,,,,,,SSWTEST,,,,,,,,mkuperst,,,19/Jun/26 12:00 AM,,SSWUMS-1093,,,Done,,,,,,SOS,Sprint,,,,"Posted on: Tue Jun 16 12:01:00 EDT 2026
Review Dates Shifted moving out a sprint",,,No comments by current user.,,,,,,,,,,,,,,,,,,,,,"1|i08jm0:",,,,,,,,,,,,,,,,Medium,,,,,,,SSWUMS Sprint 18.3,SSWUMS Sprint 18.4,SSWUMS Sprint 18.5,SSWUMS Sprint 18.6,SSWUMS Sprint 18.7,,,,,,1.5,,,,,,22/May/26 12:00 AM,,,,,,,,,,,,0.0,0.0,,0.0,,0.0,0.0,,0.0,0.0,0.0,"13/May/26 11:23 AM;cwhite10;Awaiting Review cycle plan from D374;;;","02/Jun/26 12:31 PM;cwhite10;Planned Rollover (ECD spans multiple Sprints);;;","16/Jun/26 12:01 PM;cwhite10;Review Dates Shifted moving out a sprint;;;",,,,,
PLACEHOLDER - CLS-CCA TDP Assembly Drawings Review,SSWUMS-1513,94190,Task,To Do,SSWUMS,SSWUMS,software,mkuperst,"Welcome to the SSWUMS Team space, led by Meridith K (Product Owner). This space includes D440 and D454 resources, as well as Sprint and Kanban work.
",,Medium,,cwhite10,cwhite10,cwhite10,12/Feb/26 1:49 PM,15/Sep/26 1:23 PM,18/Sep/26 3:31 PM,,,PI21,,,,GDMS CCA Development,,,,,,,,,,,,,,,,,,,,,17/Feb/27 12:00 AM,0,,,cwhite10,,,,,,,,,,,,,,92160,92160,,0%,92160,92160,,,,,,,,,,,,,,,,,,,,,,,,,,,,,,,,,,,,,,,,,,,,,,,,,,,,,cwhite10,,,17/Feb/27 12:00 AM,,SSWUMS-2188,,,To Do,,,,,,SOS,Sprint,,,,,,,No comments by current user.,,,,,,,,,,,,,,,,,,,,,"1|i08jls:",,,,,,,,,,,,,,,,Medium,,,,,,,PI21 1/4/2027 - 3/24/2027,,,,,,,,,,3.2,,,,0%,17/Feb/27 12:00 AM,07/Jan/27 12:00 AM,,,,,,,,,,,,0.0,0.0,,0.0,,,0.0,,,,,,,,,,,,
PLACEHOLDER - S-CCA TDP Assembly Drawings Review,SSWUMS-1512,94189,Task,To Do,SSWUMS,SSWUMS,software,mkuperst,"Welcome to the SSWUMS Team space, led by Meridith K (Product Owner). This space includes D440 and D454 resources, as well as Sprint and Kanban work.
",,Medium,,cwhite10,cwhite10,cwhite10,12/Feb/26 1:48 PM,15/Sep/26 1:25 PM,18/Sep/26 3:31 PM,,,PI21,,,,GDMS CCA Development,,,,,,,,,,,,,,,,,,,,,17/Mar/27 12:00 AM,0,,,cwhite10,,,,,,,,,,,,,,92160,92160,,0%,92160,92160,,,,,,,,,,,,,,,,,,,,,,,,,,,,,,,,,,,,,,,,,,,,,,,,,,,,,cwhite10,,,17/Mar/27 12:00 AM,,SSWUMS-2187,,,To Do,,,,,,SOS,Sprint,,,,,,,No comments by current user.,,,,,,,,,,,,,,,,,,,,,"1|i08jlk:",,,,,,,,,,,,,,,,Medium,,,,,,,PI21 1/4/2027 - 3/24/2027,,,,,,,,,,3.2,,,,0%,17/Mar/27 12:00 AM,04/Feb/27 12:00 AM,,,,,,,,,,,,0.0,0.0,,0.0,,,0.0,,,,,,,,,,,,
PLACEHOLDER - SS-CCA TDP Assembly Drawings Review,SSWUMS-1511,94187,Task,To Do,SSWUMS,SSWUMS,software,mkuperst,"Welcome to the SSWUMS Team space, led by Meridith K (Product Owner). This space includes D440 and D454 resources, as well as Sprint and Kanban work.
",,Medium,,cwhite10,cwhite10,cwhite10,12/Feb/26 1:46 PM,15/Sep/26 1:26 PM,18/Sep/26 3:31 PM,,,PI21,,,,GDMS CCA Development,,,,,,,,,,,,,,,,,,,,,17/Mar/27 12:00 AM,0,,,cwhite10,,,,,,,,,,,,,,92160,92160,,0%,92160,92160,,,,,,,,,,,,,,,,,,,,,,,,,,,,,,,,,,,,,,,,,,,,,,,,,,,,,cwhite10,,,17/Mar/27 12:00 AM,,SSWUMS-2186,,,To Do,,,,,,SOS,Sprint,,,,,,,No comments by current user.,,,,,,,,,,,,,,,,,,,,,"1|i08jl4:",,,,,,,,,,,,,,,,Medium,,,,,,,PI21 1/4/2027 - 3/24/2027,,,,,,,,,,3.2,,,,0%,17/Mar/27 12:00 AM,04/Feb/27 12:00 AM,,,,,,,,,,,,0.0,0.0,,0.0,,,0.0,,,,,,,,,,,,
PLACEHOLDER - AC-CCA TDP Assembly Drawings Review,SSWUMS-1510,94186,Task,To Do,SSWUMS,SSWUMS,software,mkuperst,"Welcome to the SSWUMS Team space, led by Meridith K (Product Owner). This space includes D440 and D454 resources, as well as Sprint and Kanban work.
",,Medium,,cwhite10,cwhite10,cwhite10,12/Feb/26 1:46 PM,15/Sep/26 1:22 PM,18/Sep/26 3:31 PM,,,PI21,,,,GDMS CCA Development,,,,,,,,,,,,,,,,,,,,,17/Feb/27 12:00 AM,0,,,cwhite10,,,,,,,,,,,,,,92160,92160,,0%,92160,92160,,,,,,,,,,,,,,,,,,,,,,,,,,,,,,,,,,,,,,,,,,,,,,,,,,,,,cwhite10,,,17/Feb/27 12:00 AM,,SSWUMS-2189,,,To Do,,,,,,SOS,Sprint,,,,,,,No comments by current user.,,,,,,,,,,,,,,,,,,,,,"1|i08jkw:",,,,,,,,,,,,,,,,Medium,,,,,,,PI21 1/4/2027 - 3/24/2027,,,,,,,,,,3.2,,,,0%,17/Feb/27 12:00 AM,07/Jan/27 12:00 AM,,,,,,,,,,,,0.0,0.0,,0.0,,,0.0,,,,,,,,,,,,
SCONE Cabinet electronics Assembly Drawings Kickoff and Review Cycle Prep,SSWUMS-1509,94185,Task,Done,SSWUMS,SSWUMS,software,mkuperst,"Welcome to the SSWUMS Team space, led by Meridith K (Product Owner). This space includes D440 and D454 resources, as well as Sprint and Kanban work.
",,Medium,Done,bchadwic,cwhite10,cwhite10,12/Feb/26 1:44 PM,09/Jul/26 1:24 PM,18/Sep/26 3:31 PM,09/Jul/26 1:24 PM,,PI19,,,,EOSR,,,,,,,,,,,,,,,,,,,,,,0,,,cwhite10,,,,,";09/Jul/26 1:24 PM;cwhite10;1800",,,,,,,,,5760,3960,1800,31%,5760,3960,1800,,,,,,,,,,,,,,SSWUMS-2130,,,,,,,,,,,,,,,,,,,,,,,,,,,,,,,,,,,,,,bchadwic,,,07/Jul/26 12:00 AM,,SSWUMS-2006,,,Done,,,,,,SOS,Sprint,,,,,,,No comments by current user.,,,,,,,,,,,,,,,,,,,,,"1|i08jko:",,,,,,,,,,,,,,,,Medium,,,,,,,PI19 7/1/2026 - 9/23/2026,,,,,,,,,,0.2,,,,,,30/Jun/26 12:00 AM,,,,,,,,,,,,0.0,0.0,,0.0,,,0.0,,,,,,,,,,,,
LD Cabinet electronics Assembly Drawings Kickoff and Review Cycle Prep,SSWUMS-1508,94184,Task,Done,SSWUMS,SSWUMS,software,mkuperst,"Welcome to the SSWUMS Team space, led by Meridith K (Product Owner). This space includes D440 and D454 resources, as well as Sprint and Kanban work.
",,Medium,Done,bchadwic,cwhite10,cwhite10,12/Feb/26 1:44 PM,09/Jul/26 1:24 PM,18/Sep/26 3:31 PM,09/Jul/26 1:24 PM,,PI19,,,,EOSR,,,,,,,,,,,,,,,,,,,,,,0,,,cwhite10,,,,,";09/Jul/26 1:24 PM;cwhite10;1800",,,,,,,,,5760,3960,1800,31%,5760,3960,1800,,,,,,,,,,,,,,SSWUMS-2131,,,,,,,,,,,,,,,,,,,,,,,,,,,,,,,,,,,,,,bchadwic,,,07/Jul/26 12:00 AM,,SSWUMS-2006,,,Done,,,,,,SOS,Sprint,,,,,,,No comments by current user.,,,,,,,,,,,,,,,,,,,,,"1|i08jkg:",,,,,,,,,,,,,,,,Medium,,,,,,,PI19 7/1/2026 - 9/23/2026,,,,,,,,,,0.2,,,,,,30/Jun/26 12:00 AM,,,,,,,,,,,,0.0,0.0,,0.0,,,0.0,,,,,,,,,,,,
DTS Cabinet electronics Assembly Drawings Kickoff and Review Cycle Prep,SSWUMS-1507,94183,Task,Done,SSWUMS,SSWUMS,software,mkuperst,"Welcome to the SSWUMS Team space, led by Meridith K (Product Owner). This space includes D440 and D454 resources, as well as Sprint and Kanban work.
",,Medium,Done,bchadwic,cwhite10,cwhite10,12/Feb/26 1:43 PM,09/Jul/26 1:24 PM,18/Sep/26 3:31 PM,09/Jul/26 1:24 PM,,PI19,,,,EOSR,,,,,,,,,,,,,,,,,,,,,,0,,,cwhite10,,,,,";09/Jul/26 1:24 PM;cwhite10;1800",,,,,,,,,5760,3960,1800,31%,5760,3960,1800,,,,,,,,,,,,,,SSWUMS-2129,,,,,,,,,,,,,,,,,,,,,,,,,,,,,,,,,,,,,,bchadwic,,,07/Jul/26 12:00 AM,,SSWUMS-2006,,,Done,,,,,,SOS,Sprint,,,,,,,No comments by current user.,,,,,,,,,,,,,,,,,,,,,"1|i08jk8:",,,,,,,,,,,,,,,,Medium,,,,,,,PI19 7/1/2026 - 9/23/2026,,,,,,,,,,0.2,,,,,,30/Jun/26 12:00 AM,,,,,,,,,,,,0.0,0.0,,0.0,,,0.0,,,,,,,,,,,,
DSS Cabinet electronics Assembly Drawings Kickoff and Review Cycle Prep,SSWUMS-1506,94182,Task,Done,SSWUMS,SSWUMS,software,mkuperst,"Welcome to the SSWUMS Team space, led by Meridith K (Product Owner). This space includes D440 and D454 resources, as well as Sprint and Kanban work.
",,Medium,Done,bchadwic,cwhite10,cwhite10,12/Feb/26 1:43 PM,09/Jul/26 1:23 PM,18/Sep/26 3:31 PM,09/Jul/26 1:23 PM,,PI19,,,,EOSR,,,,,,,,,,,,,,,,,,,,,,0,,,cwhite10,,,,,";09/Jul/26 1:23 PM;cwhite10;1800",,,,,,,,,5760,3960,1800,31%,5760,3960,1800,,,,,,,,,,,,,,SSWUMS-2128,,,,,,,,,,,,,,,,,,,,,,,,,,,,,,,,,,,,,,bchadwic,,,07/Jul/26 12:00 AM,,SSWUMS-2006,,,Done,,,,,,SOS,Sprint,,,,,,,No comments by current user.,,,,,,,,,,,,,,,,,,,,,"1|i08jk0:",,,,,,,,,,,,,,,,Medium,,,,,,,PI19 7/1/2026 - 9/23/2026,,,,,,,,,,0.2,,,,,,30/Jun/26 12:00 AM,,,,,,,,,,,,0.0,0.0,,0.0,,,0.0,,,,,,,,,,,,
"C&C Drawings Package, Power Distr. System Assembly Drawings Kickoff and Review Cycle Prep",SSWUMS-1505,94180,Task,Cancelled,SSWUMS,SSWUMS,software,mkuperst,"Welcome to the SSWUMS Team space, led by Meridith K (Product Owner). This space includes D440 and D454 resources, as well as Sprint and Kanban work.
",,Medium,Won't Do,bchadwic,cwhite10,cwhite10,12/Feb/26 1:42 PM,11/Aug/26 9:05 AM,18/Sep/26 3:31 PM,11/Aug/26 9:04 AM,,PI20,,,,EOSR,,,,,,,,,,,,,,,,,,,,,07/Sep/26 12:00 AM,0,,,cwhite10,,,,,,,,,,,,,,0,0,,0%,0,0,,,,,,,,,,,,,,,,,,,,,,,,,,,,,,,,,,,,,,,,,,,,,,,,,,,,,bchadwic,,,07/Sep/26 12:00 AM,,SSWUMS-958,,,Cancelled,,,,,,SOS,Sprint,,,,"Posted on: Tue Aug 11 09:04:57 EDT 2026
OBE

 ",,,No comments by current user.,,,,,,,,,,,,,,,,,,,,,"1|i08jjk:",,,,,,,,,,,,,,,,Medium,,,,,,,PI20 9/23/2026 - 1/3/2027,,,,,,,,,,0.0,,,,100%,07/Sep/26 12:00 AM,31/Aug/26 12:00 AM,,,,,,,,,,,,0.0,0.0,,0.0,,,0.0,,,,,"11/Aug/26 9:04 AM;cwhite10;OBE

 ;;;",,,,,,,
Outboard J-Box Drawing Kickoff and Review Cycle Prep,SSWUMS-1504,94179,Task,To Do,SSWUMS,SSWUMS,software,mkuperst,"Welcome to the SSWUMS Team space, led by Meridith K (Product Owner). This space includes D440 and D454 resources, as well as Sprint and Kanban work.
",,Medium,,bchadwic,cwhite10,cwhite10,12/Feb/26 1:40 PM,21/Aug/26 10:51 AM,18/Sep/26 3:31 PM,,,PI20,,,,EOSR,,,,,,,,,,,,,,,,,,,,,22/Sep/26 12:00 AM,0,Work associated with the kickoff and prep for the EB review of the PDMS Outboard J-box.,,cwhite10,mkuperst,,,,,,,,,,,,,5760,5760,,0%,5760,5760,,,,,,,,,,,,,,,,,,,,,,,,,,,,,,,,,,,,,,,,,,,,,SSWHW,SSWSYS,,,,,,,bchadwic,,,22/Sep/26 12:00 AM,,SSWUMS-2336,,,To Do,,,,,,SOS,Sprint,,,,"Posted on: Thu Apr 09 10:35:21 EDT 2026
Re-aligned with GDMS plan. Initial EB Jira plan was tied to GDMS internal development dates, not the dates for when EB would be receiving the drawings.",,,No comments by current user.,,,,,,,,,,,,,,,,,,,,,"1|i09q83:",,,,,,,,,,,,,,,,Medium,,,,,,,PI20 9/23/2026 - 1/3/2027,,,,,,,,,,0.2,,,,44%,22/Sep/26 12:00 AM,16/Sep/26 12:00 AM,,,,,,,,,,,,0.0,0.0,,0.0,,,0.0,,,,,"09/Apr/26 10:35 AM;mkuperst;Re-aligned with GDMS plan. Initial EB Jira plan was tied to GDMS internal development dates, not the dates for when EB would be receiving the drawings.;;;",,,,,,,
EOSR Drawing Package Kickoff and Review Cycle Prep,SSWUMS-1503,94177,Task,To Do,SSWUMS,SSWUMS,software,mkuperst,"Welcome to the SSWUMS Team space, led by Meridith K (Product Owner). This space includes D440 and D454 resources, as well as Sprint and Kanban work.
",,Medium,,bchadwic,cwhite10,cwhite10,12/Feb/26 1:37 PM,25/Aug/26 9:13 AM,18/Sep/26 3:31 PM,,,PI20,,,,EOSR,,,,,,,,,,,,,,,,,,,,,,0,Work associated wit the kickoff and prep for the review cycle of the EOSR drawing.,,bchadwic,cwhite10,,,,,,,,,,,,,5760,5760,,0%,5760,5760,,,,,,,,,,,,,,,,,,,,,,,,,,,,,,,,,,,,,,,,,,,,,,,,,,,,,bchadwic,,,,,SSWUMS-2331,,,To Do,,,,,,SOS,Sprint,,,,"Posted on: Mon Jun 15 15:30:28 EDT 2026
Moved to PI 19.",,,No comments by current user.,,,,,,,,,,,,,,,,,,,,,"1|i0ae5q:",,,,,,,,,,,,,,,,Medium,,,,,,,SSWUMS Sprint 18.3,SSWUMS Sprint 18.4,SSWUMS Sprint 18.5,SSWUMS Sprint 18.6,PI20 9/23/2026 - 1/3/2027,,,,,,0.2,,,,,,05/Oct/26 12:00 AM,,,,,,,,,,,,0.0,0.0,,0.0,,,0.0,,,,,"20/May/26 1:34 PM;bchadwic;Still awaiting drawing package from GDMS.;;;","02/Jun/26 12:32 PM;cwhite10;Did not receive Files yet;;;","15/Jun/26 3:30 PM;cwhite10;Moved to PI 19.;;;",,,,,
C2S/PDMS SRHA Kickoff and Review Cycle Prep,SSWUMS-1502,94170,Task,Cancelled,SSWUMS,SSWUMS,software,mkuperst,"Welcome to the SSWUMS Team space, led by Meridith K (Product Owner). This space includes D440 and D454 resources, as well as Sprint and Kanban work.
",,Medium,Won't Do,mkuperst,cwhite10,cwhite10,12/Feb/26 1:23 PM,17/Aug/26 9:08 AM,18/Sep/26 3:31 PM,17/Aug/26 9:08 AM,,PI20,,,,C2S/PDMS Safety,,,,,,,,,,,,,,,,,,,,,10/Nov/26 12:00 AM,0,,,cwhite10,,,,,,,,,,,,,,0,0,,0%,0,0,,,,,,,,,,,,,,,,,,,,,,,,,,,,,,,,,,,,,,,,,,,,,,,,,,,,,mkuperst,,,10/Nov/26 12:00 AM,,SSWUMS-913,,,In Progress,,,,,,SOS,Sprint,,,,"Posted on: Mon Aug 17 09:08:04 EDT 2026
Will be donr by the Safety Team

 ",,,No comments by current user.,,,,,,,,,,,,,,,,,,,,,"1|i08jhk:",,,,,,,,,,,,,,,,Medium,,,,,,,PI20 9/23/2026 - 1/3/2027,,,,,,,,,,0.0,,,,0%,10/Nov/26 12:00 AM,03/Nov/26 12:00 AM,,,,,,,,,,,,0.0,0.0,,0.0,,,0.0,,,,,"17/Aug/26 9:08 AM;cwhite10;Will be donr by the Safety Team

 ;;;",,,,,,,
UMS SSLR RVTM REV A Kickoff and Review Cycle Prep,SSWUMS-1501,94166,Task,To Do,SSWUMS,SSWUMS,software,mkuperst,"Welcome to the SSWUMS Team space, led by Meridith K (Product Owner). This space includes D440 and D454 resources, as well as Sprint and Kanban work.
",,Medium,,mkuperst,cwhite10,cwhite10,12/Feb/26 1:17 PM,11/Aug/26 4:53 PM,18/Sep/26 3:31 PM,,,PI20,,,,UMS SSLR,,,,,,,,,,,,,,,,,,,,,07/Oct/26 12:00 AM,0,,,cwhite10,,,,,,,,,,,,,,5760,5760,,0%,5760,5760,,,,,,,,,,,,,,,,,,,,,,,,,,,,,,,,,,,,,,,,,,,,,,,,,,,,,mkuperst,,,07/Oct/26 12:00 AM,,SSWUMS-1499,,,In Progress,,,,,,SOS,Sprint,,,,,,,No comments by current user.,,,,,,,,,,,,,,,,,,,,,"1|i08jgo:",,,,,,,,,,,,,,,,Medium,,,,,,,PI20 9/23/2026 - 1/3/2027,,,,,,,,,,0.2,,,,0%,07/Oct/26 12:00 AM,30/Sep/26 12:00 AM,,,,,,,,,,,,0.0,0.0,,0.0,,,0.0,,,,,,,,,,,,
4.b. UMS SSLR & RVTM - PI20,SSWUMS-1500,94165,Epic,Cancelled,SSWUMS,SSWUMS,software,mkuperst,"Welcome to the SSWUMS Team space, led by Meridith K (Product Owner). This space includes D440 and D454 resources, as well as Sprint and Kanban work.
",,Medium,Won't Do,mkuperst,mkuperst,cwhite10,12/Feb/26 1:16 PM,11/Aug/26 4:53 PM,18/Sep/26 3:31 PM,06/Aug/26 6:18 PM,,,,,,UMS SSLR,Vendor (GDMS),,,,,,,,,,,,,,,,,,,,,0,Estimated 16 hours for initial review + 16 hours for adjudication,,cwhite10,,,,,,,,,,,,,,0,0,,0%,0,0,,,,,,,,,,,,SSWUMS-1499,,,,,,,,,,,,,,,,,,,,,,,,,,,,,,,,,,,,,,,,,,,,,ghx-label-13,,4.b. UMS SSLR & RVTM - PI20,Done,,,,,,,,,,,,,,,No comments by current user.,,,,,,,SSWUMS-569,,,,,,,,,,,,,,"1|i08jgg:",,,,,,,,,,,,,,,,Medium,,,,,,,,,,,,,,,,,0.0,,,,,,,,,,,,,,,,,0.0,0.0,0.0,,,0.0,0.0,0.0,0.0,0.0,0.0,0.0,,,,,,,,
4.b. UMS SSLR Rev D & RVTM Rev A,SSWUMS-1499,94164,Epic,In Progress,SSWUMS,SSWUMS,software,mkuperst,"Welcome to the SSWUMS Team space, led by Meridith K (Product Owner). This space includes D440 and D454 resources, as well as Sprint and Kanban work.
",,Medium,,mkuperst,mkuperst,cwhite10,12/Feb/26 1:16 PM,17/Aug/26 10:37 AM,18/Sep/26 3:31 PM,,,PI19,PI20,PI21,SSW CDR Entrance Criteria,UMS SSLR,,,,,,,,,,,,,,,,,,,,,,0,Estimated 16 hours for initial review + 16 hours for adjudication,,cwhite10,,,,,,,,,,,,,,0,0,,0%,0,0,,,,,,,,,,SSWUMS-1500,,SSWUMS-939,,,,,,,,,,,,,,,,,,,,,,,,,,,,,,,,,,,,,,,,,,,,,ghx-label-13,,4.b. UMS SSLR Rev D & RVTM Rev A,In Progress,,,,,,,,,,,,,,,No comments by current user.,,,,,,,SSWUMS-569,,,,,,,,,,,,,,"1|hzwrwz:o",,,,,,,,,,,,,,,,Medium,,,,,,,,,,,,,,,,,,,,,33%,26/Feb/27 12:00 AM,01/Jul/26 12:00 AM,,,,,,,,,,,15.15,0.5,0.0,,,15.2,3.8,3.3,2.8,26.4,25.4,1.0,,,,,,,,
UMS SSLR REV D Kickoff and Review Cycle Prep,SSWUMS-1498,94163,Task,To Do,SSWUMS,SSWUMS,software,mkuperst,"Welcome to the SSWUMS Team space, led by Meridith K (Product Owner). This space includes D440 and D454 resources, as well as Sprint and Kanban work.
",,Medium,,mkuperst,cwhite10,cwhite10,12/Feb/26 1:16 PM,11/Aug/26 8:29 AM,18/Sep/26 3:31 PM,,,PI20,,,,UMS SSLR,,,,,,,,,,,,,,,,,,,,,07/Oct/26 12:00 AM,0,,,cwhite10,,,,,,,,,,,,,,5760,5760,,0%,5760,5760,,,,,,,,,,,,,,,,,,,,,,,,,,,,,,,,,,,,,,,,,,,,,,,,,,,,,mkuperst,,,07/Oct/26 12:00 AM,,SSWUMS-1499,,,In Progress,,,,,,SOS,Sprint,,,,,,,No comments by current user.,,,,,,,,,,,,,,,,,,,,,"1|i08jg0:",,,,,,,,,,,,,,,,Medium,,,,,,,PI20 9/23/2026 - 1/3/2027,,,,,,,,,,0.2,,,,0%,07/Oct/26 12:00 AM,30/Sep/26 12:00 AM,,,,,,,,,,,,0.0,0.0,,0.0,,,0.0,,,,,,,,,,,,
PDMS B-Spec RVTM Rev A Kickoff and Review Cycle Prep,SSWUMS-1497,94162,Task,To Do,SSWUMS,SSWUMS,software,mkuperst,"Welcome to the SSWUMS Team space, led by Meridith K (Product Owner). This space includes D440 and D454 resources, as well as Sprint and Kanban work.
",,Medium,,bchadwic,cwhite10,cwhite10,12/Feb/26 1:15 PM,11/Aug/26 4:40 PM,18/Sep/26 3:31 PM,,,PI20,,,,B-Spec,,,,,,,,,,,,,,,,,,,,,07/Oct/26 12:00 AM,0,,,cwhite10,,,,,,,,,,,,,,5760,5760,,0%,5760,5760,,,,,,,,,,,,,,,,,,,,,,,,,,,,,,,,,,,,,,,,,,,,,,,,,,,,,bchadwic,,,07/Oct/26 12:00 AM,,SSWUMS-964,,,In Progress,,,,,,SOS,Sprint,,,,,,,No comments by current user.,,,,,,,,,,,,,,,,,,,,,"1|i08jv3:",,,,,,,,,,,,,,,,Medium,,,,,,,PI20 9/23/2026 - 1/3/2027,,,,,,,,,,0.2,,,,0%,07/Oct/26 12:00 AM,30/Sep/26 12:00 AM,,,,,,,,,,,,0.0,0.0,,0.0,,,0.0,,,,,,,,,,,,
PDMS B-Spec Rev B Kickoff and Review Cycle Prep,SSWUMS-1496,94161,Task,To Do,SSWUMS,SSWUMS,software,mkuperst,"Welcome to the SSWUMS Team space, led by Meridith K (Product Owner). This space includes D440 and D454 resources, as well as Sprint and Kanban work.
",,Medium,,bchadwic,cwhite10,cwhite10,12/Feb/26 1:14 PM,11/Aug/26 4:40 PM,18/Sep/26 3:31 PM,,,PI20,,,,B-Spec,,,,,,,,,,,,,,,,,,,,,07/Oct/26 12:00 AM,0,,,cwhite10,,,,,,,,,,,,,,5760,5760,,0%,5760,5760,,,,,,,,,,,,,,,,,,,,,,,,,,,,,,,,,,,,,,,,,,,,,,,,,,,,,bchadwic,,,07/Oct/26 12:00 AM,,SSWUMS-964,,,In Progress,,,,,,SOS,Sprint,,,,,,,No comments by current user.,,,,,,,,,,,,,,,,,,,,,"1|i08jv1:",,,,,,,,,,,,,,,,Medium,,,,,,,PI20 9/23/2026 - 1/3/2027,,,,,,,,,,0.2,,,,0%,07/Oct/26 12:00 AM,30/Sep/26 12:00 AM,,,,,,,,,,,,0.0,0.0,,0.0,,,0.0,,,,,,,,,,,,
C2S B-Spec RVTM Rev A Kickoff and Review Cycle Prep,SSWUMS-1495,94160,Task,To Do,SSWUMS,SSWUMS,software,mkuperst,"Welcome to the SSWUMS Team space, led by Meridith K (Product Owner). This space includes D440 and D454 resources, as well as Sprint and Kanban work.
",,Medium,,cwhite10,cwhite10,cwhite10,12/Feb/26 1:14 PM,13/Aug/26 1:37 PM,18/Sep/26 3:31 PM,,,PI20,,,,B-Spec,,,,,,,,,,,,,,,,,,,,,07/Oct/26 12:00 AM,0,,,cwhite10,,,,,,,,,,,,,,5760,5760,,0%,5760,5760,,,,,,,,,,,,,,,,,,,,,,,,,,,,,,,,,,,,,,,,,,,,,,,,,,,,,cwhite10,,,07/Oct/26 12:00 AM,,SSWUMS-926,,,In Progress,,,,,,SOS,Sprint,,,,,,,No comments by current user.,,,,,,,,,,,,,,,,,,,,,"1|i08jse:",,,,,,,,,,,,,,,,Medium,,,,,,,PI20 9/23/2026 - 1/3/2027,,,,,,,,,,0.2,,,,0%,07/Oct/26 12:00 AM,30/Sep/26 12:00 AM,,,,,,,,,,,,0.0,0.0,,0.0,,,0.0,,,,,,,,,,,,
C2S B-Spec Rev C Kickoff and Review Cycle Prep,SSWUMS-1494,94159,Task,To Do,SSWUMS,SSWUMS,software,mkuperst,"Welcome to the SSWUMS Team space, led by Meridith K (Product Owner). This space includes D440 and D454 resources, as well as Sprint and Kanban work.
",,Medium,,cwhite10,cwhite10,cwhite10,12/Feb/26 1:13 PM,13/Aug/26 1:37 PM,18/Sep/26 3:31 PM,,,PI20,,,,B-Spec,,,,,,,,,,,,,,,,,,,,,07/Oct/26 12:00 AM,0,,,cwhite10,,,,,,,,,,,,,,5760,5760,,0%,5760,5760,,,,,,,,,,,,,,,,,,,,,,,,,,,,,,,,,,,,,,,,,,,,,,,,,,,,,cwhite10,,,07/Oct/26 12:00 AM,,SSWUMS-926,,,In Progress,,,,,,SOS,Sprint,,,,,,,No comments by current user.,,,,,,,,,,,,,,,,,,,,,"1|i08jsb:",,,,,,,,,,,,,,,,Medium,,,,,,,PI20 9/23/2026 - 1/3/2027,,,,,,,,,,0.2,,,,0%,07/Oct/26 12:00 AM,30/Sep/26 12:00 AM,,,,,,,,,,,,0.0,0.0,,0.0,,,0.0,,,,,,,,,,,,
GDMS IMS and SMS review(For May),SSWUMS-1490,94135,Task,Done,SSWUMS,SSWUMS,software,mkuperst,"Welcome to the SSWUMS Team space, led by Meridith K (Product Owner). This space includes D440 and D454 resources, as well as Sprint and Kanban work.
",,Medium,Done,mkuperst,mkuperst,cwhite10,12/Feb/26 12:41 PM,30/Jun/26 12:01 PM,18/Sep/26 3:31 PM,30/Jun/26 12:01 PM,,PI18,,,,GDMS IMS,GDMS SMS,,,,,,,,,,,,,,,,,,,,,0,"\\US-CT-EB01\EBDepts\Programs.686.BlockVI\Seabed Warfare\05 Concept Development\UMS\1 Programmatic\2. Reporting\2 Segment Schedules\Summary Schedules

\\us-ct-eb01\EBDepts\Programs.686.BlockVI\Seabed Warfare\05 Concept Development\UMS\1 Programmatic\2. Reporting\4 GDMS IMS\

\\us-ct-eb01\EBDepts\Programs.686.BlockVI\Seabed Warfare\05 Concept Development\UMS\1 Programmatic\3. Risk Management\GDMS RMB\",,cwhite10,,,,,";30/Jun/26 12:01 PM;cwhite10;60",,,,,,,,,14400,14340,60,0%,23040,14340,23460,,,,,,,,,SSWUMS-1958,,SSWUMS-1486,,,,,,,,,,,,,,,,,,,,,,,,,,,,,,,,,,,,,,,,,mkuperst,,,,,SSWUMS-979,,,Done,,,,,,,,,1.0,"SMS Comments

+*Slide 14*+
 * FA Documents still showing in January of 2025
 * HRS Dates not updates(Noted in text box on slide)

 

IMS Comments
 * Need to roll in the HRS Updates as well as CCA dates","Posted on: Tue Jun 30 11:58:58 EDT 2026
Planned Rolled Over",,,No comments by current user.,,,,,,,,,,,,,,,,,,,,,"1|i08j9s:",,,,,,,,,,,,,,,,,,,,,,,SSWUMS Sprint 18.7,,,,,,,,,,0.5,,,,,,,,,,,,,,,,,0.0,0.0,0.0,,,0.0,0.0,0.6,0.6,0.8,0.8,0.0,"30/Jun/26 11:58 AM;cwhite10;Planned Rolled Over;;;",,,,,,,
GDMS IMS and SMS review(For April),SSWUMS-1486,94130,Task,Done,SSWUMS,SSWUMS,software,mkuperst,"Welcome to the SSWUMS Team space, led by Meridith K (Product Owner). This space includes D440 and D454 resources, as well as Sprint and Kanban work.
",,Medium,Done,mkuperst,mkuperst,cwhite10,12/Feb/26 12:36 PM,16/Jun/26 12:03 PM,18/Sep/26 3:31 PM,16/Jun/26 12:03 PM,,PI18,,,,GDMS IMS,GDMS SMS,,,,,,,,,,,,,,,,,,,,20/Apr/26 12:00 AM,0,"\\US-CT-EB01\EBDepts\Programs.686.BlockVI\Seabed Warfare\05 Concept Development\UMS\1 Programmatic\2. Reporting\2 Segment Schedules\Summary Schedules

\\us-ct-eb01\EBDepts\Programs.686.BlockVI\Seabed Warfare\05 Concept Development\UMS\1 Programmatic\2. Reporting\4 GDMS IMS\

\\us-ct-eb01\EBDepts\Programs.686.BlockVI\Seabed Warfare\05 Concept Development\UMS\1 Programmatic\3. Risk Management\GDMS RMB\",,cwhite10,,,,,";16/Jun/26 12:03 PM;cwhite10;60",,,,,,,,,14400,14340,60,0%,23040,14340,23460,,,,,,,,,SSWUMS-1490,,SSWUMS-1482,,,,,,,,,,,,,,,,,,,,,,,,,,,,,,,,,,,,,,,,,mkuperst,,,,,SSWUMS-979,,,Done,,,,,,,,,1.0,"SMS Comments

+*Slide 14*+
 * FA Documents still showing in January of 2025
 * HRS Dates not updates(Noted in text box on slide)

 

IMS Comments
 * Need to roll in the HRS Updates as well as CCA dates","Posted on: Tue Jun 02 12:29:47 EDT 2026
Planned Rollover",,,No comments by current user.,,,,,,,,,,,,,,,,,,,,,"1|i08j8o:",,,,,,,,,,,,,,,,,,,,,,,SSWUMS Sprint 18.4,SSWUMS Sprint 18.5,SSWUMS Sprint 18.6,,,,,,,,0.5,,,,,,,,,,,,,,,,,0.0,0.0,0.0,,,0.0,0.0,0.3,0.3,0.0,0.0,0.0,"02/Jun/26 12:29 PM;cwhite10;Planned Rollover;;;",,,,,,,
GDMS IMS and SMS review(For March),SSWUMS-1482,94125,Task,Done,SSWUMS,SSWUMS,software,mkuperst,"Welcome to the SSWUMS Team space, led by Meridith K (Product Owner). This space includes D440 and D454 resources, as well as Sprint and Kanban work.
",,Medium,Done,mkuperst,mkuperst,cwhite10,12/Feb/26 12:33 PM,26/May/26 10:09 AM,18/Sep/26 3:31 PM,26/May/26 10:08 AM,,PI18,,,,GDMS IMS,GDMS SMS,,,,,,,,,,,,,,,,,,,,,0,"\\US-CT-EB01\EBDepts\Programs.686.BlockVI\Seabed Warfare\05 Concept Development\UMS\1 Programmatic\2. Reporting\2 Segment Schedules\Summary Schedules

\\us-ct-eb01\EBDepts\Programs.686.BlockVI\Seabed Warfare\05 Concept Development\UMS\1 Programmatic\2. Reporting\4 GDMS IMS\

\\us-ct-eb01\EBDepts\Programs.686.BlockVI\Seabed Warfare\05 Concept Development\UMS\1 Programmatic\3. Risk Management\GDMS RMB\",,cwhite10,mkuperst,,,,"Recived April

 ;26/May/26 10:08 AM;cwhite10;60",,,,,,,,,14400,14340,60,0%,14400,14340,60,,,,,,,,,SSWUMS-1486,,SSWUMS-1325,,,,,,,,,,,,,,,,,,,,,,,,,,,,,,,,,,,,,,,,,mkuperst,,,20/May/26 12:00 AM,,SSWUMS-979,,,Done,,,,,,,,,1.0,"SMS Comments

+*Slide 14*+
 * FA Documents still showing in January of 2025
 * HRS Dates not updates(Noted in text box on slide)

 

IMS Comments
 * Need to roll in the HRS Updates as well as CCA dates","Posted on: Tue May 26 10:08:29 EDT 2026
Recived April

 ",,,No comments by current user.,,,,,,,,,,,,,,,,,,,,,"1|i08j7k:",,,,,,,,,,,,,,,,,,,,,,,SSWUMS Sprint 18.2,SSWUMS Sprint 18.3,SSWUMS Sprint 18.4,SSWUMS Sprint 18.5,,,,,,,0.5,,,,,20/May/26 12:00 AM,,,,,,,,,,,,0.0,0.0,0.0,,,0.0,0.0,0.0,0.0,0.0,0.0,0.0,"22/Apr/26 10:28 AM;mkuperst;Received on 4/21 for review start.;;;","26/May/26 10:08 AM;cwhite10;Recived April

 ;;;",,,,,,
6. EB RAM Products,SSWUMS-1481,94124,Epic,In Progress,SSWUMS,SSWUMS,software,mkuperst,"Welcome to the SSWUMS Team space, led by Meridith K (Product Owner). This space includes D440 and D454 resources, as well as Sprint and Kanban work.
",,Medium,,mkuperst,mkuperst,cwhite10,12/Feb/26 12:18 PM,17/Sep/26 3:58 PM,18/Sep/26 3:31 PM,,,PI19,PI20,,,RAM,UMS C2S & PDMS FMEA,UMS UWS & L&R FMEA,,,,,,,,,,,,,,,,,,,,0,,,cwhite10,,,,,,,,,,,,,,0,0,,0%,0,0,,,,,,,,,,,,SSWUMS-1293,,,,,,,,,,,,,,,,,,,,,,,,,,,,,,,,,,,,,,,,,,,,,ghx-label-8,,6. EB RAM Products,In Progress,,,,,,,,,,,,,,,No comments by current user.,,,,,,,SSWUMS-562,,,,,,,,,,,,,,"1|i0airo:",,,,,,,,,,,,,,,,Medium,,,,,,,,,,,,,,,,,,,,,,,,,,,,,,,,,,0.0,0.0,0.0,,,0.0,0.0,5.5,5.5,44.0,44.0,0.0,,,,,,,,
4.d. UMS SRDDs - PDMSA - Rev (-),SSWUMS-1480,94122,Epic,In Progress,SSWUMS,SSWUMS,software,mkuperst,"Welcome to the SSWUMS Team space, led by Meridith K (Product Owner). This space includes D440 and D454 resources, as well as Sprint and Kanban work.
",,Medium,,mkuperst,mkuperst,cwhite10,12/Feb/26 12:13 PM,21/Aug/26 10:55 AM,18/Sep/26 3:31 PM,,,PI19,PI20,,,SRDD,STP,,,,,,,,,,,,,,,,,,,,,0,"Estimated 16 hours for initial review + 16 hours for adjudication, per product",,cwhite10,,,,,,,,,,,,,,0,0,,0%,0,0,,,,,,,,,,,,SSWUMS-1478,,,,,,,,,,,,,,,,,,,,,,,,,,,,,,,,,SSWCYBER,SSWIF,SSWSW,SSWTEST,,,,,,,,,ghx-label-13,,4.d. UMS SRDDs - PDMSA - Rev (-),In Progress,,,,,,,,,,,,,,,No comments by current user.,,,,,,,SSWUMS-473,,,,,,,,,,,,,,"1|hzwrwz:z2",,,,,,,,,,,,,,,,Medium,,,,,,,,,,,,,,,,,,,,,57%,17/Nov/26 12:00 AM,01/Jul/26 12:00 AM,,,,,,,,,,,1.04,0.1,0.0,,,1.0,0.4,9.6,9.5,76.8,76.5,0.3,,,,,,,,
4.d. UMS SRDDs - C2A - Rev (-),SSWUMS-1479,94120,Epic,In Progress,SSWUMS,SSWUMS,software,mkuperst,"Welcome to the SSWUMS Team space, led by Meridith K (Product Owner). This space includes D440 and D454 resources, as well as Sprint and Kanban work.
",,Medium,,mkuperst,mkuperst,cwhite10,12/Feb/26 12:09 PM,18/Sep/26 12:55 PM,18/Sep/26 3:31 PM,,,PI19,PI20,,,SRDD,,,,,,,,,,,,,,,,,,,,,,0,"Estimated 16 hours for initial review + 16 hours for adjudication, per product",,cwhite10,,,,,,,,,,,,,,0,0,,0%,0,0,,,,,,,,,,,,SSWUMS-1477,,,,,,,,,,,,,,,,,,,,,,,,,,,,,,,,,SSWCYBER,SSWIF,SSWSW,SSWTEST,,,,,,,,,ghx-label-13,,4.d. UMS SRDDs - C2A - Rev (-),In Progress,,,,,,,,,,,,,,,No comments by current user.,,,,,,,SSWUMS-473,,,,,,,,,,,,,,"1|hzwrwz:z8",,,,,,,,,,,,,,,,Medium,,,,,,,,,,,,,,,,,,,,,36%,10/Nov/26 12:00 AM,19/Aug/26 12:00 AM,,,,,,,,,,,0.38,0.1,0.0,,,0.4,14.3,26.6,26.5,212.8,182.5,30.3,,,,,,,,
4.d. PDMSA SRDD - Rev A,SSWUMS-1478,94119,Epic,To Do,SSWUMS,SSWUMS,software,mkuperst,"Welcome to the SSWUMS Team space, led by Meridith K (Product Owner). This space includes D440 and D454 resources, as well as Sprint and Kanban work.
",,Medium,,mkuperst,mkuperst,cwhite10,12/Feb/26 12:08 PM,31/Aug/26 11:44 AM,18/Sep/26 3:31 PM,,,,,,,SRDD,,,,,,,,,,,,,,,,,,,,,,0,"Estimated 16 hours for initial review + 16 hours for adjudication, per product",,cwhite10,,,,,,,,,,,,,,0,0,,0%,0,0,,,,,,,,,,SSWUMS-1480,,SSWUMS-950,,,,,,,,,,,,,,,,,,,,,,,,,,,,,,,,,SSWCYBER,SSWIF,SSWSW,SSWTEST,,,,,,,,,ghx-label-13,,4.d. PDMSA SRDD - Rev A,To Do,,,,,,,,,,,,,,,No comments by current user.,,,,,,,SSWUMS-2205,,,,,,,,,,,,,,"1|hzwrwz:z9",,,,,,,,,,,,,,,,Medium,,,,,,,,,,,,,,,,,,,,,,,,,,,,,,,,,,0.0,0.0,0.0,,,0.0,0.0,9.0,9.0,72.0,72.0,0.0,,,,,,,,
4.d. C2A SRDD - Rev A,SSWUMS-1477,94118,Epic,To Do,SSWUMS,SSWUMS,software,mkuperst,"Welcome to the SSWUMS Team space, led by Meridith K (Product Owner). This space includes D440 and D454 resources, as well as Sprint and Kanban work.
",,Medium,,mkuperst,mkuperst,cwhite10,12/Feb/26 12:07 PM,21/Aug/26 10:41 AM,18/Sep/26 3:31 PM,,,,,,,SRDD,,,,,,,,,,,,,,,,,,,,,,0,"Estimated 16 hours for initial review + 16 hours for adjudication, per product",,cwhite10,,,,,,,,,,,,,,0,0,,0%,0,0,,,,,,,,,,SSWUMS-1479,,SSWUMS-950,,,,,,,,,,,,,,,,,,,,,,,,,,,,,,,,,SSWCYBER,SSWIF,SSWSW,SSWTEST,,,,,,,,,ghx-label-13,,4.d. C2A SRDD - Rev A,In Progress,,,,,,,,,,,,,,,No comments by current user.,,,,,,,SSWUMS-2205,,,,,,,,,,,,,,"1|hzwrwz:z",,,,,,,,,,,,,,,,Medium,,,,,,,,,,,,,,,,,,,,,,,,,,,,,,,,,,0.0,0.0,0.0,,,0.0,0.0,11.5,11.5,92.0,92.0,0.0,,,,,,,,
4.d. UMS SRDDs - MCA Rev (-),SSWUMS-1476,94116,Epic,In Progress,SSWUMS,SSWUMS,software,mkuperst,"Welcome to the SSWUMS Team space, led by Meridith K (Product Owner). This space includes D440 and D454 resources, as well as Sprint and Kanban work.
",,Medium,,mkuperst,mkuperst,cwhite10,12/Feb/26 12:01 PM,18/Sep/26 7:45 AM,18/Sep/26 3:31 PM,,,PI19,PI20,,,SRDD,,,,,,,,,,,,,,,,,,,,,,0,"Estimated 16 hours for initial review + 16 hours for adjudication, per product",,cwhite10,,,,,,,,,,,,,,0,0,,0%,0,0,,,,,,,,,,,,SSWUMS-949,,,,,,,,,,,,,,,,,,,,,,,,,,,,,,,,,SSWCYBER,SSWIF,SSWSW,SSWTEST,,,,,,,,,ghx-label-13,,4.d. UMS SRDDs - MCA Rev (-),In Progress,,,,,,,,,,,,,,,No comments by current user.,,,,,,,SSWUMS-473,,,,,,,,,,,,,,"1|hzwrwz:z6",,,,,,,,,,,,,,,,Medium,,,,,,,,,,,,,,,,,,,,,86%,06/Oct/26 12:00 AM,26/May/26 12:00 AM,,,,,,,,,,,90.23,23.1,0.0,,,90.2,87.0,25.6,2.5,204.8,26.6,178.2,,,,,,,,
4.d. UMS SRDDs - EIA - PI19,SSWUMS-1475,94114,Epic,Done,SSWUMS,SSWUMS,software,mkuperst,"Welcome to the SSWUMS Team space, led by Meridith K (Product Owner). This space includes D440 and D454 resources, as well as Sprint and Kanban work.
",,Medium,Done,mkuperst,mkuperst,cwhite10,12/Feb/26 11:57 AM,28/Aug/26 2:20 PM,18/Sep/26 3:31 PM,28/Aug/26 2:20 PM,,PI19,,,,SRDD,SRDD-EIA,,,,,,,,,,,,,,,,,,,,,0,"Estimated 16 hours for initial review + 16 hours for adjudication, per product",,cwhite10,,,,,,,,,,,,,,0,0,,0%,0,0,,,,,,,,,,,,SSWUMS-1474,,,,,,,,,,,,,,,,,,,,,,,,,,,,,,,,,SSWCYBER,SSWIF,SSWSW,SSWTEST,,,,,,,,,ghx-label-13,,4.d. UMS SRDDs - EIA - PI19,Done,,,,,,,,,,,,,,,No comments by current user.,,,,,,,SSWUMS-473,,,,,,,,,,,,,,"1|hzwrwz:yji",,,,,,,,,,,,,,,,Medium,,,,,,,,,,,,,,,,,,,,,94%,23/Sep/26 12:00 AM,01/Jul/26 12:00 AM,,,,,,,,,,,100.0,2.5,0.0,,,100.0,26.7,2.5,0.0,20.0,14.7,5.3,,,,,,,,
4.d. UMS SRDDs - EIA - PI18,SSWUMS-1474,94113,Epic,Done,SSWUMS,SSWUMS,software,mkuperst,"Welcome to the SSWUMS Team space, led by Meridith K (Product Owner). This space includes D440 and D454 resources, as well as Sprint and Kanban work.
",,Medium,Done,mkuperst,mkuperst,cwhite10,12/Feb/26 11:55 AM,24/Jun/26 6:59 AM,18/Sep/26 3:31 PM,24/Jun/26 6:59 AM,,PI18,,,,Document Dev,Review,SRDD,SRDD-EIA,Vendor (GDMS),,,,,,,,,,,,,,,,,,0,"Estimated 16 hours for initial review + 16 hours for adjudication, per product",,cwhite10,,,,,,,,,,,,,,0,0,,0%,0,0,,,,,,,,,,SSWUMS-1475,,SSWUMS-948,,,,,,,,,,,,,,,,,,,,,,,,,,,,,,,,,,,,,,,,,,,,,ghx-label-13,,4.d. UMS SRDDs - EIA - PI18,Done,,,,,,,,,,,,,,,No comments by current user.,,,,,,,SSWUMS-473,,,,,,,,,,,,,,"1|i08j4w:",,,,,,,,,,,,,,,,Medium,,,,,,,,,,,,,,,,,,,,,100%,01/Jul/26 12:00 AM,25/Mar/26 12:00 AM,,,,,,,,,,,100.0,2.1,0.0,,,100.0,147.6,2.1,0.0,16.8,'-8.0,24.8,,,,,,,,
4.d. UMS SRDD - HSMA - PI19,SSWUMS-1473,94108,Epic,Done,SSWUMS,SSWUMS,software,mkuperst,"Welcome to the SSWUMS Team space, led by Meridith K (Product Owner). This space includes D440 and D454 resources, as well as Sprint and Kanban work.
",,Medium,Done,mkuperst,mkuperst,cwhite10,12/Feb/26 11:30 AM,19/Aug/26 4:34 PM,18/Sep/26 3:31 PM,19/Aug/26 4:34 PM,,PI19,,,,SRDD,,,,,,,,,,,,,,,,,,,,,,0,"Estimated 16 hours for initial review + 16 hours for adjudication, per product",,cwhite10,,,,,,,,,,,,,,0,0,,0%,0,0,,,,,,,,,,,,SSWUMS-1352,,,,,,,,,,,,,,,,,,,,,,,,,,,,,,,,,,,,,,,,,,,,,ghx-label-13,,4.d. UMS SRDD - HSMA - PI19,Done,,,,,,,,,,,,,,,No comments by current user.,,,,,,,SSWUMS-473,,,,,,,,,,,,,,"1|hzwrwz:yg",,,,,,,,,,,,,,,,Medium,,,,,,,,,,,,,,,,,,,,,94%,23/Sep/26 12:00 AM,01/Jul/26 12:00 AM,,,,,,,,,,,100.0,2.5,0.0,,,100.0,35.1,2.5,0.0,20.0,13.0,7.0,,,,,,,,
4.d. UMS SRDDs - UIA - PI18,SSWUMS-1472,94107,Epic,Done,SSWUMS,SSWUMS,software,mkuperst,"Welcome to the SSWUMS Team space, led by Meridith K (Product Owner). This space includes D440 and D454 resources, as well as Sprint and Kanban work.
",,Medium,Done,mkuperst,mkuperst,cwhite10,12/Feb/26 11:20 AM,22/Jun/26 1:00 PM,18/Sep/26 3:31 PM,22/Jun/26 1:00 PM,,PI18,,,,Document Dev,Review,SRDD,SRDD-UIA,Vendor (GDMS),,,,,,,,,,,,,,,,,,0,"Estimated 16 hours for initial review + 16 hours for adjudication, per product",,cwhite10,,,,,,,,,,,,,,0,0,,0%,0,0,,,,,,,,,,,,SSWUMS-948,,,,,,,,,,,,,,,,,,,,,,,,,,,,,,,,,,,,,,,,,,,,,ghx-label-13,,4.d. UMS SRDDs - UIA - PI18,Done,,,,,,,,,,,,,,,No comments by current user.,,,,,,,SSWUMS-473,,,,,,,,,,,,,,"1|i08j3k:",,,,,,,,,,,,,,,,Medium,,,,,,,,,,,,,,,,,,,,,100%,01/Jul/26 12:00 AM,25/Mar/26 12:00 AM,,,,,,,,,,,100.0,6.6,0.0,,,100.0,64.8,6.6,0.0,52.8,18.6,34.2,,,,,,,,
4.d. UMS SRDD - SSA - PI18,SSWUMS-1471,94106,Epic,Done,SSWUMS,SSWUMS,software,mkuperst,"Welcome to the SSWUMS Team space, led by Meridith K (Product Owner). This space includes D440 and D454 resources, as well as Sprint and Kanban work.
",,Medium,Done,mkuperst,mkuperst,cwhite10,12/Feb/26 10:55 AM,22/Jun/26 12:45 PM,18/Sep/26 3:31 PM,22/Jun/26 12:45 PM,,PI18,,,,SRDD,SRDD-SSA,,,,,,,,,,,,,,,,,,,,,0,"Estimated 16 hours for initial review + 16 hours for adjudication, per product",,cwhite10,,,,,,,,,,,,,,0,0,,0%,0,0,,,,,,,,,,,,SSWUMS-1351,,,,,,,,,,,,,,,,,,,,,,,,,,,,,,,,,,,,,,,,,,,,,ghx-label-13,,4.d. UMS SRDD - SSA - PI18,Done,,,,,,,,,,,,,,,No comments by current user.,,,,,,,SSWUMS-473,,,,,,,,,,,,,,"1|i08j3c:",,,,,,,,,,,,,,,,Medium,,,,,,,,,,,,,,,,,,,,,100%,01/Jul/26 12:00 AM,25/Mar/26 12:00 AM,,,,,,,,,,,100.0,10.5,0.0,,,100.0,74.0,10.5,0.0,84.0,21.8,62.2,,,,,,,,
SSW Lead Engineers Weekly Update slides (06/24/26),SSWUMS-1470,94105,Task,Done,SSWUMS,SSWUMS,software,mkuperst,"Welcome to the SSWUMS Team space, led by Meridith K (Product Owner). This space includes D440 and D454 resources, as well as Sprint and Kanban work.
",,Medium,Done,cwhite10,cwhite10,cwhite10,12/Feb/26 10:45 AM,22/Jun/26 1:19 PM,18/Sep/26 3:31 PM,22/Jun/26 1:19 PM,,PI18,,,,Meetings,,,,,,,,,,,,,,,,,,,,,24/Jun/26 12:00 AM,0,,,cwhite10,,,,,";22/Jun/26 1:19 PM;cwhite10;1800",,,,,,,,,2880,1080,1800,62%,2880,1080,1800,,,,,,,,,,,SSWUMS-1469,,,,,,,,,,,,,,,,,,,,,,,,,,,,,mkuperst,,,,,,,,,,,,cwhite10,,,24/Jun/26 12:00 AM,,SSWUMS-1257,,,Done,,,,,,Sprint,,,,,,,,No comments by current user.,,,,,,,,,,,,,,,,,,,,,"1|i08j34:",,,,,,,,,,,,,,,,Medium,,,,,,,SSWUMS Sprint 18.7,,,,,,,,,,0.1,,,,,24/Jun/26 12:00 AM,,,,,,,,,,,,,0.0,0.0,,0.0,,,0.0,,,,,,,,,,,,
SSW Lead Engineers Weekly Update slides (06/10/26),SSWUMS-1469,94104,Task,Done,SSWUMS,SSWUMS,software,mkuperst,"Welcome to the SSWUMS Team space, led by Meridith K (Product Owner). This space includes D440 and D454 resources, as well as Sprint and Kanban work.
",,Medium,Done,cwhite10,cwhite10,cwhite10,12/Feb/26 10:44 AM,09/Jun/26 12:00 PM,18/Sep/26 3:31 PM,09/Jun/26 12:00 PM,,PI18,,,,Meetings,,,,,,,,,,,,,,,,,,,,,10/Jun/26 12:00 AM,0,,,cwhite10,,,,,";09/Jun/26 12:00 PM;cwhite10;2700",,,,,,,,,2880,180,2700,93%,2880,180,2700,,,,,,,,,SSWUMS-1470,,SSWUMS-1468,,,,,,,,,,,,,,,,,,,,,,,,,,,,,mkuperst,,,,,,,,,,,,cwhite10,,,10/Jun/26 12:00 AM,,SSWUMS-1257,,,Done,,,,,,Sprint,,,,,,,,No comments by current user.,,,,,,,,,,,,,,,,,,,,,"1|i08j2w:",,,,,,,,,,,,,,,,Medium,,,,,,,SSWUMS Sprint 18.6,,,,,,,,,,0.1,,,,,10/Jun/26 12:00 AM,,,,,,,,,,,,,0.0,0.0,,0.0,,,0.0,,,,,,,,,,,,
SSW Lead Engineers Weekly Update slides (05/27/26),SSWUMS-1468,94103,Task,Cancelled,SSWUMS,SSWUMS,software,mkuperst,"Welcome to the SSWUMS Team space, led by Meridith K (Product Owner). This space includes D440 and D454 resources, as well as Sprint and Kanban work.
",,Medium,Won't Do,cwhite10,cwhite10,cwhite10,12/Feb/26 10:44 AM,02/Jun/26 11:10 AM,18/Sep/26 3:31 PM,02/Jun/26 11:10 AM,,PI18,,,,Meetings,,,,,,,,,,,,,,,,,,,,,27/May/26 12:00 AM,0,,,cwhite10,,,,,,,,,,,,,,0,0,,0%,0,0,,,,,,,,,,SSWUMS-1469,,SSWUMS-1467,,,,,,,,,,,,,,,,,,,,,,,,,,,,,mkuperst,,,,,,,,,,,,cwhite10,,,27/May/26 12:00 AM,,SSWUMS-1257,,,Done,,,,,,Sprint,,,,,"Posted on: Tue Jun 02 11:10:12 EDT 2026
MIssed

 ",,,No comments by current user.,,,,,,,,,,,,,,,,,,,,,"1|i08j2o:",,,,,,,,,,,,,,,,Medium,,,,,,,SSWUMS Sprint 18.5,,,,,,,,,,0.0,,,,,27/May/26 12:00 AM,,,,,,,,,,,,,0.0,0.0,,0.0,,,0.0,,,,,"02/Jun/26 11:10 AM;cwhite10;MIssed

 ;;;",,,,,,,
SSW Lead Engineers Weekly Update slides (05/13/26),SSWUMS-1467,94102,Task,Done,SSWUMS,SSWUMS,software,mkuperst,"Welcome to the SSWUMS Team space, led by Meridith K (Product Owner). This space includes D440 and D454 resources, as well as Sprint and Kanban work.
",,Medium,Done,cwhite10,cwhite10,cwhite10,12/Feb/26 10:43 AM,13/May/26 11:55 AM,18/Sep/26 3:31 PM,13/May/26 11:55 AM,,PI18,,,,Meetings,,,,,,,,,,,,,,,,,,,,,13/May/26 12:00 AM,0,,,cwhite10,,,,,";13/May/26 11:55 AM;cwhite10;3600",,,,,,,,,2880,0,3600,125%,2880,0,3600,,,,,,,,,SSWUMS-1468,,SSWUMS-1466,,,,,,,,,,,,,,,,,,,,,,,,,,,,,mkuperst,,,,,,,,,,,,cwhite10,,,13/May/26 12:00 AM,,SSWUMS-1257,,,Done,,,,,,Sprint,,,,,,,,No comments by current user.,,,,,,,,,,,,,,,,,,,,,"1|i08j2g:",,,,,,,,,,,,,,,,Medium,,,,,,,SSWUMS Sprint 18.4,,,,,,,,,,0.1,,,,,13/May/26 12:00 AM,,,,,,,,,,,,,0.0,0.0,,0.0,,,0.0,,,,,,,,,,,,
SSW Lead Engineers Weekly Update slides (04/29/26),SSWUMS-1466,94101,Task,Done,SSWUMS,SSWUMS,software,mkuperst,"Welcome to the SSWUMS Team space, led by Meridith K (Product Owner). This space includes D440 and D454 resources, as well as Sprint and Kanban work.
",,Medium,Done,cwhite10,cwhite10,cwhite10,12/Feb/26 10:42 AM,01/May/26 10:52 AM,18/Sep/26 3:31 PM,01/May/26 10:52 AM,,PI18,,,,Meetings,,,,,,,,,,,,,,,,,,,,,29/Apr/26 12:00 AM,0,,,cwhite10,,,,,";01/May/26 10:52 AM;gbarry;30",,,,,,,,,2880,2820,30,1%,2880,2820,30,,,,,,,,,SSWUMS-1467,,SSWUMS-1256,,,,,,,,,,,,,,,,,,,,,,,,,,,,,mkuperst,,,,,,,,,,,,cwhite10,,,29/Apr/26 12:00 AM,,SSWUMS-1257,,,Done,,,,,,Sprint,,,,,,,,No comments by current user.,,,,,,,,,,,,,,,,,,,,,"1|i08j28:",,,,,,,,,,,,,,,,Medium,,,,,,,SSWUMS Sprint 18.3,,,,,,,,,,0.1,,,,,29/Apr/26 12:00 AM,,,,,,,,,,,,,0.0,0.0,,0.0,,,0.0,,,,,,,,,,,,
EB PI 17 Closure Event,SSWUMS-1465,94100,Task,Done,SSWUMS,SSWUMS,software,mkuperst,"Welcome to the SSWUMS Team space, led by Meridith K (Product Owner). This space includes D440 and D454 resources, as well as Sprint and Kanban work.
",,Medium,Done,mkuperst,mkuperst,mkuperst,12/Feb/26 10:41 AM,09/Apr/26 8:52 AM,18/Sep/26 3:31 PM,09/Apr/26 8:52 AM,,PI18,,,,EB PI,,,,,,,,,,,,,,,,,,,,,,0,"Edit slides here: 

[https://gdeb-my.sharepoint.us/:p:/g/personal/dingram1_gdeb_com/IQDe5A_V7iBXSrmbWUe8ne_FAZAMlxl4qlSTuJWfgz4xSe4]",,mkuperst,,,,,";09/Apr/26 8:52 AM;mkuperst;28800",,,,,,,,,28800,0,28800,100%,28800,0,28800,,,,,,,,,,,,,,,,,,,,,,,SSWUMS-1464,SSWSYSPM-2938,,,,,,,,,,,,,,,,aviola,,,,,,,,,,,,mkuperst,,,08/Apr/26 12:00 AM,,SSWUMS-1357,,,Done,,,,,,Sprint,,,,,,,,No comments by current user.,,,,,,,,,,,,,,,,,,,,,"1|i08j20:",,,,,,,,,,,,,,,,Medium,,,,,,,SSWUMS Sprint 18.1,,,,,,,,,,1.0,,,,,08/Apr/26 12:00 AM,,,,,,,,,,,,,0.0,0.0,,0.0,,,0.0,,,,,,,,,,,,
EB PI 17 Slide Updates,SSWUMS-1464,94099,Task,Done,SSWUMS,SSWUMS,software,mkuperst,"Welcome to the SSWUMS Team space, led by Meridith K (Product Owner). This space includes D440 and D454 resources, as well as Sprint and Kanban work.
",,Medium,Done,mkuperst,mkuperst,mkuperst,12/Feb/26 10:39 AM,19/Mar/26 10:24 AM,18/Sep/26 3:31 PM,19/Mar/26 10:24 AM,,PI17,,,,EB PI,,,,,,,,,,,,,,,,,,,,,,0,"Edit slides here: 

[https://gdeb-my.sharepoint.us/:p:/g/personal/dingram1_gdeb_com/IQDe5A_V7iBXSrmbWUe8ne_FAZAMlxl4qlSTuJWfgz4xSe4]

 ",,mkuperst,,,,,";19/Mar/26 10:24 AM;mkuperst;28800",,,,,,,,,14400,0,28800,200%,14400,0,28800,,,,,,,,,,,,,,,,,,,,,SSWUMS-1465,SSWUMS-1463,SSWSYSPM-2938,,,,,,,,,,,,,,,,,aviola,,,,,,,,,,,SSWSYSPM,mkuperst,,,25/Mar/26 12:00 AM,,SSWUMS-1294,,,Done,,,,,,Sprint,,,,,,,,No comments by current user.,,,,,,,,,,,,,,,,,,,,,"1|i08j1s:",,,,,,,,,,,,,,,,Medium,,,,,,,SSWUMS Sprint 17.6,,,,,,,,,,0.5,,,,,25/Mar/26 12:00 AM,,,,,,,,,,,,,0.0,0.0,,0.0,,,0.0,,,,,,,,,,,,
EB PI 17 Slide Development,SSWUMS-1463,94098,Task,Done,SSWUMS,SSWUMS,software,mkuperst,"Welcome to the SSWUMS Team space, led by Meridith K (Product Owner). This space includes D440 and D454 resources, as well as Sprint and Kanban work.
",,Medium,Done,mkuperst,mkuperst,mkuperst,12/Feb/26 10:37 AM,11/Mar/26 11:00 AM,18/Sep/26 3:31 PM,11/Mar/26 11:00 AM,,PI17,,,,EB PI,,,,,,,,,,,,,,,,,,,,,,0,"Edit slides here: 

[ PI Template for all disciplines 1.pptx|https://gdeb-my.sharepoint.us/:p:/g/personal/dingram1_gdeb_com/IQDe5A_V7iBXSrmbWUe8ne_FAUkvhFNbJ_WzGJUAHXgC2ik?e=i1c8ug&isSPOFile=1]

And executive slides here (ideally by 3/3):

In support of the PI 17 executive session slide deck, can you please update [ this table|https://gdeb-my.sharepoint.us/:x:/g/personal/dingram1_gdeb_com/IQCm4LLN5eGtRKyYhPG8IRaFAQk-uFSS_6bOXMaqonrg0fY?e=4Nch4u] to accurately reflect the status of your documents?

 

Meridith, its up to you whether you want to use the same template as in the past or align with the one I made for interface / systems.",,mkuperst,,,,,";05/Mar/26 3:34 PM;mkuperst;60",";11/Mar/26 11:00 AM;mkuperst;10800",,,,,,,,14400,3540,10860,75%,14400,3540,10860,,,,,,,,,,,,,,,,,,,,,,,SSWSYSPM-2938,SSWUMS-1464,,,,,,,,,,,,,,,,,,,,,,,,,,,,mkuperst,,,11/Mar/26 12:00 AM,,SSWUMS-1294,,,Done,,,,,,SOS,Sprint,,,,,,,No comments by current user.,,,,,,,,,,,,,,,,,,,,,"1|i08j1k:",,,,,,,,,,,,,,,,Medium,,,,,,,SSWUMS Sprint 17.5,,,,,,,,,,0.5,,,,,11/Mar/26 12:00 AM,,,,,,,,,,,,,0.0,0.0,,0.0,,,0.0,,,,,,,,,,,,
GDMS Sprint Package Review 18.4 (Start: 07/01),SSWUMS-1458,94093,Task,Done,SSWUMS,SSWUMS,software,mkuperst,"Welcome to the SSWUMS Team space, led by Meridith K (Product Owner). This space includes D440 and D454 resources, as well as Sprint and Kanban work.
",,Medium,Done,cwhite10,mkuperst,cwhite10,12/Feb/26 10:34 AM,09/Jul/26 1:22 PM,18/Sep/26 3:31 PM,09/Jul/26 1:22 PM,,PI19,,,,GDMS Sprint Materials,,,,,,,,,,,,,,,,,,,,,,0,X:\Programs.686.BlockVI\Seabed Warfare\05 Concept Development\UMS\3 Presentations\C2S PDMS Sprint Jira Data\2026\PI 18,,cwhite10,,,,,";09/Jul/26 1:22 PM;cwhite10;60",,,,,,,,,14400,14340,60,0%,23040,18180,4860,,,,,,,,,SSWUMS-2017,,SSWUMS-1453,,,,,,,,,,,,,,,,,,,,,,,,,,,,,,,,,,,,,,,,,cwhite10,,,08/Jul/26 12:00 AM,,SSWUMS-980,,,In Progress,,,,,,Sprint,,,,,,,,No comments by current user.,,,,,,,,,,,,,,,,,,,,,"1|i08j0g:",,,,,07/Jul/25 12:00 AM,,,,,,,,,,,Medium,,,,,,,PI19 7/1/2026 - 9/23/2026,,,,,,,,,,0.5,,,,,,10/Jun/26 12:00 AM,,,,,,,,,,,0.0,0.0,0.0,,,0.0,0.0,1.2,1.2,0.8,0.8,0.0,,,,,,,,
GDMS Sprint Package Review 18.3 (Start: 06/10),SSWUMS-1453,94088,Task,Done,SSWUMS,SSWUMS,software,mkuperst,"Welcome to the SSWUMS Team space, led by Meridith K (Product Owner). This space includes D440 and D454 resources, as well as Sprint and Kanban work.
",,Medium,Done,cwhite10,mkuperst,cwhite10,12/Feb/26 10:32 AM,15/Jun/26 3:31 PM,18/Sep/26 3:31 PM,15/Jun/26 3:31 PM,,PI18,,,,GDMS Sprint Materials,,,,,,,,,,,,,,,,,,,,,,0,X:\Programs.686.BlockVI\Seabed Warfare\05 Concept Development\UMS\3 Presentations\C2S PDMS Sprint Jira Data\2026\PI 18,,cwhite10,,,,,";15/Jun/26 3:31 PM;cwhite10;60",,,,,,,,,14400,14340,60,0%,23040,18480,4560,,,,,,,,,SSWUMS-1458,,SSWUMS-1448,,,,,,,,,,,,,,,,,,,,,,,,,,,,,,,,,,,,,,,,,cwhite10,,,,,SSWUMS-979,,,Done,,,,,,Sprint,,,,,,,,No comments by current user.,,,,,,,,,,,,,,,,,,,,,"1|i08izc:",,,,,07/Jul/25 12:00 AM,,,,,,,,,,,Medium,,,,,,,SSWUMS Sprint 18.6,,,,,,,,,,0.5,,,,,,10/Jun/26 12:00 AM,,,,,,,,,,,0.0,0.0,0.0,,,0.0,0.0,0.8,0.8,0.0,0.0,0.0,,,,,,,,
GDMS Sprint Package Review 18.2 (Start: 05/20),SSWUMS-1448,94082,Task,Done,SSWUMS,SSWUMS,software,mkuperst,"Welcome to the SSWUMS Team space, led by Meridith K (Product Owner). This space includes D440 and D454 resources, as well as Sprint and Kanban work.
",,Medium,Done,cwhite10,mkuperst,cwhite10,12/Feb/26 10:29 AM,02/Jun/26 12:10 PM,18/Sep/26 3:31 PM,02/Jun/26 12:10 PM,,PI18,,,,GDMS Sprint Materials,,,,,,,,,,,,,,,,,,,,,,0,X:\Programs.686.BlockVI\Seabed Warfare\05 Concept Development\UMS\3 Presentations\C2S PDMS Sprint Jira Data\2026\PI 18,,cwhite10,,,,,";02/Jun/26 12:10 PM;cwhite10;60",,,,,,,,,14400,14340,60,0%,20160,15600,4560,,,,,,,,,SSWUMS-1453,,SSWUMS-1443,,,,,,,,,,,,,,,,,,,,,,,,,,,,,,,,,,,,,,,,,cwhite10,,,,,SSWUMS-979,,,Done,,,,,,Sprint,,,,,,,,No comments by current user.,,,,,,,,,,,,,,,,,,,,,"1|i08iy0:",,,,,07/Jul/25 12:00 AM,,,,,,,,,,,Medium,,,,,,,SSWUMS Sprint 18.5,,,,,,,,,,0.5,,,,,,20/May/26 12:00 AM,,,,,,,,,,,0.0,0.0,0.0,,,0.0,0.0,0.4,0.4,0.0,0.0,0.0,,,,,,,,
GDMS Sprint Package Review 18.1 (Start: 04/29),SSWUMS-1443,94076,Task,Done,SSWUMS,SSWUMS,software,mkuperst,"Welcome to the SSWUMS Team space, led by Meridith K (Product Owner). This space includes D440 and D454 resources, as well as Sprint and Kanban work.
",,Medium,Done,cwhite10,mkuperst,cwhite10,12/Feb/26 10:19 AM,20/May/26 2:28 PM,18/Sep/26 3:31 PM,20/May/26 1:23 PM,,PI18,,,,GDMS Sprint Materials,,,,,,,,,,,,,,,,,,,,,,0,X:\Programs.686.BlockVI\Seabed Warfare\05 Concept Development\UMS\3 Presentations\C2S PDMS Sprint Jira Data\2026\PI 18,,bchadwic,cwhite10,,,,"Reviewed without comment.;20/May/26 1:23 PM;bchadwic;1800",,,,,,,,,14400,12600,1800,12%,23040,14940,8100,,,,,,,,,SSWUMS-1448,,SSWUMS-1268,,,,,,,,,,,,,,,,,,,,,,,,,,,,,,,,,,,,,,,,,cwhite10,,,,,SSWUMS-979,,,Done,,,,,,Sprint,,,,,"Posted on: Wed May 20 13:23:07 EDT 2026
Reviewed without comment.",,,No comments by current user.,,,,,,,,,,,,,,,,,,,,,"1|i08iwo:",,,,,07/Jul/25 12:00 AM,,,,,,,,,,,Medium,,,,,,,SSWUMS Sprint 18.3,SSWUMS Sprint 18.4,,,,,,,,,0.5,,,,,,29/Apr/26 12:00 AM,,,,,,,,,,,0.0,0.0,0.0,,,0.0,0.0,0.0,0.0,0.0,0.0,0.0,"20/May/26 1:23 PM;bchadwic;Reviewed without comment.;;;",,,,,,,
DFS Procurement Request - Edits/Adjudications,SSWUMS-1442,93974,Task,Done,SSWUMS,SSWUMS,software,mkuperst,"Welcome to the SSWUMS Team space, led by Meridith K (Product Owner). This space includes D440 and D454 resources, as well as Sprint and Kanban work.
",,Medium,Done,bchadwic,bchadwic,bchadwic,10/Feb/26 2:18 PM,28/Feb/26 4:40 PM,18/Sep/26 3:31 PM,28/Feb/26 4:40 PM,,PI17,,,,DFS,,,,,,,,,,,,,,,,,,,,,25/Feb/26 12:00 AM,0,Adjudication of comments to the DFS procurement request presentation.,,bchadwic,,,,,";19/Feb/26 10:53 AM;bchadwic;1800",";23/Feb/26 8:32 AM;bchadwic;14400","Comments adjudicated.;28/Feb/26 4:40 PM;bchadwic;14400",,,,,,,28800,0,30600,106%,28800,0,30600,,,,,,,,,,,,,,,,,,,,,,,,,,,,,,,,,,,,,,,,,,,,,,,,,,,,bchadwic,,,25/Feb/26 12:00 AM,,SSWUMS-969,,,Done,,,,,,SOS,Sprint,,,,"Posted on: Sat Feb 28 16:40:12 EST 2026
Comments adjudicated.",,,No comments by current user.,,,,,,,,,,,,,,,,,,,,,"1|i08ifk:",,,,,,,,,,,,,,,,Medium,,,,,,,SSWUMS Sprint 17.4,SSWUMS Sprint 17.5,,,,,,,,,1.0,,,,100%,20/Feb/26 12:00 AM,16/Feb/26 12:00 AM,,,,,,,,,,,,0.0,0.0,,0.0,,,0.0,,,,,"25/Feb/26 9:10 AM;bchadwic;ECD slipped due to unplanned OOO. Completing 2/25/26.;;;","28/Feb/26 4:40 PM;bchadwic;Comments adjudicated.;;;",,,,,,
DFS Additional Unit Purchases - Kuperstein Review,SSWUMS-1441,93962,Task,Done,SSWUMS,SSWUMS,software,mkuperst,"Welcome to the SSWUMS Team space, led by Meridith K (Product Owner). This space includes D440 and D454 resources, as well as Sprint and Kanban work.
",,Medium,Done,mkuperst,mkuperst,mkuperst,10/Feb/26 1:11 PM,16/Feb/26 9:17 PM,18/Sep/26 3:31 PM,16/Feb/26 9:17 PM,,PI17,,,,DFS,,,,,,,,,,,,,,,,,,,,,,0,"The DFS procurement request presentation is ready for review. Requesting all comments back by COB on Monday 2/16/26 to support getting the presentation in front of NAVSEA by the end of the month. 

The presentation and comment log can be found at the following locations:

 

Rogue Sharepoint - [https://gdmscollab.sharepoint.us/sites/PRGM-Rogue/Prime/Forms/AllItems.aspx?id=%2Fsites%2FPRGM%2DRogue%2FPrime%2FWorking%20Groups%2FPower%20%26%20Data%20Management%20Segment%2FDFS%2FDFS%20Procurement%20Request&viewid=c99662c4%2D4dbe%2D4e9f%2Da224%2Ddab58d9a8ca2]

X-Drive - X:\Programs.686.BlockVI\Seabed Warfare\05 Concept Development\UMS\10 PDMS\DFS & UMB Leak\DFS Procurement",,mkuperst,,,,,";16/Feb/26 8:59 PM;mkuperst;60","Reviewed with comments in log;16/Feb/26 9:17 PM;mkuperst;1200",,,,,,,,14400,13140,1260,8%,14400,13140,1260,,,,,,,,,,,,,,,,,,,,,SSWUMS-1230,,,,,,,,,,,,,,,,,,,bchadwic,,,,,,,,,,,,mkuperst,,,16/Feb/26 12:00 AM,,SSWUMS-969,,,Done,,,,,,Sprint,,,,,"Posted on: Mon Feb 16 21:17:09 EST 2026
Reviewed with comments in log",,,No comments by current user.,,,,,,,,,,,,,,,,,,,,,"1|i08idc:",,,,,,,,,,,,,,,,Medium,,,,,,,SSWUMS Sprint 17.4,,,,,,,,,,0.5,,,,,,,,,,,,,,,,,,0.0,0.0,,0.0,,,0.0,,,,,"16/Feb/26 9:17 PM;mkuperst;Reviewed with comments in log;;;",,,,,,,
SSN 812 MS Style guide review,SSWUMS-1436,93955,Task,Done,SSWUMS,SSWUMS,software,mkuperst,"Welcome to the SSWUMS Team space, led by Meridith K (Product Owner). This space includes D440 and D454 resources, as well as Sprint and Kanban work.
",,Medium,Done,mkuperst,mkuperst,mkuperst,10/Feb/26 12:57 PM,04/Mar/26 2:02 PM,18/Sep/26 3:31 PM,03/Mar/26 5:34 PM,,PI17,,,,HMI,SSW HMI GUI,,,,,,,,,,,,,,,,,,,,,0,"Review HMI GUI Style guide, with a focus on section 3, by 2/20. Comments delivered back to LM by 2/23. Any comments past that will be deferred until the next revision

 

X:\Eng.440\Projects-VA\VA SSW\CWS Working Group\SSW HMI GUI\HMI IPT Style Guide\HMI IPT GUI Style Guide v1.2\BLANK_Comment Resolution Matrix.xlsx

X:\Eng.440\Projects-VA\VA SSW\CWS Working Group\SSW HMI GUI\HMI IPT Style Guide\HMI IPT GUI Style Guide v1.2\SSN 812 HMI Style Guide Draft Document_REVIEW.docx",,mkuperst,,,,,";03/Mar/26 5:34 PM;mkuperst;60",,,,,,,,,0,0,60,"9,223,372,036,854,775,807%",57600,29340,28305,,,,,,,,,,,,,,,,,,,,,,,,,,,,,,,,,,,,,,,,gwerbows,,,,,,,,,,,,mkuperst,,,20/Feb/26 12:00 AM,,SSWUMS-1294,,,Done,,,,,,SOS,Sprint,,,,"Posted on: Mon Feb 23 14:15:22 EST 2026
GDMS provided comments back 2/20 around 7pm. Most of EB UMS also provided on time reviews. Remaining review delayed to next sprint due to PTO and unplanned blizzard outage; any resulting comments will be deferred by LM",,,No comments by current user.,,,,,,,,,,,,,,,,,,,,,"1|i08ic0:",,,,,,,,,,,,,,,,Medium,,,,,,,SSWUMS Sprint 17.4,SSWUMS Sprint 17.5,,,,,,,,,0.0,,,,,23/Feb/26 12:00 AM,,,,,,,,,,,,100.0,2.0,0.0,,,100.0,0.0,2.0,0.0,0.0,'-2.0,2.0,"23/Feb/26 2:15 PM;mkuperst;GDMS provided comments back 2/20 around 7pm. Most of EB UMS also provided on time reviews. Remaining review delayed to next sprint due to PTO and unplanned blizzard outage; any resulting comments will be deferred by LM;;;",,,,,,,
Investigation for Soldering material on CCA's (in Prep for GDMS Question),SSWUMS-1435,93952,Task,Done,SSWUMS,SSWUMS,software,mkuperst,"Welcome to the SSWUMS Team space, led by Meridith K (Product Owner). This space includes D440 and D454 resources, as well as Sprint and Kanban work.
",,Medium,Done,cwhite10,cwhite10,cwhite10,10/Feb/26 12:51 PM,16/Feb/26 8:51 AM,18/Sep/26 3:31 PM,16/Feb/26 8:51 AM,,PI17,,,,GDMS CCA Development,,,,,,,,,,,,,,,,,,,,,,0,,,cwhite10,,,,,"No mention of Soldering in B-Spec

Very few mentions in 6101;16/Feb/26 8:51 AM;cwhite10;10800",,,,,,,,,14400,3600,10800,75%,14400,3600,10800,,,,,,,,,,,,,,,,,,,,,,,,,,,,,,,,,,,,,,,,,,,,,,,,,,,,cwhite10,,,,,SSWUMS-933,,,Done,,,,,,Sprint,,,,,"Posted on: Mon Feb 16 08:51:12 EST 2026
No mention of Soldering in B-Spec

Very few mentions in 6101",,,No comments by current user.,,,,,,,,,,,,,,,,,,,,,"1|i08ibc:",,,,,,,,,,,,,,,,Medium,,,,,,,SSWUMS Sprint 17.4,,,,,,,,,,0.5,,,,,,,,,,,,,,,,,,0.0,0.0,,0.0,,,0.0,,,,,"16/Feb/26 8:51 AM;cwhite10;No mention of Soldering in B-Spec

Very few mentions in 6101;;;",,,,,,,
ROG-1574 CCA Roadmap Review,SSWUMS-1432,93742,Task,Done,SSWUMS,SSWUMS,software,mkuperst,"Welcome to the SSWUMS Team space, led by Meridith K (Product Owner). This space includes D440 and D454 resources, as well as Sprint and Kanban work.
",,Medium,Done,cwhite10,cwhite10,cwhite10,05/Feb/26 2:54 PM,04/Mar/26 2:05 PM,18/Sep/26 3:31 PM,16/Feb/26 3:13 PM,,PI17,,,,GDMS CCA Development,,,,,,,,,,,,,,,,,,,,,,0,,,cwhite10,,,,,";16/Feb/26 3:13 PM;cwhite10;60",,,,,,,,,14400,14340,60,0%,14400,14340,9060,,,,,,,,,,,,,,,,,,,,,,,,,,,,,,,,,,,,,,,,,,,,,,,,,,,,cwhite10,,,16/Feb/26 12:00 AM,,SSWUMS-933,,,Done,,,,,,Sprint,,,,,,,,No comments by current user.,,,,,,,,,,,,,,,,,,,,,"1|i08hdc:",,,,,,,,,,,,,,,,Medium,,,,,,,SSWUMS Sprint 17.4,,,,,,,,,,0.5,,,,,,,,,,,,,,,,,,0.0,0.0,,0.0,,0.0,0.0,,0.0,'-1.5,1.5,,,,,,,,
CCA ESD Test Procedures Drafts Reviews,SSWUMS-1425,93633,Task,Done,SSWUMS,SSWUMS,software,mkuperst,"Welcome to the SSWUMS Team space, led by Meridith K (Product Owner). This space includes D440 and D454 resources, as well as Sprint and Kanban work.
",,Medium,Done,cwhite10,cwhite10,cwhite10,04/Feb/26 12:31 PM,04/Mar/26 8:35 AM,18/Sep/26 3:31 PM,04/Mar/26 8:35 AM,,PI17,,,,GDMS CCA Development,,,,,,,,,,,,,,,,,,,,,27/Feb/26 12:00 AM,0,File location: X:\Programs.686.BlockVI\Seabed Warfare\05 Concept Development\UMS\9 C2\01_CCA-Hardware\ROG-1777 C2HW ESD Test Procedure Draft,,cwhite10,mkuperst,,,,";05/Feb/26 10:01 AM;cwhite10;60",";05/Feb/26 10:02 AM;cwhite10;60","Sent to GDMS;04/Mar/26 8:35 AM;cwhite10;600",,,,,,,14400,13680,720,5%,14400,13680,15120,,,,,,,,,,,,,,,,,,,,,,,,,,,SSWSYSPM-3030,,,,,,,,,,,,,,,,,,,,,,,,,cwhite10,,,27/Feb/26 12:00 AM,,SSWUMS-1140,,,Done,,,,,,SOS,Sprint,,,,"Posted on: Wed Mar 04 08:35:33 EST 2026
Sent to GDMS",,,No comments by current user.,,,,,,,,,,,,,,,,,,,,,"1|i08gug:",,,,,,,,,,,,,,,,Medium,,,,,,,SSWUMS Sprint 17.4,SSWUMS Sprint 17.5,,,,,,,,,0.5,,,,100%,27/Feb/26 12:00 AM,04/Feb/26 12:00 AM,,,,,,,,,,,0.0,0.0,0.0,,,0.0,0.0,0.0,0.0,0.0,'-2.0,2.0,"25/Feb/26 9:09 AM;mkuperst;Planned rollover task into next sprint.;;;","04/Mar/26 8:35 AM;cwhite10;Sent to GDMS;;;",,,,,,
CCA Environmental Test Procedures Drafts Reviews,SSWUMS-1422,93406,Task,Done,SSWUMS,SSWUMS,software,mkuperst,"Welcome to the SSWUMS Team space, led by Meridith K (Product Owner). This space includes D440 and D454 resources, as well as Sprint and Kanban work.
",,Medium,Done,cwhite10,cwhite10,cwhite10,30/Jan/26 12:31 PM,27/Feb/26 2:16 PM,18/Sep/26 3:31 PM,27/Feb/26 2:16 PM,,PI17,,,,GDMS CCA Development,,,,,,,,,,,,,,,,,,,,,27/Feb/26 12:00 AM,0,File location: X:\Programs.686.BlockVI\Seabed Warfare\05 Concept Development\UMS\9 C2\01_CCA-Hardware\ROG-1775 C2HW Environmental Test Procedures Drafts,,cwhite10,mkuperst,ScriptRunner,,,";04/Feb/26 1:47 PM;cwhite10;60",";09/Feb/26 11:48 AM;cwhite10;9000","Comments in log;27/Feb/26 2:16 PM;mkuperst;7200",";27/Feb/26 2:16 PM;mkuperst;60",,,,,,28800,12480,16320,56%,28800,12480,16320,,,,,,,,,,,SSWUMS-1421,,,,,,,,,,,,,,,,SSWSYSPM-3028,,,,,,,,,,,,,,,,,,,,,,,,,cwhite10,,,27/Feb/26 12:00 AM,,SSWUMS-1140,,,Done,,,,,,SOS,Sprint,,,,"Posted on: Fri Feb 27 14:16:16 EST 2026
The following errors occurred: (Please Log Time in the Time Spent field)",,,No comments by current user.,,,,,,,,cwhite10,mkuperst,,,,,,,,,,,,"1|i08fk8:",,09/Feb/26 12:00 AM,Approved,,27/Feb/26 12:00 AM,Approved,,,,,,,,,,Medium,,,,,,,SSWUMS Sprint 17.4,SSWUMS Sprint 17.5,,,,,,,,,1.0,,,,,27/Feb/26 12:00 AM,,,,,,,,,,,,,0.0,0.0,,0.0,,,0.0,,,,,"25/Feb/26 9:10 AM;mkuperst;Planned rollover task into next sprint;;;","27/Feb/26 2:16 PM;mkuperst;Comments in log;;;","27/Feb/26 2:16 PM;ScriptRunner;The following errors occurred: (Please Log Time in the Time Spent field);;;",,,,,
CCA Individual Functional Test Procedure Draft Reviews,SSWUMS-1421,93336,Task,Done,SSWUMS,SSWUMS,software,mkuperst,"Welcome to the SSWUMS Team space, led by Meridith K (Product Owner). This space includes D440 and D454 resources, as well as Sprint and Kanban work.
",,Medium,Done,cwhite10,cwhite10,cwhite10,29/Jan/26 2:52 PM,02/Mar/26 9:54 AM,18/Sep/26 3:31 PM,26/Feb/26 9:54 PM,,PI17,,,,GDMS CCA Development,,,,,,,,,,,,,,,,,,,,,20/Feb/26 12:00 AM,0,File location: X:\Programs.686.BlockVI\Seabed Warfare\05 Concept Development\UMS\9 C2\01_CCA-Hardware\ROG-1774 C2HW Individual Functional Test Procedure Drafts,,cmerrima,cwhite10,mkuperst,ScriptRunner,,";04/Feb/26 1:47 PM;cwhite10;60",";26/Feb/26 5:41 AM;cmerrima;3600","CLS completed;26/Feb/26 2:46 PM;mkuperst;7200","Reviewed, comments in log.;26/Feb/26 9:53 PM;mkuperst;9000",";26/Feb/26 9:54 PM;mkuperst;60",,,,,28800,8880,19920,69%,28800,8880,19920,,,,,,,,,SSWUMS-1422,,,,,,,,,,,,,,,,SSWTEST-4797,SSWSYSPM-3027,,,,,,,,,,,,,,,,,,,,,,,,,,cwhite10,,,20/Feb/26 12:00 AM,,SSWUMS-1140,,,Done,,,,,,SOS,Sprint,,,,"Posted on: Thu Feb 26 21:53:58 EST 2026
The following errors occurred: (Please Log Time in the Time Spent field)",,,No comments by current user.,,,,,,,,cwhite10,mkuperst,cmerrima,,,,,,,,,,,"1|i08f5k:",,09/Feb/26 12:00 AM,Approved,,26/Feb/26 12:00 AM,Approved,,,Approved,,,,,,,Medium,,,,,,,SSWUMS Sprint 17.4,SSWUMS Sprint 17.5,,,,,,,,,1.0,,,,,20/Feb/26 12:00 AM,,,,,,,,,,,,,0.0,0.0,,0.0,,,0.0,,,,,"25/Feb/26 9:08 AM;mkuperst;Delayed to next sprint due to PTO and unplanned blizzard outage;;;","26/Feb/26 5:41 AM;cmerrima;Reviewed, no additional comments.;;;","26/Feb/26 9:53 PM;mkuperst;Reviewed, comments in log.;;;","26/Feb/26 9:53 PM;ScriptRunner;The following errors occurred: (Please Log Time in the Time Spent field);;;",,,,
Revise UMS CCB Charter based on informal comments,SSWUMS-1420,93335,Task,Done,SSWUMS,SSWUMS,software,mkuperst,"Welcome to the SSWUMS Team space, led by Meridith K (Product Owner). This space includes D440 and D454 resources, as well as Sprint and Kanban work.
",,Medium,Done,mkuperst,mkuperst,mkuperst,29/Jan/26 2:49 PM,05/Mar/26 11:56 AM,18/Sep/26 3:31 PM,05/Mar/26 11:56 AM,,PI17,,,,Document Dev,,,,,,,,,,,,,,,,,,,,,,0,"* CCB PTR Schedule
 ** EB: ""X:\Programs.686.BlockVI\Seabed Warfare\05 Concept Development\UMS\4 Requirements\0. CCB for NAVSEA Approved Docs\CCB PTR Schedule.mpp""
 ** GDMS: [CCB PTR Schedule.mpp|https://gdmscollab.sharepoint.us/:u:/r/sites/PRGM-Rogue/Prime/Working%20Groups/Systems-Requirements%20Team/UMS%20Requirements%20Development/CCB/CCB%20PTR%20Schedule.mpp?csf=1&web=1&e=GDdZOR]

 * UMS CCB Charter Draft files
 ** EB: ""X:\Programs.686.BlockVI\Seabed Warfare\05 Concept Development\UMS\4 Requirements\0. CCB for NAVSEA Approved Docs\CCB Charter""
 ** GDMS: [UMS CCB Charter|https://gdmscollab.sharepoint.us/:f:/r/sites/PRGM-Rogue/Prime/Working%20Groups/Systems-Requirements%20Team/UMS%20Requirements%20Development/CCB/UMS%20CCB%20Charter?csf=1&web=1&e=OKVTOQ]

Informal comment discussion tentatively planned for 2/4, pending GDMS availability.",,mkuperst,,,,,";02/Mar/26 2:48 PM;mkuperst;60",";02/Mar/26 3:21 PM;mkuperst;600","Sent out for formal review on 3/5.;05/Mar/26 11:56 AM;mkuperst;3600",,,,,,,5760,1500,4260,73%,5760,1500,4260,,,,,,,,,SSWUMS-1890,,SSWUMS-1106,,,,,,,,,,,,,,,,,,,,,,,,,,,,,,,,,,,,,,,,,mkuperst,,,27/Feb/26 12:00 AM,,SSWUMS-1247,,,Done,,,,,,Sprint,,,,,"Posted on: Thu Mar 05 11:56:21 EST 2026
Sent out for formal review on 3/5.",,,No comments by current user.,,,,,,,,,,,,,,,,,,,,,"1|i08f5c:",,,,,,,,,,,,,,,,Medium,,,,,,,SSWUMS Sprint 17.4,SSWUMS Sprint 17.5,,,,,,,,,0.2,,,,,24/Feb/26 12:00 AM,,,,,,,,,,,,,0.0,0.0,,0.0,,,0.0,,,,,"12/Feb/26 2:47 PM;mkuperst;* Need to update to include:
 ** C&C proc spec in CIAL,
 ** maintain D417 as SSLR+RVTM CCB location, and
 ** incorporate open PTR to PHC Charter into UMS Charter
 *** [https://ora.ebnet.gdeb.com:4443/pls/APPL/!display.form?form_id=100031022405149&access_id=130005690208547&application_id=101011022344897&list_id=0]
 * Future items:
 ** Ensure D417 is able to attend to March D440 CCB
 ** Work with GDMS and D417 on revising/streamlining the D417 CCB process so that it has a POAM for each months PTRs, and is providing a forum for GDMS to propose changes and receive actionable approvals;;;","25/Feb/26 8:51 AM;mkuperst;Delayed to next sprint due to PTO and unplanned blizzard outage;;;","02/Mar/26 3:19 PM;mkuperst;* Updated CIAL
 * Re PHC Charter PTR for UMS incorporation
 ** Reached out to [~mscussel] (for [~gmoustak] ), [~dingram1] (for [~aviola] ), and [~dhiggin2]  to cross reference the NAVSEA Action Item Work Flows for C2I, SYSPM, and 374 UMS, respectively.;;;","03/Mar/26 1:00 PM;mkuperst;* No flowchart from D374. 
 * SYSPM is in process of updating theirs
 ** [https://192.168.3.34/cnfl1/spaces/D440CAR/pages/114459224/How+to+create+maintain+Action+Items+-+Agile+Workflow]
 * Waiting to hear back on C2I
 * David Prairie said that we should just propose a work flow; he doesn't have one in mind to pull from

*C2I AI flow*

\\us-ct-eb01\EBDepts\Eng.440\Projects-VA\VA SSW\CWS Working Group\CWS Share\C2_IPT\ActionItemTracker_ExportFromLMJira\Jira_Process;;;","05/Mar/26 11:56 AM;mkuperst;Sent out for formal review on 3/5.;;;",,,
CLONE - Review PHC CCB Charter & Draft for UMS CCB,SSWUMS-1419,93334,Task,Cancelled,SSWUMS,SSWUMS,software,mkuperst,"Welcome to the SSWUMS Team space, led by Meridith K (Product Owner). This space includes D440 and D454 resources, as well as Sprint and Kanban work.
",,Medium,Won't Do,mkuperst,mkuperst,mkuperst,29/Jan/26 2:48 PM,09/Mar/26 3:04 PM,18/Sep/26 3:31 PM,29/Jan/26 2:49 PM,,PI17,,,,Document Dev,,,,,,,,,,,,,,,,,,,,,19/Nov/25 12:00 AM,0,"DDB issued PHC CCB Charter: [https://ora.ebnet.gdeb.com:4443/pls/APPL/display.document_file?file_id=130005495951955]

\\Us-ct-eb01\ebdepts\Eng.440\Projects-VA\VA SSW\Project Management\CCB Material\For Terri\2025-10-07

Prairie told Art/Doug that we need a codified schedule for distribution. This is the in work one for PHC \\Us-ct-eb01\ebdepts\Eng.440\Projects-VA\VA SSW\Project Management\CCB Material\Clean_Issue

Schedule agreed to with Prairie is here: X:\Programs.686.BlockVI\Seabed Warfare\05 Concept Development\UMS\4 Requirements\B-Specs\C2S_PDMS PTRs",,mkuperst,,,,,,,,,,,,,,0,0,,0%,0,0,,,,,,,,,,,,SSWUMS-1106,,,,,,,,,,,,,,,,,,,,,,,,,,,,,,,,,,,,,,,,,mkuperst,,,29/Jan/26 12:00 AM,,SSWUMS-1247,,,Done,,,,,,Sprint,,,,,"Posted on: Thu Jan 29 14:49:17 EST 2026
Task seems to be broken. Cancelling to remake.",,,No comments by current user.,,,,,,,,,,,,,,,,,,,,,"1|i08f54:",,,,,,,,,,,,,,,,Medium,,,,,,,SSWUMS Sprint 17.2,SSWUMS Sprint 17.4,,,,,,,,,0.0,,,,,19/Nov/25 12:00 AM,,,,,,,,,,,,,0.0,0.0,,0.0,,,0.0,,,,,"29/Jan/26 2:49 PM;mkuperst;Task seems to be broken. Cancelling to remake.;;;",,,,,,,
"C2S Verification Plan Review | L&R Carriage ROV Operations Event",SSWUMS-1418,93318,Task,Done,SSWUMS,SSWUMS,software,mkuperst,"Welcome to the SSWUMS Team space, led by Meridith K (Product Owner). This space includes D440 and D454 resources, as well as Sprint and Kanban work.
",,Medium,Done,cwhite10,cwhite10,cwhite10,29/Jan/26 2:00 PM,11/Aug/26 4:44 PM,18/Sep/26 3:31 PM,18/Feb/26 4:45 PM,,SSW CDR Entrance Criteria,,,,DVT,,,,,,,,,,,,,,,,,,,,,20/Feb/26 12:00 AM,0,,,cwhite10,mkuperst,ScriptRunner,,,";04/Feb/26 11:33 AM;cwhite10;60",";11/Feb/26 9:22 AM;cwhite10;60",";11/Feb/26 9:22 AM;cwhite10;5340","Reviewed.;18/Feb/26 4:45 PM;mkuperst;1800",";18/Feb/26 4:45 PM;mkuperst;60",,,,,14400,7080,7320,50%,14400,7080,7320,,,,,,,,,,,,,,,,,,,,,,,,,SSWSYSPM-3026,,,,,,,,,,,,,,,,,,,,,,,,,,,cwhite10,,,20/Feb/26 12:00 AM,,SSWUMS-1409,,,In Progress,,,,,,SOS,Sprint,,,,"Posted on: Wed Feb 18 16:45:05 EST 2026
The following errors occurred: (Please Log Time in the Time Spent field)",,,No comments by current user.,,,,,,,,cwhite10,mkuperst,,,,,,,,,,,,"1|i08exy:",,11/Feb/26 12:00 AM,Approved,,18/Feb/26 12:00 AM,Approved,,,,,,,,,,Medium,,,,,,,SSWUMS Sprint 17.4,,,,,,,,,,0.5,,,,100%,20/Feb/26 12:00 AM,06/Feb/26 12:00 AM,,,,,,,,,,,,0.0,0.0,,0.0,,,0.0,,,,,"18/Feb/26 4:45 PM;mkuperst;Reviewed.;;;","18/Feb/26 4:45 PM;ScriptRunner;The following errors occurred: (Please Log Time in the Time Spent field);;;",,,,,,
"C2S Verification Plan Review | Analyses and Inspections",SSWUMS-1417,93317,Task,To Do,SSWUMS,SSWUMS,software,mkuperst,"Welcome to the SSWUMS Team space, led by Meridith K (Product Owner). This space includes D440 and D454 resources, as well as Sprint and Kanban work.
",,Medium,,cwhite10,cwhite10,cwhite10,29/Jan/26 1:41 PM,12/Aug/26 3:07 PM,18/Sep/26 3:31 PM,,,PI21,,,,DVT,,,,,,,,,,,,,,,,,,,,,03/Feb/27 12:00 AM,0,,,cwhite10,,,,,,,,,,,,,,14400,14400,,0%,14400,14400,,,,,,,,,,,,,,,,,,,,,,,,,,SSWSYSPM-3026,,,,,,,,,,,,,,,,,,,SSWTEST,,,,,,,,cwhite10,,,03/Feb/27 12:00 AM,,SSWUMS-1409,,,In Progress,,,,,,SOS,Sprint,,,,,,,No comments by current user.,,,,,,,,,,,,,,,,,,,,,"1|i08f1s:",,,,,,,,,,,,,,,,Medium,,,,,,,PI21 1/4/2027 - 3/24/2027,,,,,,,,,,0.5,,,,0%,03/Feb/27 12:00 AM,20/Jan/27 12:00 AM,,,,,,,,,,,,0.0,0.0,,0.0,,0.0,0.0,,0.0,0.0,0.0,,,,,,,,
"C2S Verification Plan Review | Software Loading Event and Architecture and Common Compute Support Event",SSWUMS-1416,93316,Task,To Do,SSWUMS,SSWUMS,software,mkuperst,"Welcome to the SSWUMS Team space, led by Meridith K (Product Owner). This space includes D440 and D454 resources, as well as Sprint and Kanban work.
",,Medium,,cwhite10,cwhite10,cwhite10,29/Jan/26 1:40 PM,08/Sep/26 10:44 AM,18/Sep/26 3:31 PM,,,PI21,,,,DVT,,,,,,,,,,,,,,,,,,,,,19/Feb/27 12:00 AM,0,,,cwhite10,,,,,,,,,,,,,,14400,14400,,0%,14400,14400,,,,,,,,,,,,,,,,,,,,,,,,,,SSWSYSPM-3026,,,,,,,,,,,,,,,,,,,SSWTEST,,,,,,,,cwhite10,,,19/Feb/27 12:00 AM,,SSWUMS-1409,,,In Progress,,,,,,SOS,Sprint,,,,,,,No comments by current user.,,,,,,,,,,,,,,,,,,,,,"1|i08f1k:",,,,,,,,,,,,,,,,Medium,,,,,,,PI21 1/4/2027 - 3/24/2027,,,,,,,,,,0.5,,,,0%,19/Feb/27 12:00 AM,05/Feb/27 12:00 AM,,,,,,,,,,,,0.0,0.0,,0.0,,0.0,0.0,,0.0,0.0,0.0,,,,,,,,
"C2S Verification Plan Review | Maintenance State – Control Algorithm Grooming Event and UWS and L&R Sensor Calibration Event",SSWUMS-1415,93315,Task,To Do,SSWUMS,SSWUMS,software,mkuperst,"Welcome to the SSWUMS Team space, led by Meridith K (Product Owner). This space includes D440 and D454 resources, as well as Sprint and Kanban work.
",,Medium,,cwhite10,cwhite10,cwhite10,29/Jan/26 1:39 PM,08/Sep/26 10:42 AM,18/Sep/26 3:31 PM,,,PI21,,,,DVT,,,,,,,,,,,,,,,,,,,,,08/Jan/27 12:00 AM,0,,,cwhite10,,,,,,,,,,,,,,14400,14400,,0%,14400,14400,,,,,,,,,,,,,,,,,,,,,,,,,,SSWSYSPM-3026,,,,,,,,,,,,,,,,,,,SSWTEST,,,,,,,,cwhite10,,,08/Jan/27 12:00 AM,,SSWUMS-1409,,,In Progress,,,,,,SOS,Sprint,,,,,,,No comments by current user.,,,,,,,,,,,,,,,,,,,,,"1|i08f1c:",,,,,,,,,,,,,,,,Medium,,,,,,,PI21 1/4/2027 - 3/24/2027,,,,,,,,,,0.5,,,,0%,08/Jan/27 12:00 AM,25/Dec/26 12:00 AM,,,,,,,,,,,,0.0,0.0,,0.0,,0.0,0.0,,0.0,0.0,0.0,,,,,,,,
"C2S Verification Plan Review | Maintenance State – Tube 10 ROV Onload/Offload and Servo Valve Testing Event",SSWUMS-1414,93314,Task,To Do,SSWUMS,SSWUMS,software,mkuperst,"Welcome to the SSWUMS Team space, led by Meridith K (Product Owner). This space includes D440 and D454 resources, as well as Sprint and Kanban work.
",,Medium,,cwhite10,cwhite10,cwhite10,29/Jan/26 1:38 PM,08/Sep/26 10:38 AM,18/Sep/26 3:31 PM,,,PI20,,,,DVT,,,,,,,,,,,,,,,,,,,,,18/Dec/26 12:00 AM,0,,,cwhite10,,,,,,,,,,,,,,14400,14400,,0%,14400,14400,,,,,,,,,,,,,,,,,,,,,,,,,,SSWSYSPM-3026,,,,,,,,,,,,,,,,,,,SSWTEST,,,,,,,,cwhite10,,,18/Dec/26 12:00 AM,,SSWUMS-1409,,,In Progress,,,,,,SOS,Sprint,,,,,,,No comments by current user.,,,,,,,,,,,,,,,,,,,,,"1|i08f14:",,,,,,,,,,,,,,,,Medium,,,,,,,PI20 9/23/2026 - 1/3/2027,,,,,,,,,,0.5,,,,0%,18/Dec/26 12:00 AM,04/Dec/26 12:00 AM,,,,,,,,,,,,0.0,0.0,,0.0,,0.0,0.0,,0.0,0.0,0.0,,,,,,,,
"C2S Verification Plan Review | Maintenance State – Umbilical Onload/Offload and Re-termination Event",SSWUMS-1413,93313,Task,To Do,SSWUMS,SSWUMS,software,mkuperst,"Welcome to the SSWUMS Team space, led by Meridith K (Product Owner). This space includes D440 and D454 resources, as well as Sprint and Kanban work.
",,Medium,,cwhite10,cwhite10,cwhite10,29/Jan/26 1:37 PM,08/Sep/26 10:37 AM,18/Sep/26 3:31 PM,,,PI20,,,,DVT,,,,,,,,,,,,,,,,,,,,,27/Nov/26 12:00 AM,0,,,cwhite10,,,,,,,,,,,,,,14400,14400,,0%,14400,14400,,,,,,,,,,,,,,,,,,,,,,,,,,SSWSYSPM-3026,,,,,,,,,,,,,,,,,,,SSWTEST,,,,,,,,cwhite10,,,27/Nov/26 12:00 AM,,SSWUMS-1409,,,In Progress,,,,,,SOS,Sprint,,,,,,,No comments by current user.,,,,,,,,,,,,,,,,,,,,,"1|i08f0w:",,,,,,,,,,,,,,,,Medium,,,,,,,PI20 9/23/2026 - 1/3/2027,,,,,,,,,,0.5,,,,0%,27/Nov/26 12:00 AM,13/Nov/26 12:00 AM,,,,,,,,,,,,0.0,0.0,,0.0,,0.0,0.0,,0.0,0.0,0.0,,,,,,,,
"C2S Verification Plan Review | State Transistion Event",SSWUMS-1412,93312,Task,Done,SSWUMS,SSWUMS,software,mkuperst,"Welcome to the SSWUMS Team space, led by Meridith K (Product Owner). This space includes D440 and D454 resources, as well as Sprint and Kanban work.
",,Medium,Done,cwhite10,cwhite10,cwhite10,29/Jan/26 1:36 PM,08/Sep/26 10:47 AM,18/Sep/26 3:31 PM,08/Sep/26 10:46 AM,,PI19,,,,DVT,,,,,,,,,,,,,,,,,,,,,10/Aug/26 12:00 AM,0,,,cwhite10,,,,,"Backfilling Sechdueling Changes

 ;08/Sep/26 10:46 AM;cwhite10;60",";08/Sep/26 10:47 AM;cwhite10;14400",,,,,,,,14400,0,14460,100%,14400,0,14640,,,,,,,,,,,,,,,,,,,,,,,,,SSWSYSPM-3026,,,,,,,,,,,,,,,,,,,SSWTEST,,,,,,,,cwhite10,,,10/Aug/26 12:00 AM,,SSWUMS-1409,,,In Progress,,,,,,SOS,Sprint,,,,"Posted on: Tue Sep 08 10:46:42 EDT 2026
Backfilling Sechdueling Changes

 ",,,No comments by current user.,,,,,,,,,,,,,,,,,,,,,"1|i08f0o:",,,,,,,,,,,,,,,,Medium,,,,,,,PI19 7/1/2026 - 9/23/2026,,,,,,,,,,0.5,,,,100%,10/Aug/26 12:00 AM,27/Jul/26 12:00 AM,,,,,,,,,,,,0.0,0.0,,0.0,,0.0,0.0,,0.0,0.0,0.0,"08/Sep/26 10:46 AM;cwhite10;Backfilling Sechdueling Changes

 ;;;",,,,,,,
"C2S Verification Plan Review | Mission Timeline Event and UMS Configuration Event",SSWUMS-1411,93310,Task,Selected For Development,SSWUMS,SSWUMS,software,mkuperst,"Welcome to the SSWUMS Team space, led by Meridith K (Product Owner). This space includes D440 and D454 resources, as well as Sprint and Kanban work.
",,Medium,,cwhite10,cwhite10,cwhite10,29/Jan/26 1:35 PM,08/Sep/26 10:29 AM,18/Sep/26 3:31 PM,,,PI20,,,,DVT,,,,,,,,,,,,,,,,,,,,,25/Sep/26 12:00 AM,0,,,cwhite10,,,,,,,,,,,,,,14400,14400,,0%,14400,14400,1800,,,,,,,,,,,,,,,,,,,,,,,,,SSWSYSPM-3026,,,,,,,,,,,,,,,,,,,SSWTEST,,,,,,,,cwhite10,,,25/Sep/26 12:00 AM,,SSWUMS-1409,,,In Progress,,,,,,SOS,Sprint,,,,,,,No comments by current user.,,,,,,,,,,,,,,,,,,,,,"1|i08f08:",,,,,,,,,,,,,,,,Medium,,,,,,,PI20 9/23/2026 - 1/3/2027,,,,,,,,,,0.5,,,,62%,25/Sep/26 12:00 AM,08/Sep/26 12:00 AM,,,,,,,,,,,,0.0,0.0,,0.0,,0.0,0.0,,0.0,0.0,0.0,,,,,,,,
4.f. C2S DVT Plan - PI 20,SSWUMS-1410,93309,Epic,Cancelled,SSWUMS,SSWUMS,software,mkuperst,"Welcome to the SSWUMS Team space, led by Meridith K (Product Owner). This space includes D440 and D454 resources, as well as Sprint and Kanban work.
",,Medium,Won't Do,mkuperst,mkuperst,cwhite10,29/Jan/26 1:34 PM,11/Aug/26 4:44 PM,18/Sep/26 3:31 PM,06/Aug/26 7:13 PM,,PI20,,,,DVT,,,,,,,,,,,,,,,,,,,,,,0,,,cwhite10,,,,,,,,,,,,,,0,0,,0%,0,0,,,,,,,,,,SSWUMS-1897,,SSWUMS-1409,,,,,,,,,,,,,,,,,,,,,,,,,,,,,,,,,,,,,,,,,,,,,ghx-label-13,,4.f. C2S DVT Plan - PI 20,Done,,,,,,,,,,,,,,,No comments by current user.,,,,,,,SSWUMS-468,,,,,,,,,,,,,,"1|i08f00:",,,,,,,,,,,,,,,,Medium,,,,,,,,,,,,,,,,,0.0,,,,,,,,,,,,,,,,,0.0,0.0,0.0,,,0.0,0.0,0.0,0.0,0.0,0.0,0.0,,,,,,,,
4.f. C2S DVT Plan Rev (-),SSWUMS-1409,93308,Epic,In Progress,SSWUMS,SSWUMS,software,mkuperst,"Welcome to the SSWUMS Team space, led by Meridith K (Product Owner). This space includes D440 and D454 resources, as well as Sprint and Kanban work.
",,Medium,,mkuperst,mkuperst,cwhite10,29/Jan/26 1:33 PM,18/Sep/26 8:46 AM,18/Sep/26 3:31 PM,,,PI19,PI20,PI21,SSW CDR Entrance Criteria,DVT,,,,,,,,,,,,,,,,,,,,,,0,,,cwhite10,,,,,,,,,,,,,,0,0,,0%,0,0,,,,,,,,,,SSWUMS-1410,,SSWUMS-929,,,,,,,,,,,,,,,,,,,,,,,,,,,,,,,,,SSWTEST,,,,,,,,,,,,ghx-label-13,,4.f. C2S DVT Plan Rev (-),In Progress,,,,,,,,,,,,,,,No comments by current user.,,,,,,,SSWUMS-468,,,,,,,,,,,,,,"1|i03q43:5i056c9",,,,,,,,,,,,,,,,Medium,,,,,,,,,,,,,,,,,,,,,29%,01/Jun/27 12:00 AM,03/Jun/26 12:00 AM,,,,,,,,,,,40.08,9.5,0.5,,,40.1,32.3,23.7,14.2,189.6,128.3,61.3,,,,,,,,
"C2S Verification Plan Review | System Checkout and Fault Monitoring Event",SSWUMS-1408,93307,Task,To Do,SSWUMS,SSWUMS,software,mkuperst,"Welcome to the SSWUMS Team space, led by Meridith K (Product Owner). This space includes D440 and D454 resources, as well as Sprint and Kanban work.
",,Medium,,cwhite10,cwhite10,cwhite10,29/Jan/26 1:32 PM,08/Sep/26 10:57 AM,18/Sep/26 3:31 PM,,,PI20,,,,DVT,,,,,,,,,,,,,,,,,,,,,16/Oct/26 12:00 AM,0,,,cwhite10,,,,,,,,,,,,,,14400,14400,,0%,14400,14400,,,,,,,,,,,,,,,,,,,,,,,,,,SSWSYSPM-3026,,,,,,,,,,,,,,,,,,,SSWTEST,,,,,,,,cwhite10,,,16/Oct/26 12:00 AM,,SSWUMS-1409,,,In Progress,,,,,,SOS,Sprint,,,,,,,No comments by current user.,,,,,,,,,,,,,,,,,,,,,"1|i08ezk:",,,,,,,,,,,,,,,,Medium,,,,,,,PI20 9/23/2026 - 1/3/2027,,,,,,,,,,0.5,,,,0%,16/Oct/26 12:00 AM,02/Oct/26 12:00 AM,,,,,,,,,,,,0.0,0.0,,0.0,,0.0,0.0,,0.0,0.0,0.0,,,,,,,,
"C2S Verification Plan Review | External Interfaces Event",SSWUMS-1407,93306,Task,To Do,SSWUMS,SSWUMS,software,mkuperst,"Welcome to the SSWUMS Team space, led by Meridith K (Product Owner). This space includes D440 and D454 resources, as well as Sprint and Kanban work.
",,Medium,,cwhite10,cwhite10,cwhite10,29/Jan/26 1:31 PM,08/Sep/26 10:31 AM,18/Sep/26 3:31 PM,,,PI20,,,,DVT,,,,,,,,,,,,,,,,,,,,,06/Nov/26 12:00 AM,0,,,cwhite10,,,,,,,,,,,,,,14400,14400,,0%,14400,14400,,,,,,,,,,,,,,,,,,,,,,,,,,SSWSYSPM-3026,,,,,,,,,,,,,,,,,,,SSWTEST,,,,,,,,cwhite10,,,06/Nov/26 12:00 AM,,SSWUMS-1409,,,In Progress,,,,,,SOS,Sprint,,,,,,,No comments by current user.,,,,,,,,,,,,,,,,,,,,,"1|i08ezc:",,,,,,,,,,,,,,,,Medium,,,,,,,PI20 9/23/2026 - 1/3/2027,,,,,,,,,,0.5,,,,0%,06/Nov/26 12:00 AM,23/Oct/26 12:00 AM,,,,,,,,,,,,0.0,0.0,,0.0,,0.0,0.0,,0.0,0.0,0.0,,,,,,,,
"C2S Verification Plan Review | Mechanical E-Stop Event",SSWUMS-1406,93305,Task,Done,SSWUMS,SSWUMS,software,mkuperst,"Welcome to the SSWUMS Team space, led by Meridith K (Product Owner). This space includes D440 and D454 resources, as well as Sprint and Kanban work.
",,Medium,Done,cwhite10,cwhite10,cwhite10,29/Jan/26 1:30 PM,11/Aug/26 4:44 PM,18/Sep/26 3:31 PM,07/Aug/26 9:54 AM,,PI19,,,,DVT,,,,,,,,,,,,,,,,,,,,,05/Aug/26 12:00 AM,0,,,cwhite10,,,,,";07/Aug/26 9:54 AM;cwhite10;3600",,,,,,,,,14400,10800,3600,25%,14400,10800,10800,,,,,,,,,,,,,,,,,,,,,,,,,SSWSYSPM-3026,,,,,,,,,,,,,,,,,,,SSWTEST,,,,,,,,cwhite10,,,05/Aug/26 12:00 AM,,SSWUMS-1409,,,In Progress,,,,,,SOS,Sprint,,,,,,,No comments by current user.,,,,,,,,,,,,,,,,,,,,,"1|i08ez4:",,,,,,,,,,,,,,,,Medium,,,,,,,PI19 7/1/2026 - 9/23/2026,,,,,,,,,,0.5,,,,100%,05/Aug/26 12:00 AM,15/Jul/26 12:00 AM,,,,,,,,,,,,0.0,0.0,,0.0,,0.0,0.0,,0.0,0.0,0.0,,,,,,,,
"C2S Verification Plan Review | Controlled Stop/Letdown Event",SSWUMS-1405,93304,Task,Done,SSWUMS,SSWUMS,software,mkuperst,"Welcome to the SSWUMS Team space, led by Meridith K (Product Owner). This space includes D440 and D454 resources, as well as Sprint and Kanban work.
",,Medium,Done,cwhite10,cwhite10,cwhite10,29/Jan/26 1:29 PM,11/Aug/26 4:44 PM,18/Sep/26 3:31 PM,13/Jul/26 12:49 PM,,PI19,,,,DVT,,,,,,,,,,,,,,,,,,,,,08/May/26 12:00 AM,0,,,cwhite10,,,,,";13/Jul/26 12:49 PM;cwhite10;60",,,,,,,,,14400,14340,60,0%,14400,14340,9060,,,,,,,,,,,,,,,,,,,,,,,,,SSWSYSPM-3026,,,,,,,,,,,,,,,,,,,SSWTEST,,,,,,,,cwhite10,,,08/Jul/26 12:00 AM,,SSWUMS-1409,,,In Progress,,,,,,SOS,Sprint,,,,,,,No comments by current user.,,,,,,,,,,,,,,,,,,,,,"1|i08eyw:",,,,,,,,,,,,,,,,Medium,,,,,,,PI19 7/1/2026 - 9/23/2026,,,,,,,,,,0.5,,,,100%,08/Jul/26 12:00 AM,24/Jun/26 12:00 AM,,,,,,,,,,,,0.0,0.0,,0.0,,0.0,0.0,,0.0,0.0,0.0,,,,,,,,
"C2S Verification Plan Review | L&R System Control Interlocks and Pre-checks Event",SSWUMS-1404,93303,Task,Done,SSWUMS,SSWUMS,software,mkuperst,"Welcome to the SSWUMS Team space, led by Meridith K (Product Owner). This space includes D440 and D454 resources, as well as Sprint and Kanban work.
",,Medium,Done,cwhite10,cwhite10,cwhite10,29/Jan/26 1:28 PM,11/Aug/26 4:44 PM,18/Sep/26 3:31 PM,16/Jun/26 12:01 PM,,PI18,,,,DVT,,,,,,,,,,,,,,,,,,,,,24/Apr/26 12:00 AM,0,,,cwhite10,,,,,";16/Jun/26 12:01 PM;cwhite10;60",,,,,,,,,14400,14340,60,0%,14400,14340,12660,,,,,,,,,,,,,,,,,,,,,,,,,SSWSYSPM-3026,,,,,,,,,,,,,,,,,,,SSWTEST,,,,,,,,cwhite10,,,17/Jun/26 12:00 AM,,SSWUMS-1409,,,In Progress,,,,,,SOS,Sprint,,,,,,,No comments by current user.,,,,,,,,,,,,,,,,,,,,,"1|i08eyo:",,,,,,,,,,,,,,,,Medium,,,,,,,SSWUMS Sprint 18.6,,,,,,,,,,0.5,,,,100%,17/Jun/26 12:00 AM,03/Jun/26 12:00 AM,,,,,,,,,,,,0.0,0.0,,0.0,,0.0,0.0,,0.0,0.0,0.0,,,,,,,,
"C2S Verification Plan Review | Winch System Control Interlocks and Pre-checks Event",SSWUMS-1403,93302,Task,Done,SSWUMS,SSWUMS,software,mkuperst,"Welcome to the SSWUMS Team space, led by Meridith K (Product Owner). This space includes D440 and D454 resources, as well as Sprint and Kanban work.
",,Medium,Done,cwhite10,cwhite10,cwhite10,29/Jan/26 1:27 PM,11/Aug/26 4:44 PM,18/Sep/26 3:31 PM,02/Jun/26 11:49 AM,,PI18,,,,DVT,,,,,,,,,,,,,,,,,,,,,10/Apr/26 12:00 AM,0,,,cwhite10,,,,,";02/Jun/26 11:49 AM;cwhite10;600",,,,,,,,,14400,13800,600,4%,14400,13800,4200,,,,,,,,,,,,,,,,,,,,,,,,,SSWSYSPM-3026,,,,,,,,,,,,,,,,,,,SSWTEST,,,,,,,,cwhite10,,,19/May/26 12:00 AM,,SSWUMS-1409,,,In Progress,,,,,,SOS,Sprint,,,,,,,No comments by current user.,,,,,,,,,,,,,,,,,,,,,"1|i08eyg:",,,,,,,,,,,,,,,,Medium,,,,,,,SSWUMS Sprint 18.4,SSWUMS Sprint 18.5,,,,,,,,,0.5,,,,100%,19/May/26 12:00 AM,05/May/26 12:00 AM,,,,,,,,,,,0.0,0.0,0.0,,,0.0,0.0,0.0,0.0,0.0,0.0,0.0,,,,,,,,
"C2S Verification Plan Review | Storage Drum Control and Status Event",SSWUMS-1402,93301,Task,Done,SSWUMS,SSWUMS,software,mkuperst,"Welcome to the SSWUMS Team space, led by Meridith K (Product Owner). This space includes D440 and D454 resources, as well as Sprint and Kanban work.
",,Medium,Done,cwhite10,cwhite10,cwhite10,29/Jan/26 1:25 PM,11/Aug/26 4:44 PM,18/Sep/26 3:31 PM,12/May/26 10:30 AM,,PI18,,,,DVT,,,,,,,,,,,,,,,,,,,,,27/Mar/26 12:00 AM,0,,,cwhite10,,,,,";12/May/26 10:30 AM;gbarry;2700",,,,,,,,,14400,11700,2700,18%,14400,11700,9060,,,,,,,,,,,,,,,,,,,,,,,,,SSWSYSPM-3026,,,,,,,,,,,,,,,,,,,SSWTEST,,,,,,,,cwhite10,,,28/Apr/26 12:00 AM,,SSWUMS-1409,,,In Progress,,,,,,SOS,Sprint,,,,,,,No comments by current user.,,,,,,,,,,,,,,,,,,,,,"1|i08ey8:",,,,,,,,,,,,,,,,Medium,,,,,,,SSWUMS Sprint 18.3,,,,,,,,,,0.5,,,,100%,28/Apr/26 12:00 AM,14/Apr/26 12:00 AM,,,,,,,,,,,,0.0,0.0,,0.0,,0.0,0.0,,0.0,0.0,0.0,,,,,,,,
"C2S Verification Plan Review | Traction Winch Control and Status Event",SSWUMS-1401,93300,Task,Done,SSWUMS,SSWUMS,software,mkuperst,"Welcome to the SSWUMS Team space, led by Meridith K (Product Owner). This space includes D440 and D454 resources, as well as Sprint and Kanban work.
",,Medium,Done,cwhite10,cwhite10,cwhite10,29/Jan/26 1:24 PM,11/Aug/26 4:44 PM,18/Sep/26 3:31 PM,09/Apr/26 3:23 PM,,PI18,,,,DVT,,,,,,,,,,,,,,,,,,,,,13/Mar/26 12:00 AM,0,X:\Programs.686.BlockVI\Seabed Warfare\05 Concept Development\UMS\13 Test\DVT\C2S,,cwhite10,mkuperst,,,,";09/Apr/26 3:23 PM;mkuperst;60",,,,,,,,,14400,14340,60,0%,14400,14340,10860,,,,,,,,,,,,,,,,,,,,,,,,,SSWSYSPM-3026,,,,,,,,,,,,,,,,,,,SSWTEST,,,,,,,,cwhite10,,,07/Apr/26 12:00 AM,,SSWUMS-1409,,,In Progress,,,,,,SOS,Sprint,,,,"Posted on: Thu Apr 09 10:24:40 EDT 2026
[~mkuperst] to complete review",,,No comments by current user.,,,,,,,,,,,,,,,,,,,,,"1|i08ey0:",,,,,,,,,,,,,,,,Medium,,,,,,,SSWUMS Sprint 18.1,SSWUMS Sprint 18.2,,,,,,,,,0.5,,,,100%,07/Apr/26 12:00 AM,24/Mar/26 12:00 AM,,,,,,,,,,,,0.0,0.0,,0.0,,0.0,0.0,,0.0,'-1.0,1.0,"25/Mar/26 8:42 AM;mkuperst;GDMS delayed transmittal of this draft review, so it has been moved to 18.1 when it is projected to be received.;;;","09/Apr/26 10:24 AM;mkuperst;[~mkuperst] to complete review;;;",,,,,,
"C2S Verification Plan Review | Winch Control Modes Event",SSWUMS-1400,93299,Task,Done,SSWUMS,SSWUMS,software,mkuperst,"Welcome to the SSWUMS Team space, led by Meridith K (Product Owner). This space includes D440 and D454 resources, as well as Sprint and Kanban work.
",,Medium,Done,cwhite10,cwhite10,cwhite10,29/Jan/26 1:23 PM,11/Aug/26 4:44 PM,18/Sep/26 3:31 PM,23/Mar/26 7:48 AM,,PI17,,,,DVT,,,,,,,,,,,,,,,,,,,,,18/Mar/26 12:00 AM,0,,,cwhite10,mkuperst,,,,";23/Mar/26 7:48 AM;cwhite10;600",,,,,,,,,14400,13800,600,4%,14400,13800,9600,,,,,,,,,,,,,,,,,,,,,,,,,SSWSYSPM-3026,,,,,,,,,,,,,,,,,,,SSWTEST,,,,,,,,cwhite10,,,18/Mar/26 12:00 AM,,SSWUMS-1409,,,In Progress,,,,,,SOS,Sprint,,,,"Posted on: Wed Mar 11 11:13:48 EDT 2026
Planned rollover",,,No comments by current user.,,,,,,,,,,,,,,,,,,,,,"1|i08exs:",,,,,,,,,,,,,,,,Medium,,,,,,,SSWUMS Sprint 17.5,SSWUMS Sprint 17.6,,,,,,,,,0.5,,,,100%,18/Mar/26 12:00 AM,13/Feb/26 12:00 AM,,,,,,,,,,,,0.0,0.0,,0.0,,0.0,0.0,,0.0,'-1.0,1.0,"11/Mar/26 11:13 AM;mkuperst;Planned rollover;;;",,,,,,,
"C2S Verification Plan | L&R Carriage ROV Operations Event",SSWUMS-1399,93298,Task,Cancelled,SSWUMS,SSWUMS,software,mkuperst,"Welcome to the SSWUMS Team space, led by Meridith K (Product Owner). This space includes D440 and D454 resources, as well as Sprint and Kanban work.
",,Medium,Won't Do,cwhite10,cwhite10,cwhite10,29/Jan/26 1:22 PM,11/Aug/26 4:44 PM,18/Sep/26 3:31 PM,30/Jan/26 9:41 AM,,PI17,,,,DVT,,,,,,,,,,,,,,,,,,,,,20/Feb/26 12:00 AM,0,,,cwhite10,,,,,,,,,,,,,,0,0,,0%,0,0,,,,,,,,,,,,,,,,,,,,,,,,,,SSWSYSPM-3026,,,,,,,,,,,,,,,,,,,,,,,,,,,cwhite10,,,20/Feb/26 12:00 AM,,SSWUMS-1409,,,In Progress,,,,,,SOS,Sprint,,,,"Posted on: Fri Jan 30 09:41:54 EST 2026
Duplicate of SSWUMS-1418",,,No comments by current user.,,,,,,,,cwhite10,mkuperst,,,,,,,,,,,,"1|i08exk:",,,,,,,,,,,,,,,,Medium,,,,,,,,,,,,,,,,,0.0,,,,100%,20/Feb/26 12:00 AM,06/Feb/26 12:00 AM,,,,,,,,,,,,0.0,0.0,,0.0,,,0.0,,,,,"30/Jan/26 9:41 AM;cwhite10;Duplicate of SSWUMS-1418;;;",,,,,,,
Review PDMS B-Spec PTR's for April CCB,SSWUMS-1398,92475,Task,Done,SSWUMS,SSWUMS,software,mkuperst,"Welcome to the SSWUMS Team space, led by Meridith K (Product Owner). This space includes D440 and D454 resources, as well as Sprint and Kanban work.
",,Medium,Done,bchadwic,cwhite10,mkuperst,26/Jan/26 10:04 AM,23/Mar/26 8:12 PM,18/Sep/26 3:31 PM,23/Mar/26 8:12 PM,,PI17,,,,PDMS B-spec,PDMS RVTM,,,,,,,,,,,,,,,,,,,,19/Mar/26 12:00 AM,0,"X:\Programs.686.BlockVI\Seabed Warfare\05 Concept Development\UMS\4 Requirements\B-Specs\C2S_PDMS PTRs\

 ",,mkuperst,,,,,";23/Mar/26 8:12 PM;mkuperst;60",,,,,,,,,14400,14340,60,0%,31680,27000,4680,,,,,,,,,,,SSWUMS-1263,,,,,,,,,,,,,,,,,,,,,,,,,,,,,,,,,SSWCYBER,SSWHW,SSWIF,SSWSW,SSWSYS,SSWSYSPM,SSWTEST,,bchadwic,,,18/Mar/26 12:00 AM,,SSWUMS-962,,,Done,,,,,,SOS,Sprint,,,,,,,No comments by current user.,,,,,,,,,,,,,,,,,,,,,"1|i08aa8:",,,,,,,,,,,,,,,,Medium,,,,,,,SSWUMS Sprint 17.6,,,,,,,,,,0.5,,,,100%,18/Mar/26 12:00 AM,05/Mar/26 12:00 AM,,,,,,,,,,,100.0,0.2,0.0,,,100.0,0.0,0.2,0.0,0.0,'-0.5,0.5,,,,,,,,
Review C2S B-Spec PTR's for April CCB,SSWUMS-1397,92473,Task,Done,SSWUMS,SSWUMS,software,mkuperst,"Welcome to the SSWUMS Team space, led by Meridith K (Product Owner). This space includes D440 and D454 resources, as well as Sprint and Kanban work.
",,Medium,Done,cwhite10,cwhite10,mkuperst,26/Jan/26 10:01 AM,23/Mar/26 8:11 PM,18/Sep/26 3:31 PM,23/Mar/26 8:11 PM,,PI17,,,,C2S B-spec,C2S RVTM,,,,,,,,,,,,,,,,,,,,19/Mar/26 12:00 AM,0,X:\Programs.686.BlockVI\Seabed Warfare\05 Concept Development\UMS\4 Requirements\B-Specs\C2S_PDMS PTRs\,,mkuperst,,,,,"Left 1 comment on the confluence page;12/Mar/26 11:33 AM;cwhite10;3600",";23/Mar/26 8:11 PM;mkuperst;60",,,,,,,,14400,10740,3660,25%,31680,22620,9060,,,,,,,,,SSWUMS-1521,,SSWUMS-1262,,,,,,,,,,,,,,,,,,,,,,,,,,,,,,,,,SSWCYBER,SSWHW,SSWIF,SSWSW,SSWSYS,SSWSYSPM,SSWTEST,,cwhite10,,,18/Mar/26 12:00 AM,,SSWUMS-924,,,Done,,,,,,SOS,Sprint,,,,,,,No comments by current user.,,,,,,,,,,,,,,,,,,,,,"1|i08a9s:",,,,,,,,,,,,,,,,Medium,,,,,,,SSWUMS Sprint 17.6,,,,,,,,,,0.5,,,,100%,18/Mar/26 12:00 AM,05/Mar/26 12:00 AM,,,,,,,,,,,100.0,0.4,0.0,,,100.0,0.0,0.4,0.0,0.0,'-0.5,0.5,,,,,,,,
C2S PHA - MRF signature,SSWUMS-1396,92391,Task,Done,SSWUMS,SSWUMS,software,mkuperst,"Welcome to the SSWUMS Team space, led by Meridith K (Product Owner). This space includes D440 and D454 resources, as well as Sprint and Kanban work.
",,Medium,Done,cwhite10,mkuperst,mkuperst,23/Jan/26 9:00 AM,25/Feb/26 12:45 PM,18/Sep/26 3:31 PM,10/Feb/26 9:00 AM,,PI17,,,,C2S PHA,,,,,,,,,,,,,,,,,,,,,,0,1/22 email from Stacy Garcia noted that goal is to sign out by 1/30. Aiming to send out for signature on 1/23.,,mkuperst,,,,,";10/Feb/26 9:00 AM;cwhite10;7200",,,,,,,,,14400,7200,7200,50%,14400,7200,7200,,,,,,,,,,,,,,,,,,,,,,,,,,,,,,,,,,,,,,,,,,,,,,,,,,,,cwhite10,,,06/Feb/26 12:00 AM,,SSWUMS-839,,,Done,,,,,,Sprint,,,,,"Posted on: Tue Feb 03 14:33:53 EST 2026
Dates from safety has shifted - moved ECD/target",,,No comments by current user.,,,,,,,,,,,,,,,,,,,,,"1|i089xs:",,,,,,,,,,,,,,,,Medium,,,,,,,SSWUMS Sprint 17.3,,,,,,,,,,0.5,,,,100%,06/Feb/26 12:00 AM,23/Jan/26 12:00 AM,,,,,,,,,,,,0.0,0.0,,0.0,,,0.0,,,,,"03/Feb/26 2:33 PM;mkuperst;Dates from safety has shifted - moved ECD/target;;;",,,,,,,
C2IPT Event - Slides due to Scussel 2/13,SSWUMS-1395,92231,Task,Done,SSWUMS,SSWUMS,software,mkuperst,"Welcome to the SSWUMS Team space, led by Meridith K (Product Owner). This space includes D440 and D454 resources, as well as Sprint and Kanban work.
",,Medium,Done,mkuperst,mkuperst,mkuperst,21/Jan/26 1:36 PM,04/Mar/26 2:18 PM,18/Sep/26 3:31 PM,16/Feb/26 3:01 PM,,PI17,,,,C2I IPT,,,,,,,,,,,,,,,,,,,,,,0,"Support C2IPT event

\\us-ct-eb01\EBDepts\Eng.440\Projects-VA\VA SSW\CWS Working Group\CWS Share\C2_IPT\Quarterly_Reviews\2026_03\SegmentInputs

[https://urldefense.us/v3/__https://gdmscollab.sharepoint.us/:f:/r/sites/PRGM-Rogue/Prime/Working*20Groups/C2*20IPT/C2I*20Quarterly/2026-03?csf=1&web=1&e=kdYai8__;JSUl!!LLC9-f4ze_ZD5A!7Lyo6HqSIeZ7_ATJR4R3gJlp4lGP20CzG4w5PzAnpkrwxQEx02ktCEmwH-JIEXOdblb6xILa5AFT-FgKmjMsOA$]

 ",,mkuperst,,,,,"Slides updated by GDMS and provided back to George. Waiting on Art for updated fishbones.;16/Feb/26 3:01 PM;mkuperst;3600",,,,,,,,,5760,2160,3600,62%,5760,2160,3600,,,,,,,,,,,SSWUMS-1394,,,,,,,,,,,,,,,,,,,,,,,,,,,,,gmoustak,,,,,,,,,,,,mkuperst,,,,,SSWUMS-1294,,,Done,,,,,,SOS,Sprint,,,,"Posted on: Wed Mar 04 14:18:23 EST 2026
New location for fishbones:

\\us-ct-eb01\EBDepts\Eng.440\Projects-VA\VA SSW\CWS Working Group\CWS Share\C2_IPT\Fishbones\C2I_Fishbones",,,No comments by current user.,,,,,,,,,,,,,,,,,,,,,"1|i0897c:",,,,,,,,,,,,,,,,Medium,,,,,,,SSWUMS Sprint 17.4,,,,,,,,,,0.2,,,,,12/Mar/26 12:00 AM,,,,,,,,,,,,,0.0,0.0,,0.0,,,0.0,,,,,"16/Feb/26 3:01 PM;mkuperst;Slides updated by GDMS and provided back to George. Waiting on Art for updated fishbones.;;;","04/Mar/26 2:18 PM;mkuperst;New location for fishbones:

\\us-ct-eb01\EBDepts\Eng.440\Projects-VA\VA SSW\CWS Working Group\CWS Share\C2_IPT\Fishbones\C2I_Fishbones;;;",,,,,,
C2IPT Event 3/11 and 3/12,SSWUMS-1394,92230,Task,Done,SSWUMS,SSWUMS,software,mkuperst,"Welcome to the SSWUMS Team space, led by Meridith K (Product Owner). This space includes D440 and D454 resources, as well as Sprint and Kanban work.
",,Medium,Done,mkuperst,mkuperst,mkuperst,21/Jan/26 1:34 PM,12/Mar/26 2:32 PM,18/Sep/26 3:31 PM,12/Mar/26 2:32 PM,,PI17,,,,C2I IPT,,,,,,,,,,,,,,,,,,,,,,0,Support C2IPT event,,mkuperst,,,,,";11/Mar/26 1:25 PM;mkuperst;60",";12/Mar/26 2:32 PM;mkuperst;43200",,,,,,,,57600,14340,43260,75%,57600,14340,43260,,,,,,,,,SSWUMS-1395,,,,,,,,,,,,,,,,,,,,,,,,,,,,,,,gmoustak,,,,,,,,,,,,mkuperst,,,,,SSWUMS-1294,,,Done,,,,,,Sprint,,,,,,,,No comments by current user.,,,,,,,,,,,,,,,,,,,,,"1|i08974:",,,,,,,,,,,,,,,,Medium,,,,,,,SSWUMS Sprint 17.6,,,,,,,,,,2.0,,,,,12/Mar/26 12:00 AM,,,,,,,,,,,,,0.0,0.0,,0.0,,,0.0,,,,,,,,,,,,
C2S B-spec & RVTM - CP update with PTRs incorporated,SSWUMS-1393,92163,Task,Cancelled,SSWUMS,SSWUMS,software,mkuperst,"Welcome to the SSWUMS Team space, led by Meridith K (Product Owner). This space includes D440 and D454 resources, as well as Sprint and Kanban work.
",,Medium,Won't Do,cwhite10,mkuperst,mkuperst,21/Jan/26 8:45 AM,04/Mar/26 12:49 PM,18/Sep/26 3:31 PM,04/Mar/26 12:49 PM,,PI20,,,,,,,,,,,,,,,,,,,,,,,,,,0,,,cwhite10,mkuperst,,,,,,,,,,,,,0,0,,0%,0,0,,,,,,,,,,,,,,,,,,,,,,,,,,,,,,,,,,,,,,,,,,,,,,,,,,,,,cwhite10,,,,,SSWUMS-927,,,Cancelled,,,,,,Sprint,,,,,"Posted on: Wed Mar 04 12:49:41 EST 2026
Covered by SSWUMS-1494",,,No comments by current user.,,,,,,,,,,,,,,,,,,,,,"1|i08940:",,,,,,,,,,,,,,,,Medium,,,,,,,PI20 9/23/2026 - 1/3/2027,,,,,,,,,,0.0,,,,,,,,,,,,,,,,,,0.0,0.0,,0.0,,,0.0,,,,,"04/Mar/26 12:49 PM;cwhite10;Covered by SSWUMS-1494;;;",,,,,,,
PDMS B-Spec & RVTM - CP update with PTRs incorporated ,SSWUMS-1392,92162,Task,Cancelled,SSWUMS,SSWUMS,software,mkuperst,"Welcome to the SSWUMS Team space, led by Meridith K (Product Owner). This space includes D440 and D454 resources, as well as Sprint and Kanban work.
",,Medium,Won't Do,bchadwic,mkuperst,mkuperst,21/Jan/26 8:44 AM,07/Aug/26 11:21 AM,18/Sep/26 3:31 PM,04/Mar/26 12:49 PM,,PI20,,,,,,,,,,,,,,,,,,,,,,,,,,0,,,cwhite10,mkuperst,,,,,,,,,,,,,0,0,,0%,0,0,,,,,,,,,,,,,,,,,,,,,,,,,,,,,,,,,,,,,,,,,,,,,,,,,,,,,bchadwic,,,,,SSWUMS-964,,,In Progress,,,,,,Sprint,,,,,"Posted on: Wed Mar 04 12:49:22 EST 2026
Covered by SSWUMS-1496",,,No comments by current user.,,,,,,,,,,,,,,,,,,,,,"1|i0893s:",,,,,,,,,,,,,,,,Medium,,,,,,,PI20 9/23/2026 - 1/3/2027,,,,,,,,,,0.0,,,,,,,,,,,,,,,,,,0.0,0.0,,0.0,,,0.0,,,,,"04/Mar/26 12:49 PM;cwhite10;Covered by SSWUMS-1496;;;",,,,,,,
C2I Test Plan - Segment Leads Review,SSWUMS-1391,92159,Task,Done,SSWUMS,SSWUMS,software,mkuperst,"Welcome to the SSWUMS Team space, led by Meridith K (Product Owner). This space includes D440 and D454 resources, as well as Sprint and Kanban work.
",,Medium,Done,mkuperst,mkuperst,mkuperst,21/Jan/26 8:24 AM,23/Feb/26 2:14 PM,18/Sep/26 3:31 PM,23/Feb/26 2:14 PM,,PI17,,,,C2I IPT,,,,,,,,,,,,,,,,,,,,,,0,"Review due by 2/13.

GDMS: [C2I IPT Test Plan|https://gdmscollab.sharepoint.us/:f:/r/sites/PRGM-Rogue/Prime/Working%20Groups/C2%20IPT/C2I%20IPT%20Test%20Plan?csf=1&web=1&e=8kKUyX]

LM: https://silcweb.external.lmco.com/SILCWeb/?u=5g3q",,mkuperst,,,,,"GDMS provided comments back 2/11.;23/Feb/26 2:14 PM;mkuperst;600",,,,,,,,,14400,13800,600,4%,14400,13800,600,,,,,,,,,,,,,,,,,,,,,,,,,,,,,,,,,,,,,,,,gmoustak,,,,,,,,,,,,mkuperst,,,13/Feb/26 12:00 AM,,SSWUMS-1294,,,Done,,,,,,SOS,Sprint,,,,"Posted on: Mon Feb 23 14:14:13 EST 2026
GDMS provided comments back 2/11.",,,No comments by current user.,,,,,,,,,,,,,,,,,,,,,"1|i08934:",,,,,,,,,,,,,,,,Medium,,,,,,,SSWUMS Sprint 17.3,SSWUMS Sprint 17.4,,,,,,,,,0.5,,,,100%,13/Feb/26 12:00 AM,30/Jan/26 12:00 AM,,,,,,,,,,,,0.0,0.0,,0.0,,,0.0,,,,,"10/Feb/26 3:32 PM;mkuperst;With GDMS for review;;;","23/Feb/26 2:14 PM;mkuperst;GDMS provided comments back 2/11.;;;",,,,,,
SSW TI-24 FOCS ICD Rev A - Leads Adj & Signature,SSWUMS-1390,92038,Task,Cancelled,SSWUMS,SSWUMS,software,mkuperst,"Welcome to the SSWUMS Team space, led by Meridith K (Product Owner). This space includes D440 and D454 resources, as well as Sprint and Kanban work.
",,Medium,Won't Do,mkuperst,mkuperst,mkuperst,16/Jan/26 1:16 PM,09/Apr/26 11:36 AM,18/Sep/26 3:31 PM,09/Apr/26 11:36 AM,,PI18,,,,SSW TI-24 FOCS ICD,,,,,,,,,,,,,,,,,,,,,,0,"Per 1/16/2026 email, forwarded by Adam White, from Ethan Teodosio.

The SSW FOCS TI-24 ICD Revision A was posted yesterday, 1/14/26. Please review and provide comments by 3/2/2026 and concurrence/sign-off by 05/01/2026.

This is a brand-new ICD for the SSW boat, and as a result, a full review is required by each subsystem to confirm that all changes have been incorporated. Commitments will be taken out against all subsystems to provide signature by 05/01/2026 and the commitment numbers will be provided during the next status update email.

If you are not the correct POC, email me so we can make the correction on the commitment.

*+ACCESS TO THE ICD:+*

PI Web can be found at [https://www.gdeb.com/contracts/nssn_c3i/]. Please apply for an account if you have not done so yet.

If assistance is required with accessing the site, please email [pi_web@gdeb.com|mailto:pi_web@gdeb.com].

*+HOW TO REVIEW:+*

When reviewing, please provide comments in the form of redlines against the ICD itself, changing whichever cells need adjustment and highlighting BOTH the changed cells AND the wiremarker column (COLUMN B). For ease of reviewing, subsystems can filter the SYSTEM SEARCH column (AR) by their subsystem name. After filtering the ICD this way, proceed to check each wiremarker including the LINK FUNCTION and REMARKS.

Throughout the document are cells labeled ""TBD"" which is used to indicate that information has not yet been provided by the affiliated subsystem. TBD cells highlighted *+ORANGE+*  were required to be provided during the initial GFI drops and were missed. This information is needed *urgently* to support system design reviews starting in February and needs to be prioritized.

In the event that you have further questions on how to perform a review of the FOCS ICD, please do not hesitate to reach out to me or Lance Derosiers.",,mkuperst,,,,,,,,,,,,,,0,0,,0%,0,0,,,,,,,,,,,,SSWUMS-1389,,,,,,,,,,,,,,,,,,,,,,,,,,,,,,,,,,,,,,,,,mkuperst,,,01/May/26 12:00 AM,,SSWUMS-1357,,,Done,,,,,,Sprint,,,,,"Posted on: Thu Apr 09 11:36:07 EDT 2026
Cancelled as the UMS team had no comments and we are not on the MRF.",,,No comments by current user.,,,,,,,,,,,,,,,,,,,,,"1|i088k8:",,,,,,,,,,,,,,,,Medium,,,,,,,SSWUMS Sprint 18.3,,,,,,,,,,0.0,,,,,01/May/26 12:00 AM,,,,,,,,,,,,,0.0,0.0,,0.0,,0.0,0.0,,0.0,0.0,0.0,"09/Apr/26 11:36 AM;mkuperst;Cancelled as the UMS team had no comments and we are not on the MRF.;;;",,,,,,,
SSW TI-24 FOCS ICD Rev A - Leads Review,SSWUMS-1389,92037,Task,Done,SSWUMS,SSWUMS,software,mkuperst,"Welcome to the SSWUMS Team space, led by Meridith K (Product Owner). This space includes D440 and D454 resources, as well as Sprint and Kanban work.
",,Medium,Done,mkuperst,mkuperst,mkuperst,16/Jan/26 1:16 PM,27/Feb/26 1:46 PM,18/Sep/26 3:31 PM,27/Feb/26 1:46 PM,,PI17,,,,SSW TI-24 FOCS ICD,,,,,,,,,,,,,,,,,,,,,,0,"Per 1/16/2026 email, forwarded by Adam White, from Ethan Teodosio.

The SSW FOCS TI-24 ICD Revision A was posted yesterday, 1/14/26. Please review and provide comments by 3/2/2026 and concurrence/sign-off by 05/01/2026.

This is a brand-new ICD for the SSW boat, and as a result, a full review is required by each subsystem to confirm that all changes have been incorporated. Commitments will be taken out against all subsystems to provide signature by 05/01/2026 and the commitment numbers will be provided during the next status update email.

If you are not the correct POC, email me so we can make the correction on the commitment.

*+ACCESS TO THE ICD:+*

PI Web can be found at [https://www.gdeb.com/contracts/nssn_c3i/]. Please apply for an account if you have not done so yet.

If assistance is required with accessing the site, please email [pi_web@gdeb.com|mailto:pi_web@gdeb.com].

*+HOW TO REVIEW:+*

When reviewing, please provide comments in the form of redlines against the ICD itself, changing whichever cells need adjustment and highlighting BOTH the changed cells AND the wiremarker column (COLUMN B). For ease of reviewing, subsystems can filter the SYSTEM SEARCH column (AR) by their subsystem name. After filtering the ICD this way, proceed to check each wiremarker including the LINK FUNCTION and REMARKS.

Throughout the document are cells labeled ""TBD"" which is used to indicate that information has not yet been provided by the affiliated subsystem. TBD cells highlighted *+ORANGE+*  were required to be provided during the initial GFI drops and were missed. This information is needed *urgently* to support system design reviews starting in February and needs to be prioritized.

In the event that you have further questions on how to perform a review of the FOCS ICD, please do not hesitate to reach out to me or Lance Derosiers.",,mkuperst,ScriptRunner,,,,";25/Feb/26 11:52 AM;mkuperst;60","ICD is really just a wiring table. It doesn't touch UMS components. Review of this is more under Systems for MES and Network FWD CAD.;25/Feb/26 11:52 AM;mkuperst;600",";27/Feb/26 10:44 AM;bchadwic;900",";27/Feb/26 1:46 PM;mkuperst;60",,,,,,57600,55980,1620,2%,57600,55980,1620,,,,,,,,,SSWUMS-1390,,,,,,,,,,,,,,,,,,,,,,,,,,,,,,,,,,,,,,,,,,,mkuperst,,,02/Mar/26 12:00 AM,,SSWUMS-1294,,,Done,,,,,,SOS,Sprint,,,,"Posted on: Wed Feb 25 11:52:56 EST 2026
ICD is really just a wiring table. It doesn't touch UMS components. Review of this is more under Systems for MES and Network FWD CAD.",,,No comments by current user.,,,,,,,,mkuperst,bchadwic,,,,,,,,,,,,"1|i088k0:",,25/Feb/26 12:00 AM,Approved,,27/Feb/26 12:00 AM,Approved,,,,,,,,,,Medium,,,,,,,SSWUMS Sprint 17.5,,,,,,,,,,2.0,,,,,02/Mar/26 12:00 AM,,,,,,,,,,,,,0.0,0.0,,0.0,,,0.0,,,,,"25/Feb/26 11:52 AM;mkuperst;ICD is really just a wiring table. It doesn't touch UMS components. Review of this is more under Systems for MES and Network FWD CAD.;;;",,,,,,,
Review UMS Captains Metrics,SSWUMS-1388,92021,Task,Done,SSWUMS,SSWUMS,software,mkuperst,"Welcome to the SSWUMS Team space, led by Meridith K (Product Owner). This space includes D440 and D454 resources, as well as Sprint and Kanban work.
",,Medium,Done,mkuperst,mkuperst,mkuperst,16/Jan/26 9:46 AM,28/Jan/26 3:52 PM,18/Sep/26 3:31 PM,28/Jan/26 3:52 PM,,PI17,,,,UMS Captain Metrics,,,,,,,,,,,,,,,,,,,,,,0,Abbreviated EB comment review/adjudication period of 1/28 – 1/29. Goal is to send slides out by 1/30.,,mkuperst,,,,,"Reviewed during walkthrough. No added comments to the log, Followed up with management on the E/E changes from the last metrics.;28/Jan/26 3:52 PM;mkuperst;7200",,,,,,,,,8640,1440,7200,83%,8640,1440,7200,,,,,,,,,,,,,,,,,,,,,,,,,,,,,,,,,,,,,,,,dhiggin2,,,,,,,,,,,,mkuperst,,,29/Jan/26 12:00 AM,,SSWUMS-1247,,,Done,,,,,,Sprint,,,,,"Posted on: Wed Jan 28 15:52:21 EST 2026
Reviewed during walkthrough. No added comments to the log, Followed up with management on the E/E changes from the last metrics.",,,No comments by current user.,,,,,,,,,,,,,,,,,,,,,"1|i088hs:",,,,,,,,,,,,,,,,Medium,,,,,,,SSWUMS Sprint 17.3,,,,,,,,,,0.3,,,,100%,29/Jan/26 12:00 AM,27/Jan/26 12:00 AM,,,,,,,,,,,,0.0,0.0,,0.0,,,0.0,,,,,"28/Jan/26 3:52 PM;mkuperst;Reviewed during walkthrough. No added comments to the log, Followed up with management on the E/E changes from the last metrics.;;;",,,,,,,
UMS CONOPS Rev A - Receive final copy and process for transmittal,SSWUMS-1387,91962,Task,Done,SSWUMS,SSWUMS,software,mkuperst,"Welcome to the SSWUMS Team space, led by Meridith K (Product Owner). This space includes D440 and D454 resources, as well as Sprint and Kanban work.
",,Medium,Done,cwhite10,mkuperst,mkuperst,14/Jan/26 2:56 PM,17/Apr/26 12:03 PM,18/Sep/26 3:31 PM,17/Apr/26 12:03 PM,,PI18,,,,CONOPS,,,,,,,,,,,,,,,,,,,,,,0,"*X:\Programs.686.BlockVI\Seabed Warfare\05 Concept Development\UMS\4 Requirements\CONOP\A00011839 UMS CONOPS\2026-01-14 Rev A*

 
|Task Name|Duration|Start|Finish|
|*UMS CONOPS RevA*|*54 days*|*Mon 1/19/26*|*Thu 4/2/26*|
|   Kickoff Meeting|0 days|Mon 1/19/26|Mon 1/19/26|
|   Leads Review|10 days|Mon 1/19/26|Fri 1/30/26|
|   *Leads Adj. Phase*|*10 days*|*Mon 2/2/26*|*Fri 2/13/26*|
|      GDMS Adj. Comments|5 days|Mon 2/2/26|Fri 2/6/26|
|      GDMS/EB Comment Walkthrough Meeting|1 day|Wed 2/4/26|Wed 2/4/26|
|      EB Verify Comments Incorporated|5 days|Mon 2/9/26|Fri 2/13/26|
|   Project Lead Review|5 days|Mon 2/16/26|Fri 2/20/26|
|   Supervisor Review|5 days|Mon 2/16/26|Fri 2/20/26|
|   *Leads/Project Lead/Supervisor Adj.*|*7 days*|*Mon 2/23/26*|*Tue 3/3/26*|
|      GDMS Adj. Comments|5 days|Mon 2/23/26|Fri 2/27/26|
|      EB Verify Comments Incorporated|2 days|Mon 3/2/26|Tue 3/3/26|
|   QA Review|2 days|Wed 3/4/26|Thu 3/5/26|
|   TPQ Review|2 days|Fri 3/6/26|Mon 3/9/26|
|   Manager Review|5 days|Tue 3/10/26|Mon 3/16/26|
|   *QA/TPQ/Manager Adj.*|*7 days*|*Tue 3/17/26*|*Wed 3/25/26*|
|      GDMS Adj. Comments|2 days|Tue 3/17/26|Wed 3/18/26|
|      Comment Response Walkthrough (as needed)|1 day|Thu 3/19/26|Thu 3/19/26|
|      GDMS Deliver Clean Draft|2 days|Fri 3/20/26|Mon 3/23/26|
|      EB Verify Comments Incorporated|2 days|Tue 3/24/26|Wed 3/25/26|
|   GDMS Deliver Final CM'd copy|3 days|Thu 3/26/26|Mon 3/30/26|
|   Transmittal for Info to NAVSEA|3 days|Tue 3/31/26|Thu 4/2/26|",,mkuperst,,,,,";17/Apr/26 12:03 PM;cwhite10;3600",,,,,,,,,5760,2160,3600,62%,5760,2160,3600,,SSWUMS-1386,,,,,,,,,SSWUMS-1386,,,,,,,,,,,,,,SSWSYSPM-3013,,,,,,,,,,,,,,,,,,,,,,,,,,,cwhite10,,,23/Apr/26 12:00 AM,,SSWUMS-1896,,,Done,,,,,,SOS,Sprint,,,,,,,No comments by current user.,,,,,,,,,,,,,,,,,,,,,"1|i0889s:",,,,,,,,,,,,,,,,Medium,,,,,,,SSWUMS Sprint 18.3,,,,,,,,,,0.2,,,,,23/Apr/26 12:00 AM,,,,,,,,,,,,,0.0,0.0,,0.0,,,0.0,,,,,,,,,,,,
UMS CONOPS Rev A - QA/TPQ/Manager Adj.,SSWUMS-1386,91961,Task,Cancelled,SSWUMS,SSWUMS,software,mkuperst,"Welcome to the SSWUMS Team space, led by Meridith K (Product Owner). This space includes D440 and D454 resources, as well as Sprint and Kanban work.
",,Medium,Won't Do,cwhite10,mkuperst,mkuperst,14/Jan/26 2:55 PM,08/Apr/26 8:33 AM,18/Sep/26 3:31 PM,08/Apr/26 8:33 AM,,PI18,,,,CONOPS,,,,,,,,,,,,,,,,,,,,,,0,"*X:\Programs.686.BlockVI\Seabed Warfare\05 Concept Development\UMS\4 Requirements\CONOP\A00011839 UMS CONOPS\2026-01-14 Rev A*

 
|Task Name|Duration|Start|Finish|
|*UMS CONOPS RevA*|*54 days*|*Mon 1/19/26*|*Thu 4/2/26*|
|   Kickoff Meeting|0 days|Mon 1/19/26|Mon 1/19/26|
|   Leads Review|10 days|Mon 1/19/26|Fri 1/30/26|
|   *Leads Adj. Phase*|*10 days*|*Mon 2/2/26*|*Fri 2/13/26*|
|      GDMS Adj. Comments|5 days|Mon 2/2/26|Fri 2/6/26|
|      GDMS/EB Comment Walkthrough Meeting|1 day|Wed 2/4/26|Wed 2/4/26|
|      EB Verify Comments Incorporated|5 days|Mon 2/9/26|Fri 2/13/26|
|   Project Lead Review|5 days|Mon 2/16/26|Fri 2/20/26|
|   Supervisor Review|5 days|Mon 2/16/26|Fri 2/20/26|
|   *Leads/Project Lead/Supervisor Adj.*|*7 days*|*Mon 2/23/26*|*Tue 3/3/26*|
|      GDMS Adj. Comments|5 days|Mon 2/23/26|Fri 2/27/26|
|      EB Verify Comments Incorporated|2 days|Mon 3/2/26|Tue 3/3/26|
|   QA Review|2 days|Wed 3/4/26|Thu 3/5/26|
|   TPQ Review|2 days|Fri 3/6/26|Mon 3/9/26|
|   Manager Review|5 days|Tue 3/10/26|Mon 3/16/26|
|   *QA/TPQ/Manager Adj.*|*7 days*|*Tue 3/17/26*|*Wed 3/25/26*|
|      GDMS Adj. Comments|2 days|Tue 3/17/26|Wed 3/18/26|
|      Comment Response Walkthrough (as needed)|1 day|Thu 3/19/26|Thu 3/19/26|
|      GDMS Deliver Clean Draft|2 days|Fri 3/20/26|Mon 3/23/26|
|      EB Verify Comments Incorporated|2 days|Tue 3/24/26|Wed 3/25/26|
|   GDMS Deliver Final CM'd copy|3 days|Thu 3/26/26|Mon 3/30/26|
|   Transmittal for Info to NAVSEA|3 days|Tue 3/31/26|Thu 4/2/26|",,cwhite10,mkuperst,,,,,,,,,,,,,0,0,,0%,0,0,,,SSWUMS-1384,SSWUMS-1385,,SSWUMS-1387,,,,SSWUMS-1387,,,,,,,,,,,,,,,,SSWSYSPM-3013,,,,,,,,,,,,,,,,,,,,,,,,,,,cwhite10,,,15/Apr/26 12:00 AM,,SSWUMS-1896,,,Done,,,,,,SOS,Sprint,,,,"Posted on: Wed Apr 08 08:33:22 EDT 2026
No Open Comments",,,No comments by current user.,,,,,,,,,,,,,,,,,,,,,"1|i0889k:",,,,,,,,,,,,,,,,Medium,,,,,,,SSWUMS Sprint 18.2,,,,,,,,,,0.0,,,,,15/Apr/26 12:00 AM,,,,,,,,,,,,,0.0,0.0,,0.0,,,0.0,,,,,"08/Apr/26 8:33 AM;cwhite10;No Open Comments;;;",,,,,,,
UMS CONOPS Rev A - Manager Review,SSWUMS-1385,91960,Task,Done,SSWUMS,SSWUMS,software,mkuperst,"Welcome to the SSWUMS Team space, led by Meridith K (Product Owner). This space includes D440 and D454 resources, as well as Sprint and Kanban work.
",,Medium,Done,cwhite10,mkuperst,mkuperst,14/Jan/26 2:55 PM,26/Mar/26 12:25 PM,18/Sep/26 3:31 PM,26/Mar/26 12:25 PM,,PI18,,,,CONOPS,,,,,,,,,,,,,,,,,,,,,,0,"*X:\Programs.686.BlockVI\Seabed Warfare\05 Concept Development\UMS\4 Requirements\CONOP\A00011839 UMS CONOPS\2026-01-14 Rev A*

 
|Task Name|Duration|Start|Finish|
|*UMS CONOPS RevA*|*54 days*|*Mon 1/19/26*|*Thu 4/2/26*|
|   Kickoff Meeting|0 days|Mon 1/19/26|Mon 1/19/26|
|   Leads Review|10 days|Mon 1/19/26|Fri 1/30/26|
|   *Leads Adj. Phase*|*10 days*|*Mon 2/2/26*|*Fri 2/13/26*|
|      GDMS Adj. Comments|5 days|Mon 2/2/26|Fri 2/6/26|
|      GDMS/EB Comment Walkthrough Meeting|1 day|Wed 2/4/26|Wed 2/4/26|
|      EB Verify Comments Incorporated|5 days|Mon 2/9/26|Fri 2/13/26|
|   Project Lead Review|5 days|Mon 2/16/26|Fri 2/20/26|
|   Supervisor Review|5 days|Mon 2/16/26|Fri 2/20/26|
|   *Leads/Project Lead/Supervisor Adj.*|*7 days*|*Mon 2/23/26*|*Tue 3/3/26*|
|      GDMS Adj. Comments|5 days|Mon 2/23/26|Fri 2/27/26|
|      EB Verify Comments Incorporated|2 days|Mon 3/2/26|Tue 3/3/26|
|   QA Review|2 days|Wed 3/4/26|Thu 3/5/26|
|   TPQ Review|2 days|Fri 3/6/26|Mon 3/9/26|
|   Manager Review|5 days|Tue 3/10/26|Mon 3/16/26|
|   *QA/TPQ/Manager Adj.*|*7 days*|*Tue 3/17/26*|*Wed 3/25/26*|
|      GDMS Adj. Comments|2 days|Tue 3/17/26|Wed 3/18/26|
|      Comment Response Walkthrough (as needed)|1 day|Thu 3/19/26|Thu 3/19/26|
|      GDMS Deliver Clean Draft|2 days|Fri 3/20/26|Mon 3/23/26|
|      EB Verify Comments Incorporated|2 days|Tue 3/24/26|Wed 3/25/26|
|   GDMS Deliver Final CM'd copy|3 days|Thu 3/26/26|Mon 3/30/26|
|   Transmittal for Info to NAVSEA|3 days|Tue 3/31/26|Thu 4/2/26|",,mkuperst,,,,,";26/Mar/26 12:25 PM;cwhite10;3600",,,,,,,,,5760,2160,3600,62%,5760,2160,3600,,SSWUMS-1383,,,SSWUMS-1386,,,,,,SSWUMS-1384,,,,,,,,,,,,,,SSWSYSPM-3013,,,,,,,,,,,,,,,,,,,SSWSYSPM,,,,,,,,cwhite10,,,06/Apr/26 12:00 AM,,SSWUMS-1896,,,Done,,,,,,SOS,Sprint,,,,,,,No comments by current user.,,,,,,,,,,,,,,,,,,,,,"1|i0889c:",,,,,,,,,,,,,,,,Medium,,,,,,,SSWUMS Sprint 18.1,,,,,,,,,,0.2,,,,,06/Apr/26 12:00 AM,,,,,,,,,,,,,0.0,0.0,,0.0,,,0.0,,,,,,,,,,,,
UMS CONOPS Rev A - QA/TPQ review,SSWUMS-1384,91959,Task,Done,SSWUMS,SSWUMS,software,mkuperst,"Welcome to the SSWUMS Team space, led by Meridith K (Product Owner). This space includes D440 and D454 resources, as well as Sprint and Kanban work.
",,Medium,Done,cwhite10,mkuperst,mkuperst,14/Jan/26 2:54 PM,25/Mar/26 11:08 AM,18/Sep/26 3:31 PM,25/Mar/26 11:08 AM,,PI18,,,,CONOPS,,,,,,,,,,,,,,,,,,,,,,0,"*X:\Programs.686.BlockVI\Seabed Warfare\05 Concept Development\UMS\4 Requirements\CONOP\A00011839 UMS CONOPS\2026-01-14 Rev A*

 
|Task Name|Duration|Start|Finish|
|*UMS CONOPS RevA*|*54 days*|*Mon 1/19/26*|*Thu 4/2/26*|
|   Kickoff Meeting|0 days|Mon 1/19/26|Mon 1/19/26|
|   Leads Review|10 days|Mon 1/19/26|Fri 1/30/26|
|   *Leads Adj. Phase*|*10 days*|*Mon 2/2/26*|*Fri 2/13/26*|
|      GDMS Adj. Comments|5 days|Mon 2/2/26|Fri 2/6/26|
|      GDMS/EB Comment Walkthrough Meeting|1 day|Wed 2/4/26|Wed 2/4/26|
|      EB Verify Comments Incorporated|5 days|Mon 2/9/26|Fri 2/13/26|
|   Project Lead Review|5 days|Mon 2/16/26|Fri 2/20/26|
|   Supervisor Review|5 days|Mon 2/16/26|Fri 2/20/26|
|   *Leads/Project Lead/Supervisor Adj.*|*7 days*|*Mon 2/23/26*|*Tue 3/3/26*|
|      GDMS Adj. Comments|5 days|Mon 2/23/26|Fri 2/27/26|
|      EB Verify Comments Incorporated|2 days|Mon 3/2/26|Tue 3/3/26|
|   QA Review|2 days|Wed 3/4/26|Thu 3/5/26|
|   TPQ Review|2 days|Fri 3/6/26|Mon 3/9/26|
|   Manager Review|5 days|Tue 3/10/26|Mon 3/16/26|
|   *QA/TPQ/Manager Adj.*|*7 days*|*Tue 3/17/26*|*Wed 3/25/26*|
|      GDMS Adj. Comments|2 days|Tue 3/17/26|Wed 3/18/26|
|      Comment Response Walkthrough (as needed)|1 day|Thu 3/19/26|Thu 3/19/26|
|      GDMS Deliver Clean Draft|2 days|Fri 3/20/26|Mon 3/23/26|
|      EB Verify Comments Incorporated|2 days|Tue 3/24/26|Wed 3/25/26|
|   GDMS Deliver Final CM'd copy|3 days|Thu 3/26/26|Mon 3/30/26|
|   Transmittal for Info to NAVSEA|3 days|Tue 3/31/26|Thu 4/2/26|",,mkuperst,,,,,";25/Mar/26 11:08 AM;cwhite10;1800",,,,,,,,,5760,3960,1800,31%,5760,3960,1800,,SSWUMS-1383,,,SSWUMS-1386,,,,SSWUMS-1385,,SSWUMS-1383,,,,,,,,,,,,,,SSWSYSPM-3013,,,,,,,,,,,,,,,,,,,SSWSYSPM,,,,,,,,cwhite10,,,30/Mar/26 12:00 AM,,SSWUMS-1896,,,Done,,,,,,SOS,Sprint,,,,,,,No comments by current user.,,,,,,,,,,,,,,,,,,,,,"1|i08894:",,,,,,,,,,,,,,,,Medium,,,,,,,SSWUMS Sprint 18.1,,,,,,,,,,0.2,,,,,30/Mar/26 12:00 AM,,,,,,,,,,,,,0.0,0.0,,0.0,,,0.0,,,,,,,,,,,,
UMS CONOPS Rev A - Project Lead/Supervisor Adj.,SSWUMS-1383,91958,Task,Done,SSWUMS,SSWUMS,software,mkuperst,"Welcome to the SSWUMS Team space, led by Meridith K (Product Owner). This space includes D440 and D454 resources, as well as Sprint and Kanban work.
",,Medium,Done,cwhite10,mkuperst,mkuperst,14/Jan/26 2:54 PM,23/Mar/26 8:20 PM,18/Sep/26 3:31 PM,23/Mar/26 8:20 PM,,PI17,,,,CONOPS,,,,,,,,,,,,,,,,,,,,,,0,"*X:\Programs.686.BlockVI\Seabed Warfare\05 Concept Development\UMS\4 Requirements\CONOP\A00011839 UMS CONOPS\2026-01-14 Rev A*

 
|Task Name|Duration|Start|Finish|
|*UMS CONOPS RevA*|*54 days*|*Mon 1/19/26*|*Thu 4/2/26*|
|   Kickoff Meeting|0 days|Mon 1/19/26|Mon 1/19/26|
|   Leads Review|10 days|Mon 1/19/26|Fri 1/30/26|
|   *Leads Adj. Phase*|*10 days*|*Mon 2/2/26*|*Fri 2/13/26*|
|      GDMS Adj. Comments|5 days|Mon 2/2/26|Fri 2/6/26|
|      GDMS/EB Comment Walkthrough Meeting|1 day|Wed 2/4/26|Wed 2/4/26|
|      EB Verify Comments Incorporated|5 days|Mon 2/9/26|Fri 2/13/26|
|   Project Lead Review|5 days|Mon 2/16/26|Fri 2/20/26|
|   Supervisor Review|5 days|Mon 2/16/26|Fri 2/20/26|
|   *Leads/Project Lead/Supervisor Adj.*|*7 days*|*Mon 2/23/26*|*Tue 3/3/26*|
|      GDMS Adj. Comments|5 days|Mon 2/23/26|Fri 2/27/26|
|      EB Verify Comments Incorporated|2 days|Mon 3/2/26|Tue 3/3/26|
|   QA Review|2 days|Wed 3/4/26|Thu 3/5/26|
|   TPQ Review|2 days|Fri 3/6/26|Mon 3/9/26|
|   Manager Review|5 days|Tue 3/10/26|Mon 3/16/26|
|   *QA/TPQ/Manager Adj.*|*7 days*|*Tue 3/17/26*|*Wed 3/25/26*|
|      GDMS Adj. Comments|2 days|Tue 3/17/26|Wed 3/18/26|
|      Comment Response Walkthrough (as needed)|1 day|Thu 3/19/26|Thu 3/19/26|
|      GDMS Deliver Clean Draft|2 days|Fri 3/20/26|Mon 3/23/26|
|      EB Verify Comments Incorporated|2 days|Tue 3/24/26|Wed 3/25/26|
|   GDMS Deliver Final CM'd copy|3 days|Thu 3/26/26|Mon 3/30/26|
|   Transmittal for Info to NAVSEA|3 days|Tue 3/31/26|Thu 4/2/26|",,mkuperst,,,,,";23/Mar/26 8:20 PM;mkuperst;60",,,,,,,,,5760,5700,60,1%,11520,11460,60,,SSWUMS-1382,SSWUMS-1591,,SSWUMS-1384,SSWUMS-1385,,,SSWUMS-1384,,SSWUMS-1382,,,,,,,,,,,,,,SSWSYSPM-3013,,,,,,,,,,,,,,,,,,,SSWSYSPM,,,,,,,,cwhite10,,,24/Mar/26 12:00 AM,,SSWUMS-1242,,,Done,,,,,,SOS,Sprint,,,,"Posted on: Tue Mar 17 11:01:52 EDT 2026
Pending clean rev from GDMS to close out remaining Leads comments. No comments from PL/Supervisor",,,No comments by current user.,,,,,,,,,,,,,,,,,,,,,"1|i0888w:",,,,,,,,,,,,,,,,Medium,,,,,,,SSWUMS Sprint 17.6,,,,,,,,,,0.2,,,,,24/Mar/26 12:00 AM,,,,,,,,,,,,100.0,0.2,0.0,,,100.0,0.0,0.2,0.0,0.0,0.0,0.0,"17/Mar/26 11:01 AM;mkuperst;Pending clean rev from GDMS to close out remaining Leads comments. No comments from PL/Supervisor;;;",,,,,,,
UMS CONOPS Rev A - Project Lead/Supervisor Review,SSWUMS-1382,91957,Task,Done,SSWUMS,SSWUMS,software,mkuperst,"Welcome to the SSWUMS Team space, led by Meridith K (Product Owner). This space includes D440 and D454 resources, as well as Sprint and Kanban work.
",,Medium,Done,cwhite10,mkuperst,mkuperst,14/Jan/26 2:53 PM,17/Mar/26 11:00 AM,18/Sep/26 3:31 PM,17/Mar/26 11:00 AM,,PI17,,,,CONOPS,,,,,,,,,,,,,,,,,,,,,,0,"*X:\Programs.686.BlockVI\Seabed Warfare\05 Concept Development\UMS\4 Requirements\CONOP\A00011839 UMS CONOPS\2026-01-14 Rev A*

 
|Task Name|Duration|Start|Finish|
|*UMS CONOPS RevA*|*54 days*|*Mon 1/19/26*|*Thu 4/2/26*|
|   Kickoff Meeting|0 days|Mon 1/19/26|Mon 1/19/26|
|   Leads Review|10 days|Mon 1/19/26|Fri 1/30/26|
|   *Leads Adj. Phase*|*10 days*|*Mon 2/2/26*|*Fri 2/13/26*|
|      GDMS Adj. Comments|5 days|Mon 2/2/26|Fri 2/6/26|
|      GDMS/EB Comment Walkthrough Meeting|1 day|Wed 2/4/26|Wed 2/4/26|
|      EB Verify Comments Incorporated|5 days|Mon 2/9/26|Fri 2/13/26|
|   Project Lead Review|5 days|Mon 2/16/26|Fri 2/20/26|
|   Supervisor Review|5 days|Mon 2/16/26|Fri 2/20/26|
|   *Leads/Project Lead/Supervisor Adj.*|*7 days*|*Mon 2/23/26*|*Tue 3/3/26*|
|      GDMS Adj. Comments|5 days|Mon 2/23/26|Fri 2/27/26|
|      EB Verify Comments Incorporated|2 days|Mon 3/2/26|Tue 3/3/26|
|   QA Review|2 days|Wed 3/4/26|Thu 3/5/26|
|   TPQ Review|2 days|Fri 3/6/26|Mon 3/9/26|
|   Manager Review|5 days|Tue 3/10/26|Mon 3/16/26|
|   *QA/TPQ/Manager Adj.*|*7 days*|*Tue 3/17/26*|*Wed 3/25/26*|
|      GDMS Adj. Comments|2 days|Tue 3/17/26|Wed 3/18/26|
|      Comment Response Walkthrough (as needed)|1 day|Thu 3/19/26|Thu 3/19/26|
|      GDMS Deliver Clean Draft|2 days|Fri 3/20/26|Mon 3/23/26|
|      EB Verify Comments Incorporated|2 days|Tue 3/24/26|Wed 3/25/26|
|   GDMS Deliver Final CM'd copy|3 days|Thu 3/26/26|Mon 3/30/26|
|   Transmittal for Info to NAVSEA|3 days|Tue 3/31/26|Thu 4/2/26|",,mkuperst,,,,,";17/Mar/26 11:00 AM;mkuperst;60",";17/Mar/26 11:00 AM;mkuperst;300",,,,,,,,5760,5400,360,6%,20160,19800,360,,SSWUMS-1381,,,SSWUMS-1383,,,,SSWUMS-1383,,SSWUMS-1381,,,,,,,,,,,,,,SSWSYSPM-3013,,,,,,,,,,,,,,,,,,,SSWSYSPM,,,,,,,,cwhite10,,,13/Mar/26 12:00 AM,,SSWUMS-1242,,,Done,,,,,,SOS,Sprint,,,,"Posted on: Tue Mar 17 10:59:56 EDT 2026
No comments from Art or Evan. Requested clean rev from GDMS.",,,No comments by current user.,,,,,,,,,,,,,,,,,,,,,"1|i0888o:",,,,,,,,,,,,,,,,Medium,,,,,,,SSWUMS Sprint 17.5,SSWUMS Sprint 17.6,,,,,,,,,0.2,,,,,04/Mar/26 12:00 AM,,,,,,,,,,,,100.0,0.5,0.0,,,100.0,0.0,0.5,0.0,0.0,0.0,0.0,"11/Mar/26 11:13 AM;mkuperst;Planned rollover;;;","17/Mar/26 10:59 AM;mkuperst;No comments from Art or Evan. Requested clean rev from GDMS.;;;",,,,,,
UMS CONOPS Rev A - Leads Adj.,SSWUMS-1381,91956,Task,Done,SSWUMS,SSWUMS,software,mkuperst,"Welcome to the SSWUMS Team space, led by Meridith K (Product Owner). This space includes D440 and D454 resources, as well as Sprint and Kanban work.
",,Medium,Done,cwhite10,mkuperst,mkuperst,14/Jan/26 2:52 PM,09/Mar/26 10:45 AM,18/Sep/26 3:31 PM,09/Mar/26 10:45 AM,,PI17,,,,CONOPS,,,,,,,,,,,,,,,,,,,,,,0,"*X:\Programs.686.BlockVI\Seabed Warfare\05 Concept Development\UMS\4 Requirements\CONOP\A00011839 UMS CONOPS\2026-01-14 Rev A*

 
|Task Name|Duration|Start|Finish|
|*UMS CONOPS RevA*|*54 days*|*Mon 1/19/26*|*Thu 4/2/26*|
|   Kickoff Meeting|0 days|Mon 1/19/26|Mon 1/19/26|
|   Leads Review|10 days|Mon 1/19/26|Fri 1/30/26|
|   *Leads Adj. Phase*|*10 days*|*Mon 2/2/26*|*Fri 2/13/26*|
|      GDMS Adj. Comments|5 days|Mon 2/2/26|Fri 2/6/26|
|      GDMS/EB Comment Walkthrough Meeting|1 day|Wed 2/4/26|Wed 2/4/26|
|      EB Verify Comments Incorporated|5 days|Mon 2/9/26|Fri 2/13/26|
|   Project Lead Review|5 days|Mon 2/16/26|Fri 2/20/26|
|   Supervisor Review|5 days|Mon 2/16/26|Fri 2/20/26|
|   *Leads/Project Lead/Supervisor Adj.*|*7 days*|*Mon 2/23/26*|*Tue 3/3/26*|
|      GDMS Adj. Comments|5 days|Mon 2/23/26|Fri 2/27/26|
|      EB Verify Comments Incorporated|2 days|Mon 3/2/26|Tue 3/3/26|
|   QA Review|2 days|Wed 3/4/26|Thu 3/5/26|
|   TPQ Review|2 days|Fri 3/6/26|Mon 3/9/26|
|   Manager Review|5 days|Tue 3/10/26|Mon 3/16/26|
|   *QA/TPQ/Manager Adj.*|*7 days*|*Tue 3/17/26*|*Wed 3/25/26*|
|      GDMS Adj. Comments|2 days|Tue 3/17/26|Wed 3/18/26|
|      Comment Response Walkthrough (as needed)|1 day|Thu 3/19/26|Thu 3/19/26|
|      GDMS Deliver Clean Draft|2 days|Fri 3/20/26|Mon 3/23/26|
|      EB Verify Comments Incorporated|2 days|Tue 3/24/26|Wed 3/25/26|
|   GDMS Deliver Final CM'd copy|3 days|Thu 3/26/26|Mon 3/30/26|
|   Transmittal for Info to NAVSEA|3 days|Tue 3/31/26|Thu 4/2/26|",,bchadwic,cwhite10,mkuperst,ScriptRunner,,";18/Feb/26 9:08 AM;fopuszyn;3600","Some comments not closed out;18/Feb/26 12:11 PM;cwhite10;3600",";18/Feb/26 5:22 PM;mkuperst;3000","I had no comments to this document that were not duplicate.;19/Feb/26 10:56 AM;bchadwic;300","Comments closed out. signed MRF;02/Mar/26 4:49 PM;cwhite10;1800",";04/Mar/26 10:29 AM;mkuperst;600","Sent to GDMS;09/Mar/26 10:45 AM;cwhite10;600",,,14400,900,13500,93%,14400,900,13500,,SSWUMS-806,,,SSWUMS-1382,,,,SSWUMS-1382,,SSWUMS-806,,,,,,,,,,,,,,SSWSYSPM-3013,,,,,,,,,,,,,,,,,,,,,,,,,,,cwhite10,,,06/Mar/26 12:00 AM,,SSWUMS-1242,,,Done,,,,,,SOS,Sprint,,,,"Posted on: Mon Mar 09 10:45:16 EDT 2026
Sent to GDMS",,,No comments by current user.,,,,,,,,mkuperst,bchadwic,cwhite10,,fopuszyn,,,,,,,,,"1|i0888g:",,04/Mar/26 12:00 AM,Approved,,19/Feb/26 12:00 AM,Approved,,02/Mar/26 12:00 AM,Approved,,,Approved,,,,Medium,,,,,,,SSWUMS Sprint 17.4,SSWUMS Sprint 17.5,,,,,,,,,0.5,,,,,23/Feb/26 12:00 AM,,,,,,,,,,,,,0.0,0.0,,0.0,,,0.0,,,,,"18/Feb/26 12:11 PM;cwhite10;Some comments not closed out;;;","18/Feb/26 5:21 PM;mkuperst;Reviewed, not all comments closed/deferred;;;","19/Feb/26 10:56 AM;bchadwic;I had no comments to this document that were not duplicate.;;;","25/Feb/26 9:02 AM;mkuperst;UMS EB reviewers responded to GDMS comment adjudications. Still waiting on adj. comments back from [~cmonino]  and [~dguen] . GDMS working on updates based on the partial returned feedback;;;","02/Mar/26 4:49 PM;cwhite10;Comments closed out. signed MRF;;;","02/Mar/26 4:49 PM;ScriptRunner;The following errors occurred: (Please Log Time in the Time Spent field);;;","04/Mar/26 10:29 AM;ScriptRunner;The following errors occurred: (Please Log Time in the Time Spent field);;;","09/Mar/26 10:45 AM;cwhite10;Sent to GDMS;;;"
C-CCA HRS - Project Lead/Supervisor Adj.,SSWUMS-1380,91955,Task,Done,SSWUMS,SSWUMS,software,mkuperst,"Welcome to the SSWUMS Team space, led by Meridith K (Product Owner). This space includes D440 and D454 resources, as well as Sprint and Kanban work.
",,High,Done,cwhite10,mkuperst,mkuperst,14/Jan/26 2:42 PM,13/May/26 11:47 AM,18/Sep/26 3:31 PM,24/Apr/26 3:33 PM,,PI18,,,,C-CCA HRS,,,,,,,,,,,,,,,,,,,,,,0,"X:\Programs.686.BlockVI\Seabed Warfare\05 Concept Development\UMS\4 Requirements\HRS\C2S\  
|Task Name|Duration|Start|Finish|
|*C-CCA HRS*|*59 days*|*Fri 1/16/26*|*Wed 4/8/26*|
|   Kickoff Meeting|0 days|Fri 1/16/26|Fri 1/16/26|
|   Leads Review|15 days|Fri 1/16/26|Thu 2/5/26|
|   *Leads Adj. Phase*|*10 days*|*Fri 2/6/26*|*Thu 2/19/26*|
|      GDMS Adj. Comments|5 days|Fri 2/6/26|Thu 2/12/26|
|      GDMS/EB Comment Walkthrough Meeting|1 day|Tue 2/17/26|Tue 2/17/26|
|      EB Verify Comments Incorporated|5 days|Fri 2/13/26|Thu 2/19/26|
|   Project Lead Review|5 days|Fri 2/20/26|Thu 2/26/26|
|   Supervisor Review|5 days|Fri 2/20/26|Thu 2/26/26|
|   *Project Lead/Supervisor Adj. Phase*|*7 days*|*Fri 2/27/26*|*Mon 3/9/26*|
|      GDMS Adj. Comments|5 days|Fri 2/27/26|Thu 3/5/26|
|      EB Verify Comments Incorporated|2 days|Fri 3/6/26|Mon 3/9/26|
|   QA Review|2 days|Tue 3/10/26|Wed 3/11/26|
|   TPQ Review|2 days|Thu 3/12/26|Fri 3/13/26|
|   Manager Review|5 days|Mon 3/16/26|Fri 3/20/26|
|   *QA/TPQ/Manager Adj. Phase*|*7 days*|*Mon 3/23/26*|*Tue 3/31/26*|
|      GDMS Adj. Comments|2 days|Mon 3/23/26|Tue 3/24/26|
|      Comment Response Walkthrough (as needed)|1 day|Wed 3/25/26|Wed 3/25/26|
|      GDMS Deliver Clean Draft|3 days|Wed 3/25/26|Fri 3/27/26|
|      EB Verify Comments Incorporated|2 days|Mon 3/30/26|Tue 3/31/26|
|   GDMS Deliver Final CM'd copy|3 days|Wed 4/1/26|Fri 4/3/26|
|   Transmittal for Info to NAVSEA|3 days|Mon 4/6/26|Wed 4/8/26|",,cwhite10,mkuperst,,,,"UMS comments closed out and MRF signed;24/Apr/26 3:33 PM;cwhite10;7200",,,,,,,,,14400,7200,7200,50%,28800,18000,10800,,SSWUMS-1346,SSWUMS-1179,,SSWUMS-1180,,,,,,SSWUMS-1179,SSWUMS-1346,SSWUMS-1042,,,,,,,,,,,,SSWSYSPM-3012,,,,,,,,,,,,,,,,,,,SSWHW,SSWSYSPM,SSWTEST,SSWUMS,,,,,cwhite10,,,30/Apr/26 12:00 AM,,SSWUMS-1363,,,Done,,,,,,,,,,,"Posted on: Fri Apr 24 15:33:30 EDT 2026
UMS comments closed out and MRF signed",,,No comments by current user.,,,,,,,,,,,,,,,,,,,,,"1|i08888:",,,,,,,,,,,,,,,,,,,,,,,SSWUMS Sprint 18.2,SSWUMS Sprint 18.3,,,,,,,,,0.5,,,,,13/Apr/26 12:00 AM,,,,,,,,,,,,0.0,0.0,0.0,,,0.0,0.0,0.0,0.0,0.0,0.0,0.0,"21/Apr/26 1:53 PM;mkuperst;Supervisor comments provided to GDMS on 4/20. Not fully incorporated leads review comments are also still flagged in the log for GDMS to respond to. Pending response from GDMS.;;;","24/Apr/26 3:33 PM;cwhite10;UMS comments closed out and MRF signed;;;",,,,,,
VIR SVM346-083,SSWUMS-1379,91886,Task,Done,SSWUMS,SSWUMS,software,mkuperst,"Welcome to the SSWUMS Team space, led by Meridith K (Product Owner). This space includes D440 and D454 resources, as well as Sprint and Kanban work.
",,Medium,Done,bchadwic,evoglewe,evoglewe,14/Jan/26 9:44 AM,17/Feb/26 10:24 AM,18/Sep/26 3:31 PM,17/Feb/26 10:24 AM,,PI17,,,,PDMS Cabling & Connector Development,,,,,,,,,,,,,,,,,,,,,,0,GDMS seeking approval of beryllium contact material in the HV Cable assembly for the PDMS segment. ,,bchadwic,evoglewe,,,,";27/Jan/26 8:11 PM;bchadwic;4500",";27/Jan/26 9:49 PM;bchadwic;3600","Peer reviewed draft VIR response;28/Jan/26 3:50 PM;mkuperst;1800",";30/Jan/26 1:32 PM;bchadwic;7200","VIRs being cancelled. Marking task as done rather than cancelled to keep track of logged work;17/Feb/26 10:24 AM;bchadwic;60",,,,,14400,0,17160,119%,14400,0,17160,,,,,,,,,,,,,,,,,,,,,,,,,,,,,,,,,,,,,,,,,,,,,,,,,,,,bchadwic,,,13/Feb/26 12:00 AM,,SSWUMS-969,,,Done,,,,,,Action Item,,,,,"Posted on: Tue Feb 17 10:24:35 EST 2026
VIRs being cancelled. Marking task as done rather than cancelled to keep track of logged work",,,No comments by current user.,,,,,,,,,,,,,,,,,,,,,"1|i08800:",,,,,,,,,,,,,,,,Medium,,,,,,,SSWUMS Sprint 17.2,SSWUMS Sprint 17.3,SSWUMS Sprint 17.4,,,,,,,,0.5,,,,,10/Feb/26 12:00 AM,,,,,,,,,,,,,0.0,0.0,,0.0,,,0.0,,,,,"27/Jan/26 9:49 PM;bchadwic;Initial research for VIRs done and ER template tailored. ER needs to be populated for each VIR and submitted.;;;","04/Feb/26 10:12 AM;bchadwic;With D422 safety for comment.;;;","17/Feb/26 10:24 AM;bchadwic;VIRs being cancelled. Marking task as done rather than cancelled to keep track of logged work;;;",,,,,
Review Cybersecurity Logging Req. Updates (group 1 of 4: Intrusion Detection),SSWUMS-1378,91822,Task,Done,SSWUMS,SSWUMS,software,mkuperst,"Welcome to the SSWUMS Team space, led by Meridith K (Product Owner). This space includes D440 and D454 resources, as well as Sprint and Kanban work.
",,Medium,Done,mkuperst,mkuperst,mkuperst,13/Jan/26 11:28 AM,22/Apr/26 9:45 AM,18/Sep/26 3:31 PM,22/Apr/26 9:45 AM,,PI18,,,,Cyber Requirements Spec,,,,,,,,,,,,,,,,,,,,,,0,"* Cybersecurity Logging updates

Below ask was also sent to GDMS with template posted here: [Cyber Logging|https://gdmscollab.sharepoint.us/:f:/r/sites/PRGM-Rogue/Prime/To%20GDMS/Cyber_RMF/SSN%20812%20Cyber%20Specification/Cyber%20Logging?csf=1&web=1&e=m2S7Gc]

Per 4/2 email from [~ereyburn] 

*BLUF: We have Cybersecurity logging requirements (group 1 of 4: Intrusion Detection) for review by _all_ segments and teams. Please return the completed templates of applicability or non-applicability along with justification of non-applicabilty by 4/20 so we can provide it to LM by 4/21. We will get Jira actions created for this work.*

After some delays, we have finally received the first group of Cybersecurity Logging requirements from LM for review from all segments and stakeholders (even if it seems to be NA to your team). The group (1 of 4 groups) is intrusion detection. While the MES PaaS is handling most of the intrusion detection functions, you should still provide a review to ensure there is no impact to our segment and no design changes that are needed (especially to network equipment).

There are separate templates for:   ISS, PHC, UMS, ROV, and PCL

The templates for your review are located here:

\\us-ct-eb01\EBDepts\Eng.440\Projects-VA\VA SSW\Software Engineering\8_RMF_Cyber\SSN812_Cyber_Specification\CyberLogging/

Please put in a Y or N for applicability to your segment. If it is Not applicable, please indicate a justification/note as to why it isn’t applicable (can be as straightforward as “MES PaaS will be performing intrusion detection”, but please only use that if it makes sense for the requirement).

I will work with Dylan to get Jira action items created so you can link your work to it. For PHC, please create a separate template for your own team (HW, SW, Network, Systems) to not overwrite eachother’s work.

There are C2I Actions for these reviews, assigned to myself and to George. Those C2I actions are located at:

[https://swfts-jira.external.lmco.com/browse/MS-1809] - PHC and UMS

[https://swfts-jira.external.lmco.com/browse/MS-1810] - ISS

[https://swfts-jira.external.lmco.com/browse/MS-1811] - ROV

[https://swfts-jira.external.lmco.com/browse/MS-1812] - PCL",,cwhite10,mkuperst,,,,";22/Apr/26 9:45 AM;mkuperst;60",,,,,,,,,57600,57540,60,0%,69120,60300,9600,,,,,,,,,,,,,,,,,,,,,,,,,,,SSWSYSPM-3039,,,,,,,,,,,,,ereyburn,,,,,,,,,,,SSWCYBER,mkuperst,,,20/Apr/26 12:00 AM,,SSWUMS-1357,,,Done,,,,,,Sprint,,,,,"Posted on: Tue Apr 21 14:08:48 EDT 2026
Received inputs from GDMS",,,No comments by current user.,,,,,,,,,,,,,,,,,,,,,"1|i087mo:",,,,,,,,,,,,,,,,Medium,,,,,,,SSWUMS Sprint 18.2,,,,,,,,,,2.0,,,,100%,20/Apr/26 12:00 AM,23/Mar/26 12:00 AM,,,,,,,,,,,,0.0,0.0,,0.0,,0.0,0.0,,0.0,0.0,0.0,"20/Feb/26 9:09 AM;cwhite10;Per [~ereyburn] : 

This is a LM-provided action. They were supposed to have a meeting Feb 9th, but have pushed it back to March 23rd, which is a month beyond the originally advertised due date of Feb 23rd. I had asked them what they believe the new due date would be, and they gave a rough estimate of 2-3 weeks after the meeting (and it didn't sound certain that the meeting would definitely take place on March 23). For now, you can push the due date of the review to about April 6th

 ;;;","18/Mar/26 10:05 AM;cwhite10;Per [~ereyburn] 

Right now, the scheduled date of the logging meeting is still March 23rd. (In the C2I, it seemed like that is a tenuous date). So, that would put the review of the logging requirements from March 23rd to about April 15th;;;","21/Apr/26 2:08 PM;mkuperst;Received inputs from GDMS;;;",,,,,
H&S SDD - Review + Support GDMS Comments,SSWUMS-1377,91816,Task,Done,SSWUMS,SSWUMS,software,mkuperst,"Welcome to the SSWUMS Team space, led by Meridith K (Product Owner). This space includes D440 and D454 resources, as well as Sprint and Kanban work.
",,Medium,Done,mkuperst,mkuperst,mkuperst,13/Jan/26 11:03 AM,28/Jan/26 8:09 AM,18/Sep/26 3:31 PM,28/Jan/26 7:55 AM,,PI17,,,,AWG - H&S,,,,,,,,,,,,,,,,,,,,,,0,"EB has been assigned the action to review and comment to the H&S SDD due 1/26/26.

The following individuals are expected to review.
 * Dan/Dean for PHC Interface
 * Corey for PHC SW
 * Meridith/Brendan to track GDMS comments
 * George to track OII comments
 * Buddy to track all ISS vendor comments

 

SDD location: \\us-ct-eb01\EBDepts\Eng.440\Projects-VA\VA SSW\CWS Working Group\Meetings\Arch_WG_2024\SPLINTER\Health&Status\DataCalls\SDD_Review_Due2026-01-26

Provide comments in the folder ‘SegmentInputs’ above and I’ll send it off to LM.

GDMS: [https://gdmscollab.sharepoint.us/:b:/r/sites/PRGM-Rogue/Prime/Working%20Groups/Architecture%20Working%20Group/Health%26Status%20Splinter/2026-01-12/H%26S-SDD-DRAFT-1_12_2025_Postprocessed.pdf?csf=1&web=1&e=OgXfly]

 ",,bchadwic,cmerrima,fopuszyn,mkuperst,ScriptRunner,";13/Jan/26 11:04 AM;mkuperst;60",";19/Jan/26 2:29 PM;mkuperst;3600","No major comments. Reached out to [~gmoustak] on how to view the Cameo model protos mentioned in section 4. A few editorial flags where the SDD mentions Mica Endsley and Colonel John Boyd, but doesn't provide references. Acronyms are also not all defined (SA, for example);19/Jan/26 4:03 PM;mkuperst;3600","Reviewed. No comments.

 ;26/Jan/26 12:46 PM;bchadwic;3600",";27/Jan/26 12:19 PM;cwhite10;2700","All EB reviews complete. GDMS requested an additional week.;28/Jan/26 7:55 AM;mkuperst;60","Review of H&S SDD;28/Jan/26 8:04 AM;cmerrima;2700",";28/Jan/26 8:09 AM;fopuszyn;2700",,14400,0,19020,132%,14400,0,19020,,,,,,,,,,,,,,,,,,,,,,,,,,,,,,,,,,,,,,,,gmoustak,,,,,,,,,,,,mkuperst,,,26/Jan/26 12:00 AM,,SSWUMS-1294,,,Done,,,,,,SOS,Sprint,,,,"Posted on: Wed Jan 28 07:55:45 EST 2026
All EB reviews complete. GDMS requested an additional week.",,,No comments by current user.,,,,,,,,mkuperst,cwhite10,bchadwic,,fopuszyn,,cmerrima,,,,,,,"1|i087m8:",,19/Jan/26 12:00 AM,Approved,,27/Jan/26 12:00 AM,Approved,,26/Jan/26 12:00 AM,Approved,,,Approved,,,Approved,Medium,,,,,,,SSWUMS Sprint 17.2,,,,,,,,,,0.5,,,,,26/Jan/26 12:00 AM,,,,,,,,,,,,,0.0,0.0,,0.0,,,0.0,,,,,"19/Jan/26 4:03 PM;mkuperst;No major comments. Reached out to [~gmoustak] on how to view the Cameo model protos mentioned in section 4. A few editorial flags where the SDD mentions Mica Endsley and Colonel John Boyd, but doesn't provide references. Acronyms are also not all defined (SA, for example);;;","26/Jan/26 12:46 PM;bchadwic;Reviewed. No comments.

 ;;;","27/Jan/26 1:49 PM;cmerrima;Reviewed with no comments.;;;","27/Jan/26 1:49 PM;fopuszyn;Reviewed. No additional comments.;;;","27/Jan/26 1:49 PM;ScriptRunner;The following errors occurred: (Please Log Time in the Time Spent field);;;","28/Jan/26 7:55 AM;mkuperst;All EB reviews complete. GDMS requested an additional week.;;;",,
SSW HMI GUI - 25% Gate Review,SSWUMS-1376,91810,Task,Done,SSWUMS,SSWUMS,software,mkuperst,"Welcome to the SSWUMS Team space, led by Meridith K (Product Owner). This space includes D440 and D454 resources, as well as Sprint and Kanban work.
",,Medium,Done,mkuperst,mkuperst,mkuperst,13/Jan/26 9:57 AM,16/Jan/26 9:50 AM,18/Sep/26 3:31 PM,16/Jan/26 9:42 AM,,PI17,,,,ROG-1770 GUI Gate 1 (25%) Wireframes,SSW HMI GUI,,,,,,,,,,,,,,,,,,,,,0,"Review 25% Gate Review materials by 1/14/26.

\\us-ct-eb01\EBDepts\Eng.440\Projects-VA\VA SSW\CWS Working Group\SSW HMI GUI\Gate Reviews\25% Gate Review",,bchadwic,mkuperst,ScriptRunner,,,";13/Jan/26 9:58 AM;mkuperst;60",";14/Jan/26 12:49 PM;cwhite10;5400","Reviewed, no comments;15/Jan/26 12:43 PM;bchadwic;1800",";16/Jan/26 9:42 AM;bchadwic;60",,,,,,14400,7080,7320,50%,14400,7080,7320,,,,,,,,,,,,,,,,,,,,,,,,,,,,,,,,,,,,,,,,jsevigny,,,,,,,,,,,,mkuperst,,,14/Jan/26 12:00 AM,,SSWUMS-1294,,,Done,,,,,,Sprint,,,,,"Posted on: Fri Jan 16 09:50:17 EST 2026
Review complete on 1/14/26.",,,No comments by current user.,,,,,,,,mkuperst,cwhite10,bchadwic,,,,,,,,,,,"1|i087lk:",,,Approved,,14/Jan/26 12:00 AM,Approved,,15/Jan/26 12:00 AM,Approved,,,,,,,Medium,,,,,,,SSWUMS Sprint 17.1,SSWUMS Sprint 17.2,,,,,,,,,0.5,,,,,14/Jan/26 12:00 AM,,,,,,,,,,,,,0.0,0.0,,0.0,,,0.0,,,,,"15/Jan/26 12:43 PM;bchadwic;Reviewed, no comments;;;","16/Jan/26 9:50 AM;bchadwic;Review complete on 1/14/26.;;;",,,,,,
"ROG-1769 - C2S Verification Plan Review | L&R Control and Status Event Review",SSWUMS-1375,91805,Task,Done,SSWUMS,SSWUMS,software,mkuperst,"Welcome to the SSWUMS Team space, led by Meridith K (Product Owner). This space includes D440 and D454 resources, as well as Sprint and Kanban work.
",,Medium,Done,cwhite10,cwhite10,cwhite10,13/Jan/26 9:42 AM,11/Aug/26 4:44 PM,18/Sep/26 3:31 PM,04/Feb/26 4:54 PM,,PI17,,,,DVT,,,,,,,,,,,,,,,,,,,,,30/Jan/26 12:00 AM,0,X:\Programs.686.BlockVI\Seabed Warfare\05 Concept Development\UMS\13 Test\DVT\C2S,,cwhite10,mkuperst,ScriptRunner,,,";13/Jan/26 10:12 AM;mkuperst;60",";30/Jan/26 2:29 PM;cwhite10;7200",";04/Feb/26 4:54 PM;mkuperst;1500",";04/Feb/26 4:54 PM;mkuperst;60",,,,,,14400,5580,8820,61%,14400,5580,8820,,,,,,,,,,,,,,,,,,,,,SSWTEST-4739,,,,SSWSYSPM-3026,,,,,,,,,,,,,,,,,,,,,,,,,,,cwhite10,,,30/Jan/26 12:00 AM,,SSWUMS-1409,,,In Progress,,,,,,SOS,Sprint,,,,"Posted on: Wed Feb 04 16:54:14 EST 2026
The following errors occurred: (Please Log Time in the Time Spent field)",,,No comments by current user.,,,,,,,,cwhite10,mkuperst,,,,,,,,,,,,"1|i087l4:",,30/Jan/26 12:00 AM,Approved,,04/Feb/26 12:00 AM,Approved,,,,,,,,,,Medium,,,,,,,SSWUMS Sprint 17.2,SSWUMS Sprint 17.3,,,,,,,,,0.5,,,,100%,30/Jan/26 12:00 AM,13/Jan/26 12:00 AM,,,,,,,,,,,,0.0,0.0,,0.0,,,0.0,,,,,"28/Jan/26 7:51 AM;mkuperst;Planned rollover review; review ECD is 1/30;;;","03/Feb/26 2:32 PM;mkuperst;Cory sent comments back;;;","04/Feb/26 4:54 PM;ScriptRunner;The following errors occurred: (Please Log Time in the Time Spent field);;;",,,,,
ROG-1727 CFE ADL and LBTF Use - Review Rev 2,SSWUMS-1370,91765,Task,Done,SSWUMS,SSWUMS,software,mkuperst,"Welcome to the SSWUMS Team space, led by Meridith K (Product Owner). This space includes D440 and D454 resources, as well as Sprint and Kanban work.
",,Medium,Done,mkuperst,mkuperst,mkuperst,12/Jan/26 12:00 PM,29/Jan/26 3:05 PM,18/Sep/26 3:31 PM,29/Jan/26 3:05 PM,,PI17,,,,ROG-1727 ADL and LBTF Testing Needs,,,,,,,,,,,,,,,,,,,,,,0,"X:\Programs.686.BlockVI\Seabed Warfare\05 Concept Development\UMS\12 LBTF\ADL and LBTF Deliverables

Review rev 2 by 1/19 COB.",,bchadwic,mkuperst,ScriptRunner,,,";12/Jan/26 12:00 PM;mkuperst;300",";19/Jan/26 9:56 AM;mkuperst;1200",";19/Jan/26 12:00 PM;bchadwic;1200",";27/Jan/26 7:47 AM;cwhite10;900","Received remaining EB comments and relayed back to Sourber.;29/Jan/26 3:05 PM;mkuperst;600",";29/Jan/26 3:05 PM;mkuperst;60",,,,5760,1500,4260,73%,5760,1500,4260,,,,,,,,,,,,,,,,,,,,,,,,,,,,,,,,,,,,,,,,,,,,,,,,,,,,mkuperst,,,19/Jan/26 12:00 AM,,SSWUMS-1341,,,Done,,,,,,SOS,Sprint,,,,"Posted on: Thu Jan 29 15:05:15 EST 2026
The following errors occurred: (Please Log Time in the Time Spent field)",,,No comments by current user.,,,,,,,,mkuperst,cwhite10,bchadwic,,,,,,,,,,,"1|i087co:",,29/Jan/26 12:00 AM,Approved,,27/Jan/26 12:00 AM,Approved,,19/Jan/26 12:00 AM,Approved,,,,,,,Medium,,,,,,,SSWUMS Sprint 17.2,SSWUMS Sprint 17.3,,,,,,,,,0.2,,,,,19/Jan/26 12:00 AM,,,,,,,,,,,,,0.0,0.0,,0.0,,,0.0,,,,,"19/Jan/26 9:55 AM;mkuperst;Gantt chart needs to change server purchase from LM to GDMS. Also need to talk with [~aviola] about the successor denotation.;;;","19/Jan/26 12:00 PM;bchadwic;It is unclear from this presentation what the impact from the transformer delay will be.;;;","22/Jan/26 1:27 PM;mkuperst;[~bchadwic] agreed. That's a follow on discussion for the IMS though; this package was created before the new May shift was communicated.;;;","28/Jan/26 7:49 AM;mkuperst;Open, pending review resolution from [~aviola] ;;;","28/Jan/26 3:53 PM;mkuperst;[~aviola] estimates looking it over by COB 1/28;;;","29/Jan/26 3:05 PM;mkuperst;Received remaining EB comments and relayed back to Sourber.;;;","29/Jan/26 3:05 PM;ScriptRunner;The following errors occurred: (Please Log Time in the Time Spent field);;;",
ROG-1747 Review (Rise time for normal manual control),SSWUMS-1369,91431,Task,Done,SSWUMS,SSWUMS,software,mkuperst,"Welcome to the SSWUMS Team space, led by Meridith K (Product Owner). This space includes D440 and D454 resources, as well as Sprint and Kanban work.
",,Medium,Done,cwhite10,cwhite10,cwhite10,08/Jan/26 1:18 PM,27/Jan/26 10:42 AM,18/Sep/26 3:31 PM,27/Jan/26 10:42 AM,,PI17,,,,C2S,,,,,,,,,,,,,,,,,,,,,16/Jan/26 12:00 AM,0,X:\Programs.686.BlockVI\Seabed Warfare\05 Concept Development\UMS\9 C2\03_Controls\ROG-1747 Rise time for normal manual control,,cwhite10,mkuperst,,,,";08/Jan/26 1:19 PM;cwhite10;60","Comments sent back to Mark S. New task will be opened when receive the next file;27/Jan/26 10:42 AM;cwhite10;7200",,,,,,,,14400,7140,7260,50%,14400,7140,7260,,,,,,,,,,,,,,,,,,,,,,,,,,,,,,,,,,,,,,,,,,,,,,,,,,,,cwhite10,,,16/Jan/26 12:00 AM,,SSWUMS-906,,,Done,,,,,,SOS,Sprint,,,,"Posted on: Tue Jan 27 10:42:20 EST 2026
Comments sent back to Mark S. New task will be opened when receive the next file",,,No comments by current user.,,,,,,,,mkuperst,cwhite10,,,,,,,,,,,,"1|i085lc:",,,Rejected,,,TBD,,,,,,,,,,Medium,,,,,,,SSWUMS Sprint 17.1,SSWUMS Sprint 17.2,,,,,,,,,0.5,,,,100%,16/Jan/26 12:00 AM,08/Jan/26 12:00 AM,,,,,,,,,,,,0.0,0.0,,0.0,,,0.0,,,,,"15/Jan/26 9:33 PM;mkuperst;[~cwhite10] I agree with Scussel's confusion in the email chain. - this seems like an incomplete presentation. Based on the BLUF, it read like this was going to lead into a requirements proposal due to design requirements, but instead says ""this is something in development, there isn't much to discuss yet"". It is missing a conclusion summarizing the details of the brief recommendation based on the content

Having a brief that just is an in progress ""here is a technical investigation we've been and/or finished working"" is great for a TEM, but this isn't quite there yet. ;;;","19/Jan/26 9:35 AM;cwhite10;[~mkuperst] I concur. My plan was to discuss with mark during the control system walkthrough meeting during the PI;;;","22/Jan/26 1:28 PM;mkuperst;[~cwhite10] can this task be closed? Review should be completed for all parties.;;;","27/Jan/26 10:42 AM;cwhite10;Comments sent back to Mark S. New task will be opened when receive the next file;;;",,,,
Review ROG-1747 and prep for a TEM Review Cycle,SSWUMS-1368,91361,Task,Done,SSWUMS,SSWUMS,software,mkuperst,"Welcome to the SSWUMS Team space, led by Meridith K (Product Owner). This space includes D440 and D454 resources, as well as Sprint and Kanban work.
",,Medium,Done,cwhite10,cwhite10,cwhite10,08/Jan/26 12:41 PM,08/Jan/26 1:16 PM,18/Sep/26 3:31 PM,08/Jan/26 1:16 PM,,PI17,,,,C2S,,,,,,,,,,,,,,,,,,,,,,0,\\us-ct-eb01\EBDepts\Programs.686.BlockVI\Seabed Warfare\05 Concept Development\UMS\9 C2\03_Controls\ROG-1747 Rise time for normal manual control,,cwhite10,,,,,";08/Jan/26 12:41 PM;cwhite10;60",";08/Jan/26 1:16 PM;cwhite10;5400",,,,,,,,5760,300,5460,94%,5760,300,5460,,,,,,,,,,,,,,,,,,,,,,,,,,,,,,,,,,,,,,,,,,,,,,,,,,,,cwhite10,,,,,SSWUMS-906,,,Done,,,,,,Sprint,,,,,,,,No comments by current user.,,,,,,,,,,,,,,,,,,,,,"1|i0856g:",,,,,,,,,,,,,,,,Medium,,,,,,,SSWUMS Sprint 17.1,,,,,,,,,,0.2,,,,,,,,,,,,,,,,,,0.0,0.0,,0.0,,,0.0,,,,,,,,,,,,
6. D440 SYS Products - PI18,SSWUMS-1367,91346,Epic,Done,SSWUMS,SSWUMS,software,mkuperst,"Welcome to the SSWUMS Team space, led by Meridith K (Product Owner). This space includes D440 and D454 resources, as well as Sprint and Kanban work.
",,Medium,Done,,mkuperst,cwhite10,08/Jan/26 11:20 AM,11/Aug/26 4:57 PM,18/Sep/26 3:31 PM,22/Jun/26 1:03 PM,,PI18,,,,C2S,CADs,Document Dev,ICD,NIOU Signal List,PHC CONOPS,PHC Eng GUI Spec,Review,UMS SSLR,Vendor (GDMS),,,,,,,,,,,,,0,,,cwhite10,,,,,,,,,,,,,,0,0,,0%,0,0,,,,,,,,,,SSWUMS-1998,,SSWUMS-1295,,,,,,,,,,,,,,,,,,,,,,,,,,,,,,,,,,,,,,,,,,,,,ghx-label-8,,6. D440 SYS Products - PI18,Done,,,,,,,,,,,,,,,No comments by current user.,,,,,,,SSWUMS-562,,,,,,,,,,,,,,"1|i09lfb:",,,,,,,,,,,,,,,,Medium,,,,,,,,,,,,,,,,,0.0,,,,100%,01/Jul/26 12:00 AM,25/Mar/26 12:00 AM,,,,,,,,,,,100.0,0.2,0.0,,,100.0,62.5,0.2,0.0,1.6,0.6,1.0,,,,,,,,
5.b. Interfaces - PI19,SSWUMS-1366,91345,Epic,Done,SSWUMS,SSWUMS,software,mkuperst,"Welcome to the SSWUMS Team space, led by Meridith K (Product Owner). This space includes D440 and D454 resources, as well as Sprint and Kanban work.
",,Medium,Done,,mkuperst,cwhite10,08/Jan/26 11:20 AM,19/Aug/26 8:57 AM,18/Sep/26 3:31 PM,19/Aug/26 8:57 AM,,PI19,,,,ICD,RTR IRS,,,,,,,,,,,,,,,,,,,,,0,,,cwhite10,,,,,,,,,,,,,,0,0,,0%,0,0,,,,,,,,,,,,SSWUMS-1365,,,,,,,,,,,,,,,,,,,,,,,,,,,,,,,,,,,,,,,,,,,,,ghx-label-14,,5.b. Interfaces - PI19,Done,,,,,,,,,,,,,,,No comments by current user.,,,,,,,SSWUMS-562,,,,,,,,,,,,,,"1|i0airg:",,,,,,,,,,,,,,,,Medium,,,,,,,,,,,,,,,,,,,,,94%,23/Sep/26 12:00 AM,01/Jul/26 12:00 AM,,,,,,,,,,,100.0,2.0,0.0,,,100.0,50.2,2.0,0.0,16.0,8.0,8.0,,,,,,,,
5.b. Interfaces - PI18,SSWUMS-1365,91344,Epic,Done,SSWUMS,SSWUMS,software,mkuperst,"Welcome to the SSWUMS Team space, led by Meridith K (Product Owner). This space includes D440 and D454 resources, as well as Sprint and Kanban work.
",,Medium,Done,,mkuperst,cwhite10,08/Jan/26 11:19 AM,11/Aug/26 4:57 PM,18/Sep/26 3:31 PM,26/Jun/26 2:50 PM,,PI18,,,,ICD,MES IRS,,,,,,,,,,,,,,,,,,,,,0,,,cwhite10,,,,,,,,,,,,,,0,0,,0%,0,0,,,,,,,,,,SSWUMS-1366,,SSWUMS-1235,,,,,,,,,,,,,,,,,,,,,,,,,,,,,,,,,,,,,,,,,,,,,ghx-label-14,,5.b. Interfaces - PI18,Done,,,,,,,,,,,,,,,No comments by current user.,,,,,,,SSWUMS-562,,,,,,,,,,,,,,"1|i03fhp:ak",,,,,,,,,,,,,,,,Medium,,,,,,,,,,,,,,,,,,,,,100%,01/Jul/26 12:00 AM,25/Mar/26 12:00 AM,,,,,,,,,,,100.0,2.0,0.0,,,100.0,16.6,2.0,0.0,16.0,13.3,2.7,,,,,,,,
4.i. UMS Procurement Specs - PI18,SSWUMS-1364,91343,Epic,Cancelled,SSWUMS,SSWUMS,software,mkuperst,"Welcome to the SSWUMS Team space, led by Meridith K (Product Owner). This space includes D440 and D454 resources, as well as Sprint and Kanban work.
",,Medium,Won't Do,mkuperst,mkuperst,cwhite10,08/Jan/26 11:19 AM,22/Jun/26 1:03 PM,18/Sep/26 3:31 PM,22/Jun/26 1:02 PM,,PI18,,,,Document Dev,EOSR Procurement Spec,PDMS Cable & Connector Procurement Spec,Vendor (GDMS),,,,,,,,,,,,,,,,,,,0,"Estimated 16 hours for initial review + 16 hours for adjudication, per product",,cwhite10,,,,,,,,,,,,,,0,0,,0%,0,0,,,,,,,,,,,,SSWUMS-1344,,,,,,,,,,,,,,,,,,,,,,,,,,,,,,,,,,,,,,,,,,,,,ghx-label-13,,4.i. UMS Procurement Specs - PI18,Done,,,,,,,,,,,,"Posted on: Mon Jun 22 13:02:57 EDT 2026
No Tasking in PI 18 - Epic Cancelled",,,No comments by current user.,,,,,,,SSWUMS-568,,,,,,,,,,,,,,"1|i0853c:",,,,,,,,,,,,,,,,Medium,,,,,,,,,,,,,,,,,0.0,,,,100%,01/Jul/26 12:00 AM,25/Mar/26 12:00 AM,,,,,,,,,,,0.0,0.0,0.0,,,0.0,0.0,0.0,0.0,0.0,0.0,0.0,"22/Jun/26 1:02 PM;cwhite10;No Tasking in PI 18 - Epic Cancelled;;;",,,,,,,
4.d. C-CCA HRS - PI18,SSWUMS-1363,91342,Epic,Done,SSWUMS,SSWUMS,software,mkuperst,"Welcome to the SSWUMS Team space, led by Meridith K (Product Owner). This space includes D440 and D454 resources, as well as Sprint and Kanban work.
",,Medium,Done,cwhite10,mkuperst,cwhite10,08/Jan/26 11:16 AM,30/Jun/26 12:20 PM,18/Sep/26 3:31 PM,16/Jun/26 12:25 PM,,PI18,,,,C-CCA HRS,,,,,,,,,,,,,,,,,,,,,,0,"Estimated 16 hours for initial review + 16 hours for adjudication, per product",,cwhite10,,,,,,,,,,,,,,0,0,,0%,0,0,,,,,,,,,,,,SSWUMS-1137,,,,,,,,,,,,,,,,,,,,,,,,,,,,,,,,,,,,,,,,,,,,,ghx-label-13,,4.d. C-CCA HRS - PI18,Done,,,,,,,,,,,,,,,No comments by current user.,,,,,,,SSWUMS-472,,,,,,,,,,,,,,"1|i08534:",,,,,,,,,,,,,,,,Medium,,,,,,,,,,,,,,,,,,,,,100%,01/Jul/26 12:00 AM,25/Mar/26 12:00 AM,,,,,,,,,,,100.0,2.7,0.0,,,100.0,99.0,2.7,0.0,21.6,0.2,21.4,,,,,,,,
SSWUMS PI 20 Jira Planning,SSWUMS-1362,91341,Task,Done,SSWUMS,SSWUMS,software,mkuperst,"Welcome to the SSWUMS Team space, led by Meridith K (Product Owner). This space includes D440 and D454 resources, as well as Sprint and Kanban work.
",,Medium,Done,mkuperst,cwhite10,cwhite10,08/Jan/26 11:15 AM,24/Aug/26 1:13 PM,18/Sep/26 3:31 PM,24/Aug/26 1:13 PM,,PI19,,,,EB PI,,,,,,,,,,,,,,,,,,,,,21/Aug/26 12:00 AM,0,,,cwhite10,,,,,";24/Aug/26 1:13 PM;cwhite10;60",,,,,,,,,57600,57540,60,0%,57600,57540,70260,,,,,,,,,,,,,,,,,,,,,,,,,,,,,,,,,,,,,,,,,,,,,,,,,,,,mkuperst,,,21/Aug/26 12:00 AM,,SSWUMS-980,,,In Progress,,,,,,Sprint,,,,,,,,No comments by current user.,,,,,,,,,,,,,,,,,,,,,"1|i0852w:",,,,,,,,,,,,,,,,Medium,,,,,,,PI19 7/1/2026 - 9/23/2026,,,,,,,,,,2.0,,,,100%,21/Aug/26 12:00 AM,17/Aug/26 12:00 AM,,,,,,,,,,,,0.0,0.0,,0.0,,0.0,0.0,,0.0,0.0,0.0,,,,,,,,
SSWUMS PI 19 Jira Planning,SSWUMS-1361,91339,Task,Done,SSWUMS,SSWUMS,software,mkuperst,"Welcome to the SSWUMS Team space, led by Meridith K (Product Owner). This space includes D440 and D454 resources, as well as Sprint and Kanban work.
",,Medium,Done,mkuperst,cwhite10,cwhite10,08/Jan/26 11:15 AM,26/May/26 10:12 AM,18/Sep/26 3:31 PM,26/May/26 10:12 AM,,PI18,,,,EB PI,,,,,,,,,,,,,,,,,,,,,,0,,,cwhite10,,,,,";12/May/26 10:32 AM;gbarry;5400",";26/May/26 10:12 AM;cwhite10;3600",,,,,,,,28800,19800,9000,31%,28800,19800,48660,,,,,,,,,,,,,,,,,,,,,,,,,,,,,,,,,,,,,,,,,,,,,,,,,,,SSWSYSPM,mkuperst,,,,,SSWUMS-1357,,,Done,,,,,,Sprint,,,,,,,,No comments by current user.,,,,,,,,,,,,,,,,,,,,,"1|i0852g:",,,,,,,,,,,,,,,,Medium,,,,,,,SSWUMS Sprint 18.4,SSWUMS Sprint 18.5,,,,,,,,,1.0,,,,,,,,,,,,,,,,,,0.0,0.0,,0.0,,0.0,0.0,,0.0,0.0,0.0,,,,,,,,
SSWUMS PI 18 Jira Planning,SSWUMS-1360,91338,Task,Done,SSWUMS,SSWUMS,software,mkuperst,"Welcome to the SSWUMS Team space, led by Meridith K (Product Owner). This space includes D440 and D454 resources, as well as Sprint and Kanban work.
",,Medium,Done,mkuperst,cwhite10,cwhite10,08/Jan/26 11:14 AM,23/Feb/26 2:18 PM,18/Sep/26 3:31 PM,23/Feb/26 2:18 PM,,PI18,,,,EB PI,,,,,,,,,,,,,,,,,,,,,,0,,,cwhite10,,,,,";17/Feb/26 10:06 AM;mkuperst;5400",";23/Feb/26 2:18 PM;mkuperst;10800",,,,,,,,28800,12600,16200,56%,28800,12600,16200,,,,,,,,,,,,,,,,,,,,,,,,,,,,,,,,,,,,,,,,,,,,,,,,,,,,mkuperst,,,20/Feb/26 12:00 AM,,SSWUMS-1357,,,Done,,,,,,SOS,Sprint,,,,,,,No comments by current user.,,,,,,,,mkuperst,bchadwic,cwhite10,,,,,,,,,,,"1|i08528:",,,,,,,,,,,,,,,,Medium,,,,,,,SSWUMS Sprint 17.4,,,,,,,,,,1.0,,,,,23/Feb/26 12:00 AM,,,,,,,,,,,,,0.0,0.0,,0.0,,0.0,0.0,,0.0,0.0,0.0,,,,,,,,
5.a. SSN 812 Integration Tasking - PI20,SSWUMS-1359,91337,Epic,To Do,SSWUMS,SSWUMS,software,mkuperst,"Welcome to the SSWUMS Team space, led by Meridith K (Product Owner). This space includes D440 and D454 resources, as well as Sprint and Kanban work.
",,Medium,,mkuperst,mkuperst,cwhite10,08/Jan/26 11:13 AM,19/Aug/26 8:59 AM,18/Sep/26 3:31 PM,,,PI20,,,,Cyber Data Call,HMI Requirements Spec,SSS - CYBER,,,,,,,,,,,,,,,,,,,,0,"Regularly re-occurring in support of SSW and/or PHC 

[~bchadwic] [~rconley] [~rclouse1] [~cwhite10] ",,cwhite10,,,,,,,,,,,,,,0,0,,0%,0,0,,,,,,,,,,,,SSWUMS-1358,,,,,,,,,,,,,,,,,,,,,,,,,,,,,,,,,,,,,,,,,,,,,ghx-label-14,,5.a. SSN 812 Integration Tasking - PI20,In Progress,,,,,,,,,,,,,,,No comments by current user.,,,,,,,SSWUMS-566,,,,,,,,,,,,,,"1|i0aecp:9",,,,,,,,,,,,,,,,Medium,,,,,,,,,,,,,,,,,,,,,0%,23/Dec/26 12:00 AM,23/Sep/26 12:00 AM,,,,,,,,,,,0.0,0.0,0.0,,,0.0,0.0,2.0,2.0,16.0,16.0,0.0,,,,,,,,
5.a. SSN 812 Integration Tasking - PI19,SSWUMS-1358,91336,Epic,In Progress,SSWUMS,SSWUMS,software,mkuperst,"Welcome to the SSWUMS Team space, led by Meridith K (Product Owner). This space includes D440 and D454 resources, as well as Sprint and Kanban work.
",,Medium,,mkuperst,mkuperst,cwhite10,08/Jan/26 11:13 AM,08/Sep/26 12:21 PM,18/Sep/26 3:31 PM,,,PI19,,,,HMI Requirements Spec,,,,,,,,,,,,,,,,,,,,,,0,"Regularly re-occurring in support of SSW and/or PHC 

[~bchadwic] [~rconley] [~rclouse1] [~cwhite10] ",,cwhite10,,,,,,,,,,,,,,0,0,,0%,0,0,,,,,,,,,,SSWUMS-1359,,SSWUMS-1357,,,,,,,,,,,,,,,,,,,,,,,,,,,,,,,,,,,,,,,,,,,,,ghx-label-14,,5.a. SSN 812 Integration Tasking - PI19,In Progress,,,,,,,,,,,,,,,No comments by current user.,,,,,,,SSWUMS-566,,,,,,,,,,,,,,"1|i0aeco:o",,,,,,,,,,,,,,,,Medium,,,,,,,,,,,,,,,,,,,,,94%,23/Sep/26 12:00 AM,01/Jul/26 12:00 AM,,,,,,,,,,,83.33,1.0,0.0,,,83.3,3.5,1.2,0.2,9.6,9.3,0.3,,,,,,,,
5.a. SSN 812 Integration Tasking - PI18,SSWUMS-1357,91335,Epic,Done,SSWUMS,SSWUMS,software,mkuperst,"Welcome to the SSWUMS Team space, led by Meridith K (Product Owner). This space includes D440 and D454 resources, as well as Sprint and Kanban work.
",,Medium,Done,mkuperst,mkuperst,cwhite10,08/Jan/26 11:13 AM,12/Aug/26 12:38 PM,18/Sep/26 3:31 PM,22/Jun/26 12:45 PM,,PI18,,,,C2I IPT,Cyber Requirements Spec,EB PI,HMI Requirements Spec,Review,SSW TI-24 FOCS ICD,,,,,,,,,,,,,,,,,0,Regularly re-occurring in support of SSW and/or PHC ,,cwhite10,,,,,,,,,,,,,,0,0,,0%,0,0,,,,,,,,,,SSWUMS-1358,,SSWUMS-1294,,,,,,,,,,,,,,,,,,,,,,,,,,,,,,,,,,,,,,,,,,,,,ghx-label-14,,5.a. SSN 812 Integration Tasking - PI18,Done,,,,,,,,,,,,,,,No comments by current user.,,,,,,,SSWUMS-566,,,,,,,,,,,,,,"1|i0851k:",,,,,,,,,,,,,,,,Medium,,,,,,,,,,,,,,,,,,,,,100%,01/Jul/26 12:00 AM,25/Mar/26 12:00 AM,,,,,,,,,,,100.0,12.3,0.0,,,100.0,69.3,12.3,0.0,98.4,30.2,68.2,,,,,,,,
MES IRS - Review copy received in PI 17,SSWUMS-1356,91117,Task,Done,SSWUMS,SSWUMS,software,mkuperst,"Welcome to the SSWUMS Team space, led by Meridith K (Product Owner). This space includes D440 and D454 resources, as well as Sprint and Kanban work.
",,Medium,Done,mkuperst,mkuperst,mkuperst,06/Jan/26 3:37 PM,10/Feb/26 3:50 PM,18/Sep/26 3:31 PM,10/Feb/26 3:50 PM,,PI17,,,,MES IRS,,,,,,,,,,,,,,,,,,,,,,0,"Review copy of MES IRS received in PI 17

\\us-ct-eb01\EBDepts\Eng.440\Projects-VA\VA SSW\CWS Working Group\CWS Share\Product Reviews\LM_Products\PI16_2026_01_08\PI16_SystemsEngineeringDocuments",,mkuperst,,,,,"Reviewed, no comments.;10/Feb/26 3:50 PM;mkuperst;3600",,,,,,,,,14400,10800,3600,25%,14400,10800,3600,,,,,,,,,,,,,,,,,,,,,,,,,,,,,,,,,,,,,,,,,,,,,,,,,,,,mkuperst,,,,,SSWUMS-1235,,,Done,,,,,,SOS,Sprint,,,,"Posted on: Tue Feb 10 15:50:06 EST 2026
Reviewed, no comments.",,,No comments by current user.,,,,,,,,,,,,,,,,,,,,,"1|i0841k:",,,,,,,,,,,,,,,,Medium,,,,,,,SSWUMS Sprint 17.3,,,,,,,,,,0.5,,,,,,,,,,,,,,,,,,0.0,0.0,,0.0,,,0.0,,,,,"10/Feb/26 3:50 PM;mkuperst;Reviewed, no comments.;;;",,,,,,,
FORJ breakdown brief development support,SSWUMS-1355,91116,Task,Done,SSWUMS,SSWUMS,software,mkuperst,"Welcome to the SSWUMS Team space, led by Meridith K (Product Owner). This space includes D440 and D454 resources, as well as Sprint and Kanban work.
",,Medium,Done,bchadwic,mkuperst,mkuperst,06/Jan/26 3:34 PM,23/Mar/26 8:10 PM,18/Sep/26 3:31 PM,23/Mar/26 8:10 PM,,PI17,,,,PDMS,,,,,,,,,,,,,,,,,,,,,,0,"Review and provide input to initial draft of the FORJ breakdown brief

The presentation and comment log can be found here:

X:\Programs.686.BlockVI\Seabed Warfare\05 Concept Development\UMS\10 PDMS\EOSR\First Article FORJ\Post Life Testing Investigation",,mkuperst,,,,,";23/Mar/26 8:10 PM;mkuperst;60",,,,,,,,,14400,14340,60,0%,14400,14340,15060,,,,,,,,,SSWUMS-1913,,,,,,,,,,,,,,,,,,,,,,,,,,,,,,,,,,,,,,,,,,,bchadwic,,,20/Mar/26 12:00 AM,,SSWUMS-969,,,Done,,,,,,Sprint,,,,,"Posted on: Tue Mar 10 14:19:41 EDT 2026
Getting in Thursday 3/12. Brief is on 4/2.",,,No comments by current user.,,,,,,,,,,,,,,,,,,,,,"1|i0841c:",,,,,,,,,,,,,,,,Medium,,,,,,,SSWUMS Sprint 17.6,,,,,,,,,,0.5,,,,,,,,,,,,,,,,,,0.0,0.0,,0.0,,0.0,0.0,,0.0,0.0,0.0,"10/Mar/26 2:19 PM;mkuperst;Getting in Thursday 3/12. Brief is on 4/2.;;;",,,,,,,
PI 15 EB ENG GUI Spec - Leads Adj,SSWUMS-1354,91115,Task,To Do,SSWUMS,SSWUMS,software,mkuperst,"Welcome to the SSWUMS Team space, led by Meridith K (Product Owner). This space includes D440 and D454 resources, as well as Sprint and Kanban work.
",,Medium,,mkuperst,mkuperst,mkuperst,06/Jan/26 3:32 PM,30/Jun/26 2:18 PM,18/Sep/26 3:31 PM,,,PI20,,,,PHC Eng GUI Spec,,,,,,,,,,,,,,,,,,,,,,0,Complete EB UMS review and comment of PI 15 ENG GUI Spec,,mkuperst,,,,,,,,,,,,,,86400,86400,,0%,86400,86400,,,,,,,,,,,,SSWUMS-1353,,,,,,,,,,,,,,,,,,,,,,,,,,,,,asamegul,,,,,,,,,,,,mkuperst,,,,,SSWUMS-1999,,,To Do,,,,,,Sprint,,,,,,,,No comments by current user.,,,,,,,,,,,,,,,,,,,,,"1|i08414:",,,,,,,,,,,,,,,,Medium,,,,,,,PI20 9/23/2026 - 1/3/2027,,,,,,,,,,3.0,,,,,,,,,,,,,,,,,,0.0,0.0,,0.0,,,0.0,,,,,,,,,,,,
PI 15 EB ENG GUI Spec - Leads Review,SSWUMS-1353,91114,Task,To Do,SSWUMS,SSWUMS,software,mkuperst,"Welcome to the SSWUMS Team space, led by Meridith K (Product Owner). This space includes D440 and D454 resources, as well as Sprint and Kanban work.
",,Medium,,mkuperst,mkuperst,mkuperst,06/Jan/26 3:31 PM,30/Jun/26 2:19 PM,18/Sep/26 3:31 PM,,,PI20,,,,PHC Eng GUI Spec,,,,,,,,,,,,,,,,,,,,,,0,Complete EB UMS review and comment of PI 15 ENG GUI Spec,,mkuperst,,,,,,,,,,,,,,28800,28800,,0%,28800,28800,,,,,,,,,,SSWUMS-1354,,,,,,,,,,,,,,,,,,,,,,,,,,,,,,,asamegul,,,,,,,,,,,,mkuperst,,,,,SSWUMS-1999,,,To Do,,,,,,SOS,Sprint,,,,"Posted on: Thu Mar 05 12:09:49 EST 2026
Removing from sprint due to this spec being delayed for a TBD period of time. Moving to backlog until new schedule has been established

 ",,,No comments by current user.,,,,,,,,,,,,,,,,,,,,,"1|i0840w:",,,,,,,,,,,,,,,,Medium,,,,,,,PI20 9/23/2026 - 1/3/2027,,,,,,,,,,1.0,,,,,,,,,,,,,,,,,,0.0,0.0,,0.0,,,0.0,,,,,"05/Mar/26 12:09 PM;mkuperst;Removing from sprint due to this spec being delayed for a TBD period of time. Moving to backlog until new schedule has been established

 ;;;",,,,,,,
4.d. UMS SRDD - HSMA - PI18,SSWUMS-1352,91110,Epic,Done,SSWUMS,SSWUMS,software,mkuperst,"Welcome to the SSWUMS Team space, led by Meridith K (Product Owner). This space includes D440 and D454 resources, as well as Sprint and Kanban work.
",,Medium,Done,mkuperst,mkuperst,mkuperst,06/Jan/26 2:58 PM,30/Jun/26 12:20 PM,18/Sep/26 3:31 PM,24/Jun/26 7:00 AM,,PI18,,,,SRDD,SRDD-HSMA,,,,,,,,,,,,,,,,,,,,,0,"Estimated 16 hours for initial review + 16 hours for adjudication, per product",,mkuperst,,,,,,,,,,,,,,0,0,,0%,0,0,,,,,,,,,,SSWUMS-1473,,SSWUMS-1351,,,,,,,,,,,,,,,,,,,,,,,,,,,,,,,,,,,,,,,,,,,,,ghx-label-13,,4.d. UMS SRDD - HSMA - PI18,Done,,,,,,,,,,,,,,,No comments by current user.,,,,,,,SSWUMS-473,,,,,,,,,,,,,,"1|i08400:",,,,,,,,,,,,,,,,Medium,,,,,,,,,,,,,,,,,,,,,100%,01/Jul/26 12:00 AM,25/Mar/26 12:00 AM,,,,,,,,,,,100.0,6.1,0.0,,,100.0,188.1,6.1,0.0,48.8,'-43.0,91.8,,,,,,,,
4.d. UMS SRDD - SSA - PI17,SSWUMS-1351,91109,Epic,Done,SSWUMS,SSWUMS,software,mkuperst,"Welcome to the SSWUMS Team space, led by Meridith K (Product Owner). This space includes D440 and D454 resources, as well as Sprint and Kanban work.
",,Medium,Done,mkuperst,mkuperst,mkuperst,06/Jan/26 2:57 PM,27/Mar/26 4:50 AM,18/Sep/26 3:31 PM,11/Mar/26 10:49 AM,,PI17,,,,SRDD,SRDD-SSA,,,,,,,,,,,,,,,,,,,,,0,"Estimated 16 hours for initial review + 16 hours for adjudication, per product",,mkuperst,,,,,,,,,,,,,,0,0,,0%,0,0,,,,,,,,,,SSWUMS-1471,SSWUMS-1352,SSWUMS-947,,,,,,,,,,,,,,,,,,,,,,,,,,,,,,,,,,,,,,,,,,,,,ghx-label-13,,4.d. UMS SRDD - SSA - PI17,Done,,,,,,,,,,,,,,,No comments by current user.,,,,,,,SSWUMS-473,,,,,,,,,,,,,,"1|i083zs:",,,,,,,,,,,,,,,,Medium,,,,,,,,,,,,,,,,,,,,,,,,,,,,,,,,,,100.0,0.1,0.0,,,100.0,112.5,0.1,0.0,0.8,'-0.1,0.9,,,,,,,,
4.d. PDMS HRS - PI17,SSWUMS-1350,91108,Epic,Done,SSWUMS,SSWUMS,software,mkuperst,"Welcome to the SSWUMS Team space, led by Meridith K (Product Owner). This space includes D440 and D454 resources, as well as Sprint and Kanban work.
",,Medium,Done,bchadwic,mkuperst,mkuperst,06/Jan/26 2:50 PM,23/Mar/26 8:21 AM,18/Sep/26 3:31 PM,23/Mar/26 8:20 AM,,PI17,,,,PDMS HRS,,,,,,,,,,,,,,,,,,,,,,0,"Estimated 16 hours for initial review + 16 hours for adjudication, per product",,cwhite10,mkuperst,,,,,,,,,,,,,0,0,,0%,0,0,,,,,,,,,,SSWUMS-1585,,SSWUMS-1137,,,,,,,,,,,,,,,,,,,,,,,,,,,,,,,,,,,,,,,,,,,,,ghx-label-13,,4.d. PDMS HRS - PI17,Done,,,,,,,,,,,,"Posted on: Mon Mar 23 08:21:38 EDT 2026
Due to schedule slips all tasking was mover to PI 18 under SSWUMS-1585",,,No comments by current user.,,,,,,,SSWUMS-472,,,,,,,,,,,,,,"1|i083zk:",,,,,,,,,,,,,,,,Medium,,,,,,,,,,,,,,,,,,,,,,,,,,,,,,,,,,0.0,0.0,0.0,,,0.0,0.0,0.0,0.0,0.0,0.0,0.0,"23/Mar/26 8:21 AM;cwhite10;Due to schedule slips all tasking was mover to PI 18 under SSWUMS-1585;;;",,,,,,,
5.c. MES PaaS Consolidation - PI18,SSWUMS-1349,91093,Epic,Cancelled,SSWUMS,SSWUMS,software,mkuperst,"Welcome to the SSWUMS Team space, led by Meridith K (Product Owner). This space includes D440 and D454 resources, as well as Sprint and Kanban work.
",,Medium,Won't Do,,mkuperst,mkuperst,06/Jan/26 12:59 PM,22/Jun/26 1:03 PM,18/Sep/26 3:31 PM,22/Jun/26 1:03 PM,,PI18,,,,MES PaaS,,,,,,,,,,,,,,,,,,,,,,0,,,cwhite10,mkuperst,,,,,,,,,,,,,0,0,,0%,0,0,,,,,,,,,,,,SSWUMS-1348,,,,,,,,,,,,,,,,,,,,,,,,,,,,,,,,,,,,,,,,,,,,,ghx-label-14,,5.c. MES PaaS Consolidation - PI18,Done,,,,,,,Sprint,,,,,"Posted on: Mon Jun 22 13:03:45 EDT 2026
No Tasking in PI 18 - Epic Cancelled",,,No comments by current user.,,,,,,,SSWSYSPM-3004,,,,,,,,,,,,,,"1|i08544:",,,,,,,,,,,,,,,,Medium,,,,,,,,,,,,,,,,,0.0,,,,100%,01/Jul/26 12:00 AM,25/Mar/26 12:00 AM,,,,,,,,,,,,0.0,0.0,,0.0,,,0.0,,0.0,0.0,0.0,"22/Jun/26 1:03 PM;cwhite10;No Tasking in PI 18 - Epic Cancelled;;;",,,,,,,
5.c. MES PaaS Consolidation - PI17,SSWUMS-1348,91092,Epic,Done,SSWUMS,SSWUMS,software,mkuperst,"Welcome to the SSWUMS Team space, led by Meridith K (Product Owner). This space includes D440 and D454 resources, as well as Sprint and Kanban work.
",,Medium,Done,,mkuperst,mkuperst,06/Jan/26 12:58 PM,11/Mar/26 10:49 AM,18/Sep/26 3:31 PM,11/Mar/26 10:49 AM,,PI17,,,,MES PaaS,,,,,,,,,,,,,,,,,,,,,,0,,,mkuperst,,,,,,,,,,,,,,0,0,,0%,0,0,,,,,,,,,,SSWUMS-1349,,,,,,,,,,,,,,,,,,,,,,,,,,,,,,,,,,,,,,,,,,,,,,,ghx-label-7,,5.c. MES PaaS Consolidation - PI17,Done,,,,,,,Sprint,,,,,,,,No comments by current user.,,,,,,,SSWSYSPM-3004,,,,,,,,,,,,,,"1|i083w8:",,,,,,,,,,,,,,,,Medium,,,,,,,,,,,,,,,,,,,,,,,,,,,,,,,,,,100.0,0.1,0.0,,,100.0,100.0,0.1,0.0,0.8,0.0,0.8,,,,,,,,
"VIR SVM248-044; ESD Waveform testing w/r EB-6101",SSWUMS-1347,91017,Task,Done,SSWUMS,SSWUMS,software,mkuperst,"Welcome to the SSWUMS Team space, led by Meridith K (Product Owner). This space includes D440 and D454 resources, as well as Sprint and Kanban work.
",,Medium,Done,mkuperst,mkuperst,mkuperst,05/Jan/26 12:01 PM,07/Jan/26 2:16 PM,18/Sep/26 3:31 PM,07/Jan/26 2:16 PM,,PI17,,,,EB-6101,,,,,,,,,,,,,,,,,,,,,,0,"Looking for support from [~dhiggin2] 

We received a kickback on the title VIR from D324. As a high level summary, this VIR was providing approval for GDMS to use the waveform provided in the EB-6501 trace instead of the waveform provided in the EB-6101 trace, with that waveform being the only deviation from that specific EB-6101 requirement trace.

The remaining question and flags they had are:

This VIR also appears to be reporting a problem with invoked requirements.  In accordance with MDD-00596 paragraph 4.D.22 (not), the VTS is responsible to initiate corrective actions to preclude repetitive VIRs on subsequent PO's.  Would a specification change be necessary to avoid future VIRs?

Please also note that this VIR is written against a non-product PO and the disposition of this VIR will need to be addressed on a product PO (with an EBPN) to support delivery.

 
 # Do we want to revise the EB-6101 requirements SYS-4.6.5-5 and SYS-4.6.5-6 to explicitly mention this approved deviation?
 # Do you know how to re-assign the VIR to the right product PO? I’m not sure what they mean by that.",,dhiggin2,mkuperst,,,,";06/Jan/26 3:28 PM;mkuperst;600","Updated and re-submitted VIR;07/Jan/26 2:16 PM;mkuperst;1800",,,,,,,,8640,6240,2400,27%,8640,6240,2400,,,,,,,,,,,,,,,,,,,,,,,,,,,,,,,,,,,,,,,,,,,,,,,,,,,,mkuperst,,,09/Jan/26 12:00 AM,,SSWUMS-1345,,,Done,,,,,,Sprint,,,,,"Posted on: Wed Jan 07 14:16:46 EST 2026
Updated and re-submitted VIR",,,No comments by current user.,,,,,,,,,,,,,,,,,,,,,"1|i083jc:",,,,,,,,,,,,,,,,Medium,,,,,,,SSWUMS Sprint 17.1,,,,,,,,,,0.3,,,,,,,,,,,,,,,,,,0.0,0.0,,0.0,,,0.0,,,,,"05/Jan/26 1:18 PM;dhiggin2;Provided email on 1/5. ;;;","07/Jan/26 2:16 PM;mkuperst;Updated and re-submitted VIR;;;",,,,,,
C-CCA HRS - EB Peer Re-review,SSWUMS-1346,91009,Task,Done,SSWUMS,SSWUMS,software,mkuperst,"Welcome to the SSWUMS Team space, led by Meridith K (Product Owner). This space includes D440 and D454 resources, as well as Sprint and Kanban work.
",,High,Done,cwhite10,mkuperst,mkuperst,05/Jan/26 11:10 AM,25/Feb/26 10:13 AM,18/Sep/26 3:31 PM,12/Jan/26 8:31 AM,,PI17,,,,C-CCA HRS,,,,,,,,,,,,,,,,,,,,,,0,"X:\Programs.686.BlockVI\Seabed Warfare\05 Concept Development\UMS\4 Requirements\HRS\C2S\Rev 2.0
 ",,mkuperst,,,,,";05/Jan/26 11:11 AM;mkuperst;3600",";05/Jan/26 11:13 AM;mkuperst;60",";06/Jan/26 12:29 PM;cwhite10;28800",";12/Jan/26 8:31 AM;cwhite10;10800",,,,,,28800,0,43260,150%,28800,0,43260,,,,,SSWUMS-1380,SSWUMS-1180,SSWUMS-1179,SSWUMS-1119,,,SSWUMS-1042,SSWUMS-581,,SSWUMS-1380,SSWUMS-1180,SSWUMS-1179,,,,,,,,,,,,,,,,,,,,,,,,,,,,,,,,,,,,cwhite10,,,09/Jan/26 12:00 AM,,SSWUMS-1137,,,Done,,,,,,SOS,Sprint,,,,,,,No comments by current user.,,,,,,,,cwhite10,,,,,,,,,,,,,"1|i083hs:",,,TBD,,,,,,,,,,,,,,,,,,,,SSWUMS Sprint 17.1,,,,,,,,,,1.0,,,,100%,09/Jan/26 12:00 AM,15/Dec/25 12:00 AM,,,,,,,,,,,,,,,,,,,,,,,,,,,,,,
6. D374 Products - PI17,SSWUMS-1345,90675,Epic,Done,SSWUMS,SSWUMS,software,mkuperst,"Welcome to the SSWUMS Team space, led by Meridith K (Product Owner). This space includes D440 and D454 resources, as well as Sprint and Kanban work.
",,Medium,Done,dhiggin2,mkuperst,mkuperst,22/Dec/25 11:43 AM,24/Mar/26 9:04 AM,18/Sep/26 3:31 PM,24/Mar/26 9:04 AM,,PI17,,,,C2S,EB-6101,GDMS CCA Development,GDMS SOW,Review,Umbilical,UMS DTR,UWS Encoder Drawing,Vendor (GDMS),,,,,,,,,,,,,,0,"Estimated 16 hours for initial review + 16 hours for adjudication, per product

Includes EB-6101, DTR, SOW, etc",,mkuperst,,,,,,,,,,,,,,0,0,,0%,0,0,,,,,,,,,,,,SSWUMS-1050,,,,,,,,,,,,,,,,,,,,,,,,,,,,,,,,,,,,,,,,,,,,,ghx-label-8,,6. D374 Products - PI17,Done,,,,,,,,,,,,,,,No comments by current user.,,,,,,,SSWUMS-562,,,,,,,,,,,,,,"1|i081js:",,,,,,,,,,,,,,,,Medium,,,,,,,,,,,,,,,,,,,,,,,,,,,,,,,,,,100.0,1.3,0.0,,,100.0,79.8,1.3,0.0,10.4,2.1,8.3,,,,,,,,
4.i. UMS Procurement Specs - PI17,SSWUMS-1344,90430,Epic,Done,SSWUMS,SSWUMS,software,mkuperst,"Welcome to the SSWUMS Team space, led by Meridith K (Product Owner). This space includes D440 and D454 resources, as well as Sprint and Kanban work.
",,Medium,Done,mkuperst,mkuperst,cwhite10,17/Dec/25 10:25 AM,25/Mar/26 8:33 AM,18/Sep/26 3:31 PM,25/Mar/26 8:33 AM,,PI17,,,,EOSR Procurement Spec,PDMS Cable & Connector Procurement Spec,,,,,,,,,,,,,,,,,,,,,0,"Estimated 16 hours for initial review + 16 hours for adjudication, per product",,cwhite10,,,,,,,,,,,,,,0,0,,0%,0,0,,,,,,,,,,SSWUMS-1364,,SSWUMS-1090,,,,,,,,,,,,,,,,,,,,,,,,,,,,,,,,,,,,,,,,,,,,,ghx-label-13,,4.i. UMS Procurement Specs - PI17,Done,,,,,,,,,,,,,,,No comments by current user.,,,,,,,SSWUMS-568,,,,,,,,,,,,,,"1|i0808w:",,,,,,,,,,,,,,,,Medium,,,,,,,,,,,,,,,,,,,,,,,,,,,,,,,,,,100.0,1.4,0.0,,,100.0,69.6,1.4,0.0,11.2,3.4,7.8,,,,,,,,
1.b. LBTF - PI17,SSWUMS-1341,90281,Epic,Done,SSWUMS,SSWUMS,software,mkuperst,"Welcome to the SSWUMS Team space, led by Meridith K (Product Owner). This space includes D440 and D454 resources, as well as Sprint and Kanban work.
",,Medium,Done,cwhite10,cwhite10,mkuperst,16/Dec/25 12:12 PM,11/Mar/26 10:50 AM,18/Sep/26 3:31 PM,11/Mar/26 10:50 AM,,PI17,,,,GDMS IMS,LBTF Cables,LBTF Connectors,LBTF Junction Boxes,ROG-1727 ADL and LBTF Testing Needs,Vendor (GDMS),,,,,,,,,,,,,,,,,0,,,mkuperst,,,,,,,,,,,,,,0,0,,0%,0,0,,,,,,,,,,SSWUMS-1584,,SSWUMS-995,,,,,,,,,,,,,,,,,,,,,,,,,,,,,,,,,,,,,,,,,,,,,ghx-label-3,,1.b. LBTF - PI17,Done,,,,,,,,,,,,,,,No comments by current user.,,,,,,,SSWUMS-564,,,,,,,,,,,,,,"1|i07zjk:",,,,,,,,,,,,,,,,Medium,,,,,,,,,,,,,,,,,,,,,,,,,,,,,,,,,,100.0,0.5,0.0,,,100.0,30.0,0.5,0.0,4.0,2.8,1.2,,,,,,,,
ROG-1727 ADL and LBTF Testing Needs,SSWUMS-1340,90280,Task,Done,SSWUMS,SSWUMS,software,mkuperst,"Welcome to the SSWUMS Team space, led by Meridith K (Product Owner). This space includes D440 and D454 resources, as well as Sprint and Kanban work.
",,Medium,Done,mkuperst,mkuperst,mkuperst,16/Dec/25 12:11 PM,16/Jan/26 9:48 AM,18/Sep/26 3:31 PM,16/Jan/26 9:48 AM,,PI17,,,,ROG-1727 ADL and LBTF Testing Needs,,,,,,,,,,,,,,,,,,,,,,0,"Review update version received back from GDMS and verify comment incorporations + support related discussions. IE need successors added, and may hold separate related discussions on deferred items

X:\Programs.686.BlockVI\Seabed Warfare\05 Concept Development\UMS\12 LBTF\ADL and LBTF Deliverables

[https://gdmscollab.sharepoint.us/:b:/r/sites/PRGM-Rogue/Prime/To%20Prime/03%20-%20ROG%20SUBMITTALS/(CUI)%20ROG-1727%20-%20MES%20Hardware%20for%20ADL%20and%20LBTF%20Use.pdf?csf=1&web=1&e=2Rqd4B]",,mkuperst,,,,,";14/Jan/26 10:15 AM;mkuperst;60","Finished previous version review. New version covered by SSWUMS-1370.;16/Jan/26 9:48 AM;mkuperst;60",,,,,,,,8640,8520,120,1%,8640,8520,120,,,,,,,,,,,SSWUMS-1234,,,,,,,,,,,,,,,,,,,,,,,,,,,,,aviola,,,,,,,,,,,,mkuperst,,,19/Jan/26 12:00 AM,,SSWUMS-1341,,,Done,,,,,,SOS,Sprint,,,,"Posted on: Fri Jan 16 09:48:19 EST 2026
Finished previous version review. New version covered by SSWUMS-1370.",,,No comments by current user.,,,,,,,,mkuperst,cwhite10,bchadwic,,,,,,,,,,,"1|i07zjc:",,,TBD,,,TBD,,,TBD,,,,,,,Medium,,,,,,,SSWUMS Sprint 17.1,SSWUMS Sprint 17.2,,,,,,,,,0.3,,,,,22/Dec/25 12:00 AM,,,,,,,,,,,,,0.0,0.0,,0.0,,,0.0,,,,,"07/Jan/26 1:29 PM;mkuperst;Requested ECD from Jacob for update with successors for pieces of equipment.;;;","14/Jan/26 8:48 AM;mkuperst;Received on Monday, sent out with new ECD from EB of 1/19. Need to sync with [~aviola] .;;;","16/Jan/26 9:48 AM;mkuperst;Finished previous version review. New version covered by SSWUMS-1370.;;;",,,,,
6. D440 HW Products - PI17,SSWUMS-1339,90111,Epic,Done,SSWUMS,SSWUMS,software,mkuperst,"Welcome to the SSWUMS Team space, led by Meridith K (Product Owner). This space includes D440 and D454 resources, as well as Sprint and Kanban work.
",,Medium,Done,,mkuperst,cwhite10,12/Dec/25 11:21 AM,07/Aug/26 1:07 PM,18/Sep/26 3:31 PM,11/Mar/26 10:51 AM,,PI17,,,,C2S,Document Dev,HRS,Review,UMS SSLR,Vendor (GDMS),,,,,,,,,,,,,,,,,0,,,cwhite10,,,,,,,,,,,,,,0,0,,0%,0,0,,,,,,,,,,,,SSWUMS-1051,,,,,,,,,,,,,,,,,,,,,,,,,,,,,,,,,,,,,,,,,,,,,ghx-label-8,,6. D440 HW Products - PI17,Done,,,,,,,,,,,,,,,No comments by current user.,,,,,,,SSWUMS-562,,,,,,,,,,,,,,"1|i06sd1:i",,,,,,,,,,,,,,,,Medium,,,,,,,,,,,,,,,,,,,,,,,,,,,,,,,,,,0.0,0.0,0.0,,,0.0,0.0,0.0,0.0,0.0,0.0,0.0,,,,,,,,
SSN 812 QPR Slides - Final Slide Edits Due,SSWUMS-1338,90007,Task,Done,SSWUMS,SSWUMS,software,mkuperst,"Welcome to the SSWUMS Team space, led by Meridith K (Product Owner). This space includes D440 and D454 resources, as well as Sprint and Kanban work.
",,Medium,Done,mkuperst,mkuperst,mkuperst,10/Dec/25 3:10 PM,19/Mar/26 10:25 AM,18/Sep/26 3:31 PM,19/Mar/26 10:25 AM,,PI17,,,,EB QPR,,,,,,,,,,,,,,,,,,,,,,0,"|*Date*|*Action*|
|2/4/2026|Send out Informational Email to Presenters|
|2/5/2026|Kickoff with Agenda Topic Owners|
|{color:#172b4d}*2/20/2026*{color}|{color:#172b4d}*Initial Draft Slides Due*{color}|
|2/24/2026|Initial Dry Run|
|*3/3/2026*|*Draft Edits Due*|
|3/5/2026|Send Package to Govt for Review|
|3/10/2026|VP Dry Run (Tentative - High Level Only)|
|3/12/2026|Govt Dry Run (Tentative - High Level Only)|
|*3/12/2026*|*Receive Draft Comments From Navy*|
|3/16/2026|Final Dry Run|
|*3/17/2026*|*Final Slide Edits Due*|
|3/19/2026|Send Read Ahead to Navy|
|3/26/2026|Event (NL6C)|

Old slides can be found here: \\us-ct-eb01\EBDepts\Programs.686.BlockVI\Seabed Warfare\06 Meetings and Presentations\Program Reviews\2025\July\02 - Inputs\06 - Command and Control Electronics

New slides will land here: \\us-ct-eb01\EBDepts\Programs.686.BlockVI\Seabed Warfare\06 Meetings and Presentations\Program Reviews\2026",,mkuperst,,,,,";19/Mar/26 10:25 AM;mkuperst;7200",,,,,,,,,14400,7200,7200,50%,14400,7200,7200,,,,,,,,,,,,,,,,,,,,,SSWUMS-1336,SSWUMS-1337,,,,,SSWSYSPM-3005,,,,,,,,,,,,,awhite3,,,,,,,,,,,SSWSYSPM,mkuperst,,,17/Mar/26 12:00 AM,,SSWUMS-1294,,,Done,,,,,,SOS,Sprint,,,,,,,No comments by current user.,,,,,,,,,,,,,,,,,,,,,"1|i07yi8:",,,,,,,,,,,,,,,,Medium,,,,,,,SSWUMS Sprint 17.6,,,,,,,,,,0.5,,,,,17/Mar/26 12:00 AM,,,,,,,,,,,,,0.0,0.0,,0.0,,,0.0,,,,,,,,,,,,
SSN 812 QPR Slides - Draft Edits Due,SSWUMS-1337,90006,Task,Done,SSWUMS,SSWUMS,software,mkuperst,"Welcome to the SSWUMS Team space, led by Meridith K (Product Owner). This space includes D440 and D454 resources, as well as Sprint and Kanban work.
",,Medium,Done,mkuperst,mkuperst,mkuperst,10/Dec/25 3:08 PM,05/Mar/26 12:08 PM,18/Sep/26 3:31 PM,05/Mar/26 12:08 PM,,PI17,,,,EB QPR,,,,,,,,,,,,,,,,,,,,,,0,"|*Date*|*Action*|
|2/4/2026|Send out Informational Email to Presenters|
|2/5/2026|Kickoff with Agenda Topic Owners|
|{color:#172b4d}*2/20/2026*{color}|{color:#172b4d}*Initial Draft Slides Due*{color}|
|2/24/2026|Initial Dry Run|
|*3/3/2026*|*Draft Edits Due*|
|3/5/2026|Send Package to Govt for Review|
|3/10/2026|VP Dry Run (Tentative - High Level Only)|
|3/12/2026|Govt Dry Run (Tentative - High Level Only)|
|*3/12/2026*|*Receive Draft Comments From Navy*|
|3/16/2026|Final Dry Run|
|*3/17/2026*|*Final Slide Edits Due*|
|3/19/2026|Send Read Ahead to Navy|
|3/26/2026|Event (NL6C)|

Old slides can be found here: \\us-ct-eb01\EBDepts\Programs.686.BlockVI\Seabed Warfare\06 Meetings and Presentations\Program Reviews\2025\July\02 - Inputs\06 - Command and Control Electronics

New slides will land here: \\us-ct-eb01\EBDepts\Programs.686.BlockVI\Seabed Warfare\06 Meetings and Presentations\Program Reviews\2026",,mkuperst,,,,,";28/Jan/26 8:08 AM;fopuszyn;2700","Reviewed with D374 & GDMS on 3/3;05/Mar/26 12:08 PM;mkuperst;3600",,,,,,,,14400,8100,6300,43%,14400,8100,6300,,,,,,,,,,,,,,,,,,,,,SSWUMS-1336,,SSWUMS-1338,,,,SSWSYSPM-3005,,,,,,,,,,,,,awhite3,,,,,,,,,,,,mkuperst,,,03/Mar/26 12:00 AM,,SSWUMS-1294,,,Done,,,,,,SOS,Sprint,,,,"Posted on: Thu Mar 05 12:08:38 EST 2026
Reviewed with D374 & GDMS on 3/3",,,No comments by current user.,,,,,,,,,,,,,,,,,,,,,"1|i07yi0:",,,,,,,,,,,,,,,,Medium,,,,,,,SSWUMS Sprint 17.5,,,,,,,,,,0.5,,,,,03/Mar/26 12:00 AM,,,,,,,,,,,,,0.0,0.0,,0.0,,,0.0,,,,,"05/Mar/26 12:08 PM;mkuperst;Reviewed with D374 & GDMS on 3/3;;;",,,,,,,
SSN 812 QPR Slides - Initial Slides Due,SSWUMS-1336,90005,Task,Done,SSWUMS,SSWUMS,software,mkuperst,"Welcome to the SSWUMS Team space, led by Meridith K (Product Owner). This space includes D440 and D454 resources, as well as Sprint and Kanban work.
",,Medium,Done,mkuperst,mkuperst,mkuperst,10/Dec/25 3:07 PM,23/Feb/26 2:12 PM,18/Sep/26 3:31 PM,23/Feb/26 2:12 PM,,PI17,,,,EB QPR,,,,,,,,,,,,,,,,,,,,,,0,"|*Date*|*Action*|
|2/4/2026|Send out Informational Email to Presenters|
|2/5/2026|Kickoff with Agenda Topic Owners|
|{color:#172b4d}*2/20/2026*{color}|{color:#172b4d}*Initial Draft Slides Due*{color}|
|2/24/2026|Initial Dry Run|
|*3/3/2026*|*Draft Edits Due*|
|3/5/2026|Send Package to Govt for Review|
|3/10/2026|VP Dry Run (Tentative - High Level Only)|
|3/12/2026|Govt Dry Run (Tentative - High Level Only)|
|*3/12/2026*|*Receive Draft Comments From Navy*|
|3/16/2026|Final Dry Run|
|*3/17/2026*|*Final Slide Edits Due*|
|3/19/2026|Send Read Ahead to Navy|
|3/26/2026|Event (NL6C)|

Old slides can be found here: \\us-ct-eb01\EBDepts\Programs.686.BlockVI\Seabed Warfare\06 Meetings and Presentations\Program Reviews\2025\July\02 - Inputs\06 - Command and Control Electronics

New slides will land here: \\us-ct-eb01\EBDepts\Programs.686.BlockVI\Seabed Warfare\06 Meetings and Presentations\Program Reviews\2026",,mkuperst,,,,,";16/Feb/26 3:13 PM;mkuperst;3600","GDMS has provided updated slides back to EB via Dayne Higgins.;23/Feb/26 2:12 PM;mkuperst;600",,,,,,,,14400,10200,4200,29%,14400,10200,4200,,,,,,,,,,,,,,,,,,,,,,,SSWUMS-1337,SSWUMS-1338,,,SSWSYSPM-3005,,,,,,,,,,,,,awhite3,,,,,,,,,,,,mkuperst,,,20/Feb/26 12:00 AM,,SSWUMS-1294,,,Done,,,,,,SOS,Sprint,,,,"Posted on: Mon Feb 23 14:12:06 EST 2026
GDMS has provided updated slides back to EB via Dayne Higgins.",,,No comments by current user.,,,,,,,,,,,,,,,,,,,,,"1|i07yhs:",,,,,,,,,,,,,,,,Medium,,,,,,,SSWUMS Sprint 17.4,,,,,,,,,,0.5,,,,100%,20/Feb/26 12:00 AM,04/Feb/26 12:00 AM,,,,,,,,,,,,0.0,0.0,,0.0,,,0.0,,,,,"16/Feb/26 3:13 PM;mkuperst;Worked GDMS slide updates week of 2/9, pending updates from GDMS and D374;;;","23/Feb/26 2:12 PM;mkuperst;GDMS has provided updated slides back to EB via Dayne Higgins.;;;",,,,,,
SSN 812 Mission Systems Cybersecurity Specification Rev A - Review and Comment,SSWUMS-1335,89999,Task,Done,SSWUMS,SSWUMS,software,mkuperst,"Welcome to the SSWUMS Team space, led by Meridith K (Product Owner). This space includes D440 and D454 resources, as well as Sprint and Kanban work.
",,Medium,Done,mkuperst,mkuperst,mkuperst,10/Dec/25 1:42 PM,04/Feb/26 4:41 PM,18/Sep/26 3:31 PM,04/Feb/26 4:41 PM,,PI17,,,,Cyber Requirements Spec,,,,,,,,,,,,,,,,,,,,,,0,"Provide comments by 1/29 to [~ereyburn]. Cyber will compile and provide back to LM.

EB: ""\\us-ct-eb01\EBDepts\Eng.440\Projects-VA\VA SSW\Software Engineering\8_RMF_Cyber\SSN812_Cyber_Specification\(CUI)_SSN_812_Mission_Systems_Cybersecurity_Specification_Rev_A.docx""

GDMS: [2025-12 Rev A|https://gdmscollab.sharepoint.us/:f:/r/sites/PRGM-Rogue/Prime/To%20GDMS/Cyber_RMF/SSN%20812%20Cyber%20Specification/2025-12%20Rev%20A?csf=1&web=1&e=VRwR9M]",,bchadwic,cmerrima,mkuperst,ScriptRunner,,";10/Dec/25 1:42 PM;mkuperst;60",";28/Jan/26 2:58 PM;cwhite10;12600","Document review;30/Jan/26 9:53 AM;cmerrima;3600",";30/Jan/26 3:07 PM;bchadwic;5400",";04/Feb/26 4:41 PM;mkuperst;1200",";04/Feb/26 4:41 PM;mkuperst;60",,,,57600,34680,22920,39%,57600,34680,22920,,,,,,,,,,,,,,,,,,,,,,,,,,,,,,,,,,,,,,,,ereyburn,,,,,,,,,,,,mkuperst,,,29/Jan/26 12:00 AM,,SSWUMS-1294,,,Done,,,,,,SOS,Sprint,,,,"Posted on: Wed Feb 04 16:41:47 EST 2026
The following errors occurred: (Please Log Time in the Time Spent field)",,,No comments by current user.,,,,,,,,mkuperst,cwhite10,bchadwic,,cmerrima,,,,,,,,,"1|i07ygo:",,04/Feb/26 12:00 AM,Approved,,28/Jan/26 12:00 AM,Approved,,30/Jan/26 12:00 AM,Approved,,,Approved,,,,Medium,,,,,,,SSWUMS Sprint 17.1,SSWUMS Sprint 17.2,SSWUMS Sprint 17.3,,,,,,,,2.0,,,,,30/Jan/26 12:00 AM,,,,,,,,,,,,,0.0,0.0,,0.0,,,0.0,,,,,"27/Jan/26 8:12 PM;bchadwic;Planned rollover review into Sprint 17.3 which is within the review window.;;;","30/Jan/26 9:52 AM;cmerrima;Reviewed with no comments.;;;","30/Jan/26 3:07 PM;bchadwic;Reviewed without comment.;;;","04/Feb/26 4:41 PM;ScriptRunner;The following errors occurred: (Please Log Time in the Time Spent field);;;",,,,
VA-SSW-SC-ICD CP-0036 Leads Review Adj. 3/31/26 - 4/01/26,SSWUMS-1334,89916,Task,Done,SSWUMS,SSWUMS,software,mkuperst,"Welcome to the SSWUMS Team space, led by Meridith K (Product Owner). This space includes D440 and D454 resources, as well as Sprint and Kanban work.
",,Medium,Done,mkuperst,cwhite10,cwhite10,08/Dec/25 3:54 PM,11/Aug/26 4:55 PM,18/Sep/26 3:31 PM,01/Apr/26 8:12 PM,,PI18,,,,ICD,,,,,,,,,,,,,,,,,,,,,01/Apr/26 12:00 AM,0,"Review and provide comments to the SC ICD CP.

Shop order: ____________________

Files:

CP-00XXB: 

Kickoff meeting minutes: 

GDMS: ",,bchadwic,cwhite10,,,,"All comments verified and MRF signed.;01/Apr/26 8:12 PM;bchadwic;1800",,,,,,,,,14400,12600,1800,12%,14400,12600,2700,,,,,,,,,,,,SSWUMS-1333,,,,,,,,,,,,,,,,,,,,,,,,,,,,pbaczyk,,,,,,,,,,,SSWIF,mkuperst,,,01/Apr/26 12:00 AM,,SSWUMS-1365,,,Done,,,,,,SOS,Sprint,,,,"Posted on: Wed Apr 01 20:12:53 EDT 2026
All comments verified and MRF signed.",,,No comments by current user.,,,,,,,,,,,,,,,,,,,,,"1|i07y1k:",,,,,,,,,,,,,,,,Medium,,,,,,,SSWUMS Sprint 18.1,,,,,,,,,,0.5,,,,100%,01/Apr/26 12:00 AM,31/Mar/26 12:00 AM,,,,,,,,,,,,0.0,0.0,,0.0,,0.0,0.0,,0.0,0.0,0.0,"26/Mar/26 11:41 AM;cwhite10;All Comments closed out.

No comments from [~bchadwic], [~mkuperst], or SSM;;;","01/Apr/26 8:12 PM;bchadwic;All comments verified and MRF signed.;;;",,,,,,
VA-SSW-SC-ICD CP-0036 Leads Review 3/03/26 - 3/16/26,SSWUMS-1333,89915,Task,Done,SSWUMS,SSWUMS,software,mkuperst,"Welcome to the SSWUMS Team space, led by Meridith K (Product Owner). This space includes D440 and D454 resources, as well as Sprint and Kanban work.
",,Medium,Done,mkuperst,cwhite10,cwhite10,08/Dec/25 3:51 PM,11/Aug/26 4:57 PM,18/Sep/26 3:31 PM,23/Mar/26 8:07 PM,,PI17,,,,ICD,,,,,,,,,,,,,,,,,,,,,16/Mar/26 12:00 AM,0,"Review and provide comments to the SC ICD CP.

VA-SSW-SC-ICD-001 with CP-0036 has completed Peer Review and is ready for Leads review. Comments are due 3/16/26.

DOORS path: /VA SSW PHC/7 - Interfaces/SC ICD

Folder with published version, BCR, and MRF: \\us-ct-eb01\EBDepts\Eng.440\Projects-VA\VA SSW\CWS Working Group\CWS Share\Product Reviews\VA-SSW-SC-ICD-001\CP-0036\

Jira action: https://192.168.3.34/jira1/browse/SSWSYSPM-3017

Shop order: JIH00117440SW12

GDMS: ",,cwhite10,,,,,"Completed Review left 1 comment;02/Mar/26 4:09 PM;cwhite10;7200",";02/Mar/26 4:09 PM;cwhite10;60",";23/Mar/26 7:42 PM;mkuperst;60",";23/Mar/26 8:07 PM;mkuperst;60",,,,,,57600,50220,7380,12%,57600,50220,19980,,,,,,,,,,,,,,SSWUMS-1334,,,,,,,,,,,,,SSWSYSPM-3017,,,,,,,,,,,,,pbaczyk,,,,,,,,,,,SSWIF,mkuperst,,,16/Mar/26 12:00 AM,,SSWUMS-1235,,,Done,,,,,,SOS,Sprint,,,,"Posted on: Mon Mar 02 16:09:46 EST 2026
Completed Review left 1 comment",,,No comments by current user.,,,,,,,,,,,,,,,,,,,,,"1|i07y1c:",,,,,,,,02/Mar/26 12:00 AM,,,,,,,,Medium,,,,,,,SSWUMS Sprint 17.6,,,,,,,,,,2.0,,,,100%,16/Mar/26 12:00 AM,03/Mar/26 12:00 AM,,,,,,,,,,,,0.0,0.0,,0.0,,0.0,0.0,,0.0,0.0,0.0,"02/Mar/26 4:09 PM;cwhite10;Completed Review left 1 comment;;;",,,,,,,
VA-SSW-NIO-ICD CP-0034 Leads Review Adj. 3/18/26 - 3/24/26,SSWUMS-1332,89914,Task,Done,SSWUMS,SSWUMS,software,mkuperst,"Welcome to the SSWUMS Team space, led by Meridith K (Product Owner). This space includes D440 and D454 resources, as well as Sprint and Kanban work.
",,Medium,Done,mkuperst,mkuperst,cwhite10,08/Dec/25 3:36 PM,11/Aug/26 4:56 PM,18/Sep/26 3:31 PM,24/Mar/26 11:24 AM,,PI17,,,,ICD,,,,,,,,,,,,,,,,,,,,,24/Mar/26 12:00 AM,0,"Review and provide comments to the NIO ICD CP.

Shop order: _____________________

Files:
 * CP Folder: \\Us-ct-eb01\ebdepts\Eng.440\Projects-VA\VA SSW\Systems Engineering\Specifications\IRD_ICD_IRS\ICD_Data\VA-SSW-NIO-ICD-001\CP_0034\

CP-0034: 
 * NIO ICD: ""\\Us-ct-eb01\ebdepts\Eng.440\Projects-VA\VA SSW\Systems Engineering\Specifications\IRD_ICD_IRS\ICD_Data\VA-SSW-NIO-ICD-001\CP_0034\Current\VA-SSW-NIO-ICD-001.docm""
 * NIO BCR: ""\\Us-ct-eb01\ebdepts\Eng.440\Projects-VA\VA SSW\Systems Engineering\Specifications\IRD_ICD_IRS\ICD_Data\VA-SSW-NIO-ICD-001\CP_0034\Current\VA-SSW-NIO-ICD-001_SCP - Baseline Comparison Report_17 February 2026.pdf""
 * Comment Logs: \\Us-ct-eb01\ebdepts\Eng.440\Projects-VA\VA SSW\Systems Engineering\Specifications\IRD_ICD_IRS\ICD_Data\VA-SSW-NIO-ICD-001\CP_0034\Comment_Logs
 * NIO MRF: \\Us-ct-eb01\ebdepts\Eng.440\Projects-VA\VA SSW\Systems Engineering\Specifications\IRD_ICD_IRS\ICD_Data\VA-SSW-NIO-ICD-001\CP_0034\Kick-off_Meeting\MRF

Kickoff meeting minutes: 

GDMS: [https://gdmscollab.sharepoint.us/:f:/r/sites/PRGM-Rogue/Prime/To%20GDMS/ICD_Collaboration/VA-SSW-NIO-ICD-001/VA-SSW-NIO-ICD-001%20CP_0034?csf=1&web=1&e=7WhVbp]",,cwhite10,mkuperst,,,,";18/Mar/26 11:53 AM;mkuperst;60",";24/Mar/26 11:24 AM;mkuperst;60",,,,,,,,28800,28680,120,0%,28800,28680,3720,,,,,,,,,,,,SSWUMS-1331,,,,,,,,,,,,,,,,,,,,,,,,,,,,dpazmino,,,,,,,,,,,SSWIF,mkuperst,,,24/Mar/26 12:00 AM,,SSWUMS-1235,,,Done,,,,,,SOS,Sprint,,,,"Posted on: Tue Mar 24 08:47:04 EDT 2026
All comments closed out

 ",,,No comments by current user.,,,,,,,,,,,,,,,,,,,,,"1|i07y14:",,,,,,,,,,,,,,,,Medium,,,,,,,SSWUMS Sprint 17.6,,,,,,,,,,1.0,,,,100%,24/Mar/26 12:00 AM,11/Feb/26 12:00 AM,,,,,,,,,,,,0.0,0.0,,0.0,,0.0,0.0,,0.0,'-0.5,0.5,"18/Mar/26 11:56 AM;mkuperst;Working with GDMS on getting their comments closed out. No MK/SSM comments to resolve, and BC was peer reviewer.;;;","24/Mar/26 8:47 AM;cwhite10;All comments closed out

 ;;;",,,,,,
VA-SSW-NIO-ICD CP-0034 Leads Review 2/25/26 - 3/10/26,SSWUMS-1331,89913,Task,Done,SSWUMS,SSWUMS,software,mkuperst,"Welcome to the SSWUMS Team space, led by Meridith K (Product Owner). This space includes D440 and D454 resources, as well as Sprint and Kanban work.
",,Medium,Done,mkuperst,mkuperst,cwhite10,08/Dec/25 3:32 PM,11/Aug/26 4:56 PM,18/Sep/26 3:31 PM,10/Mar/26 1:41 PM,,PI17,,,,ICD,,,,,,,,,,,,,,,,,,,,,10/Mar/26 12:00 AM,0,"Review and provide comments to the NIO ICD CP.

Shop order: _____________________

Files:
 * CP Folder: \\Us-ct-eb01\ebdepts\Eng.440\Projects-VA\VA SSW\Systems Engineering\Specifications\IRD_ICD_IRS\ICD_Data\VA-SSW-NIO-ICD-001\CP_0034\

CP-0034: 
 * NIO ICD: ""\\Us-ct-eb01\ebdepts\Eng.440\Projects-VA\VA SSW\Systems Engineering\Specifications\IRD_ICD_IRS\ICD_Data\VA-SSW-NIO-ICD-001\CP_0034\Current\VA-SSW-NIO-ICD-001.docm""
 * NIO BCR: ""\\Us-ct-eb01\ebdepts\Eng.440\Projects-VA\VA SSW\Systems Engineering\Specifications\IRD_ICD_IRS\ICD_Data\VA-SSW-NIO-ICD-001\CP_0034\Current\VA-SSW-NIO-ICD-001_SCP - Baseline Comparison Report_17 February 2026.pdf""
 * Comment Logs: \\Us-ct-eb01\ebdepts\Eng.440\Projects-VA\VA SSW\Systems Engineering\Specifications\IRD_ICD_IRS\ICD_Data\VA-SSW-NIO-ICD-001\CP_0034\Comment_Logs
 * NIO MRF: \\Us-ct-eb01\ebdepts\Eng.440\Projects-VA\VA SSW\Systems Engineering\Specifications\IRD_ICD_IRS\ICD_Data\VA-SSW-NIO-ICD-001\CP_0034\Kick-off_Meeting\MRF

Kickoff meeting minutes: 

GDMS: [https://gdmscollab.sharepoint.us/:f:/r/sites/PRGM-Rogue/Prime/To%20GDMS/ICD_Collaboration/VA-SSW-NIO-ICD-001/VA-SSW-NIO-ICD-001%20CP_0034?csf=1&web=1&e=7WhVbp]",,cmerrima,cwhite10,fopuszyn,mkuperst,ScriptRunner,";25/Feb/26 2:02 PM;cwhite10;60",";25/Feb/26 2:02 PM;cwhite10;7200","Reviewed, no comments to BCR.;05/Mar/26 3:30 PM;mkuperst;3600",";09/Mar/26 9:19 AM;fopuszyn;1800",";09/Mar/26 12:34 PM;cmerrima;3600",";10/Mar/26 1:41 PM;mkuperst;60",,,,43200,26880,16320,37%,43200,26880,16320,,,,,,,,,,,,,,SSWUMS-1332,,,,,,,,,,,,,SSWSYSPM-3003,,,,,,,,,,,,,dpazmino,,,,,,,,,,,,mkuperst,,,10/Mar/26 12:00 AM,,SSWUMS-1235,,,Done,,,,,,SOS,Sprint,,,,"Posted on: Mon Mar 09 12:31:51 EDT 2026
The following errors occurred: (Please Log Time in the Time Spent field)",,,No comments by current user.,,,,,,,,mkuperst,cwhite10,cmerrima,,fopuszyn,,,,,,,,,"1|i07y0w:",,05/Mar/26 12:00 AM,Approved,,25/Feb/26 12:00 AM,Approved,,,Approved,,,Approved,,,,Medium,,,,,,,SSWUMS Sprint 17.5,,,,,,,,,,1.5,,,,100%,10/Mar/26 12:00 AM,25/Feb/26 12:00 AM,,,,,,,,,,,,0.0,0.0,,0.0,,,0.0,,,,,"18/Feb/26 9:00 AM;mkuperst;Entered leads review early on 2/18;;;","05/Mar/26 3:30 PM;mkuperst;Reviewed, no comments to BCR.;;;","09/Mar/26 9:18 AM;fopuszyn;Scanned through updated NIO ICD....  No additional comments.;;;","09/Mar/26 12:31 PM;cmerrima;Reviewed in DOORS, no comments.;;;","09/Mar/26 12:31 PM;ScriptRunner;The following errors occurred: (Please Log Time in the Time Spent field);;;",,,
UMS Monthly slides(Due ~03/13),SSWUMS-1330,89867,Task,Cancelled,SSWUMS,SSWUMS,software,mkuperst,"Welcome to the SSWUMS Team space, led by Meridith K (Product Owner). This space includes D440 and D454 resources, as well as Sprint and Kanban work.
",,Medium,Won't Do,mkuperst,cwhite10,cwhite10,08/Dec/25 10:33 AM,11/Mar/26 12:36 PM,18/Sep/26 3:31 PM,11/Mar/26 12:36 PM,,PI17,,,,UMS Monthly Metrics,,,,,,,,,,,,,,,,,,,,,13/Mar/26 12:00 AM,0,,,cwhite10,,,,,,,,,,,,,,0,0,,0%,0,0,,,,,,,,,,,,SSWUMS-1329,,,,,,,,,,,,,,,,,,,,,,,,,,,,,,,,,,,,,,,,,mkuperst,,,13/Mar/26 12:00 AM,,SSWUMS-978,,,Done,,,,,,Sprint,,,1.0,The following errors occurred: (Please Log Time in the Time Spent field),"Posted on: Wed Mar 11 12:36:39 EDT 2026
See Above comment

 ",,,No comments by current user.,,,,,,,,,,,,,,,,,,,,,"1|i07xtc:",,19/Nov/25 12:00 AM,,,19/Nov/25 12:00 AM,,,17/Nov/25 12:00 AM,,,,,,,,Medium,,,,,,,SSWUMS Sprint 17.6,,,,,,,,,,0.0,,,,,13/Mar/26 12:00 AM,,,,,,,,,,,,,0.0,0.0,,0.0,,0.0,0.0,,0.0,0.0,0.0,"11/Mar/26 12:36 PM;cwhite10;From [~dhiggin2]: no expecting NAVSEA wants a modified metrics package which will include only elements they are not receiving in the program review slides (technical content already covered) ;;;","11/Mar/26 12:36 PM;cwhite10;See Above comment

 ;;;",,,,,,
UMS Monthly slides(Due ~02/13),SSWUMS-1329,89866,Task,Cancelled,SSWUMS,SSWUMS,software,mkuperst,"Welcome to the SSWUMS Team space, led by Meridith K (Product Owner). This space includes D440 and D454 resources, as well as Sprint and Kanban work.
",,Medium,Won't Do,mkuperst,cwhite10,cwhite10,08/Dec/25 10:33 AM,10/Feb/26 2:20 PM,18/Sep/26 3:31 PM,10/Feb/26 2:20 PM,,PI17,,,,UMS Monthly Metrics,,,,,,,,,,,,,,,,,,,,,13/Feb/26 12:00 AM,0,,,cwhite10,mkuperst,,,,,,,,,,,,,0,0,,0%,0,0,,,,,,,,,,SSWUMS-1330,,SSWUMS-1328,,,,,,,,,,,,,,,,,,,,,,,,,,,,,,,,,,,,,,,,,mkuperst,,,13/Feb/26 12:00 AM,,SSWUMS-978,,,Done,,,,,,Sprint,,,1.0,The following errors occurred: (Please Log Time in the Time Spent field),"Posted on: Tue Feb 10 14:20:53 EST 2026
Cancelled due to Captains metrics",,,No comments by current user.,,,,,,,,mkuperst,bchadwic,cwhite10,,,,,,,,,,,"1|i07xt4:",,19/Nov/25 12:00 AM,,,19/Nov/25 12:00 AM,,,17/Nov/25 12:00 AM,,,,,,,,Medium,,,,,,,SSWUMS Sprint 17.4,,,,,,,,,,0.0,,,,,13/Feb/26 12:00 AM,,,,,,,,,,,,,0.0,0.0,,0.0,,,0.0,,,,,"10/Feb/26 2:20 PM;mkuperst;Cancelled due to Captains metrics;;;",,,,,,,
UMS Monthly slides(Due 01/13),SSWUMS-1328,89865,Task,Done,SSWUMS,SSWUMS,software,mkuperst,"Welcome to the SSWUMS Team space, led by Meridith K (Product Owner). This space includes D440 and D454 resources, as well as Sprint and Kanban work.
",,Medium,Done,mkuperst,cwhite10,cwhite10,08/Dec/25 10:32 AM,14/Jan/26 1:51 PM,18/Sep/26 3:31 PM,14/Jan/26 1:51 PM,,PI17,,,,UMS Monthly Metrics,,,,,,,,,,,,,,,,,,,,,13/Jan/26 12:00 AM,0,"Hi All!

 

Requesting updated metric slides in the folder by EOD *1/14.* Input slides should be saved here. Note that some formatting updates where applied to the slides in December, please use those slides as your baseline.  

 

I also want to continue to challenge the team to reduce the amount of information provided to only include what is deemed truly necessary to share with the customer.

 

Slide owners:
 * PDMS Status – Brendan
 * C2S Status – Cory
 * L&R Fabrication Status – Evan
 * TWPI Fabrication Status – Dan/Mike
 * SD Slide – Dave
 * Umbilical and Termination Status – Vince
 * Key Takeaways/Commitments/Risk – Myself",,cwhite10,mkuperst,,,,";07/Jan/26 12:33 PM;cwhite10;60",";13/Jan/26 1:55 PM;cwhite10;2700","Segment slides submitted to Dayne.;14/Jan/26 1:51 PM;mkuperst;3600",,,,,,,8640,2280,6360,73%,8640,2280,6360,,,,,,,,,SSWUMS-1329,,SSWUMS-1204,,,,,,,,,,,,,,,,,,,,,,,,,,,,,,,,,,,,,,,,,mkuperst,,,13/Jan/26 12:00 AM,,SSWUMS-978,,,Done,,,,,,Sprint,,,1.0,The following errors occurred: (Please Log Time in the Time Spent field),"Posted on: Wed Jan 14 13:51:35 EST 2026
Segment slides submitted to Dayne.",,,No comments by current user.,,,,,,,,mkuperst,bchadwic,cwhite10,,,,,,,,,,,"1|i07xsw:",,,TBD,,,TBD,,13/Jan/26 12:00 AM,Approved,,,,,,,Medium,,,,,,,SSWUMS Sprint 17.1,,,,,,,,,,0.3,,,,,13/Jan/26 12:00 AM,,,,,,,,,,,,,0.0,0.0,,0.0,,,0.0,,,,,"14/Jan/26 1:51 PM;mkuperst;Segment slides submitted to Dayne.;;;",,,,,,,
CDR EE Sell off for PI Planning,SSWUMS-1327,89712,Task,Done,SSWUMS,SSWUMS,software,mkuperst,"Welcome to the SSWUMS Team space, led by Meridith K (Product Owner). This space includes D440 and D454 resources, as well as Sprint and Kanban work.
",,Medium,Done,mkuperst,mkuperst,mkuperst,04/Dec/25 1:15 PM,11/Aug/26 4:45 PM,18/Sep/26 3:31 PM,05/Dec/25 3:34 PM,,PI14,,,,,,,,,,,,,,,,,,,,,,,,,08/Dec/25 12:00 AM,0,"Due by 9am Monday 12/8.

Fill in planned GDMS complete PIs.

Also will have separate email out to Streilein and Sourber for them to start working how that would occur; either as part of their PI week

See email from Adam/Art and update based on [https://192.168.3.34/cnfl1/x/PYOxBw] and more current SRDD/IMS/etc dates

""\\us-ct-eb01\EBDepts\Eng.440\Projects-VA\VA SSW\CWS Working Group\Meetings\CDR Milestone\Mgmt Files\Systems CDR Status Slides.pptx""

""\\us-ct-eb01\EBDepts\Eng.440\Projects-VA\VA SSW\CWS Working Group\Meetings\CDR Milestone\Mgmt Files\CDR Deep Dives.xlsx""",,mkuperst,,,,,";05/Dec/25 3:34 PM;mkuperst;7200",,,,,,,,,8640,1440,7200,83%,8640,1440,7200,,,,,,,,,,,,,,,,,,,,,,,,,,,,,,,,,,,,,,,,aviola,,,,,,,,,,,,mkuperst,,,08/Dec/25 12:00 AM,,SSWUMS-1056,,,Done,,,,,,Sprint,,,,,"Posted on: Fri Dec 05 15:34:12 EST 2025
Updated posted: ""\\us-ct-eb01\EBDepts\Eng.440\Projects-VA\VA SSW\CWS Working Group\Meetings\CDR Milestone\Mgmt Files\UMS CDR Deliverables.xlsx""",,,No comments by current user.,,,,,,,,,,,,,,,,,,,,,"1|i07wy0:",,,,,,,,,,,,,,,,Medium,,,,,,,SSWUMS Sprint 89-14.5 (PI14),,,,,,,,,,0.3,,,,,08/Dec/25 12:00 AM,,,,,,,,,,,,,0.0,0.0,,0.0,,,0.0,,,,,"05/Dec/25 3:34 PM;mkuperst;Updated posted: ""\\us-ct-eb01\EBDepts\Eng.440\Projects-VA\VA SSW\CWS Working Group\Meetings\CDR Milestone\Mgmt Files\UMS CDR Deliverables.xlsx"";;;",,,,,,,
Draft SRDD Transmittal Template,SSWUMS-1326,89689,Task,Done,SSWUMS,SSWUMS,software,mkuperst,"Welcome to the SSWUMS Team space, led by Meridith K (Product Owner). This space includes D440 and D454 resources, as well as Sprint and Kanban work.
",,Medium,Done,cwhite10,cwhite10,cwhite10,04/Dec/25 12:12 PM,25/Feb/26 10:13 AM,18/Sep/26 3:31 PM,09/Feb/26 10:08 AM,,PI17,,,,SRDD,,,,,,,,,,,,,,,,,,,,,03/Mar/26 12:00 AM,0,X:\Programs.686.BlockVI\Seabed Warfare\05 Concept Development\UMS\4 Requirements\SRDD,,cwhite10,,,,,"Completed early pulled into Sprint 17.3;09/Feb/26 10:08 AM;cwhite10;3600",,,,,,,,,5760,2160,3600,62%,5760,2160,3600,,,,,,,,,,,,,,,,,,,,,,,,,,,,,,,,,,,,,,,,,,,,,,,,,,,,cwhite10,,,,,SSWUMS-947,,,Done,,,,,,Sprint,,,,,"Posted on: Mon Feb 09 10:08:22 EST 2026
Completed early pulled into Sprint 17.3",,,No comments by current user.,,,,,,,,,,,,,,,,,,,,,"1|i07wt4:",,,,,,,,,,,,,,,,Medium,,,,,,,SSWUMS Sprint 17.3,,,,,,,,,,0.2,,,,,,,,,,,,,,,,,,0.0,0.0,,0.0,,,0.0,,,,,"09/Feb/26 10:08 AM;cwhite10;Completed early pulled into Sprint 17.3;;;",,,,,,,
GDMS IMS and SMS review(For Feb),SSWUMS-1325,89688,Task,Done,SSWUMS,SSWUMS,software,mkuperst,"Welcome to the SSWUMS Team space, led by Meridith K (Product Owner). This space includes D440 and D454 resources, as well as Sprint and Kanban work.
",,Medium,Done,mkuperst,mkuperst,cwhite10,04/Dec/25 12:03 PM,21/Apr/26 1:48 PM,18/Sep/26 3:31 PM,21/Apr/26 1:48 PM,,PI18,,,,GDMS IMS,GDMS SMS,,,,,,,,,,,,,,,,,,,,20/Apr/26 12:00 AM,0,"\\US-CT-EB01\EBDepts\Programs.686.BlockVI\Seabed Warfare\05 Concept Development\UMS\1 Programmatic\2. Reporting\2 Segment Schedules\Summary Schedules

\\us-ct-eb01\EBDepts\Programs.686.BlockVI\Seabed Warfare\05 Concept Development\UMS\1 Programmatic\2. Reporting\4 GDMS IMS\

\\us-ct-eb01\EBDepts\Programs.686.BlockVI\Seabed Warfare\05 Concept Development\UMS\1 Programmatic\3. Risk Management\GDMS RMB\

[GDMS ISA 20-149-S-O CDRL Submittals|https://gdmscollab.sharepoint.us/:f:/r/sites/PRGM-Rogue/Prime/To%20Prime/GDMS%20ISA%2020-149-S-O%20CDRL%20Submittals?csf=1&web=1&e=LL8U6G]",,cwhite10,mkuperst,,,,";25/Mar/26 9:21 AM;mkuperst;60",";21/Apr/26 1:48 PM;mkuperst;60",,,,,,,,14400,14280,120,0%,14400,14280,16320,,,,,,,,,SSWUMS-1482,,SSWUMS-1324,,,,,,,,,,,,,,,,,"23/Mar/26 8:15 PM;mkuperst;(CUI) CDRL 14 Summary Mast Schedule Final ME Feb 2026.pdf;https://192.168.3.34/jira1/secure/attachment/20427/%28CUI%29+CDRL+14+Summary+Mast+Schedule+Final+ME+Feb+2026.pdf","23/Mar/26 8:15 PM;mkuperst;(CUI) Rogue 6 CDRL 03 Schedule_ME 27FEB262.pdf;https://192.168.3.34/jira1/secure/attachment/20426/%28CUI%29+Rogue+6+CDRL+03+Schedule_ME+27FEB262.pdf",,,,,,,,,,,,,,,,,,,,,,,mkuperst,,,20/Apr/26 12:00 AM,,SSWUMS-979,,,Done,,,,,,,,,1.0,"SMS Comments

+*Slide 14*+
 * FA Documents still showing in January of 2025
 * HRS Dates not updates(Noted in text box on slide)

 

IMS Comments
 * Need to roll in the HRS Updates as well as CCA dates","Posted on: Thu Apr 09 10:15:15 EDT 2026
Comments consolidated, planned rollover to next sprint",,,No comments by current user.,,,,,,,,,,,,,,,,,,,,,"1|i07wsw:",,,,,,,,,,,,,,,,,,,,,,,SSWUMS Sprint 17.6,SSWUMS Sprint 18.1,SSWUMS Sprint 18.2,,,,,,,,0.5,,,,100%,20/Apr/26 12:00 AM,20/Mar/26 12:00 AM,,,,,,,,,,,0.0,0.0,0.0,,,0.0,0.0,0.0,0.0,0.0,0.0,0.0,"24/Mar/26 11:25 AM;mkuperst;Planned rollover into next sprint.;;;","26/Mar/26 4:55 PM;cwhite10;Flag for [~mkuperst]

C-CCA HRS needs to be updated in the EB IMS

GDMS ID 8360 does not have C2S B-Spec sent to EB until 12/07/2026 unlike EB IMS line 93 witch is 10/30/2026

In EB IMS SRDD Dates need to be updated

EB IMS line 500 SWDP is done

C2S DVT plan delayed to 11/30/2026 (GDMS: 8376, EB line: 515)

 ;;;","09/Apr/26 10:15 AM;mkuperst;Comments consolidated, planned rollover to next sprint;;;",,,,,
GDMS IMS and SMS review(For Jan),SSWUMS-1324,89687,Task,Done,SSWUMS,SSWUMS,software,mkuperst,"Welcome to the SSWUMS Team space, led by Meridith K (Product Owner). This space includes D440 and D454 resources, as well as Sprint and Kanban work.
",,Medium,Done,mkuperst,mkuperst,cwhite10,04/Dec/25 12:02 PM,20/Mar/26 1:57 PM,18/Sep/26 3:31 PM,20/Mar/26 1:56 PM,,PI17,,,,GDMS IMS,GDMS SMS,,,,,,,,,,,,,,,,,,,,20/Mar/26 12:00 AM,0,"\\US-CT-EB01\EBDepts\Programs.686.BlockVI\Seabed Warfare\05 Concept Development\UMS\1 Programmatic\2. Reporting\2 Segment Schedules\Summary Schedules

\\us-ct-eb01\EBDepts\Programs.686.BlockVI\Seabed Warfare\05 Concept Development\UMS\1 Programmatic\2. Reporting\4 GDMS IMS\

\\us-ct-eb01\EBDepts\Programs.686.BlockVI\Seabed Warfare\05 Concept Development\UMS\1 Programmatic\3. Risk Management\GDMS RMB\",,cwhite10,mkuperst,,,,";20/Mar/26 1:56 PM;mkuperst;14400",,,,,,,,,14400,0,14400,100%,23040,5940,17100,,,,,,,,,SSWUMS-1325,,SSWUMS-1323,,,,,,,,,,,,,,,,,,,,,,,,,,,,,,,,,,,,,,,,,mkuperst,,,09/Mar/26 12:00 AM,,SSWUMS-978,,,Done,,,,,,,,,1.0,"SMS Comments

+*Slide 14*+
 * FA Documents still showing in January of 2025
 * HRS Dates not updates(Noted in text box on slide)

 

IMS Comments
 * Need to roll in the HRS Updates as well as CCA dates","Posted on: Wed Feb 25 08:52:02 EST 2026
Planned rollover task",,,No comments by current user.,,,,,,,,,,,,,,,,,,,,,"1|i07wso:",,,,,,,,,,,,,,,,,,,,,,,SSWUMS Sprint 17.4,SSWUMS Sprint 17.5,SSWUMS Sprint 17.6,,,,,,,,0.5,,,,100%,09/Mar/26 12:00 AM,20/Feb/26 12:00 AM,,,,,,,,,,,0.0,0.0,0.0,,,0.0,0.0,0.0,0.0,0.0,0.0,0.0,"25/Feb/26 8:52 AM;mkuperst;Planned rollover task;;;",,,,,,,
GDMS IMS and SMS review(For Dec),SSWUMS-1323,89686,Task,Done,SSWUMS,SSWUMS,software,mkuperst,"Welcome to the SSWUMS Team space, led by Meridith K (Product Owner). This space includes D440 and D454 resources, as well as Sprint and Kanban work.
",,Medium,Done,mkuperst,mkuperst,cwhite10,04/Dec/25 12:01 PM,10/Feb/26 3:31 PM,18/Sep/26 3:31 PM,10/Feb/26 3:31 PM,,PI17,,,,GDMS IMS,GDMS SMS,,,,,,,,,,,,,,,,,,,,20/Feb/26 12:00 AM,0,"\\US-CT-EB01\EBDepts\Programs.686.BlockVI\Seabed Warfare\05 Concept Development\UMS\1 Programmatic\2. Reporting\2 Segment Schedules\Summary Schedules

\\us-ct-eb01\EBDepts\Programs.686.BlockVI\Seabed Warfare\05 Concept Development\UMS\1 Programmatic\2. Reporting\4 GDMS IMS\

\\us-ct-eb01\EBDepts\Programs.686.BlockVI\Seabed Warfare\05 Concept Development\UMS\1 Programmatic\3. Risk Management\GDMS RMB\",,bchadwic,cwhite10,mkuperst,,,";28/Jan/26 8:32 AM;mkuperst;60","Products have been received and looked over.;10/Feb/26 3:31 PM;mkuperst;3600",,,,,,,,14400,10740,3660,25%,14400,10740,3660,,,,,,,,,SSWUMS-1324,,SSWUMS-1322,,,,,,,,,,,,,,,,,,,,,,,,,,,,,,,,,,,,,,,,,mkuperst,,,20/Feb/26 12:00 AM,,SSWUMS-978,,,Done,,,,,,,,,1.0,"SMS Comments

+*Slide 14*+
 * FA Documents still showing in January of 2025
 * HRS Dates not updates(Noted in text box on slide)

 

IMS Comments
 * Need to roll in the HRS Updates as well as CCA dates","Posted on: Tue Feb 10 15:31:05 EST 2026
Products have been received and looked over.",,,No comments by current user.,,,,,,,,mkuperst,cwhite10,bchadwic,,,,,,,,,,,"1|i07wsg:",,,TBD,,,TBD,,,TBD,,,,,,,,,,,,,,SSWUMS Sprint 17.2,SSWUMS Sprint 17.3,,,,,,,,,0.5,,,,100%,20/Feb/26 12:00 AM,20/Jan/26 12:00 AM,,,,,,,,,,,,,,,,,,,,,,,"27/Jan/26 8:13 PM;bchadwic;Planned to two sprint review continued during the Sprint 17.3.;;;","10/Feb/26 3:31 PM;mkuperst;Products have been received and looked over.;;;",,,,,,
GDMS IMS and SMS review(For Nov),SSWUMS-1322,89685,Task,Done,SSWUMS,SSWUMS,software,mkuperst,"Welcome to the SSWUMS Team space, led by Meridith K (Product Owner). This space includes D440 and D454 resources, as well as Sprint and Kanban work.
",,Medium,Done,mkuperst,mkuperst,cwhite10,04/Dec/25 11:59 AM,22/Jan/26 1:18 PM,18/Sep/26 3:31 PM,22/Jan/26 1:18 PM,,PI17,,,,GDMS IMS,GDMS SMS,,,,,,,,,,,,,,,,,,,,20/Jan/26 12:00 AM,0,"\\US-CT-EB01\EBDepts\Programs.686.BlockVI\Seabed Warfare\05 Concept Development\UMS\1 Programmatic\2. Reporting\2 Segment Schedules\Summary Schedules

\\us-ct-eb01\EBDepts\Programs.686.BlockVI\Seabed Warfare\05 Concept Development\UMS\1 Programmatic\2. Reporting\4 GDMS IMS\

\\us-ct-eb01\EBDepts\Programs.686.BlockVI\Seabed Warfare\05 Concept Development\UMS\1 Programmatic\3. Risk Management\GDMS RMB\",,cwhite10,,,,,";05/Jan/26 11:13 AM;mkuperst;60",";22/Jan/26 1:18 PM;mkuperst;14400",,,,,,,,11520,0,14460,125%,11520,0,14460,,,,,,,,,SSWUMS-1323,,SSWUMS-1224,,,,,,,,,,,,,,,,,,,,,,,,,,,,,,,,,,,,,,,,,mkuperst,,,20/Jan/26 12:00 AM,,SSWUMS-978,,,Done,,,,,,,,,1.0,"SMS Comments

+*Slide 14*+
 * FA Documents still showing in January of 2025
 * HRS Dates not updates(Noted in text box on slide)

 

IMS Comments
 * Need to roll in the HRS Updates as well as CCA dates",,,,No comments by current user.,,,,,,,,mkuperst,cwhite10,bchadwic,,,,,,,,,,,"1|i07ws8:",,,Approved,,,TBD,,,TBD,,,,,,,,,,,,,,SSWUMS Sprint 17.1,SSWUMS Sprint 17.2,,,,,,,,,0.4,,,,100%,20/Jan/26 12:00 AM,22/Dec/25 12:00 AM,,,,,,,,,,,,,,,,,,,,,,,,,,,,,,
EVENT - UMS Program Review (GDMS)(Sep 30 2026),SSWUMS-1321,89676,Task,To Do,SSWUMS,SSWUMS,software,mkuperst,"Welcome to the SSWUMS Team space, led by Meridith K (Product Owner). This space includes D440 and D454 resources, as well as Sprint and Kanban work.
",,Medium,,mkuperst,cwhite10,cwhite10,04/Dec/25 11:35 AM,15/Sep/26 12:36 PM,18/Sep/26 3:31 PM,,,PI20,,,,GDMS UMS QPR,,,,,,,,,,,,,,,,,,,,,30/Sep/26 12:00 AM,0,,,cwhite10,,,,,,,,,,,,,,144000,144000,,0%,144000,144000,,,,,,,,,,,,SSWUMS-1318,,,,,,,,,,,,,,,,,,,,,,,,,,,,,,,,,,,,,,,,,mkuperst,,,29/Sep/26 12:00 AM,,SSWUMS-981,,,In Progress,,,,,,Sprint,,,,,,,,No comments by current user.,,,,,,,,,,,,,,,,,,,,,"1|i07wq8:",,,,,,,,,,,,,,,,Medium,,,,,,,PI20 9/23/2026 - 1/3/2027,,,,,,,,,,5.0,,,,0%,30/Sep/26 12:00 AM,29/Sep/26 12:00 AM,,,,,,,,,,,,0.0,0.0,,0.0,,0.0,0.0,,0.0,0.0,0.0,,,,,,,,
1.a. UMS Oversight Tasking - PI19,SSWUMS-1320,89675,Epic,Done,SSWUMS,SSWUMS,software,mkuperst,"Welcome to the SSWUMS Team space, led by Meridith K (Product Owner). This space includes D440 and D454 resources, as well as Sprint and Kanban work.
",,Medium,Done,mkuperst,mkuperst,cwhite10,04/Dec/25 11:34 AM,19/Aug/26 9:24 AM,18/Sep/26 3:31 PM,19/Aug/26 9:24 AM,,PI19,,,,Document Dev,EB PI,GDMS IMS,GDMS SOW,MBSE,Meetings,UMS Captain Metrics,,,,,,,,,,,,,,,,0,,,cwhite10,,,,,,,,,,,,,,0,0,,0%,0,0,,,,,,,,,,,,SSWUMS-1257,,,,,,,,,,,,,,,,,,,,,,,,,,,,,,,,,,,,,,,,,,,,,ghx-label-3,,1.a. UMS Oversight Tasking - PI19,Done,,,,,,,,,,,,,,,No comments by current user.,,,,,,,SSWUMS-567,,,,,,,,,,,,,,"1|hzwrws:",,,,,,,,,,,,,,,,Medium,,,,,,,,,,,,,,,,,,,,,94%,23/Sep/26 12:00 AM,01/Jul/26 12:00 AM,,,,,,,,,,,100.0,4.7,0.0,,,100.0,144.5,4.7,0.0,37.6,'-16.7,54.3,,,,,,,,
UMS CAPT Metrics Event(Jul 22 2026),SSWUMS-1319,89674,Task,Cancelled,SSWUMS,SSWUMS,software,mkuperst,"Welcome to the SSWUMS Team space, led by Meridith K (Product Owner). This space includes D440 and D454 resources, as well as Sprint and Kanban work.
",,Medium,Won't Do,mkuperst,cwhite10,cwhite10,04/Dec/25 11:33 AM,13/May/26 11:31 AM,18/Sep/26 3:31 PM,13/May/26 11:31 AM,,PI19,,,,,,,,,,,,,,,,,,,,,,,,,11/Feb/26 12:00 AM,0,,,cwhite10,,,,,,,,,,,,,,0,0,,0%,0,0,,,,,,,,,,,,SSWUMS-1317,,,,,,,,,,,,,,,,,,,,,,,,,,,,,,,,,,,,,,,,,mkuperst,,,22/Jul/26 12:00 AM,,SSWUMS-1320,,,Done,,,,,,Sprint,,,,,"Posted on: Wed May 13 11:31:24 EDT 2026
Merged with SSWUMS-1271",,,No comments by current user.,,,,,,,,,,,,,,,,,,,,,"1|i07wps:",,,,,,,,,,,,,,,,Medium,,,,,,,PI19 7/1/2026 - 9/23/2026,,,,,,,,,,0.0,,,,100%,22/Jul/26 12:00 AM,11/Feb/26 12:00 AM,,,,,,,,,,,,0.0,0.0,,0.0,,,0.0,,,,,"13/May/26 11:31 AM;cwhite10;Merged with SSWUMS-1271;;;",,,,,,,
UMS Program Review (GDMS)(Apr 28 2026),SSWUMS-1318,89673,Task,Cancelled,SSWUMS,SSWUMS,software,mkuperst,"Welcome to the SSWUMS Team space, led by Meridith K (Product Owner). This space includes D440 and D454 resources, as well as Sprint and Kanban work.
",,Medium,Won't Do,mkuperst,cwhite10,cwhite10,04/Dec/25 11:29 AM,24/Mar/26 3:44 PM,18/Sep/26 3:31 PM,06/Jan/26 2:37 PM,,PI18,,,,GDMS UMS QPR,,,,,,,,,,,,,,,,,,,,,28/Apr/26 12:00 AM,0,,,cwhite10,mkuperst,,,,,,,,,,,,,0,0,,0%,0,0,,,,,,,,,,SSWUMS-1321,,,,,,,,,,,,,,,,,,,,,,,,,,,,,,,,,,,,,,,,,,,mkuperst,,,30/Apr/26 12:00 AM,,SSWUMS-979,,,Done,,,,,,Sprint,,,,,"Posted on: Tue Jan 06 14:37:00 EST 2026
Duplicate of https://192.168.3.34/jira1/browse/SSWUMS-1270",,,No comments by current user.,,,,,,,,mkuperst,bchadwic,cwhite10,,pclarke,,,,,,,,,"1|i07wpk:",,,,,,,,,,,,,,,,Medium,,,,,,,SSWUMS Sprint 17.5,,,,,,,,,,0.0,,,,100%,30/Apr/26 12:00 AM,30/Apr/26 12:00 AM,,,,,,,,,,,,0.0,0.0,,0.0,,,0.0,,,,,"06/Jan/26 2:37 PM;mkuperst;Duplicate of https://192.168.3.34/jira1/browse/SSWUMS-1270;;;",,,,,,,
UMS CAPT Metrics Event(Feb 11 2026),SSWUMS-1317,89672,Task,Done,SSWUMS,SSWUMS,software,mkuperst,"Welcome to the SSWUMS Team space, led by Meridith K (Product Owner). This space includes D440 and D454 resources, as well as Sprint and Kanban work.
",,Medium,Done,mkuperst,cwhite10,cwhite10,04/Dec/25 11:26 AM,12/Feb/26 11:57 AM,18/Sep/26 3:31 PM,12/Feb/26 11:57 AM,,PI17,,,,UMS Captain Metrics,,,,,,,,,,,,,,,,,,,,,11/Feb/26 12:00 AM,0,,,cwhite10,mkuperst,,,,"Metrics presented and completed.;12/Feb/26 11:57 AM;mkuperst;7200",,,,,,,,,14400,7200,7200,50%,14400,7200,7200,,,,,,,,,SSWUMS-1319,,,,,,,,,,,,,,,,,,,,,,,,,,,,,,,,,,,,,,,,,,,mkuperst,,,12/Feb/26 12:00 AM,,SSWUMS-1247,,,Done,,,,,,Sprint,,,,,"Posted on: Thu Feb 12 11:57:47 EST 2026
Metrics presented and completed.",,,No comments by current user.,,,,,,,,,,,,,,,,,,,,,"1|i07wpc:",,,,,,,,,,,,,,,,Medium,,,,,,,SSWUMS Sprint 17.4,,,,,,,,,,0.5,,,,100%,12/Feb/26 12:00 AM,11/Feb/26 12:00 AM,,,,,,,,,,,,0.0,0.0,,0.0,,,0.0,,,,,"12/Feb/26 11:57 AM;mkuperst;Metrics presented and completed.;;;",,,,,,,
EIA SRDD EB Admin Work/NAVSEA Submittal(04 Aug 2026),SSWUMS-1316,89663,Task,Done,SSWUMS,SSWUMS,software,mkuperst,"Welcome to the SSWUMS Team space, led by Meridith K (Product Owner). This space includes D440 and D454 resources, as well as Sprint and Kanban work.
",,Medium,Done,cwhite10,cwhite10,cwhite10,04/Dec/25 10:56 AM,28/Aug/26 2:20 PM,18/Sep/26 3:31 PM,28/Aug/26 2:20 PM,,PI19,,,,SRDD,,,,,,,,,,,,,,,,,,,,,10/Nov/26 12:00 AM,0,,,cwhite10,,,,,";28/Aug/26 2:20 PM;cwhite10;600",,,,,,,,,14400,13800,600,4%,14400,13800,600,,SSWUMS-1309,,,,,,,,,,,,,,,,,,,,,,,,,SSWSYSPM-3001,,,,,,,,,,,,,,,,,,,,,,,,,cwhite10,,,04/Aug/26 12:00 AM,,SSWUMS-1475,,,Done,,,,,,Sprint,,,,,,,,No comments by current user.,,,,,,,,,,,,,,,,,,,,,"1|i07wo8:",,,,,,,,,,,,,,,,Medium,,,,,,,PI19 7/1/2026 - 9/23/2026,,,,,,,,,,0.5,,,,,04/Aug/26 12:00 AM,,,,,,,,,,,,,0.0,0.0,,0.0,,,0.0,,,,,,,,,,,,
PDMSA SRDD EB Admin Work/NAVSEA Submittal(17 Nov 2026),SSWUMS-1315,89662,Task,To Do,SSWUMS,SSWUMS,software,mkuperst,"Welcome to the SSWUMS Team space, led by Meridith K (Product Owner). This space includes D440 and D454 resources, as well as Sprint and Kanban work.
",,Medium,,bchadwic,cwhite10,cwhite10,04/Dec/25 10:56 AM,12/Aug/26 4:11 PM,18/Sep/26 3:31 PM,,,PI20,,,,SRDD,,,,,,,,,,,,,,,,,,,,,17/Nov/26 12:00 AM,0,,,cwhite10,,,,,,,,,,,,,,14400,14400,,0%,14400,14400,,,SSWUMS-1308,,,,,,,,,,,,,,,,,,,,,,,,,SSWSYSPM-3000,,,,,,,,,,,,,,,,,,,,,,,,,bchadwic,,,17/Nov/26 12:00 AM,,SSWUMS-1480,,,In Progress,,,,,,Sprint,,,,,,,,No comments by current user.,,,,,,,,,,,,,,,,,,,,,"1|i07wo0:",,,,,,,,,,,,,,,,Medium,,,,,,,PI20 9/23/2026 - 1/3/2027,,,,,,,,,,0.5,,,,,17/Nov/26 12:00 AM,,,,,,,,,,,,,0.0,0.0,,0.0,,,0.0,,,,,,,,,,,,
C2A SRDD EB Admin Work/NAVSEA Submittal(10 Nov 2026),SSWUMS-1314,89661,Task,To Do,SSWUMS,SSWUMS,software,mkuperst,"Welcome to the SSWUMS Team space, led by Meridith K (Product Owner). This space includes D440 and D454 resources, as well as Sprint and Kanban work.
",,Medium,,cwhite10,cwhite10,cwhite10,04/Dec/25 10:56 AM,20/Aug/26 1:19 PM,18/Sep/26 3:31 PM,,,PI20,,,,SRDD,,,,,,,,,,,,,,,,,,,,,10/Nov/26 12:00 AM,0,,,cwhite10,,,,,,,,,,,,,,14400,14400,,0%,14400,14400,,,SSWUMS-1307,,,,,,,,,,,,,,,,,,,,,,,,,SSWSYSPM-2999,,,,,,,,,,,,,,,,,,,,,,,,,cwhite10,,,10/Nov/26 12:00 AM,,SSWUMS-1479,,,In Progress,,,,,,Sprint,,,,,,,,No comments by current user.,,,,,,,,,,,,,,,,,,,,,"1|i07wns:",,,,,,,,,,,,,,,,Medium,,,,,,,PI20 9/23/2026 - 1/3/2027,,,,,,,,,,0.5,,,,,10/Nov/26 12:00 AM,,,,,,,,,,,,,0.0,0.0,,0.0,,,0.0,,,,,,,,,,,,
MCA SRDD EB Admin Work/NAVSEA Submittal(22 Sep 2026),SSWUMS-1313,89660,Task,To Do,SSWUMS,SSWUMS,software,mkuperst,"Welcome to the SSWUMS Team space, led by Meridith K (Product Owner). This space includes D440 and D454 resources, as well as Sprint and Kanban work.
",,Medium,,cwhite10,cwhite10,cwhite10,04/Dec/25 10:55 AM,08/Sep/26 3:41 PM,18/Sep/26 3:31 PM,,,PI20,,,,SRDD,,,,,,,,,,,,,,,,,,,,,06/Oct/26 12:00 AM,0,,,cwhite10,,,,,,,,,,,,,,14400,14400,,0%,14400,14400,,,SSWUMS-1306,,,,,,,,,,,,,,,,,,,,,,,,,SSWSYSPM-2998,,,,,,,,,,,,,,,,,,,,,,,,,cwhite10,,,06/Oct/26 12:00 AM,,SSWUMS-1476,,,In Progress,,,,,,Sprint,,,,,,,,No comments by current user.,,,,,,,,,,,,,,,,,,,,,"1|i07wnk:",,,,,,,,,,,,,,,,Medium,,,,,,,PI20 9/23/2026 - 1/3/2027,,,,,,,,,,0.5,,,,,06/Oct/26 12:00 AM,,,,,,,,,,,,,0.0,0.0,,0.0,,,0.0,,,,,,,,,,,,
UIA SRDD EB Admin Work/NAVSEA Submittal(11 Jun 2026),SSWUMS-1312,89659,Task,Done,SSWUMS,SSWUMS,software,mkuperst,"Welcome to the SSWUMS Team space, led by Meridith K (Product Owner). This space includes D440 and D454 resources, as well as Sprint and Kanban work.
",,Medium,Done,cwhite10,cwhite10,cwhite10,04/Dec/25 10:55 AM,22/Jun/26 7:54 AM,18/Sep/26 3:31 PM,22/Jun/26 7:54 AM,,PI18,,,,SRDD,,,,,,,,,,,,,,,,,,,,,14/Jul/26 12:00 AM,0,,,cwhite10,,,,,";18/Jun/26 4:34 PM;cwhite10;3600",";22/Jun/26 7:54 AM;cwhite10;3600",,,,,,,,14400,7200,7200,50%,14400,7200,7200,,SSWUMS-1305,,,,,,,,,,,,,,,,,,,,,,,,,SSWSYSPM-2997,,,,,,,,,,,UIA SRDD is submitted to NAVSEA,,,,,,SSWSYSPM,,,,,,,,cwhite10,,,11/Jun/26 12:00 AM,,SSWUMS-1472,,,Done,,,,,,Sprint,,,,,"Posted on: Tue Jun 16 12:52:03 EDT 2026
Unable to complete. Still in GDMS CM process. Moved out one Sprint",,,No comments by current user.,,,,,,,,,,,,,,,,,,,,,"1|i07wnc:",,,,,,,,,,,,,,,,Medium,,,,,,,SSWUMS Sprint 18.6,SSWUMS Sprint 18.7,,,,,,,,,0.5,,,,,11/Jun/26 12:00 AM,,,,,,,,,,,,,0.0,0.0,,0.0,,,0.0,,,,,"16/Jun/26 12:52 PM;cwhite10;Unable to complete. Still in GDMS CM process. Moved out one Sprint;;;",,,,,,,
HSMA SRDD EB Admin Work/NAVSEA Submittal(21 Jul 2026),SSWUMS-1311,89658,Task,Done,SSWUMS,SSWUMS,software,mkuperst,"Welcome to the SSWUMS Team space, led by Meridith K (Product Owner). This space includes D440 and D454 resources, as well as Sprint and Kanban work.
",,Medium,Done,cwhite10,cwhite10,cwhite10,04/Dec/25 10:55 AM,19/Aug/26 4:34 PM,18/Sep/26 3:31 PM,19/Aug/26 4:34 PM,,PI19,,,,SRDD,,,,,,,,,,,,,,,,,,,,,22/Sep/26 12:00 AM,0,,,cwhite10,,,,,";11/Aug/26 11:22 AM;cwhite10;7200",";19/Aug/26 4:34 PM;cwhite10;2700",,,,,,,,14400,4500,9900,68%,14400,4500,9900,,SSWUMS-1304,,,,,,,,,,,,,,,,,,,,,,,,,SSWSYSPM-2996,,,,,,,,,,,HSMA SRDD is submitted to NAVSEA,,,,,,,,,,,,,,cwhite10,,,07/Aug/26 12:00 AM,,SSWUMS-1473,,,Done,,,,,,Sprint,,,,,,,,No comments by current user.,,,,,,,,,,,,,,,,,,,,,"1|i07wn4:",,,,,,,,,,,,,,,,Medium,,,,,,,PI19 7/1/2026 - 9/23/2026,,,,,,,,,,0.5,,,,,22/Sep/26 12:00 AM,,,,,,,,,,,,,0.0,0.0,,0.0,,,0.0,,,,,,,,,,,,
SSA SRDD EB Admin Work/NAVSEA Submittal(11 June 2026),SSWUMS-1310,89657,Task,Done,SSWUMS,SSWUMS,software,mkuperst,"Welcome to the SSWUMS Team space, led by Meridith K (Product Owner). This space includes D440 and D454 resources, as well as Sprint and Kanban work.
",,Medium,Done,cwhite10,cwhite10,cwhite10,04/Dec/25 10:55 AM,22/Jun/26 7:54 AM,18/Sep/26 3:31 PM,22/Jun/26 7:54 AM,,PI18,,,,SRDD,SRDD-SSA,,,,,,,,,,,,,,,,,,,,19/May/26 12:00 AM,0,,,cwhite10,,,,,";18/Jun/26 4:33 PM;cwhite10;3600",";22/Jun/26 7:54 AM;cwhite10;3600",,,,,,,,14400,7200,7200,50%,14400,7200,7200,,SSWUMS-1303,,,,,,,,,,,,,,,,,,,,,,,,,SSWSYSPM-2995,,,,,,,,,,,SSA SRDD is submitted to NAVSEA,,,,,,SSWSYSPM,,,,,,,,cwhite10,,,11/Jun/26 12:00 AM,,SSWUMS-1471,,,Done,,,,,,Sprint,,,,,"Posted on: Tue Jun 16 12:53:57 EDT 2026
Unable to complete. Still in GDMS CM process. Moved out one Sprint",,,No comments by current user.,,,,,,,,,,,,,,,,,,,,,"1|i07wmw:",,,,,,,,,,,,,,,,Medium,,,,,,,SSWUMS Sprint 18.6,SSWUMS Sprint 18.7,,,,,,,,,0.5,,,,,11/Jun/26 12:00 AM,,,,,,,,,,,,,0.0,0.0,,0.0,,,0.0,,,,,"16/Jun/26 12:53 PM;cwhite10;Unable to complete. Still in GDMS CM process. Moved out one Sprint;;;",,,,,,,
EIA SRDD Leads Review Adj(21 Jul 2026),SSWUMS-1309,89655,Task,Done,SSWUMS,SSWUMS,software,mkuperst,"Welcome to the SSWUMS Team space, led by Meridith K (Product Owner). This space includes D440 and D454 resources, as well as Sprint and Kanban work.
",,Medium,Done,cwhite10,cwhite10,cwhite10,04/Dec/25 10:46 AM,11/Aug/26 5:11 PM,18/Sep/26 3:31 PM,27/Jul/26 2:16 PM,,PI19,,,,SRDD,SRDD-EIA,,,,,,,,,,,,,,,,,,,,28/Jul/26 12:00 AM,0,,,cwhite10,,,,,";27/Jul/26 2:16 PM;cwhite10;7200",,,,,,,,,57600,50400,7200,12%,57600,50400,18600,,SSWUMS-1302,,,SSWUMS-1316,,,,,,,,,,,,,,,,,,,,,,SSWSYSPM-3001,,,,,,,,,,,,,,,,,SSWCYBER,SSWIF,SSWSW,SSWTEST,,,,,cwhite10,,,28/Jul/26 12:00 AM,,SSWUMS-1475,,,Done,,,,,,Sprint,,,,,,,,No comments by current user.,,,,,,,,,,,,,,,,,,,,,"1|i07wmg:",,,,,,,,,,,,,,,,Medium,,,,,,,PI19 7/1/2026 - 9/23/2026,,,,,,,,,,2.0,,,,100%,28/Jul/26 12:00 AM,21/Jul/26 12:00 AM,,,,,,,,,,,,0.0,0.0,,0.0,,0.0,0.0,,0.0,0.0,0.0,,,,,,,,
PDMSA SRDD Leads Review Adj(28 Sep 2026),SSWUMS-1308,89654,Task,To Do,SSWUMS,SSWUMS,software,mkuperst,"Welcome to the SSWUMS Team space, led by Meridith K (Product Owner). This space includes D440 and D454 resources, as well as Sprint and Kanban work.
",,Medium,,bchadwic,cwhite10,cwhite10,04/Dec/25 10:45 AM,08/Sep/26 12:10 PM,18/Sep/26 3:31 PM,,,PI20,,,,SRDD,,,,,,,,,,,,,,,,,,,,,03/Nov/26 12:00 AM,0,,,cwhite10,,,,,,,,,,,,,,57600,57600,,0%,57600,57600,,,SSWUMS-1301,,,SSWUMS-1315,,,,,,,,,,,,,,,,,,,,,,SSWSYSPM-3000,,,,,,,,,,,,,,,,,,,,,,,,,bchadwic,,,03/Nov/26 12:00 AM,,SSWUMS-1480,,,In Progress,,,,,,Sprint,,,,,,,,No comments by current user.,,,,,,,,,,,,,,,,,,,,,"1|i07wm8:",,,,,,,,,,,,,,,,Medium,,,,,,,PI20 9/23/2026 - 1/3/2027,,,,,,,,,,2.0,,,,0%,03/Nov/26 12:00 AM,27/Oct/26 12:00 AM,,,,,,,,,,,,0.0,0.0,,0.0,,0.0,0.0,,0.0,0.0,0.0,,,,,,,,
C2A SRDD Leads Review Adj(20 Oct 2026),SSWUMS-1307,89653,Task,To Do,SSWUMS,SSWUMS,software,mkuperst,"Welcome to the SSWUMS Team space, led by Meridith K (Product Owner). This space includes D440 and D454 resources, as well as Sprint and Kanban work.
",,Medium,,cwhite10,cwhite10,cwhite10,04/Dec/25 10:45 AM,08/Sep/26 12:04 PM,18/Sep/26 3:31 PM,,,PI20,,,,SRDD,,,,,,,,,,,,,,,,,,,,,27/Oct/26 12:00 AM,0,,,cwhite10,,,,,,,,,,,,,,57600,57600,,0%,57600,57600,,,SSWUMS-1298,,,SSWUMS-1314,,,,,,,,,,,,,,,,,,,,,,SSWSYSPM-2999,,,,,,,,,,,,,,,,,,,,,,,,,cwhite10,,,27/Oct/26 12:00 AM,,SSWUMS-1479,,,In Progress,,,,,,Sprint,,,,,,,,No comments by current user.,,,,,,,,,,,,,,,,,,,,,"1|i07wm0:",,,,,,,,,,,,,,,,Medium,,,,,,,PI20 9/23/2026 - 1/3/2027,,,,,,,,,,2.0,,,,0%,27/Oct/26 12:00 AM,20/Oct/26 12:00 AM,,,,,,,,,,,,0.0,0.0,,0.0,,0.0,0.0,,0.0,0.0,0.0,,,,,,,,
MCA SRDD Leads Review Adj(08 Sep 2026),SSWUMS-1306,89652,Task,Selected For Development,SSWUMS,SSWUMS,software,mkuperst,"Welcome to the SSWUMS Team space, led by Meridith K (Product Owner). This space includes D440 and D454 resources, as well as Sprint and Kanban work.
",,Medium,,cwhite10,cwhite10,cwhite10,04/Dec/25 10:45 AM,17/Sep/26 8:08 AM,18/Sep/26 3:31 PM,,,PI19,,,,SRDD,,,,,,,,,,,,,,,,,,,,,22/Sep/26 12:00 AM,0,,,cwhite10,,,,,,,,,,,,,,57600,57600,,0%,57600,57600,3000,,SSWUMS-1297,,,SSWUMS-1313,,,,,,,,,,,,,,,,,,,,,,SSWSYSPM-2998,,,,,,,,,,,,,,,,,SSWCYBER,SSWIF,SSWSW,SSWTEST,,,,,cwhite10,,,22/Sep/26 12:00 AM,,SSWUMS-1476,,,In Progress,,,,,,Sprint,,,,,,,,No comments by current user.,,,,,,,,,,,,,,,,,,,,,"1|i07wls:",,,,,,,,,,,,,,,,Medium,,,,,,,PI19 7/1/2026 - 9/23/2026,,,,,,,,,,2.0,,,,52%,22/Sep/26 12:00 AM,15/Sep/26 12:00 AM,,,,,,,,,,,,0.0,0.0,,0.0,,0.0,0.0,,0.0,0.0,0.0,,,,,,,,
UIA SRDD Leads Review Adj (ECD: 28 May 2026),SSWUMS-1305,89651,Task,Done,SSWUMS,SSWUMS,software,mkuperst,"Welcome to the SSWUMS Team space, led by Meridith K (Product Owner). This space includes D440 and D454 resources, as well as Sprint and Kanban work.
",,Medium,Done,cwhite10,cwhite10,cwhite10,04/Dec/25 10:44 AM,01/Jun/26 6:52 AM,18/Sep/26 3:31 PM,01/Jun/26 6:52 AM,,PI18,,,,SRDD,SRDD-UIA,,,,,,,,,,,,,,,,,,,,29/Jun/26 12:00 AM,0,,,cwhite10,,,,,";01/Jun/26 6:52 AM;cwhite10;60",,,,,,,,,57600,57540,60,0%,57600,57540,7260,,SSWUMS-1296,,,SSWUMS-1312,,,,,,,,,,,,,,,,,,,,,,SSWSYSPM-2997,,,,,,,,,,,,,,,,,SSWCYBER,SSWIF,SSWSW,SSWSYSPM,SSWTEST,,,,cwhite10,,,28/May/26 12:00 AM,,SSWUMS-1472,,,Done,,,,,,Sprint,,,,,,,,No comments by current user.,,,,,,,,,,,,,,,,,,,,,"1|i07wlk:",,,,,,,,,,,,,,,,Medium,,,,,,,SSWUMS Sprint 18.5,,,,,,,,,,2.0,,,,,28/May/26 12:00 AM,,,,,,,,,,,,,0.0,0.0,,0.0,,0.0,0.0,,0.0,0.0,0.0,,,,,,,,
HSMA SRDD Leads Review Adj(07 Jul 2026),SSWUMS-1304,89650,Task,Done,SSWUMS,SSWUMS,software,mkuperst,"Welcome to the SSWUMS Team space, led by Meridith K (Product Owner). This space includes D440 and D454 resources, as well as Sprint and Kanban work.
",,Medium,Done,cwhite10,cwhite10,cwhite10,04/Dec/25 10:44 AM,27/Jul/26 2:17 PM,18/Sep/26 3:31 PM,27/Jul/26 2:17 PM,,PI19,,,,SRDD,SRDD-HSMA,,,,,,,,,,,,,,,,,,,,24/Jul/26 12:00 AM,0,,,cwhite10,,,,,";27/Jul/26 2:17 PM;cwhite10;7200",,,,,,,,,57600,50400,7200,12%,57600,50400,15360,,SSWUMS-1300,,,SSWUMS-1311,,,,,,,,,,,,,,,,,,,,,,SSWSYSPM-2996,,,,,,,,,,,,,,,,,SSWCYBER,SSWIF,SSWSW,SSWTEST,,,,,cwhite10,,,24/Jul/26 12:00 AM,,SSWUMS-1473,,,Done,,,,,,Sprint,,,,,,,,No comments by current user.,,,,,,,,,,,,,,,,,,,,,"1|i07wlc:",,,,,,,,,,,,,,,,Medium,,,,,,,PI19 7/1/2026 - 9/23/2026,,,,,,,,,,2.0,,,,100%,24/Jul/26 12:00 AM,17/Jul/26 12:00 AM,,,,,,,,,,,,0.0,0.0,,0.0,,0.0,0.0,,0.0,0.0,0.0,,,,,,,,
SSA SRDD Leads Review Adj(28 May 2026),SSWUMS-1303,89649,Task,Done,SSWUMS,SSWUMS,software,mkuperst,"Welcome to the SSWUMS Team space, led by Meridith K (Product Owner). This space includes D440 and D454 resources, as well as Sprint and Kanban work.
",,Medium,Done,cwhite10,cwhite10,cwhite10,04/Dec/25 10:43 AM,21/May/26 4:20 PM,18/Sep/26 3:31 PM,21/May/26 4:20 PM,,PI18,,,,SRDD,SRDD-SSA,,,,,,,,,,,,,,,,,,,,04/May/26 12:00 AM,0,,,cwhite10,,,,,";21/May/26 4:20 PM;cwhite10;60",,,,,,,,,57600,57540,60,0%,57600,57540,27060,,SSWUMS-1299,,,SSWUMS-1310,,,,,,,,,,,,,,,,,,,,,,SSWSYSPM-2995,,,,,,,,,,,,,,,,,SSWCYBER,SSWIF,SSWSW,SSWTEST,SSWUMS,,,,cwhite10,,,28/May/26 12:00 AM,,SSWUMS-1471,,,Done,,,,,,Sprint,,,,,,,,No comments by current user.,,,,,,,,,,,,,,,,,,,,,"1|i07wl4:",,,,,,,,,,,,,,,,Medium,,,,,,,SSWUMS Sprint 18.5,,,,,,,,,,2.0,,,,,28/May/26 12:00 AM,,,,,,,,,,,,,0.0,0.0,,0.0,,0.0,0.0,,0.0,'-2.0,2.0,,,,,,,,
EIA SRDD Leads Review (Post Walkthrough Review),SSWUMS-1302,89646,Task,Cancelled,SSWUMS,SSWUMS,software,mkuperst,"Welcome to the SSWUMS Team space, led by Meridith K (Product Owner). This space includes D440 and D454 resources, as well as Sprint and Kanban work.
",,Medium,Won't Do,cwhite10,cwhite10,cwhite10,04/Dec/25 10:20 AM,02/Jun/26 12:22 PM,18/Sep/26 3:31 PM,02/Jun/26 12:22 PM,,PI18,,,,SRDD,SRDD-EIA,,,,,,,,,,,,,,,,,,,,22/Sep/26 12:00 AM,0,,,cwhite10,,,,,,,,,,,,,,0,0,,0%,0,0,,,SSWUMS-1289,,,SSWUMS-1309,,,,,,SSWUMS-1282,,,,,,,,,,,,,,,,SSWSYSPM-3001,,,,,,,,,,,,,,,,,SSWCYBER,SSWIF,SSWSW,SSWSYSPM,SSWTEST,,,,cwhite10,,,23/Jun/26 12:00 AM,,SSWUMS-1474,,,Done,,,,,,Sprint,,,,,"Posted on: Tue Jun 02 12:22:01 EDT 2026
Not Needed",,,No comments by current user.,,,,,,,,,,,,,,,,,,,,,"1|i07wkg:",,,,,,,,,,,,,,,,Medium,,,,,,,SSWUMS Sprint 18.7,,,,,,,,,,0.0,,,,100%,23/Jun/26 12:00 AM,09/Sep/26 12:00 AM,,,,,,,,,,,,0.0,0.0,,0.0,,0.0,0.0,,0.0,0.0,0.0,"02/Jun/26 12:22 PM;cwhite10;Not Needed;;;",,,,,,,
PDMSA SRDD Leads Review (Post Walkthrough Review),SSWUMS-1301,89645,Task,Cancelled,SSWUMS,SSWUMS,software,mkuperst,"Welcome to the SSWUMS Team space, led by Meridith K (Product Owner). This space includes D440 and D454 resources, as well as Sprint and Kanban work.
",,Medium,Won't Do,bchadwic,cwhite10,cwhite10,04/Dec/25 10:20 AM,11/Aug/26 4:36 PM,18/Sep/26 3:31 PM,02/Jun/26 12:23 PM,,PI19,,,,SRDD,STP,,,,,,,,,,,,,,,,,,,,25/Aug/26 12:00 AM,0,,,cwhite10,,,,,,,,,,,,,,0,0,,0%,0,0,,,SSWUMS-1288,,,SSWUMS-1308,,,,,,SSWUMS-1281,,,,,,,,,,,,,,,,SSWSYSPM-3000,,,,,,,,,,,,,,,,,,,,,,,,,bchadwic,,,06/Oct/26 12:00 AM,,SSWUMS-1480,,,In Progress,,,,,,Sprint,,,,,"Posted on: Tue Jun 02 12:23:57 EDT 2026
Not Needed",,,No comments by current user.,,,,,,,,,,,,,,,,,,,,,"1|i07wk8:",,,,,,,,,,,,,,,,Medium,,,,,,,PI20 9/23/2026 - 1/3/2027,,,,,,,,,,0.0,,,,68%,06/Oct/26 12:00 AM,12/Aug/26 12:00 AM,,,,,,,,,,,,0.0,0.0,,0.0,,0.0,0.0,,0.0,0.0,0.0,"02/Jun/26 12:23 PM;cwhite10;Not Needed;;;",,,,,,,
HSMA SRDD Leads Review (Post Walkthrough Review),SSWUMS-1300,89642,Task,Cancelled,SSWUMS,SSWUMS,software,mkuperst,"Welcome to the SSWUMS Team space, led by Meridith K (Product Owner). This space includes D440 and D454 resources, as well as Sprint and Kanban work.
",,Medium,Won't Do,cwhite10,cwhite10,cwhite10,04/Dec/25 10:16 AM,02/Jun/26 12:17 PM,18/Sep/26 3:31 PM,02/Jun/26 12:17 PM,,PI18,,,,SRDD,SRDD-HSMA,,,,,,,,,,,,,,,,,,,,28/Apr/26 12:00 AM,0,,,cwhite10,,,,,,,,,,,,,,0,0,,0%,0,0,,,SSWUMS-1284,,,SSWUMS-1304,,,,,,SSWUMS-1277,,,,,,,,,,,,,,,,SSWSYSPM-2996,,,,,,,,,,,,,,,,,SSWCYBER,SSWIF,SSWSW,SSWSYSPM,SSWTEST,,,,cwhite10,,,09/Jun/26 12:00 AM,,SSWUMS-1352,,,Done,,,,,,Sprint,,,,,"Posted on: Tue Jun 02 12:17:38 EDT 2026
Not needed",,,No comments by current user.,,,,,,,,,,,,,,,,,,,,,"1|i07wjk:",,,,,,,,,,,,,,,,Medium,,,,,,,SSWUMS Sprint 18.6,,,,,,,,,,0.0,,,,,09/Jun/26 12:00 AM,,,,,,,,,,,,,0.0,0.0,,0.0,,0.0,0.0,,0.0,0.0,0.0,"02/Jun/26 12:17 PM;cwhite10;Not needed;;;",,,,,,,
SSA SRDD Leads Review (Post Walkthrough Review),SSWUMS-1299,89638,Task,Done,SSWUMS,SSWUMS,software,mkuperst,"Welcome to the SSWUMS Team space, led by Meridith K (Product Owner). This space includes D440 and D454 resources, as well as Sprint and Kanban work.
",,Medium,Done,cwhite10,cwhite10,cwhite10,04/Dec/25 9:59 AM,28/Apr/26 9:20 AM,18/Sep/26 3:31 PM,28/Apr/26 9:20 AM,,PI18,,,,SRDD,SRDD-SSA,,,,,,,,,,,,,,,,,,,,31/Mar/26 12:00 AM,0,,,cwhite10,,,,,"Log sent to GDMS;28/Apr/26 9:20 AM;cwhite10;600",,,,,,,,,57600,57000,600,1%,57600,57000,600,,SSWUMS-1283,,,SSWUMS-1303,,,,,,SSWUMS-1276,,,,,,,,,,,,,,,,SSWSYSPM-2995,,,,,,,,,,,,,,,,,SSWSW,SSWTEST,,,,,,,cwhite10,,,30/Apr/26 12:00 AM,,SSWUMS-1471,,,Done,,,,,,Sprint,,,,,"Posted on: Tue Apr 28 09:20:38 EDT 2026
Log sent to GDMS",,,No comments by current user.,,,,,,,,,,,,,,,,,,,,,"1|i07wio:",,,,,,,,,,,,,,,,Medium,,,,,,,SSWUMS Sprint 18.3,,,,,,,,,,2.0,,,,100%,30/Apr/26 12:00 AM,18/Mar/26 12:00 AM,,,,,,,,,,,,0.0,0.0,,0.0,,0.0,0.0,,0.0,0.0,0.0,"28/Apr/26 9:20 AM;cwhite10;Log sent to GDMS;;;",,,,,,,
C2A SRDD Leads Review (Post Walkthrough Review),SSWUMS-1298,89636,Task,Cancelled,SSWUMS,SSWUMS,software,mkuperst,"Welcome to the SSWUMS Team space, led by Meridith K (Product Owner). This space includes D440 and D454 resources, as well as Sprint and Kanban work.
",,Medium,Won't Do,cwhite10,cwhite10,cwhite10,04/Dec/25 9:50 AM,02/Jun/26 12:24 PM,18/Sep/26 3:31 PM,02/Jun/26 12:24 PM,,PI19,,,,SRDD,SRDD-C2A,,,,,,,,,,,,,,,,,,,,28/Jul/26 12:00 AM,0,,,cwhite10,,,,,,,,,,,,,,0,0,,0%,0,0,,,SSWUMS-1287,,,SSWUMS-1307,,,,,,SSWUMS-1280,,,,,,,,,,,,,,,,SSWSYSPM-2999,,,,,,,,,,,,,,,,,,,,,,,,,cwhite10,,,29/Sep/26 12:00 AM,,SSWUMS-1479,,,In Progress,,,,,,Sprint,,,,,"Posted on: Tue Jun 02 12:24:08 EDT 2026
Not Needed",,,No comments by current user.,,,,,,,,,,,,,,,,,,,,,"1|i07wi8:",,,,,,,,,,,,,,,,Medium,,,,,,,PI19 7/1/2026 - 9/23/2026,,,,,,,,,,0.0,,,,86%,29/Sep/26 12:00 AM,15/Jul/26 12:00 AM,,,,,,,,,,,,0.0,0.0,,0.0,,0.0,0.0,,0.0,0.0,0.0,"02/Jun/26 12:24 PM;cwhite10;Not Needed;;;",,,,,,,
MCA SRDD Leads Review (Post Walkthrough Review),SSWUMS-1297,89635,Task,Cancelled,SSWUMS,SSWUMS,software,mkuperst,"Welcome to the SSWUMS Team space, led by Meridith K (Product Owner). This space includes D440 and D454 resources, as well as Sprint and Kanban work.
",,Medium,Won't Do,cwhite10,cwhite10,cwhite10,04/Dec/25 9:48 AM,02/Jun/26 12:24 PM,18/Sep/26 3:31 PM,02/Jun/26 12:24 PM,,PI19,,,,SRDD,SRDD-MCA,,,,,,,,,,,,,,,,,,,,23/Jun/26 12:00 AM,0,,,cwhite10,,,,,,,,,,,,,,0,0,,0%,0,0,,,SSWUMS-1286,,,SSWUMS-1306,,,,,,SSWUMS-1279,,,,,,,,,,,,,,,,SSWSYSPM-2998,,,,,,,,,,,,,,,,,,,,,,,,,cwhite10,,,11/Aug/26 12:00 AM,,SSWUMS-1476,,,In Progress,,,,,,Sprint,,,,,"Posted on: Tue Jun 02 12:24:14 EDT 2026
Not Needed",,,No comments by current user.,,,,,,,,,,,,,,,,,,,,,"1|i07wi0:",,,,,,,,,,,,,,,,Medium,,,,,,,PI19 7/1/2026 - 9/23/2026,,,,,,,,,,0.0,,,,,11/Aug/26 12:00 AM,,,,,,,,,,,,,0.0,0.0,,0.0,,0.0,0.0,,0.0,0.0,0.0,"02/Jun/26 12:24 PM;cwhite10;Not Needed;;;",,,,,,,
UIA SRDD Leads Review (Post Walkthrough Review),SSWUMS-1296,89632,Task,Done,SSWUMS,SSWUMS,software,mkuperst,"Welcome to the SSWUMS Team space, led by Meridith K (Product Owner). This space includes D440 and D454 resources, as well as Sprint and Kanban work.
",,Medium,Done,cwhite10,cwhite10,cwhite10,04/Dec/25 9:42 AM,30/Apr/26 11:05 AM,18/Sep/26 3:31 PM,30/Apr/26 11:05 AM,,PI18,,,,SRDD,SRDD-UIA,,,,,,,,,,,,,,,,,,,,26/May/26 12:00 AM,0,,,cwhite10,,,,,";30/Apr/26 11:05 AM;mkuperst;60",,,,,,,,,57600,57540,60,0%,57600,57540,18060,,SSWUMS-1285,,,SSWUMS-1305,,,,,,SSWUMS-1278,,,,,,,,,,,,,,,,SSWSYSPM-2997,,,,,,,,,,,,,,,,,SSWSW,SSWTEST,,,,,,,cwhite10,,,30/Apr/26 12:00 AM,,SSWUMS-1472,,,Done,,,,,,Sprint,,,,,,,,No comments by current user.,,,,,,,,,,,,,,,,,,,,,"1|i07whc:",,,,,,,,,,,,,,,,Medium,,,,,,,SSWUMS Sprint 18.3,,,,,,,,,,2.0,,,,100%,30/Apr/26 12:00 AM,13/May/26 12:00 AM,,,,,,,,,,,,0.0,0.0,,0.0,,0.0,0.0,,0.0,0.0,0.0,,,,,,,,
6. D440 SYS Products - PI17,SSWUMS-1295,89631,Epic,Done,SSWUMS,SSWUMS,software,mkuperst,"Welcome to the SSWUMS Team space, led by Meridith K (Product Owner). This space includes D440 and D454 resources, as well as Sprint and Kanban work.
",,Medium,Done,,mkuperst,cwhite10,04/Dec/25 9:28 AM,11/Aug/26 4:57 PM,18/Sep/26 3:31 PM,18/Mar/26 10:14 AM,,PI17,,,,C2S,CADs,Document Dev,ICD,NIOU Signal List,PHC CONOPS,PHC Eng GUI Spec,Review,UMS SSLR,Vendor (GDMS),,,,,,,,,,,,,0,,,cwhite10,,,,,,,,,,,,,,0,0,,0%,0,0,,,,,,,,,,SSWUMS-1367,,SSWUMS-1052,,,,,,,,,,,,,,,,,,,,,,,,,,,,,,,,,,,,,,,,,,,,,ghx-label-8,,6. D440 SYS Products - PI17,Done,,,,,,,,,,,,,,,No comments by current user.,,,,,,,SSWUMS-562,,,,,,,,,,,,,,"1|i09lf9:",,,,,,,,,,,,,,,,Medium,,,,,,,,,,,,,,,,,,,,,,,,,,,,,,,,,,0.0,0.0,0.0,,,0.0,0.0,0.0,0.0,0.0,0.0,0.0,,,,,,,,
5.a. SSN 812 Integration Tasking - PI17,SSWUMS-1294,89630,Epic,Done,SSWUMS,SSWUMS,software,mkuperst,"Welcome to the SSWUMS Team space, led by Meridith K (Product Owner). This space includes D440 and D454 resources, as well as Sprint and Kanban work.
",,Medium,Done,mkuperst,mkuperst,cwhite10,04/Dec/25 9:26 AM,01/Jul/26 1:20 PM,18/Sep/26 3:31 PM,23/Mar/26 7:18 AM,,PI17,,,,AWG - Alerts,AWG - H&S,AWG - Latency,AWG - Logging,AWG - Network,C2I IPT,Cyber Data Call,Cyber Requirements Spec,EB PI,EB QPR,GUI,HMI,HMI Requirements Spec,MES,MES Alternate Workstation,PSS,Risk,ROG-1770 GUI Gate 1 (25%) Wireframes,Sparing,SSW HMI GUI,SSW TI-24 FOCS ICD,,0,"Regularly re-occurring in support of SSW and/or PHC 

[~bchadwic] [~rconley] [~rclouse1] [~cwhite10] ",,cwhite10,,,,,,,,,,,,,,0,0,,0%,0,0,,,,,,,,,,SSWUMS-1357,,SSWUMS-1026,,,,,,,,,,,,,,,,,,,,,,,,,,,,,,,,,,,,,,,,,,,,,ghx-label-14,,5.a. SSN 812 Integration Tasking - PI17,Done,,,,,,,,,,,,,,,No comments by current user.,,,,,,,SSWUMS-566,,,,,,,,,,,,,,"1|i07wgw:",,,,,,,,,,,,,,,,Medium,,,,,,,,,,,,,,,,,,,,,,,,,,,,,,,,,,100.0,11.9,0.0,,,100.0,60.4,11.9,0.0,95.2,37.7,57.5,,,,,,,,
6. EB RAM Products - PI18,SSWUMS-1293,89629,Epic,Cancelled,SSWUMS,SSWUMS,software,mkuperst,"Welcome to the SSWUMS Team space, led by Meridith K (Product Owner). This space includes D440 and D454 resources, as well as Sprint and Kanban work.
",,Medium,Won't Do,mkuperst,mkuperst,cwhite10,04/Dec/25 9:25 AM,22/Jun/26 1:03 PM,18/Sep/26 3:31 PM,22/Jun/26 1:03 PM,,PI18,,,,Document Dev,UMS C2S & PDMS FMEA,UMS UWS & L&R FMEA,Vendor (GDMS),,,,,,,,,,,,,,,,,,,0,,,cwhite10,,,,,,,,,,,,,,0,0,,0%,0,0,,,,,,,,,,SSWUMS-1481,,SSWUMS-1131,,,,,,,,,,,,,,,,,,,,,,,,,,,,,,,,,,,,,,,,,,,,,ghx-label-8,,6. EB RAM Products - PI18,Done,,,,,,,,,,,,"Posted on: Mon Jun 22 13:03:22 EDT 2026
No Tasking in PI 18 - Epic Cancelled",,,No comments by current user.,,,,,,,SSWUMS-562,,,,,,,,,,,,,,"1|i07wgo:",,,,,,,,,,,,,,,,Medium,,,,,,,,,,,,,,,,,0.0,,,,100%,01/Jul/26 12:00 AM,25/Mar/26 12:00 AM,,,,,,,,,,,0.0,0.0,0.0,,,0.0,0.0,0.0,0.0,0.0,0.0,0.0,"22/Jun/26 1:03 PM;cwhite10;No Tasking in PI 18 - Epic Cancelled;;;",,,,,,,
EB PI 14 Close - Event,SSWUMS-1292,89616,Task,Done,SSWUMS,SSWUMS,software,mkuperst,"Welcome to the SSWUMS Team space, led by Meridith K (Product Owner). This space includes D440 and D454 resources, as well as Sprint and Kanban work.
",,Medium,Done,mkuperst,mkuperst,mkuperst,03/Dec/25 8:52 PM,20/Jan/26 1:32 PM,18/Sep/26 3:31 PM,20/Jan/26 1:32 PM,,PI17,,,,EB PI,,,,,,,,,,,,,,,,,,,,,23/Jan/26 12:00 AM,0,,,mkuperst,,,,,";20/Jan/26 1:32 PM;mkuperst;18000","Completed PI event and materials.;20/Jan/26 1:32 PM;mkuperst;60",,,,,,,,28800,10740,18060,62%,28800,10740,18060,,,,,,,,,,,SSWUMS-1291,,,,,,,,,,,,,,,,,,,,,,,,,,,,,aviola,,,,,,,,,,,,mkuperst,,,20/Jan/26 12:00 AM,,SSWUMS-1294,,,Done,,,,,,SOS,Sprint,,,,"Posted on: Tue Jan 20 13:32:55 EST 2026
Completed PI event and materials.",,,No comments by current user.,,,,,,,,,,,,,,,,,,,,,"1|i07we0:",,,,,,,,,,,,,,,,Medium,,,,,,,SSWUMS Sprint 17.2,,,,,,,,,,1.0,,,,,,,,,,,,,,,,,,0.0,0.0,,0.0,,,0.0,,,,,"20/Jan/26 1:32 PM;mkuperst;Completed PI event and materials.;;;",,,,,,,
EB PI 14 Close - Dry Runs,SSWUMS-1291,89615,Task,Done,SSWUMS,SSWUMS,software,mkuperst,"Welcome to the SSWUMS Team space, led by Meridith K (Product Owner). This space includes D440 and D454 resources, as well as Sprint and Kanban work.
",,Medium,Done,mkuperst,mkuperst,mkuperst,03/Dec/25 8:50 PM,14/Jan/26 1:53 PM,18/Sep/26 3:31 PM,14/Jan/26 1:53 PM,,PI17,,,,EB PI,,,,,,,,,,,,,,,,,,,,,12/Jan/26 12:00 AM,0,"Perform dry runs and update slide packages again. (finished slides are due 1/8, management review 1/9, and dry run on 1/12)

\\us-ct-eb01\EBDepts\Eng.440\Projects-VA\VA SSW\CWS Working Group\Meetings\PI Reviews\

[\\us-ct-eb01\EBDepts\Eng.440\Projects-VA\VA SSW\Project Management\IMS\Agile_Planning|file://us-ct-eb01/EBDepts/Eng.440/Projects-VA/VA%20SSW/Project%20Management/IMS/Agile_Planning]

Filename: _PI Review Schedule.mpp_",,mkuperst,,,,,";05/Jan/26 11:58 AM;mkuperst;60","Update submitted back to Art.;14/Jan/26 1:53 PM;mkuperst;3600",,,,,,,,14400,10740,3660,25%,14400,10740,3660,,,,,,,,,SSWUMS-1292,,SSWUMS-1290,,,,,,,,,,,,,,,,,,,,,,,,,,,,,aviola,,,,,,,,,,,,mkuperst,,,13/Jan/26 12:00 AM,,SSWUMS-1294,,,Done,,,,,,SOS,Sprint,,,,"Posted on: Wed Jan 14 13:53:26 EST 2026
Update submitted back to Art.",,,No comments by current user.,,,,,,,,,,,,,,,,,,,,,"1|i07wds:",,,,,,,,,,,,,,,,Medium,,,,,,,SSWUMS Sprint 17.1,,,,,,,,,,0.5,,,,,,,,,,,,,,,,,,0.0,0.0,,0.0,,,0.0,,,,,"14/Jan/26 1:53 PM;mkuperst;Update submitted back to Art.;;;",,,,,,,
EB PI 14 Close - Slide Development,SSWUMS-1290,89614,Task,Done,SSWUMS,SSWUMS,software,mkuperst,"Welcome to the SSWUMS Team space, led by Meridith K (Product Owner). This space includes D440 and D454 resources, as well as Sprint and Kanban work.
",,Medium,Done,mkuperst,mkuperst,mkuperst,03/Dec/25 8:49 PM,22/Dec/25 2:07 PM,18/Sep/26 3:31 PM,22/Dec/25 2:07 PM,,PI14,,,,EB PI,,,,,,,,,,,,,,,,,,,,,05/Jan/26 12:00 AM,0,"Use July 2025 PI template

\\us-ct-eb01\EBDepts\Eng.440\Projects-VA\VA SSW\CWS Working Group\Meetings\PI Reviews\

 

[\\us-ct-eb01\EBDepts\Eng.440\Projects-VA\VA SSW\Project Management\IMS\Agile_Planning|file://us-ct-eb01/EBDepts/Eng.440/Projects-VA/VA%20SSW/Project%20Management/IMS/Agile_Planning]

Filename: _PI Review Schedule.mpp_",,mkuperst,,,,,";18/Dec/25 11:35 AM;mkuperst;60",";22/Dec/25 2:07 PM;mkuperst;28800",,,,,,,,14400,0,28860,200%,14400,0,28860,,,,,,,,,SSWUMS-1291,,,,,,,,,,,,,,,,,,,"18/Dec/25 11:34 AM;mkuperst;PI14 Review.pdf;https://192.168.3.34/jira1/secure/attachment/19541/PI14+Review.pdf",,,,,,,,,,,,aviola,,,,,,,,,,,,mkuperst,,,23/Dec/25 12:00 AM,,SSWUMS-1026,,,Done,,,,,,SOS,Sprint,,,,"Posted on: Mon Dec 22 14:07:42 EST 2025
Draft slide package complete. Pending updates from GDMS November IMS (not yet received in December as of today).",,,No comments by current user.,,,,,,,,,,,,,,,,,,,,,"1|i07wdk:",,,,,,,,,,,,,,,,Medium,,,,,,,SSWUMS Sprint 89-14.5 (PI14),,,,,,,,,,0.5,,,,,05/Jan/26 12:00 AM,,,,,,,,,,,,,0.0,0.0,,0.0,,,0.0,,,,,"22/Dec/25 2:07 PM;mkuperst;Draft slide package complete. Pending updates from GDMS November IMS (not yet received in December as of today).;;;",,,,,,,
EIA SRDD Walkthrough Event(First Week of June),SSWUMS-1289,89581,Task,Cancelled,SSWUMS,SSWUMS,software,mkuperst,"Welcome to the SSWUMS Team space, led by Meridith K (Product Owner). This space includes D440 and D454 resources, as well as Sprint and Kanban work.
",,Medium,Won't Do,cwhite10,cwhite10,cwhite10,03/Dec/25 2:08 PM,09/Apr/26 11:48 AM,18/Sep/26 3:31 PM,09/Apr/26 11:48 AM,,PI18,,,,SRDD,SRDD-EIA,,,,,,,,,,,,,,,,,,,,,0,,,cwhite10,mkuperst,,,,,,,,,,,,,0,0,,0%,0,0,,,SSWUMS-1282,,,SSWUMS-1302,,,,,,,,,,,,,,,,,,,,,,SSWSYSPM-3001,,,,,,,,,,,,,,,,,,,,,,,,,cwhite10,,,05/Jun/26 12:00 AM,,SSWUMS-1474,,,Done,,,,,,Sprint,,,,,"Posted on: Thu Apr 09 11:48:27 EDT 2026
Merged with SSWUMS-1284",,,No comments by current user.,,,,,,,,,,,,,,,,,,,,,"1|i07w80:",,,,,,,,,,,,,,,,Medium,,,,,,,SSWUMS Sprint 18.6,,,,,,,,,,0.0,,,,,05/Jun/26 12:00 AM,,,,,,,,,,,,,0.0,0.0,,0.0,,0.0,0.0,,0.0,0.0,0.0,"09/Apr/26 11:48 AM;mkuperst;Merged with SSWUMS-1284;;;",,,,,,,
PDMSA SRDD Walkthrough Event(During Program Review),SSWUMS-1288,89580,Task,Cancelled,SSWUMS,SSWUMS,software,mkuperst,"Welcome to the SSWUMS Team space, led by Meridith K (Product Owner). This space includes D440 and D454 resources, as well as Sprint and Kanban work.
",,Medium,Won't Do,bchadwic,cwhite10,cwhite10,03/Dec/25 2:08 PM,22/Jun/26 1:16 PM,18/Sep/26 3:31 PM,22/Jun/26 1:16 PM,,PI19,,,,SRDD,SRDD-PDMSA,,,,,,,,,,,,,,,,,,,,,0,,,cwhite10,,,,,,,,,,,,,,0,0,,0%,0,0,,,SSWUMS-1281,,,SSWUMS-1301,,,,,,,,,,,,,,,,,,,,,,SSWSYSPM-3000,,,,,,,,,,,,,,,,,,,,,,,,,bchadwic,,,,,SSWUMS-1480,,,In Progress,,,,,,Sprint,,,,,"Posted on: Mon Jun 22 13:16:40 EDT 2026
Merged with SSWUMS-1287",,,No comments by current user.,,,,,,,,,,,,,,,,,,,,,"1|i07w7s:",,,,,,,,,,,,,,,,Medium,,,,,,,PI19 7/1/2026 - 9/23/2026,,,,,,,,,,0.0,,,,,,,,,,,,,,,,,,0.0,0.0,,0.0,,0.0,0.0,,0.0,0.0,0.0,"22/Jun/26 1:16 PM;cwhite10;Merged with SSWUMS-1287;;;",,,,,,,
C2A/PDMSA SRDD Walkthrough Event(During Program Review),SSWUMS-1287,89579,Task,To Do,SSWUMS,SSWUMS,software,mkuperst,"Welcome to the SSWUMS Team space, led by Meridith K (Product Owner). This space includes D440 and D454 resources, as well as Sprint and Kanban work.
",,Medium,,cwhite10,cwhite10,cwhite10,03/Dec/25 2:08 PM,11/Aug/26 4:35 PM,18/Sep/26 3:31 PM,,,PI20,,,,SRDD,,,,,,,,,,,,,,,,,,,,,08/Oct/26 12:00 AM,0,,,cwhite10,,,,,,,,,,,,,,432000,432000,,0%,432000,432000,,,SSWUMS-1280,,,SSWUMS-1298,,,,,,,,,,,,,,,,,,,,,,SSWSYSPM-2999,,,,,,,,,,,,,,,,,,,,,,,,,cwhite10,,,08/Oct/26 12:00 AM,,SSWUMS-1479,,,In Progress,,,,,,Sprint,,,,,,,,No comments by current user.,,,,,,,,,,,,,,,,,,,,,"1|i07w7k:",,,,,,,,,,,,,,,,Medium,,,,,,,PI20 9/23/2026 - 1/3/2027,,,,,,,,,,15.0,,,,0%,08/Oct/26 12:00 AM,06/Oct/26 12:00 AM,,,,,,,,,,,,0.0,0.0,,0.0,,0.0,0.0,,0.0,0.0,0.0,,,,,,,,
MCA SRDD Walkthrough Event(Early Aug),SSWUMS-1286,89578,Task,Done,SSWUMS,SSWUMS,software,mkuperst,"Welcome to the SSWUMS Team space, led by Meridith K (Product Owner). This space includes D440 and D454 resources, as well as Sprint and Kanban work.
",,Medium,Done,cwhite10,cwhite10,cwhite10,03/Dec/25 2:08 PM,13/Aug/26 1:54 PM,18/Sep/26 3:31 PM,07/Aug/26 9:24 AM,,PI19,,,,SRDD,SRDD-MCA,,,,,,,,,,,,,,,,,,,,,0,,,cwhite10,,,,,";07/Aug/26 9:24 AM;cwhite10;60",,,,,,,,,432000,431940,60,0%,432000,431940,288060,,SSWUMS-1279,,,SSWUMS-1297,,,,,,,,,,,,,,,,,,,,,,SSWSYSPM-2998,,,,,,,,,,,,,,,,,SSWCYBER,SSWIF,SSWSW,SSWTEST,,,,,cwhite10,,,07/Aug/26 12:00 AM,,SSWUMS-1476,,,In Progress,,,,,,Sprint,,,,,,,,No comments by current user.,,,,,,,,,,,,,,,,,,,,,"1|i07w7c:",,,,,,,,,,,,,,,,Medium,,,,,,,PI19 7/1/2026 - 9/23/2026,,,,,,,,,,15.0,,,,100%,06/Aug/26 12:00 AM,04/Aug/26 12:00 AM,,,,,,,,,,,,0.0,0.0,,0.0,,0.0,0.0,,0.0,0.0,0.0,,,,,,,,
UIA SRDD Walkthrough Event(04/14 or 04/28),SSWUMS-1285,89577,Task,Cancelled,SSWUMS,SSWUMS,software,mkuperst,"Welcome to the SSWUMS Team space, led by Meridith K (Product Owner). This space includes D440 and D454 resources, as well as Sprint and Kanban work.
",,Medium,Won't Do,cwhite10,cwhite10,cwhite10,03/Dec/25 2:08 PM,09/Apr/26 10:53 AM,18/Sep/26 3:31 PM,09/Apr/26 10:53 AM,,PI18,,,,SRDD,SRDD-UIA,,,,,,,,,,,,,,,,,,,,,0,,,cwhite10,mkuperst,,,,,,,,,,,,,0,0,,0%,0,0,,,SSWUMS-1278,,,SSWUMS-1296,,,,,,,,,,,,,,,,,,,,,,SSWSYSPM-2997,,,,,,,,,,,,,,,,,,,,,,,,,cwhite10,,,14/Apr/26 12:00 AM,,SSWUMS-1472,,,Done,,,,,,Sprint,,,,,"Posted on: Thu Apr 09 10:53:49 EDT 2026
Merged with SSWUMS-1283",,,No comments by current user.,,,,,,,,,,,,,,,,,,,,,"1|i07w74:",,,,,,,,,,,,,,,,Medium,,,,,,,SSWUMS Sprint 18.2,,,,,,,,,,0.0,,,,,14/Apr/26 12:00 AM,,,,,,,,,,,,,0.0,0.0,,0.0,,0.0,0.0,,0.0,0.0,0.0,"09/Apr/26 10:53 AM;mkuperst;Merged with SSWUMS-1283;;;",,,,,,,
HSMA & EIA SRDD Walkthrough Event(First Week of June),SSWUMS-1284,89576,Task,Done,SSWUMS,SSWUMS,software,mkuperst,"Welcome to the SSWUMS Team space, led by Meridith K (Product Owner). This space includes D440 and D454 resources, as well as Sprint and Kanban work.
",,Medium,Done,cwhite10,cwhite10,cwhite10,03/Dec/25 2:07 PM,24/Jun/26 6:56 AM,18/Sep/26 3:31 PM,24/Jun/26 6:56 AM,,PI18,,,,SRDD,SRDD-HSMA,,,,,,,,,,,,,,,,,,,,,0,,,cwhite10,,,,,";24/Jun/26 6:56 AM;cwhite10;60",,,,,,,,,115200,115140,60,0%,115200,115140,144060,,SSWUMS-1277,,,SSWUMS-1300,,,,,,,,,,,,,,,,,,,,,,SSWSYSPM-2996,,,,,,,,,,,,,,,,,SSWSW,,,,,,,,cwhite10,,,23/Jun/26 12:00 AM,,SSWUMS-1352,,,Done,,,,,,Sprint,,,,,,,,No comments by current user.,,,,,,,,,,,,,,,,,,,,,"1|i07w6w:",,,,,,,,,,,,,,,,Medium,,,,,,,SSWUMS Sprint 18.7,,,,,,,,,,4.0,,,,,05/Jun/26 12:00 AM,,,,,,,,,,,,,0.0,0.0,,0.0,,0.0,0.0,,0.0,0.0,0.0,,,,,,,,
SSA & UIA SRDD Walkthrough Event (04/14),SSWUMS-1283,89575,Task,Done,SSWUMS,SSWUMS,software,mkuperst,"Welcome to the SSWUMS Team space, led by Meridith K (Product Owner). This space includes D440 and D454 resources, as well as Sprint and Kanban work.
",,Medium,Done,cwhite10,cwhite10,cwhite10,03/Dec/25 2:06 PM,14/Apr/26 4:35 PM,18/Sep/26 3:31 PM,14/Apr/26 4:35 PM,,PI18,,,,SRDD,SRDD-SSA,,,,,,,,,,,,,,,,,,,,,0,,,cwhite10,,,,,";14/Apr/26 4:35 PM;mkuperst;115200",,,,,,,,,115200,0,115200,100%,115200,0,115200,,SSWUMS-1276,,,SSWUMS-1299,,,,,,,,,,,,,,,,,,,,,,SSWSYSPM-2995,,,,,,,,,,,,,,,,,SSWSW,SSWUMS,,,,,,,cwhite10,,,14/Apr/26 12:00 AM,,SSWUMS-1471,,,Done,,,,,,Sprint,,,,,,,,No comments by current user.,,,,,,,,,,,,,,,,,,,,,"1|i07w6o:",,,,,,,,,,,,,,,,Medium,,,,,,,SSWUMS Sprint 18.2,,,,,,,,,,4.0,,,,,14/Apr/26 12:00 AM,,,,,,,,,,,,,0.0,0.0,,0.0,,0.0,0.0,,0.0,0.0,0.0,,,,,,,,
EIA SRDD Leads Review (Pre Walkthrough Review),SSWUMS-1282,89573,Task,Done,SSWUMS,SSWUMS,software,mkuperst,"Welcome to the SSWUMS Team space, led by Meridith K (Product Owner). This space includes D440 and D454 resources, as well as Sprint and Kanban work.
",,Medium,Done,cwhite10,cwhite10,cwhite10,03/Dec/25 2:00 PM,24/Jun/26 6:59 AM,18/Sep/26 3:31 PM,24/Jun/26 6:59 AM,,PI18,,,,SRDD,SRDD-EIA,,,,,,,,,,,,,,,,,,,,08/Sep/26 12:00 AM,0,,,cwhite10,,,,,";24/Jun/26 6:59 AM;cwhite10;60",,,,,,,,,57600,57540,60,0%,57600,57540,86460,,,,,SSWUMS-1289,,,,SSWUMS-1302,,,,,,,,,,,,,,,,,,,,,,,,,,,,,,,,,,,SSWCYBER,SSWIF,SSWSW,SSWSYSPM,SSWTEST,,,,cwhite10,,,23/Jun/26 12:00 AM,,SSWUMS-1474,,,Done,,,,,,Sprint,,,,,"Posted on: Tue Jun 16 12:52:40 EDT 2026
Review Timeline Extended due to walkthrough date shift",,,No comments by current user.,,,,,,,,,,,,,,,,,,,,,"1|i07w68:",,,,,,,,,,,,,,,,Medium,,,,,,,SSWUMS Sprint 18.5,SSWUMS Sprint 18.6,SSWUMS Sprint 18.7,,,,,,,,2.0,,,,100%,23/Jun/26 12:00 AM,25/Aug/26 12:00 AM,,,,,,,,,,,,0.0,0.0,,0.0,,0.0,0.0,,0.0,0.0,0.0,"02/Jun/26 12:33 PM;cwhite10;Walkthroguh date Shifted. Timeline extended;;;","16/Jun/26 12:52 PM;cwhite10;Review Timeline Extended due to walkthrough date shift;;;",,,,,,
PDMSA SRDD Leads Review (Pre Walkthrough Review),SSWUMS-1281,89572,Task,Selected For Development,SSWUMS,SSWUMS,software,mkuperst,"Welcome to the SSWUMS Team space, led by Meridith K (Product Owner). This space includes D440 and D454 resources, as well as Sprint and Kanban work.
",,Medium,,bchadwic,cwhite10,cwhite10,03/Dec/25 2:00 PM,17/Sep/26 3:49 PM,18/Sep/26 3:31 PM,,,PI20,,,,SRDD,,,,,,,,,,,,,,,,,,,,,21/Sep/26 12:00 AM,0,,,cwhite10,,,,,,,,,,,,,,172800,172800,,0%,172800,172800,,,,,,SSWUMS-1288,,,,SSWUMS-1301,,,,,,,,,,,,,,,,,,SSWSYSPM-3000,,,,,,,,,,,,,,,,,SSWCYBER,SSWIF,SSWSW,SSWTEST,,,,,bchadwic,,,21/Sep/26 12:00 AM,,SSWUMS-1480,,,In Progress,,,,,,Sprint,,,,,,,,No comments by current user.,,,,,,,,,,,,,,,,,,,,,"1|i07w60:",,,,,,,,,,,,,,,,Medium,,,,,,,PI20 9/23/2026 - 1/3/2027,,,,,,,,,,6.0,,,,95%,21/Sep/26 12:00 AM,28/Jul/26 12:00 AM,,,,,,,,,,,,0.0,0.0,,0.0,,0.0,0.0,,0.0,0.0,0.0,,,,,,,,
C2A SRDD Leads Review (Pre Walkthrough Review),SSWUMS-1280,89571,Task,Selected For Development,SSWUMS,SSWUMS,software,mkuperst,"Welcome to the SSWUMS Team space, led by Meridith K (Product Owner). This space includes D440 and D454 resources, as well as Sprint and Kanban work.
",,Medium,,cwhite10,cwhite10,cwhite10,03/Dec/25 1:59 PM,20/Aug/26 1:12 PM,18/Sep/26 3:31 PM,,,PI19,,,,SRDD,,,,,,,,,,,,,,,,,,,,,21/Sep/26 12:00 AM,0,,,cwhite10,,,,,,,,,,,,,,230400,230400,,0%,230400,230400,108000,,,,,SSWUMS-1287,,,,SSWUMS-1298,,,,,,,,,,,,,,,,,,SSWSYSPM-2999,,,,,,,,,,,,,,,,,SSWCYBER,SSWIF,SSWSW,SSWTEST,,,,,cwhite10,,,21/Sep/26 12:00 AM,,SSWUMS-1479,,,In Progress,,,,,,Sprint,,,,,,,,No comments by current user.,,,,,,,,,,,,,,,,,,,,,"1|i07w5s:",,,,,,,,,,,,,,,,Medium,,,,,,,PI19 7/1/2026 - 9/23/2026,,,,,,,,,,8.0,,,,97%,21/Sep/26 12:00 AM,30/Jun/26 12:00 AM,,,,,,,,,,,,0.0,0.0,,0.0,,0.0,0.0,,0.0,0.0,0.0,,,,,,,,
MCA SRDD Leads Review,SSWUMS-1279,89570,Task,Done,SSWUMS,SSWUMS,software,mkuperst,"Welcome to the SSWUMS Team space, led by Meridith K (Product Owner). This space includes D440 and D454 resources, as well as Sprint and Kanban work.
",,Medium,Done,cwhite10,cwhite10,cwhite10,03/Dec/25 1:58 PM,25/Aug/26 10:31 AM,18/Sep/26 3:31 PM,25/Aug/26 10:31 AM,,PI19,,,,SRDD,,,,,,,,,,,,,,,,,,,,,03/Aug/26 12:00 AM,0,,,cwhite10,,,,,";25/Aug/26 10:31 AM;cwhite10;7200",,,,,,,,,230400,223200,7200,3%,230400,223200,349200,,,,,SSWUMS-1286,,,,SSWUMS-1297,,,,,,,,,,,,,,,,,,SSWSYSPM-2998,,,,,,,,,,,,,,,,,SSWCYBER,SSWIF,SSWSW,SSWTEST,,,,,cwhite10,,,03/Aug/26 12:00 AM,,SSWUMS-1476,,,In Progress,,,,,,Sprint,,,,,,,,No comments by current user.,,,,,,,,,,,,,,,,,,,,,"1|i07w5k:",,,,,,,,,,,,,,,,Medium,,,,,,,PI19 7/1/2026 - 9/23/2026,,,,,,,,,,8.0,,,,100%,03/Aug/26 12:00 AM,26/May/26 12:00 AM,,,,,,,,,,,,0.0,0.0,,0.0,,0.0,0.0,,0.0,0.0,0.0,,,,,,,,
UIA SRDD Leads Review (Pre Walkthrough Review),SSWUMS-1278,89568,Task,Done,SSWUMS,SSWUMS,software,mkuperst,"Welcome to the SSWUMS Team space, led by Meridith K (Product Owner). This space includes D440 and D454 resources, as well as Sprint and Kanban work.
",,Medium,Done,cwhite10,cwhite10,cwhite10,03/Dec/25 1:57 PM,15/Apr/26 2:46 PM,18/Sep/26 3:31 PM,15/Apr/26 2:46 PM,,PI18,,,,SRDD,SRDD-UIA,,,,,,,,,,,,,,,,,,,,12/May/26 12:00 AM,0,,,cwhite10,mkuperst,,,,";15/Apr/26 2:46 PM;cwhite10;600",,,,,,,,,57600,57000,600,1%,57600,57000,87000,,,,,SSWUMS-1285,,,,SSWUMS-1296,,,,,,,,,,,,,,,,,,SSWSYSPM-2997,,,,,,,,,,,,,,,,,SSWIF,SSWSW,SSWSYSPM,SSWUMS,,,,,cwhite10,,,14/Apr/26 12:00 AM,,SSWUMS-1472,,,Done,,,,,,Sprint,,,,,"Posted on: Tue Mar 17 13:53:55 EDT 2026
Walkthrough materials are now available",,,No comments by current user.,,,,,,,,,,,,,,,,,,,,,"1|i07w54:",,,,,,,,,,,,,,,,Medium,,,,,,,SSWUMS Sprint 18.2,,,,,,,,,,2.0,,,,100%,14/Apr/26 12:00 AM,28/Apr/26 12:00 AM,,,,,,,,,,,,0.0,0.0,,0.0,,0.0,0.0,,0.0,0.0,0.0,"17/Mar/26 1:53 PM;mkuperst;Walkthrough materials are now available;;;",,,,,,,
HSMA SRDD Leads Review (Pre Walkthrough Review),SSWUMS-1277,89567,Task,Done,SSWUMS,SSWUMS,software,mkuperst,"Welcome to the SSWUMS Team space, led by Meridith K (Product Owner). This space includes D440 and D454 resources, as well as Sprint and Kanban work.
",,Medium,Done,cwhite10,cwhite10,cwhite10,03/Dec/25 1:56 PM,24/Jun/26 6:58 AM,18/Sep/26 3:31 PM,24/Jun/26 6:58 AM,,PI18,,,,SRDD,SRDD-HSMA,,,,,,,,,,,,,,,,,,,,14/Apr/26 12:00 AM,0,,,cwhite10,,,,,";12/May/26 10:18 AM;gbarry;28800",";24/Jun/26 6:58 AM;cwhite10;60",,,,,,,,57600,28740,28860,50%,115200,28740,183780,,,,,SSWUMS-1284,,,,SSWUMS-1300,,,,,,,,,,,,,,,,,,SSWSYSPM-2996,,,,,,,,,,,,,,,,,SSWCYBER,SSWIF,SSWSW,SSWSYSPM,SSWTEST,,,,cwhite10,,,01/Jun/26 12:00 AM,,SSWUMS-1352,,,Done,,,,,,Sprint,,,,,"Posted on: Tue Jun 16 12:52:32 EDT 2026
Review Timeline Extended due to walkthrough date shift",,,No comments by current user.,,,,,,,,,,,,,,,,,,,,,"1|i07w4w:",,,,,,,,,,,,,,,,Medium,,,,,,,SSWUMS Sprint 18.5,SSWUMS Sprint 18.6,SSWUMS Sprint 18.7,,,,,,,,2.0,,,,100%,01/Jun/26 12:00 AM,31/Mar/26 12:00 AM,,,,,,,,,,,100.0,2.0,0.0,,,100.0,0.0,2.0,0.0,0.0,0.0,0.0,"02/Jun/26 12:33 PM;cwhite10;Walkthroguh date Shifted. Timeline extended;;;","16/Jun/26 12:52 PM;cwhite10;Review Timeline Extended due to walkthrough date shift;;;",,,,,,
SSA SRDD Leads Review (Pre Walkthrough Review),SSWUMS-1276,89566,Task,Done,SSWUMS,SSWUMS,software,mkuperst,"Welcome to the SSWUMS Team space, led by Meridith K (Product Owner). This space includes D440 and D454 resources, as well as Sprint and Kanban work.
",,Medium,Done,cwhite10,cwhite10,cwhite10,03/Dec/25 1:55 PM,09/Apr/26 1:04 PM,18/Sep/26 3:31 PM,02/Apr/26 8:53 AM,,PI18,,,,SRDD,SRDD-SSA,,,,,,,,,,,,,,,,,,,,17/Mar/26 12:00 AM,0,X:\Programs.686.BlockVI\Seabed Warfare\05 Concept Development\UMS\4 Requirements\SRDD,,cwhite10,mkuperst,,,,";17/Mar/26 12:25 PM;mkuperst;60",";02/Apr/26 8:53 AM;cwhite10;1800",,,,,,,,57600,55740,1860,3%,57600,55740,73860,,,,,SSWUMS-1283,,,,SSWUMS-1299,,,,,,,,,,,,,,,,,,SSWSYSPM-2995,,,,,,,,,,,,,,,,,,,,,,,,,cwhite10,,,14/Apr/26 12:00 AM,,SSWUMS-1471,,,Done,,,,,,Sprint,,,,,"Posted on: Mon Mar 30 20:56:15 EDT 2026
One of the MK comments is tied to forthcoming responses from [~dcatapan] and [~cquinby] regarding derived SW cyber requirements. Also have additional question for [~cwhite10] on status of Wes's review for Safety.",,,No comments by current user.,,,,,,,,,,,,,,,,,,,,,"1|i07w4o:",,,,,,,,,,,,,,,,Medium,,,,,,,SSWUMS Sprint 18.2,,,,,,,,,,2.0,,,,,14/Apr/26 12:00 AM,,,,,,,,,,,,,0.0,0.0,,0.0,,0.0,0.0,,0.0,0.0,0.0,"18/Feb/26 12:58 PM;mkuperst;Walkthrough document is now available. Formal review document on track for 3/3.;;;","30/Mar/26 8:56 PM;mkuperst;One of the MK comments is tied to forthcoming responses from [~dcatapan] and [~cquinby] regarding derived SW cyber requirements. Also have additional question for [~cwhite10] on status of Wes's review for Safety.;;;",,,,,,
GDMS PI 22/23 Event on 07/21/27,SSWUMS-1275,89550,Task,To Do,SSWUMS,SSWUMS,software,mkuperst,"Welcome to the SSWUMS Team space, led by Meridith K (Product Owner). This space includes D440 and D454 resources, as well as Sprint and Kanban work.
",,Medium,,mkuperst,mkuperst,cwhite10,03/Dec/25 12:30 PM,07/Aug/26 4:32 PM,18/Sep/26 3:31 PM,,,PI23,,,,GDMS PI,,,,,,,,,,,,,,,,,,,,,07/Jul/27 12:00 AM,0,,,cwhite10,,,,,,,,,,,,,,144000,144000,,0%,144000,144000,,,,,,,,,,,,SSWUMS-1274,,,,,,,,,,,,,,,,,,,,,,,,,,,,,,,,,,,,,,,,,mkuperst,,,07/Jul/27 12:00 AM,,SSWUMS-984,,,To Do,,,,,,Sprint,,,,,,,,No comments by current user.,,,,,12.0,,,,,,,,,,,,,,,,"1|i07w14:",,,,,,,,,,,,,,,,Medium,,,,,,,PI23 6/30/2027 - 9/22/2027,,,,,,,,,,5.0,,,,0%,07/Jul/27 12:00 AM,06/Jul/27 12:00 AM,,,,,,,,,,,,0.0,0.0,,0.0,,0.0,0.0,,0.0,0.0,0.0,,,,,,,,
GDMS PI 21/22 Event on 04/28/27,SSWUMS-1274,89547,Task,To Do,SSWUMS,SSWUMS,software,mkuperst,"Welcome to the SSWUMS Team space, led by Meridith K (Product Owner). This space includes D440 and D454 resources, as well as Sprint and Kanban work.
",,Medium,,mkuperst,mkuperst,cwhite10,03/Dec/25 12:29 PM,07/Aug/26 4:32 PM,18/Sep/26 3:31 PM,,,PI22,,,,GDMS PI,,,,,,,,,,,,,,,,,,,,,28/Apr/27 12:00 AM,0,,,cwhite10,,,,,,,,,,,,,,144000,144000,,0%,144000,144000,,,,,,,,,,SSWUMS-1275,,SSWUMS-1273,,,,,,,,,,,,,,,,,,,,,,,,,,,,,,,,,,,,,,,,,mkuperst,,,28/Apr/27 12:00 AM,,SSWUMS-983,,,To Do,,,,,,Sprint,,,,,,,,No comments by current user.,,,,,12.0,,,,,,,,,,,,,,,,"1|i07w0g:",,,,,,,,,,,,,,,,Medium,,,,,,,PI22 3/24/2027 - 6/30/2027,,,,,,,,,,5.0,,,,0%,28/Apr/27 12:00 AM,27/Apr/27 12:00 AM,,,,,,,,,,,,0.0,0.0,,0.0,,0.0,0.0,,0.0,0.0,0.0,,,,,,,,
GDMS PI 20/21 Event on 01/20/27,SSWUMS-1273,89544,Task,To Do,SSWUMS,SSWUMS,software,mkuperst,"Welcome to the SSWUMS Team space, led by Meridith K (Product Owner). This space includes D440 and D454 resources, as well as Sprint and Kanban work.
",,Medium,,mkuperst,mkuperst,cwhite10,03/Dec/25 12:28 PM,07/Aug/26 4:31 PM,18/Sep/26 3:31 PM,,,PI21,,,,GDMS PI,,,,,,,,,,,,,,,,,,,,,07/Jan/27 12:00 AM,0,,,cwhite10,,,,,,,,,,,,,,144000,144000,,0%,144000,144000,,,,,,,,,,SSWUMS-1274,,SSWUMS-1272,,,,,,,,,,,,,,,,,,,,,,,,,,,,,,,,,,,,,,,,,mkuperst,,,07/Jan/27 12:00 AM,,SSWUMS-982,,,To Do,,,,,,Sprint,,,,,,,,No comments by current user.,,,,,12.0,,,,,,,,,,,,,,,,"1|i07vzs:",,,,,,,,,,,,,,,,Medium,,,,,,,PI21 1/4/2027 - 3/24/2027,,,,,,,,,,5.0,,,,0%,07/Jan/27 12:00 AM,05/Jan/27 12:00 AM,,,,,,,,,,,,0.0,0.0,,0.0,,0.0,0.0,,0.0,0.0,0.0,,,,,,,,
EVENT - GDMS PI 19/20 Event on 10/28,SSWUMS-1272,89542,Task,To Do,SSWUMS,SSWUMS,software,mkuperst,"Welcome to the SSWUMS Team space, led by Meridith K (Product Owner). This space includes D440 and D454 resources, as well as Sprint and Kanban work.
",,Medium,,mkuperst,mkuperst,cwhite10,03/Dec/25 12:09 PM,08/Sep/26 4:32 PM,18/Sep/26 3:31 PM,,,PI20,,,,GDMS PI,,,,,,,,,,,,,,,,,,,,,28/Oct/26 12:00 AM,0,,,cwhite10,,,,,,,,,,,,,,144000,144000,,0%,144000,144000,,,,,,,,,,SSWUMS-1273,,SSWUMS-1271,,,,,,,,,,,,,,,,,,,,,,,,,,,,,,,,,,,,,,,,,mkuperst,,,28/Oct/26 12:00 AM,,SSWUMS-981,,,In Progress,,,,,,Sprint,,,,,,,,No comments by current user.,,,,,12.0,,,,,,,,,,,,,,,,"1|i07vzk:",,,,,,,,,,,,,,,,Medium,,,,,,,PI20 9/23/2026 - 1/3/2027,,,,,,,,,,5.0,,,,0%,28/Oct/26 12:00 AM,27/Oct/26 12:00 AM,,,,,,,,,,,,0.0,0.0,,0.0,,0.0,0.0,,0.0,0.0,0.0,,,,,,,,
GDMS PI 18/19 Event on 07/22,SSWUMS-1271,89541,Task,Done,SSWUMS,SSWUMS,software,mkuperst,"Welcome to the SSWUMS Team space, led by Meridith K (Product Owner). This space includes D440 and D454 resources, as well as Sprint and Kanban work.
",,Medium,Done,mkuperst,mkuperst,cwhite10,03/Dec/25 12:07 PM,23/Jul/26 7:22 AM,18/Sep/26 3:31 PM,23/Jul/26 7:22 AM,,PI19,,,,GDMS PI,,,,,,,,,,,,,,,,,,,,,22/Jul/26 12:00 AM,0,,,cwhite10,,,,,";23/Jul/26 7:22 AM;cwhite10;60",,,,,,,,,345600,345540,60,0%,345600,345540,273660,,,,,,,,,SSWUMS-1272,,SSWUMS-1270,,,,,,,,,,,,,,,,,,,,,,,,,,,,,,,,,,,,,,,,,mkuperst,,,22/Jul/26 12:00 AM,,SSWUMS-980,,,In Progress,,,,,,Sprint,,,,,,,,No comments by current user.,,,,,12.0,,,,,,,,,,,,,,,,"1|i07vzc:",,,,,,,,,,,,,,,,Medium,,,,,,,PI19 7/1/2026 - 9/23/2026,,,,,,,,,,12.0,,,,100%,22/Jul/26 12:00 AM,22/Jul/26 12:00 AM,,,,,,,,,,,,0.0,0.0,,0.0,,0.0,0.0,,0.0,0.0,0.0,,,,,,,,
GDMS PI 17/18 Event on 04/29,SSWUMS-1270,89540,Task,Done,SSWUMS,SSWUMS,software,mkuperst,"Welcome to the SSWUMS Team space, led by Meridith K (Product Owner). This space includes D440 and D454 resources, as well as Sprint and Kanban work.
",,Medium,Done,mkuperst,mkuperst,cwhite10,03/Dec/25 12:07 PM,01/May/26 10:47 AM,18/Sep/26 3:31 PM,01/May/26 10:38 AM,,PI18,,,,GDMS PI,,,,,,,,,,,,,,,,,,,,,29/Apr/26 12:00 AM,0,,,cwhite10,,,,,";01/May/26 10:38 AM;gbarry;345600",,,,,,,,,345600,0,345600,100%,345600,0,453624,,,,,,,,,SSWUMS-1271,,SSWUMS-1269,,,,,,,,,,,,,,,,,,,,,,,,,,,,,,,,,,,,,,,,,mkuperst,,,,,SSWUMS-979,,,Done,,,,,,Sprint,,,,,,,,No comments by current user.,,,,,12.0,,,,,,,,,,,,,,,,"1|i07vz4:",,,,,,,,,,,,,,,,Medium,,,,,,,SSWUMS Sprint 18.3,,,,,,,,,,12.0,,,,,,,,,,,,,,,,,,0.0,0.0,,0.0,,0.0,0.0,,0.0,'-30.0,30.0,,,,,,,,
GDMS PI 14/15 Event on 01/21,SSWUMS-1269,89539,Task,Done,SSWUMS,SSWUMS,software,mkuperst,"Welcome to the SSWUMS Team space, led by Meridith K (Product Owner). This space includes D440 and D454 resources, as well as Sprint and Kanban work.
",,Medium,Done,mkuperst,mkuperst,cwhite10,03/Dec/25 12:02 PM,22/Jan/26 1:16 PM,18/Sep/26 3:31 PM,22/Jan/26 1:16 PM,,PI17,,,,GDMS PI,,,,,,,,,,,,,,,,,,,,,21/Jan/26 12:00 AM,0,"EB: X:\Programs.686.BlockVI\Seabed Warfare\05 Concept Development\UMS\3 Presentations\C2S PDMS PI Review and Planning\2026\2026-01 PI14 Closure and PI17 Plan

NAVSEA: [https://www.collaboration.gdeb.com/sites/payload/VA%20SSW%20Platform/PHC/Dropbox/GDMS%20C2%20PDMS%20WG/GDMS%20PI%20Review%20and%20Planning/PI14%20Closure%20and%20PI17%20Plan]

GDMS: [https://urldefense.us/v3/__https://gdmscollab.sharepoint.us/:f:/r/sites/PRGM-Rogue/Prime/To*20Prime/AGILE/14.*20PI*2014?csf=1&web=1&e=rNFUCQ__;JSUl!!LLC9-f4ze_ZD5A!9UvBlG5KZzwwJHKyCqkmFP6ajseI7UHxvEUK1k7L5m0axVABMFYm3FxctVaijEsHxeNgLaSVs9zoEWnrvbxu8w$] ",,cwhite10,mkuperst,,,,";20/Jan/26 1:33 PM;mkuperst;60","PI event and sidebars completed;22/Jan/26 1:16 PM;mkuperst;316800",,,,,,,,316800,0,316860,100%,316800,0,316860,,,,,,,,,SSWUMS-1270,,SSWUMS-875,,,,,,,,,,,,,,,,,,,,,,,,,,,,,,,,,,,,,,,,,mkuperst,,,,,SSWUMS-978,,,Done,,,,,,Sprint,,,,,"Posted on: Thu Jan 22 13:16:05 EST 2026
PI event and sidebars completed",,,No comments by current user.,,,,,12.0,,,mkuperst,cwhite10,bchadwic,,pclarke,,,,,,,,,"1|i07vyw:",,,TBD,,,TBD,,,TBD,,,TBD,,,,Medium,,,,,,,SSWUMS Sprint 17.2,,,,,,,,,,11.0,,,,,,,,,,,,,,,,,,0.0,0.0,,0.0,,,0.0,,,,,"22/Jan/26 1:16 PM;mkuperst;PI event and sidebars completed;;;",,,,,,,
GDMS Sprint Package Review 17.5 (Start: 04/15),SSWUMS-1268,89537,Task,Done,SSWUMS,SSWUMS,software,mkuperst,"Welcome to the SSWUMS Team space, led by Meridith K (Product Owner). This space includes D440 and D454 resources, as well as Sprint and Kanban work.
",,Medium,Done,cwhite10,mkuperst,cwhite10,03/Dec/25 11:53 AM,13/May/26 10:48 AM,18/Sep/26 3:31 PM,13/May/26 10:48 AM,,PI18,,,,GDMS Sprint Materials,,,,,,,,,,,,,,,,,,,,,,0,X:\Programs.686.BlockVI\Seabed Warfare\05 Concept Development\UMS\3 Presentations\C2S PDMS Sprint Jira Data\2026\PI 17,,cwhite10,mkuperst,,,,";13/May/26 10:48 AM;cwhite10;3600",,,,,,,,,14400,10800,3600,25%,14400,10800,7260,,,,,,,,,SSWUMS-1443,,SSWUMS-1267,,,,,,,,,,,,,,,,,,,,,,,,,,,,,,,,,,,,,,,,,cwhite10,,,28/Apr/26 12:00 AM,,SSWUMS-979,,,Done,,,,,,Sprint,,,,,"Posted on: Wed Apr 22 10:29:21 EDT 2026
Received on 4/21 for review start.",,,No comments by current user.,,,,,,,,,,,,,,,,,,,,,"1|i07vyg:",,,,,07/Jul/25 12:00 AM,,,,,,,,,,,Medium,,,,,,,SSWUMS Sprint 18.2,SSWUMS Sprint 18.3,,,,,,,,,0.5,,,,100%,28/Apr/26 12:00 AM,22/Apr/26 12:00 AM,,,,,,,,,,,,0.0,0.0,,0.0,,0.0,0.0,,0.0,0.0,0.0,"22/Apr/26 10:29 AM;mkuperst;Received on 4/21 for review start.;;;",,,,,,,
GDMS Sprint Package Review 17.4 (Start: 03/25),SSWUMS-1267,89535,Task,Done,SSWUMS,SSWUMS,software,mkuperst,"Welcome to the SSWUMS Team space, led by Meridith K (Product Owner). This space includes D440 and D454 resources, as well as Sprint and Kanban work.
",,Medium,Done,cwhite10,mkuperst,cwhite10,03/Dec/25 11:52 AM,01/Apr/26 9:23 AM,18/Sep/26 3:31 PM,01/Apr/26 9:23 AM,,PI18,,,,GDMS Sprint Materials,,,,,,,,,,,,,,,,,,,,,,0,X:\Programs.686.BlockVI\Seabed Warfare\05 Concept Development\UMS\3 Presentations\C2S PDMS Sprint Jira Data\2026\PI 17,,cwhite10,,,,,";01/Apr/26 9:23 AM;cwhite10;60",,,,,,,,,14400,14340,60,0%,14400,14340,9360,,,,,,,,,SSWUMS-1268,,SSWUMS-1266,,,,,,,,,,,,,,,,,,,,,,,,,,,,,,,,,,,,,,,,,cwhite10,,,01/Apr/26 12:00 AM,,SSWUMS-979,,,Done,,,,,,Sprint,,,,,,,,No comments by current user.,,,,,,,,,,,,,,,,,,,,,"1|i07vy0:",,,,,07/Jul/25 12:00 AM,,,,,,,,,,,Medium,,,,,,,SSWUMS Sprint 18.1,,,,,,,,,,0.5,,,,,,25/Mar/26 12:00 AM,,,,,,,,,,,,0.0,0.0,,0.0,,0.0,0.0,,0.0,'-0.3,0.3,,,,,,,,
GDMS Sprint Package Review 17.3 (Start: 03/04),SSWUMS-1266,89534,Task,Done,SSWUMS,SSWUMS,software,mkuperst,"Welcome to the SSWUMS Team space, led by Meridith K (Product Owner). This space includes D440 and D454 resources, as well as Sprint and Kanban work.
",,Medium,Done,cwhite10,mkuperst,cwhite10,03/Dec/25 11:50 AM,10/Mar/26 3:01 PM,18/Sep/26 3:31 PM,10/Mar/26 3:01 PM,,PI17,,,,GDMS Sprint Materials,,,,,,,,,,,,,,,,,,,,,,0,X:\Programs.686.BlockVI\Seabed Warfare\05 Concept Development\UMS\3 Presentations\C2S PDMS Sprint Jira Data\2026\PI 17,,cwhite10,,,,,";10/Mar/26 2:56 PM;fopuszyn;1800",";10/Mar/26 3:01 PM;cwhite10;300",,,,,,,,5760,3660,2100,36%,5760,3660,6300,,,,,,,,,SSWUMS-1267,,SSWUMS-1265,,,,,,,,,,,,,,,,,,,,,,,,,,,,,,,,,,,,,,,,,cwhite10,,,,,SSWUMS-978,,,Done,,,,,,Sprint,,,,,,,,No comments by current user.,,,,,,,,,,,,,,,,,,,,,"1|i07vxs:",,,,,07/Jul/25 12:00 AM,,,,,,,,,,,Medium,,,,,,,SSWUMS Sprint 17.5,,,,,,,,,,0.2,,,,,,04/Mar/26 12:00 AM,,,,,,,,,,,,0.0,0.0,,0.0,,0.0,0.0,,0.0,0.0,0.0,,,,,,,,
GDMS Sprint Package Review 17.2 (Start: 02/11),SSWUMS-1265,89533,Task,Done,SSWUMS,SSWUMS,software,mkuperst,"Welcome to the SSWUMS Team space, led by Meridith K (Product Owner). This space includes D440 and D454 resources, as well as Sprint and Kanban work.
",,Medium,Done,cwhite10,mkuperst,cwhite10,03/Dec/25 11:50 AM,17/Feb/26 4:28 PM,18/Sep/26 3:31 PM,17/Feb/26 4:28 PM,,PI17,,,,GDMS Sprint Materials,,,,,,,,,,,,,,,,,,,,,,0,X:\Programs.686.BlockVI\Seabed Warfare\05 Concept Development\UMS\3 Presentations\C2S PDMS Sprint Jira Data\2026\PI 17,,bchadwic,cwhite10,fopuszyn,ScriptRunner,,";16/Feb/26 7:46 AM;cwhite10;60",";16/Feb/26 7:46 AM;cwhite10;1800",";17/Feb/26 8:48 AM;fopuszyn;2520","Reviewed without comments.;17/Feb/26 4:28 PM;bchadwic;1200",";17/Feb/26 4:28 PM;bchadwic;60",,,,,5760,120,5640,97%,5760,120,5640,,,,,,,,,SSWUMS-1266,,SSWUMS-1264,,,,,,,,,,,,,,,,,,,,,,,,,,,,,,,,,,,,,,,,,cwhite10,,,18/Feb/26 12:00 AM,,SSWUMS-978,,,Done,,,,,,Sprint,,,,,"Posted on: Tue Feb 17 16:28:14 EST 2026
The following errors occurred: (Please Log Time in the Time Spent field)",,,No comments by current user.,,,,,,,,bchadwic,cwhite10,fopuszyn,,,,,,,,,,,"1|i07vxk:",,17/Feb/26 12:00 AM,Approved,,16/Feb/26 12:00 AM,Approved,,,Approved,,,,,,,Medium,,,,,,,SSWUMS Sprint 17.4,,,,,,,,,,0.2,,,,,,11/Feb/26 12:00 AM,,,,,,,,,,,,0.0,0.0,,0.0,,,0.0,,,,,"17/Feb/26 8:47 AM;fopuszyn;Reviewed with no comments;;;","17/Feb/26 4:28 PM;bchadwic;Reviewed without comments.;;;","17/Feb/26 4:28 PM;ScriptRunner;The following errors occurred: (Please Log Time in the Time Spent field);;;",,,,,
GDMS Sprint Package Review 17.1 (Start: 01/21),SSWUMS-1264,89531,Task,Done,SSWUMS,SSWUMS,software,mkuperst,"Welcome to the SSWUMS Team space, led by Meridith K (Product Owner). This space includes D440 and D454 resources, as well as Sprint and Kanban work.
",,Medium,Done,cwhite10,mkuperst,cwhite10,03/Dec/25 11:49 AM,30/Jan/26 8:07 AM,18/Sep/26 3:31 PM,30/Jan/26 8:07 AM,,PI17,,,,GDMS Sprint Materials,,,,,,,,,,,,,,,,,,,,,,0,X:\Programs.686.BlockVI\Seabed Warfare\05 Concept Development\UMS\3 Presentations\C2S PDMS Sprint Jira Data\2026\PI 17,,bchadwic,cmerrima,cwhite10,mkuperst,,";28/Jan/26 9:37 AM;cwhite10;60",";28/Jan/26 9:38 AM;cwhite10;2100","Reviewed without comment;29/Jan/26 10:18 AM;bchadwic;1800","Reviewed package.;30/Jan/26 7:50 AM;cmerrima;1800",";30/Jan/26 8:07 AM;cmerrima;8640",,,,,8640,0,14400,166%,8640,0,14400,,,,,,,,,SSWUMS-1265,,SSWUMS-1071,,,,,,,,,,,,,,,,,,,,,,,,,,,,,,,,,,,,,,,,,cwhite10,,,28/Jan/26 12:00 AM,,SSWUMS-978,,,Done,,,,,,Sprint,,,,,"Posted on: Fri Jan 30 07:47:03 EST 2026
Reviewed, no comments",,,No comments by current user.,,,,,,,,bchadwic,cwhite10,,,cmerrima,,,,,,,,,"1|i07vx4:",,29/Jan/26 12:00 AM,Approved,,28/Jan/26 12:00 AM,Approved,,,,,,Approved,,,,Medium,,,,,,,SSWUMS Sprint 17.2,SSWUMS Sprint 17.3,,,,,,,,,0.3,,,,100%,30/Jan/26 12:00 AM,21/Jan/26 12:00 AM,,,,,,,,,,,,0.0,0.0,,0.0,,,0.0,,,,,"27/Jan/26 8:08 PM;bchadwic;Sprint cards not yet received from GDMS for review as of 1/27/26.;;;","29/Jan/26 10:18 AM;bchadwic;Reviewed without comment;;;","30/Jan/26 7:47 AM;cmerrima;Reviewed, no comments;;;",,,,,
Review PDMS B-Spec PTR's for March CCB,SSWUMS-1263,89530,Task,Done,SSWUMS,SSWUMS,software,mkuperst,"Welcome to the SSWUMS Team space, led by Meridith K (Product Owner). This space includes D440 and D454 resources, as well as Sprint and Kanban work.
",,Medium,Done,bchadwic,cwhite10,cwhite10,03/Dec/25 11:34 AM,25/Feb/26 12:45 PM,18/Sep/26 3:31 PM,17/Feb/26 3:42 PM,,PI17,,,,PDMS B-spec,PDMS RVTM,,,,,,,,,,,,,,,,,,,,19/Mar/26 12:00 AM,0,X:\Programs.686.BlockVI\Seabed Warfare\05 Concept Development\UMS\4 Requirements\B-Specs\C2S_PDMS PTRs\2026-03 CCB,,bchadwic,cwhite10,mkuperst,ScriptRunner,,";16/Feb/26 11:23 AM;mkuperst;60",";16/Feb/26 2:58 PM;mkuperst;300",";17/Feb/26 9:00 AM;fopuszyn;1080","Reviewed change proposal form. No comments.;17/Feb/26 3:41 PM;bchadwic;900",";17/Feb/26 3:42 PM;bchadwic;60",,,,,2880,480,2400,83%,2880,480,2400,,,,,,,,,SSWUMS-1398,,SSWUMS-1260,,,,,,,,,,,,,,,,,,,,,,,,,,,,,,,,,,,,,,,,,bchadwic,,,18/Feb/26 12:00 AM,,SSWUMS-962,,,Done,,,,,,SOS,Sprint,,,,"Posted on: Tue Feb 17 15:41:35 EST 2026
Reviewed change proposal form. No comments.",,,No comments by current user.,,,,,,,,bchadwic,mkuperst,fopuszyn,,,,,,,,,,,"1|i07vww:",,17/Feb/26 12:00 AM,Approved,,16/Feb/26 12:00 AM,Approved,,,Approved,,,,,,,Medium,,,,,,,SSWUMS Sprint 17.4,,,,,,,,,,0.1,,,,100%,18/Feb/26 12:00 AM,05/Feb/26 12:00 AM,,,,,,,,,,,,0.0,0.0,,0.0,,,0.0,,,,,"06/Feb/26 9:33 AM;mkuperst;No new PTRs added, just need to review the signature sheet.;;;","17/Feb/26 3:41 PM;bchadwic;Reviewed change proposal form. No comments.;;;",,,,,,
Review C2S B-Spec PTR's for March CCB,SSWUMS-1262,89529,Task,Done,SSWUMS,SSWUMS,software,mkuperst,"Welcome to the SSWUMS Team space, led by Meridith K (Product Owner). This space includes D440 and D454 resources, as well as Sprint and Kanban work.
",,Medium,Done,cwhite10,cwhite10,cwhite10,03/Dec/25 11:34 AM,25/Feb/26 12:45 PM,18/Sep/26 3:31 PM,17/Feb/26 10:21 AM,,PI17,,,,C2S B-spec,C2S RVTM,,,,,,,,,,,,,,,,,,,,19/Mar/26 12:00 AM,0,X:\Programs.686.BlockVI\Seabed Warfare\05 Concept Development\UMS\4 Requirements\B-Specs\C2S_PDMS PTRs\2026-03 CCB,,cmerrima,cwhite10,mkuperst,ScriptRunner,,";11/Feb/26 7:30 AM;cwhite10;60",";11/Feb/26 7:30 AM;cwhite10;1200",";16/Feb/26 2:57 PM;mkuperst;1800",";17/Feb/26 10:09 AM;cmerrima;1800",";17/Feb/26 10:21 AM;cwhite10;60",,,,,5760,840,4920,85%,5760,840,4920,,,,,,,,,SSWUMS-1397,,SSWUMS-1261,,,,,,,,,,,,,,,,,,,,,,,,,,,,,,,,,,,,,,,,,cwhite10,,,18/Feb/26 12:00 AM,,SSWUMS-924,,,Done,,,,,,SOS,Sprint,,,,"Posted on: Tue Feb 17 10:08:19 EST 2026
Reviewed, no comments.",,,No comments by current user.,,,,,,,,cwhite10,mkuperst,cmerrima,,,,,,,,,,,"1|i07vwo:",,11/Feb/26 12:00 AM,Approved,,,Approved,,,Approved,,,,,,,Medium,,,,,,,SSWUMS Sprint 17.4,,,,,,,,,,0.2,,,,100%,18/Feb/26 12:00 AM,05/Feb/26 12:00 AM,,,,,,,,,,,,0.0,0.0,,0.0,,,0.0,,,,,"11/Feb/26 7:30 AM;cwhite10;Only had one comment left in confluence page

UMS_C2S_PTR_50 - Assuming this will also have an impact on Table 2;;;","16/Feb/26 2:56 PM;mkuperst;Comment on confluence;;;","17/Feb/26 10:07 AM;ScriptRunner;The following errors occurred: (Please Log Time in the Time Spent field);;;","17/Feb/26 10:08 AM;cmerrima;Reviewed, no comments.;;;",,,,
Review C2S B-Spec PTR's for February CCB,SSWUMS-1261,89528,Task,Done,SSWUMS,SSWUMS,software,mkuperst,"Welcome to the SSWUMS Team space, led by Meridith K (Product Owner). This space includes D440 and D454 resources, as well as Sprint and Kanban work.
",,Medium,Done,cwhite10,cwhite10,cwhite10,03/Dec/25 11:34 AM,25/Feb/26 12:45 PM,18/Sep/26 3:31 PM,04/Feb/26 5:06 PM,,PI17,,,,C2S B-spec,C2S RVTM,,,,,,,,,,,,,,,,,,,,,0,X:\Programs.686.BlockVI\Seabed Warfare\05 Concept Development\UMS\4 Requirements\B-Specs\C2S_PDMS PTRs\2026-02 CCB,,cwhite10,fopuszyn,mkuperst,ScriptRunner,,";28/Jan/26 11:46 AM;cwhite10;60","Left Comments on the linked March CCB confluence page;28/Jan/26 11:46 AM;cwhite10;1800",";02/Feb/26 9:10 AM;fopuszyn;45","No additional comments other than Cory's.;04/Feb/26 5:06 PM;mkuperst;600",";04/Feb/26 5:06 PM;mkuperst;60",,,,,14400,11820,2565,17%,14400,11820,2565,,,,,,,,,SSWUMS-1262,,SSWUMS-1258,,,,,,,,,,,,,,,,,,,,,,,,,,,,,,,,,,,,,,,,,cwhite10,,,04/Feb/26 12:00 AM,,SSWUMS-924,,,Done,,,,,,SOS,Sprint,,,,"Posted on: Wed Feb 04 17:06:31 EST 2026
The following errors occurred: (Please Log Time in the Time Spent field)",,,No comments by current user.,,,,,,,,cwhite10,mkuperst,fopuszyn,,,,,,,,,,,"1|i07vwg:",,28/Jan/26 12:00 AM,Approved,,04/Feb/26 12:00 AM,Approved,,,Approved,,,,,,,Medium,,,,,,,SSWUMS Sprint 17.3,,,,,,,,,,0.5,,,,100%,12/Feb/26 12:00 AM,26/Jan/26 12:00 AM,,,,,,,,,,,,0.0,0.0,,0.0,,,0.0,,,,,"28/Jan/26 11:46 AM;cwhite10;Left Comments on the linked March CCB confluence page;;;","02/Feb/26 9:09 AM;fopuszyn;Reviewed PTRs with focus on software related changes.   Approved with no significant comments.;;;","04/Feb/26 5:06 PM;mkuperst;No additional comments other than Cory's.;;;","04/Feb/26 5:06 PM;ScriptRunner;The following errors occurred: (Please Log Time in the Time Spent field);;;",,,,
Review PDMS B-Spec PTR's for February CCB,SSWUMS-1260,89527,Task,Done,SSWUMS,SSWUMS,software,mkuperst,"Welcome to the SSWUMS Team space, led by Meridith K (Product Owner). This space includes D440 and D454 resources, as well as Sprint and Kanban work.
",,Medium,Done,bchadwic,cwhite10,cwhite10,03/Dec/25 11:34 AM,25/Feb/26 12:45 PM,18/Sep/26 3:31 PM,04/Feb/26 5:03 PM,,PI17,,,,PDMS B-spec,PDMS RVTM,,,,,,,,,,,,,,,,,,,,,0,X:\Programs.686.BlockVI\Seabed Warfare\05 Concept Development\UMS\4 Requirements\B-Specs\C2S_PDMS PTRs\2025-02 CCB,,bchadwic,cmerrima,cwhite10,mkuperst,ScriptRunner,";02/Feb/26 7:22 AM;cmerrima;900",";04/Feb/26 9:20 AM;bchadwic;900","Reviewed, no comments to PDMS PTR-16;04/Feb/26 9:21 AM;bchadwic;60","Reviewed, no comment.;04/Feb/26 5:03 PM;mkuperst;600",";04/Feb/26 5:03 PM;mkuperst;60",,,,,14400,11880,2520,17%,14400,11880,2520,,,,,,,,,SSWUMS-1263,,SSWUMS-1259,,,,,,,,,,,,,,,,,,,,,,,,,,,,,,,,,,,,,,,,,bchadwic,,,04/Feb/26 12:00 AM,,SSWUMS-962,,,Done,,,,,,SOS,Sprint,,,,"Posted on: Wed Feb 04 17:03:12 EST 2026
The following errors occurred: (Please Log Time in the Time Spent field)",,,No comments by current user.,,,,,,,,bchadwic,mkuperst,cmerrima,,,,,,,,,,,"1|i07vw8:",,04/Feb/26 12:00 AM,Approved,,04/Feb/26 12:00 AM,Approved,,,Approved,,,,,,,Medium,,,,,,,SSWUMS Sprint 17.3,,,,,,,,,,0.5,,,,100%,12/Feb/26 12:00 AM,26/Jan/26 12:00 AM,,,,,,,,,,,,0.0,0.0,,0.0,,,0.0,,,,,"02/Feb/26 7:22 AM;cmerrima;Reviewed the 4 PTS, no comments.;;;","04/Feb/26 9:21 AM;bchadwic;Reviewed, no comments to PDMS PTR-16;;;","04/Feb/26 5:03 PM;mkuperst;Reviewed, no comment.;;;","04/Feb/26 5:03 PM;ScriptRunner;The following errors occurred: (Please Log Time in the Time Spent field);;;",,,,
Review PDMS B-Spec PTR's for January CCB,SSWUMS-1259,89522,Task,Cancelled,SSWUMS,SSWUMS,software,mkuperst,"Welcome to the SSWUMS Team space, led by Meridith K (Product Owner). This space includes D440 and D454 resources, as well as Sprint and Kanban work.
",,Medium,Won't Do,bchadwic,cwhite10,cwhite10,03/Dec/25 11:20 AM,25/Feb/26 12:45 PM,18/Sep/26 3:31 PM,05/Jan/26 11:08 AM,,PI17,,,,PDMS B-spec,PDMS RVTM,,,,,,,,,,,,,,,,,,,,08/Jan/26 12:00 AM,0,X:\Programs.686.BlockVI\Seabed Warfare\05 Concept Development\UMS\4 Requirements\B-Specs\C2S_PDMS PTRs\2026-01 CCB,,cwhite10,mkuperst,,,,,,,,,,,,,0,0,,0%,0,0,,,,,,,,,,SSWUMS-1260,,SSWUMS-1231,,,,,,,,,,,,,,,,,,,,,,,,,,,,,,,,,,,,,,,,,bchadwic,,,08/Jan/26 12:00 AM,,SSWUMS-962,,,Done,,,,,,SOS,Sprint,,,,"Posted on: Mon Jan 05 11:08:45 EST 2026
Cancelled due to re-working GDMS PTR receipt and review schedule. Expecting to pick up PTR reviews for the Feb CCB.",,,No comments by current user.,,,,,,,,bchadwic,mkuperst,pclarke,,,,,,,,,,,"1|i07vvs:",,,,,,,,,,,,,,,,Medium,,,,,,,SSWUMS Sprint 17.1,,,,,,,,,,0.0,,,,100%,08/Jan/26 12:00 AM,01/Jan/26 12:00 AM,,,,,,,,,,,,0.0,0.0,,0.0,,,0.0,,,,,"05/Jan/26 11:08 AM;mkuperst;Cancelled due to re-working GDMS PTR receipt and review schedule. Expecting to pick up PTR reviews for the Feb CCB.;;;",,,,,,,
Review C2S B-Spec PTR's for January CCB,SSWUMS-1258,89521,Task,Cancelled,SSWUMS,SSWUMS,software,mkuperst,"Welcome to the SSWUMS Team space, led by Meridith K (Product Owner). This space includes D440 and D454 resources, as well as Sprint and Kanban work.
",,Medium,Won't Do,cwhite10,cwhite10,cwhite10,03/Dec/25 11:19 AM,25/Feb/26 12:45 PM,18/Sep/26 3:31 PM,05/Jan/26 11:09 AM,,PI17,,,,C2S B-spec,C2S RVTM,,,,,,,,,,,,,,,,,,,,08/Jan/26 12:00 AM,0,X:\Programs.686.BlockVI\Seabed Warfare\05 Concept Development\UMS\4 Requirements\B-Specs\C2S_PDMS PTRs\2026-01 CCB,,cwhite10,mkuperst,,,,,,,,,,,,,0,0,,0%,0,0,,,,,,,,,,SSWUMS-1261,,SSWUMS-1232,,,,,,,,,,,,,,,,,,,,,,,,,,,,,,,,,,,,,,,,,cwhite10,,,08/Jan/26 12:00 AM,,SSWUMS-924,,,Done,,,,,,SOS,Sprint,,,,"Posted on: Mon Jan 05 11:09:15 EST 2026
Cancelled due to re-working GDMS PTR receipt and review schedule. Expecting to pick up PTR reviews for the Feb CCB.",,,No comments by current user.,,,,,,,,cwhite10,mkuperst,pclarke,,,,,,,,,,,"1|i07vvk:",,,,,,,,,,,,,,,,Medium,,,,,,,SSWUMS Sprint 17.1,,,,,,,,,,0.0,,,,100%,08/Jan/26 12:00 AM,01/Jan/26 12:00 AM,,,,,,,,,,,,0.0,0.0,,0.0,,,0.0,,,,,"05/Jan/26 11:09 AM;mkuperst;Cancelled due to re-working GDMS PTR receipt and review schedule. Expecting to pick up PTR reviews for the Feb CCB.;;;",,,,,,,
1.a. UMS Oversight Tasking - PI18,SSWUMS-1257,89516,Epic,Done,SSWUMS,SSWUMS,software,mkuperst,"Welcome to the SSWUMS Team space, led by Meridith K (Product Owner). This space includes D440 and D454 resources, as well as Sprint and Kanban work.
",,Medium,Done,mkuperst,mkuperst,cwhite10,03/Dec/25 11:07 AM,01/Jul/26 1:20 PM,18/Sep/26 3:31 PM,29/Jun/26 8:38 AM,,PI18,,,,C-CCA HRS,C2S,C2S B-spec,Customer,Document Dev,EB PI,GDMS IMS,GDMS PI,GDMS SMS,GDMS SOW,GDMS UMS QPR,IMS,Meetings,PDMS B-spec,PDMS HRS,Review,SRDD,Status Slides,UMS FY Proposals,Vendor (GDMS),,,0,Covers UMS programmatic and metric support.,,cwhite10,,,,,,,,,,,,,,0,0,,0%,0,0,,,,,,,,,,SSWUMS-1320,,SSWUMS-1247,,,,,,,,,,,,,,,,,,,,,,,,,,,,,,,,,,,,,,,,,,,,,ghx-label-3,,1.a. UMS Oversight Tasking - PI18,Done,,,,,,,,,,,,,,,No comments by current user.,,,,,,,SSWUMS-567,,,,,,,,,,,,,,"1|i07vuw:",,,,,,,,,,,,,,,,Medium,,,,,,,,,,,,,,,,,,,,,100%,01/Jul/26 12:00 AM,25/Mar/26 12:00 AM,,,,,,,,,,,100.0,4.2,0.0,,,100.0,47.0,4.2,0.0,33.6,17.8,15.8,,,,,,,,
SSW Lead Engineers Weekly Update slides (04/15/26),SSWUMS-1256,89512,Task,Cancelled,SSWUMS,SSWUMS,software,mkuperst,"Welcome to the SSWUMS Team space, led by Meridith K (Product Owner). This space includes D440 and D454 resources, as well as Sprint and Kanban work.
",,Medium,Won't Do,mkuperst,cwhite10,cwhite10,03/Dec/25 10:54 AM,14/Apr/26 4:36 PM,18/Sep/26 3:31 PM,14/Apr/26 4:36 PM,,PI18,,,,Meetings,,,,,,,,,,,,,,,,,,,,,15/Apr/26 12:00 AM,0,,,cwhite10,mkuperst,,,,,,,,,,,,,0,0,,0%,0,0,,,,,,,,,,SSWUMS-1466,,SSWUMS-1255,,,,,,,,,,,,,,,,,,,,,,,,,,,,,mkuperst,,,,,,,,,,,SSWSYSPM,mkuperst,,,15/Apr/26 12:00 AM,,SSWUMS-1257,,,Done,,,,,,Sprint,,,,,"Posted on: Tue Apr 14 16:36:25 EDT 2026
Cancelled per email from [~lquattru] ",,,No comments by current user.,,,,,,,,,,,,,,,,,,,,,"1|i07vug:",,,,,,,,,,,,,,,,Medium,,,,,,,SSWUMS Sprint 18.2,,,,,,,,,,0.0,,,,,15/Apr/26 12:00 AM,,,,,,,,,,,,,0.0,0.0,,0.0,,,0.0,,,,,"14/Apr/26 4:36 PM;mkuperst;Cancelled per email from [~lquattru] ;;;",,,,,,,
SSW Lead Engineers Weekly Update slides (04/01/26),SSWUMS-1255,89510,Task,Done,SSWUMS,SSWUMS,software,mkuperst,"Welcome to the SSWUMS Team space, led by Meridith K (Product Owner). This space includes D440 and D454 resources, as well as Sprint and Kanban work.
",,Medium,Done,cwhite10,cwhite10,cwhite10,03/Dec/25 10:54 AM,01/Apr/26 9:06 AM,18/Sep/26 3:31 PM,01/Apr/26 9:06 AM,,PI18,,,,Meetings,,,,,,,,,,,,,,,,,,,,,01/Apr/26 12:00 AM,0,,,cwhite10,,,,,";01/Apr/26 9:06 AM;cwhite10;2700",,,,,,,,,2880,180,2700,93%,2880,180,2700,,,,,,,,,SSWUMS-1256,,SSWUMS-1254,,,,,,,,,,,,,,,,,,,,,,,,,,,,,mkuperst,,,,,,,,,,,SSWSYSPM,cwhite10,,,01/Apr/26 12:00 AM,,SSWUMS-1257,,,Done,,,,,,Sprint,,,,,,,,No comments by current user.,,,,,,,,,,,,,,,,,,,,,"1|i07vu8:",,,,,,,,,,,,,,,,Medium,,,,,,,SSWUMS Sprint 18.1,,,,,,,,,,0.1,,,,,01/Apr/26 12:00 AM,,,,,,,,,,,,,0.0,0.0,,0.0,,,0.0,,,,,,,,,,,,
SSW Lead Engineers Weekly Update slides (03/25/26),SSWUMS-1254,89508,Task,Cancelled,SSWUMS,SSWUMS,software,mkuperst,"Welcome to the SSWUMS Team space, led by Meridith K (Product Owner). This space includes D440 and D454 resources, as well as Sprint and Kanban work.
",,Medium,Won't Do,cwhite10,cwhite10,cwhite10,03/Dec/25 10:53 AM,12/Feb/26 10:40 AM,18/Sep/26 3:31 PM,12/Feb/26 10:40 AM,,PI18,,,,Meetings,,,,,,,,,,,,,,,,,,,,,25/Mar/26 12:00 AM,0,,,cwhite10,,,,,,,,,,,,,,0,0,,0%,0,0,,,,,,,,,,SSWUMS-1255,,SSWUMS-1253,,,,,,,,,,,,,,,,,,,,,,,,,,,,,mkuperst,,,,,,,,,,,,cwhite10,,,25/Mar/26 12:00 AM,,SSWUMS-1257,,,Done,,,,,,Sprint,,,,,"Posted on: Thu Feb 12 10:40:27 EST 2026
Moved to Bi-Weekly",,,No comments by current user.,,,,,,,,,,,,,,,,,,,,,"1|i07vtk:",,,,,,,,,,,,,,,,Medium,,,,,,,SSWUMS Sprint 18.1,,,,,,,,,,0.0,,,,,25/Mar/26 12:00 AM,,,,,,,,,,,,,0.0,0.0,,0.0,,,0.0,,,,,"12/Feb/26 10:40 AM;cwhite10;Moved to Bi-Weekly;;;",,,,,,,
SSW Lead Engineers Weekly Update slides (03/18/26),SSWUMS-1253,89507,Task,Done,SSWUMS,SSWUMS,software,mkuperst,"Welcome to the SSWUMS Team space, led by Meridith K (Product Owner). This space includes D440 and D454 resources, as well as Sprint and Kanban work.
",,Medium,Done,cwhite10,cwhite10,cwhite10,03/Dec/25 10:53 AM,18/Mar/26 9:30 AM,18/Sep/26 3:31 PM,18/Mar/26 9:30 AM,,PI17,,,,Meetings,,,,,,,,,,,,,,,,,,,,,18/Mar/26 12:00 AM,0,,,cwhite10,,,,,";18/Mar/26 9:30 AM;cwhite10;3600",,,,,,,,,2880,0,3600,125%,2880,0,3600,,,,,,,,,SSWUMS-1254,,SSWUMS-1252,,,,,,,,,,,,,,,,,,,,,,,,,,,,,mkuperst,,,,,,,,,,,,cwhite10,,,18/Mar/26 12:00 AM,,SSWUMS-1247,,,Done,,,,,,Sprint,,,,,,,,No comments by current user.,,,,,,,,,,,,,,,,,,,,,"1|i07vtc:",,,,,,,,,,,,,,,,Medium,,,,,,,SSWUMS Sprint 17.6,,,,,,,,,,0.1,,,,,18/Mar/26 12:00 AM,,,,,,,,,,,,,0.0,0.0,,0.0,,,0.0,,,,,,,,,,,,
SSW Lead Engineers Weekly Update slides (03/11/26),SSWUMS-1252,89506,Task,Cancelled,SSWUMS,SSWUMS,software,mkuperst,"Welcome to the SSWUMS Team space, led by Meridith K (Product Owner). This space includes D440 and D454 resources, as well as Sprint and Kanban work.
",,Medium,Won't Do,cwhite10,cwhite10,cwhite10,03/Dec/25 10:52 AM,12/Feb/26 10:39 AM,18/Sep/26 3:31 PM,12/Feb/26 10:39 AM,,PI17,,,,Meetings,,,,,,,,,,,,,,,,,,,,,11/Mar/26 12:00 AM,0,,,cwhite10,,,,,,,,,,,,,,0,0,,0%,0,0,,,,,,,,,,SSWUMS-1253,,SSWUMS-1251,,,,,,,,,,,,,,,,,,,,,,,,,,,,,mkuperst,,,,,,,,,,,,cwhite10,,,11/Mar/26 12:00 AM,,SSWUMS-1247,,,Done,,,,,,Sprint,,,,,"Posted on: Thu Feb 12 10:39:12 EST 2026
Moved to Bi-Weekly",,,No comments by current user.,,,,,,,,,,,,,,,,,,,,,"1|i07vt4:",,,,,,,,,,,,,,,,Medium,,,,,,,SSWUMS Sprint 17.6,,,,,,,,,,0.0,,,,,11/Mar/26 12:00 AM,,,,,,,,,,,,,0.0,0.0,,0.0,,,0.0,,,,,"12/Feb/26 10:39 AM;cwhite10;Moved to Bi-Weekly;;;",,,,,,,
SSW Lead Engineers Weekly Update slides (03/04/26),SSWUMS-1251,89505,Task,Done,SSWUMS,SSWUMS,software,mkuperst,"Welcome to the SSWUMS Team space, led by Meridith K (Product Owner). This space includes D440 and D454 resources, as well as Sprint and Kanban work.
",,Medium,Done,cwhite10,cwhite10,cwhite10,03/Dec/25 10:51 AM,04/Mar/26 4:09 PM,18/Sep/26 3:31 PM,04/Mar/26 4:09 PM,,PI17,,,,Meetings,,,,,,,,,,,,,,,,,,,,,04/Mar/26 12:00 AM,0,,,cwhite10,,,,,";04/Mar/26 4:09 PM;cwhite10;2700",,,,,,,,,2880,180,2700,93%,2880,180,2700,,,,,,,,,SSWUMS-1252,,SSWUMS-1250,,,,,,,,,,,,,,,,,,,,,,,,,,,,,mkuperst,,,,,,,,,,,,cwhite10,,,04/Mar/26 12:00 AM,,SSWUMS-1247,,,Done,,,,,,Sprint,,,,,,,,No comments by current user.,,,,,,,,,,,,,,,,,,,,,"1|i07vsw:",,,,,,,,,,,,,,,,Medium,,,,,,,SSWUMS Sprint 17.5,,,,,,,,,,0.1,,,,,04/Mar/26 12:00 AM,,,,,,,,,,,,,0.0,0.0,,0.0,,,0.0,,,,,,,,,,,,
SSW Lead Engineers Weekly Update slides (02/25/26),SSWUMS-1250,89504,Task,Cancelled,SSWUMS,SSWUMS,software,mkuperst,"Welcome to the SSWUMS Team space, led by Meridith K (Product Owner). This space includes D440 and D454 resources, as well as Sprint and Kanban work.
",,Medium,Won't Do,cwhite10,cwhite10,cwhite10,03/Dec/25 10:49 AM,12/Feb/26 10:39 AM,18/Sep/26 3:31 PM,12/Feb/26 10:39 AM,,PI17,,,,Meetings,,,,,,,,,,,,,,,,,,,,,25/Feb/26 12:00 AM,0,,,cwhite10,,,,,,,,,,,,,,0,0,,0%,0,0,,,,,,,,,,SSWUMS-1251,,SSWUMS-1249,,,,,,,,,,,,,,,,,,,,,,,,,,,,,mkuperst,,,,,,,,,,,,cwhite10,,,25/Feb/26 12:00 AM,,SSWUMS-1247,,,Done,,,,,,Sprint,,,,,"Posted on: Thu Feb 12 10:39:00 EST 2026
Moved to Bi-Weekly",,,No comments by current user.,,,,,,,,,,,,,,,,,,,,,"1|i07vso:",,,,,,,,,,,,,,,,Medium,,,,,,,SSWUMS Sprint 17.5,,,,,,,,,,0.0,,,,,25/Feb/26 12:00 AM,,,,,,,,,,,,,0.0,0.0,,0.0,,,0.0,,,,,"12/Feb/26 10:39 AM;cwhite10;Moved to Bi-Weekly;;;",,,,,,,
SSW Lead Engineers Weekly Update slides (02/18/26),SSWUMS-1249,89503,Task,Done,SSWUMS,SSWUMS,software,mkuperst,"Welcome to the SSWUMS Team space, led by Meridith K (Product Owner). This space includes D440 and D454 resources, as well as Sprint and Kanban work.
",,Medium,Done,cwhite10,cwhite10,cwhite10,03/Dec/25 10:49 AM,19/Feb/26 1:40 PM,18/Sep/26 3:31 PM,19/Feb/26 1:40 PM,,PI17,,,,Meetings,,,,,,,,,,,,,,,,,,,,,18/Feb/26 12:00 AM,0,,,cwhite10,,,,,";19/Feb/26 1:40 PM;cwhite10;2700",,,,,,,,,2880,180,2700,93%,2880,180,2700,,,,,,,,,SSWUMS-1250,,SSWUMS-1248,,,,,,,,,,,,,,,,,,,,,,,,,,,,,mkuperst,,,,,,,,,,,,cwhite10,,,18/Feb/26 12:00 AM,,SSWUMS-1247,,,Done,,,,,,Sprint,,,,,,,,No comments by current user.,,,,,,,,,,,,,,,,,,,,,"1|i07vsg:",,,,,,,,,,,,,,,,Medium,,,,,,,SSWUMS Sprint 17.4,,,,,,,,,,0.1,,,,,18/Feb/26 12:00 AM,,,,,,,,,,,,,0.0,0.0,,0.0,,,0.0,,,,,,,,,,,,
SSW Lead Engineers Weekly Update slides (02/11/26),SSWUMS-1248,89501,Task,Cancelled,SSWUMS,SSWUMS,software,mkuperst,"Welcome to the SSWUMS Team space, led by Meridith K (Product Owner). This space includes D440 and D454 resources, as well as Sprint and Kanban work.
",,Medium,Won't Do,cwhite10,cwhite10,cwhite10,03/Dec/25 10:48 AM,04/Feb/26 1:09 PM,18/Sep/26 3:31 PM,04/Feb/26 1:09 PM,,PI17,,,,Meetings,,,,,,,,,,,,,,,,,,,,,11/Feb/26 12:00 AM,0,,,cwhite10,,,,,,,,,,,,,,0,0,,0%,0,0,,,,,,,,,,SSWUMS-1249,,SSWUMS-1246,,,,,,,,,,,,,,,,,,,,,,,,,,,,,mkuperst,,,,,,,,,,,,cwhite10,,,11/Feb/26 12:00 AM,,SSWUMS-1247,,,Done,,,,,,Sprint,,,,,"Posted on: Wed Feb 04 13:09:23 EST 2026
Will not be done",,,No comments by current user.,,,,,,,,,,,,,,,,,,,,,"1|i07vs0:",,,,,,,,,,,,,,,,Medium,,,,,,,SSWUMS Sprint 17.4,,,,,,,,,,0.0,,,,,11/Feb/26 12:00 AM,,,,,,,,,,,,,0.0,0.0,,0.0,,,0.0,,,,,"04/Feb/26 1:09 PM;cwhite10;Will not be done;;;",,,,,,,
1.a. UMS Oversight Tasking - PI17,SSWUMS-1247,89500,Epic,Done,SSWUMS,SSWUMS,software,mkuperst,"Welcome to the SSWUMS Team space, led by Meridith K (Product Owner). This space includes D440 and D454 resources, as well as Sprint and Kanban work.
",,Medium,Done,mkuperst,mkuperst,cwhite10,03/Dec/25 10:47 AM,11/Aug/26 4:56 PM,18/Sep/26 3:31 PM,24/Mar/26 12:52 PM,,PI17,,,,C-CCA HRS,C2S,C2S B-spec,Customer,Document Dev,EB PI,GDMS IMS,GDMS PI,GDMS SMS,GDMS SOW,ICD,IMS,Meetings,PDMS B-spec,PDMS HRS,Review,SRDD,Status Slides,UMS Captain Metrics,UMS FY Proposals,,,0,,,cwhite10,,,,,,,,,,,,,,0,0,,0%,0,0,,,,,,,,,,SSWUMS-1257,,SSWUMS-1056,,,,,,,,,,,,,,,,,,,,,,,,,,,,,,,,,,,,,,,,,,,,,ghx-label-3,,1.a. UMS Oversight Tasking - PI17,Done,,,,,,,,,,,,,,,No comments by current user.,,,,,,,SSWUMS-567,,,,,,,,,,,,,,"1|i07vrs:",,,,,,,,,,,,,,,,Medium,,,,,,,,,,,,,,,,,,,,,,,,,,,,,,,,,,100.0,3.0,0.0,,,100.0,77.9,3.0,0.0,24.0,5.3,18.7,,,,,,,,
SSW Lead Engineers Weekly Update slides (02/04/26),SSWUMS-1246,89499,Task,Done,SSWUMS,SSWUMS,software,mkuperst,"Welcome to the SSWUMS Team space, led by Meridith K (Product Owner). This space includes D440 and D454 resources, as well as Sprint and Kanban work.
",,Medium,Done,cwhite10,cwhite10,cwhite10,03/Dec/25 10:46 AM,04/Feb/26 12:20 PM,18/Sep/26 3:31 PM,04/Feb/26 12:20 PM,,PI17,,,,Meetings,,,,,,,,,,,,,,,,,,,,,04/Feb/26 12:00 AM,0,,,cwhite10,,,,,";04/Feb/26 12:20 PM;cwhite10;3600",,,,,,,,,5760,2160,3600,62%,5760,2160,3600,,,,,,,,,SSWUMS-1248,,SSWUMS-1245,,,,,,,,,,,,,,,,,,,,,,,,,,,,,mkuperst,,,,,,,,,,,,cwhite10,,,04/Feb/26 12:00 AM,,SSWUMS-1247,,,Done,,,,,,Sprint,,,,,,,,No comments by current user.,,,,,,,,,,,,,,,,,,,,,"1|i07vrk:",,,,,,,,,,,,,,,,Medium,,,,,,,SSWUMS Sprint 17.3,,,,,,,,,,0.2,,,,,04/Feb/26 12:00 AM,,,,,,,,,,,,,0.0,0.0,,0.0,,,0.0,,,,,,,,,,,,
SSW Lead Engineers Weekly Update slides (01/28/26),SSWUMS-1245,89498,Task,Cancelled,SSWUMS,SSWUMS,software,mkuperst,"Welcome to the SSWUMS Team space, led by Meridith K (Product Owner). This space includes D440 and D454 resources, as well as Sprint and Kanban work.
",,Medium,Won't Do,cwhite10,cwhite10,cwhite10,03/Dec/25 10:45 AM,28/Jan/26 8:30 AM,18/Sep/26 3:31 PM,28/Jan/26 8:30 AM,,PI17,,,,Meetings,,,,,,,,,,,,,,,,,,,,,28/Jan/26 12:00 AM,0,,,cwhite10,mkuperst,,,,,,,,,,,,,0,0,,0%,0,0,,,,,,,,,,SSWUMS-1246,,SSWUMS-1244,,,,,,,,,,,,,,,,,,,,,,,,,,,,,mkuperst,,,,,,,,,,,,cwhite10,,,28/Jan/26 12:00 AM,,SSWUMS-1247,,,Done,,,,,,Sprint,,,,,"Posted on: Wed Jan 28 08:30:18 EST 2026
The sync has changed to a bi-weekly slide package",,,No comments by current user.,,,,,,,,,,,,,,,,,,,,,"1|i07vrc:",,,,,,,,,,,,,,,,Medium,,,,,,,SSWUMS Sprint 17.3,,,,,,,,,,0.0,,,,,28/Jan/26 12:00 AM,,,,,,,,,,,,,0.0,0.0,,0.0,,,0.0,,,,,"28/Jan/26 8:30 AM;mkuperst;The sync has changed to a bi-weekly slide package;;;",,,,,,,
SSW Lead Engineers Weekly Update slides (01/21/26),SSWUMS-1244,89497,Task,Done,SSWUMS,SSWUMS,software,mkuperst,"Welcome to the SSWUMS Team space, led by Meridith K (Product Owner). This space includes D440 and D454 resources, as well as Sprint and Kanban work.
",,Medium,Done,cwhite10,cwhite10,cwhite10,03/Dec/25 10:45 AM,22/Jan/26 1:17 PM,18/Sep/26 3:31 PM,22/Jan/26 1:17 PM,,PI17,,,,Meetings,,,,,,,,,,,,,,,,,,,,,21/Jan/26 12:00 AM,0,,,cwhite10,,,,,";22/Jan/26 1:17 PM;mkuperst;3600",,,,,,,,,2880,0,3600,125%,2880,0,3600,,,,,,,,,SSWUMS-1245,,SSWUMS-1243,,,,,,,,,,,,,,,,,,,,,,,,,,,,,mkuperst,,,,,,,,,,,,cwhite10,,,21/Jan/26 12:00 AM,,SSWUMS-1247,,,Done,,,,,,Sprint,,,,,,,,No comments by current user.,,,,,,,,,,,,,,,,,,,,,"1|i07vr4:",,,,,,,,,,,,,,,,Medium,,,,,,,SSWUMS Sprint 17.2,,,,,,,,,,0.1,,,,,21/Jan/26 12:00 AM,,,,,,,,,,,,,0.0,0.0,,0.0,,,0.0,,,,,,,,,,,,
SSW Lead Engineers Weekly Update slides (01/14/26),SSWUMS-1243,89496,Task,Cancelled,SSWUMS,SSWUMS,software,mkuperst,"Welcome to the SSWUMS Team space, led by Meridith K (Product Owner). This space includes D440 and D454 resources, as well as Sprint and Kanban work.
",,Medium,Won't Do,cwhite10,cwhite10,cwhite10,03/Dec/25 10:43 AM,15/Jan/26 9:17 AM,18/Sep/26 3:31 PM,15/Jan/26 9:17 AM,,PI17,,,,Meetings,,,,,,,,,,,,,,,,,,,,,14/Jan/26 12:00 AM,0,,,cwhite10,mkuperst,,,,,,,,,,,,,0,0,,0%,0,0,,,,,,,,,,SSWUMS-1244,,SSWUMS-1066,,,,,,,,,,,,,,,,,,,,,,,,,,,,,mkuperst,,,,,,,,,,,,cwhite10,,,14/Jan/26 12:00 AM,,SSWUMS-1247,,,Done,,,,,,Sprint,,,,,"Posted on: Thu Jan 15 09:17:50 EST 2026
Leads has switched to only needing bi-weekly slides",,,No comments by current user.,,,,,,,,,,,,,,,,,,,,,"1|i07vqw:",,,,,,,,,,,,,,,,Medium,,,,,,,SSWUMS Sprint 17.2,,,,,,,,,,0.0,,,,,14/Jan/26 12:00 AM,,,,,,,,,,,,,0.0,0.0,,0.0,,,0.0,,,,,"15/Jan/26 9:17 AM;mkuperst;Leads has switched to only needing bi-weekly slides;;;",,,,,,,
4.a. UMS CONOPS - PI17,SSWUMS-1242,89480,Epic,Done,SSWUMS,SSWUMS,software,mkuperst,"Welcome to the SSWUMS Team space, led by Meridith K (Product Owner). This space includes D440 and D454 resources, as well as Sprint and Kanban work.
",,Medium,Done,mkuperst,mkuperst,cwhite10,03/Dec/25 10:00 AM,30/Jun/26 12:20 PM,18/Sep/26 3:31 PM,24/Mar/26 9:04 AM,,PI17,,,,C2S,CONOPS,Document Dev,Review,UMS SSLR,Vendor (GDMS),,,,,,,,,,,,,,,,,0,Estimated 16 hours for initial review + 16 hours for adjudication,,cwhite10,,,,,,,,,,,,,,0,0,,0%,0,0,,,,,,,,,,SSWUMS-1896,,SSWUMS-976,,,,,,,,,,,,,,,,,,,,,,,,,,,,,,,,,,,,,,,,,,,,,ghx-label-13,,4.a. UMS CONOPS - PI17,Done,,,,,,,,,,,,,,,No comments by current user.,,,,,,,SSWUMS-476,,,,,,,,,,,,,,"1|i07vns:",,,,,,,,,,,,,,,,Medium,,,,,,,,,,,,,,,,,,,,,,,,,,,,,,,,,,100.0,3.1,0.0,,,100.0,81.3,3.1,0.0,24.8,4.6,20.2,,,,,,,,
4.h. GDMS Drawings - PI17,SSWUMS-1241,89466,Epic,Done,SSWUMS,SSWUMS,software,mkuperst,"Welcome to the SSWUMS Team space, led by Meridith K (Product Owner). This space includes D440 and D454 resources, as well as Sprint and Kanban work.
",,Medium,Done,,mkuperst,cwhite10,03/Dec/25 8:35 AM,23/Mar/26 8:22 AM,18/Sep/26 3:31 PM,23/Mar/26 8:22 AM,,PI17,,,,EOSR Installation Drawing,GDMS CCA Development,PDMS Low Voltage Schematic,PDMS Optical Schematic,PDMS Top Level Schematic,,,,,,,,,,,,,,,,,,0,,,cwhite10,,,,,,,,,,,,,,0,0,,0%,0,0,,,,,,,,,,SSWUMS-1898,,SSWUMS-957,,,,,,,,,,,,,,,,,,,,,,,,,,,,,,,,,,,,,,,,,,,,,ghx-label-13,,4.h. GDMS Drawings - PI17,Done,,,,,,,,,,,,,,,No comments by current user.,,,,,,,SSWUMS-563,,,,,,,,,,,,,,"1|i07vlk:",,,,,,,,,,,,,,,,Medium,,,,,,,,,,,,,,,,,,,,,,,,,,,,,,,,,,100.0,0.3,0.0,,,100.0,50.0,0.3,0.0,1.6,0.8,0.8,,,,,,,,
Trial new sprint review template,SSWUMS-1240,89303,Task,Done,SSWUMS,SSWUMS,software,mkuperst,"Welcome to the SSWUMS Team space, led by Meridith K (Product Owner). This space includes D440 and D454 resources, as well as Sprint and Kanban work.
",,Medium,Done,mkuperst,mkuperst,mkuperst,02/Dec/25 8:45 AM,02/Dec/25 9:57 PM,18/Sep/26 3:31 PM,02/Dec/25 9:57 PM,,PI14,,,,EB PI,,,,,,,,,,,,,,,,,,,,,03/Dec/25 12:00 AM,0,"From [~jdrouill] 12/2 email:

I have prepared a confluence page, sprint review pptx template, and a pptx example.

[SSW Sprint Review Guidance|https://192.168.3.34/cnfl1/display/D440CAR/SSW+Sprint+Review+Guidance]

[https://192.168.3.34/cnfl1/display/D440CAR/SSW+Sprint+Review+Guidance]

Please review, ask questions, and provide feedback.

We decided internal only for sprint review tomorrow as a dry-run on the new format. Teams are expected to assemble powerpoints for tomorrow’s sprint review and share their screen so we can put the templates and new dashboard into work to give and receive feedback.

As a heads up, I have a hard stop at noon tomorrow for planned PTO and will be back in office Monday 12/8/25.",,mkuperst,,,,,";02/Dec/25 8:45 PM;mkuperst;1800",";02/Dec/25 9:57 PM;mkuperst;5400",,,,,,,,8640,1440,7200,83%,8640,1440,7200,,,,,,,,,,,,,,,,,,,,,,,,,,,,,,,,,,,,,,,,jdrouill,,,,,,,,,,,,mkuperst,,,03/Dec/25 12:00 AM,,SSWUMS-1056,,,Done,,,,,,SOS,Sprint,,,,,,,No comments by current user.,,,,,,,,,,,,,,,,,,,,,"1|i07uso:",,,,,,,,,,,,,,,,Medium,,,,,,,SSWUMS Sprint 88-14.4 (PI14),,,,,,,,,,0.3,,,,,03/Dec/25 12:00 AM,,,,,,,,,,,,,0.0,0.0,,0.0,,,0.0,,,,,,,,,,,,
VA-SSW-ESTP-ICD CP-0031 Leads Review Adj. 2/11/26 - 2/17/26,SSWUMS-1239,89278,Task,Done,SSWUMS,SSWUMS,software,mkuperst,"Welcome to the SSWUMS Team space, led by Meridith K (Product Owner). This space includes D440 and D454 resources, as well as Sprint and Kanban work.
",,Medium,Done,mkuperst,mkuperst,cwhite10,01/Dec/25 2:25 PM,11/Aug/26 4:56 PM,18/Sep/26 3:31 PM,10/Feb/26 5:10 PM,,PI17,,,,ICD,,,,,,,,,,,,,,,,,,,,,17/Feb/26 12:00 AM,0,"Review and provide comments to the ESTP ICD CP.

Shop order: _____________________

Files:

CP-0031: \\us-ct-eb01\EBDepts\Eng.440\Projects-VA\VA SSW\Systems Engineering\Specifications\IRD_ICD_IRS\ICD_Physical\VA-SSW-ESTP-ICD-001\CP_0031

Kickoff meeting minutes: \\us-ct-eb01\EBDepts\Eng.440\Projects-VA\VA SSW\Systems Engineering\Specifications\IRD_ICD_IRS\ICD_Physical\VA-SSW-ESTP-ICD-001\CP_0031\Kick-off_Meeting\Internal Kickoff

GDMS: [https://gdmscollab.sharepoint.us/:f:/r/sites/PRGM-Rogue/Prime/To%20GDMS/ICD_Collaboration/VA-SSW-ESTP-ICD-001/VA-SSW-ESTP-ICD-001%20CP-0031?csf=1&web=1&e=jcHvck] ",,cwhite10,mkuperst,,,,";05/Feb/26 10:04 AM;cwhite10;60","No UMS comments made to ICD.;10/Feb/26 5:10 PM;mkuperst;60",,,,,,,,14400,14280,120,0%,14400,14280,120,,,,,,,,,,,,SSWUMS-1238,,,,,,,,,,,,,,,,,,,,,,,,,,,,cwhite10,,,,,,,,,,,,mkuperst,,,17/Feb/26 12:00 AM,,SSWUMS-1235,,,Done,,,,,,SOS,Sprint,,,,"Posted on: Tue Feb 10 17:10:51 EST 2026
No UMS comments made to ICD.",,,No comments by current user.,,,,,,,,mkuperst,bchadwic,pclarke,,,,,,,,,,,"1|i07ups:",,,TBD,,,TBD,,,TBD,,,,,,,Medium,,,,,,,SSWUMS Sprint 17.4,,,,,,,,,,0.5,,,,100%,17/Feb/26 12:00 AM,11/Feb/26 12:00 AM,,,,,,,,,,,,0.0,0.0,,0.0,,,0.0,,,,,"10/Feb/26 5:10 PM;mkuperst;No UMS comments made to ICD.;;;",,,,,,,
VA-SSW-ESTP-ICD CP-0031 Leads Review 1/21/26 - 2/3/26,SSWUMS-1238,89273,Task,Done,SSWUMS,SSWUMS,software,mkuperst,"Welcome to the SSWUMS Team space, led by Meridith K (Product Owner). This space includes D440 and D454 resources, as well as Sprint and Kanban work.
",,Medium,Done,mkuperst,mkuperst,cwhite10,01/Dec/25 1:50 PM,11/Aug/26 4:56 PM,18/Sep/26 3:31 PM,04/Feb/26 4:24 PM,,PI17,,,,ICD,,,,,,,,,,,,,,,,,,,,,03/Feb/26 12:00 AM,0,"Review and provide comments to the ESTP ICD CP.

Shop order: _____________________

Files:

CP-0031: \\us-ct-eb01\EBDepts\Eng.440\Projects-VA\VA SSW\Systems Engineering\Specifications\IRD_ICD_IRS\ICD_Physical\VA-SSW-ESTP-ICD-001\CP_0031

Kickoff meeting minutes: \\us-ct-eb01\EBDepts\Eng.440\Projects-VA\VA SSW\Systems Engineering\Specifications\IRD_ICD_IRS\ICD_Physical\VA-SSW-ESTP-ICD-001\CP_0031\Kick-off_Meeting\Internal Kickoff

GDMS: [https://gdmscollab.sharepoint.us/:f:/r/sites/PRGM-Rogue/Prime/To%20GDMS/ICD_Collaboration/VA-SSW-ESTP-ICD-001/VA-SSW-ESTP-ICD-001%20CP-0031?csf=1&web=1&e=jcHvck] ",,bchadwic,cmerrima,cwhite10,mkuperst,ScriptRunner,";07/Jan/26 1:48 PM;mkuperst;60",";02/Feb/26 12:04 PM;cmerrima;3600",";04/Feb/26 9:16 AM;bchadwic;3600",";04/Feb/26 4:23 PM;mkuperst;2700",";04/Feb/26 4:24 PM;mkuperst;60",,,,,43200,33180,10020,23%,43200,33180,10020,,,,,,,,,,,,,,SSWUMS-1239,,,,,,,,,,,,,SSWSYSPM-2993,,,,,,,,,,,,,cwhite10,,,,,,,,,,,,mkuperst,,,03/Feb/26 12:00 AM,,SSWUMS-1235,,,Done,,,,,,SOS,Sprint,,,,"Posted on: Wed Feb 04 16:23:44 EST 2026
Reviewed, no comments.",,,No comments by current user.,,,,,,,,mkuperst,bchadwic,cmerrima,,,,,,,,,,,"1|i07uoo:",,,Approved,,04/Feb/26 12:00 AM,Approved,,,Approved,,,,,,,Medium,,,,,,,SSWUMS Sprint 17.2,SSWUMS Sprint 17.3,,,,,,,,,1.5,,,,100%,03/Feb/26 12:00 AM,21/Jan/26 12:00 AM,,,,,,,,,,,,0.0,0.0,,0.0,,,0.0,,,,,"27/Jan/26 8:12 PM;bchadwic;Planned rollover review into Sprint 17.3 which is within the review window.;;;","02/Feb/26 12:04 PM;cmerrima;Reviewed with no comments.;;;","04/Feb/26 9:16 AM;bchadwic;Reviewed with no comments;;;","04/Feb/26 4:23 PM;ScriptRunner;The following errors occurred: (Please Log Time in the Time Spent field);;;","04/Feb/26 4:23 PM;mkuperst;Reviewed, no comments.;;;",,,
VA-SSW-CAB-ICD CP-0032 Adjudication 2/10/26-2/23/26,SSWUMS-1237,89260,Task,Done,SSWUMS,SSWUMS,software,mkuperst,"Welcome to the SSWUMS Team space, led by Meridith K (Product Owner). This space includes D440 and D454 resources, as well as Sprint and Kanban work.
",,Medium,Done,mkuperst,mkuperst,mkuperst,01/Dec/25 10:43 AM,11/Aug/26 4:55 PM,18/Sep/26 3:31 PM,02/Mar/26 2:46 PM,,PI17,,,,ICD,,,,,,,,,,,,,,,,,,,,,25/Feb/26 12:00 AM,0,"Adj. comments to the CAB ICD CP.

Shop order: JIH00117YG1036A (expected to change in January, will update before review starts)

Files:

CP-0032: [\\us-ct-eb01\EBDepts\Eng.440\Projects-VA\VA SSW\Systems Engineering\Specifications\IRD_ICD_IRS\ICD_Physical\VA-SSW-CAB-ICD-001\CP_0032|https://gov.teams.microsoft.us/v2/]

Kickoff meeting minutes: [\\us-ct-eb01\EBDepts\Eng.440\Projects-VA\VA SSW\Systems Engineering\Specifications\IRD_ICD_IRS\ICD_Physical\VA-SSW-CAB-ICD-001\CP_0032\Kick off Meeting\Review cycle kickoff|https://gov.teams.microsoft.us/v2/]

GDMS: [https://gdmscollab.sharepoint.us/:f:/r/sites/PRGM-Rogue/Prime/To%20GDMS/ICD_Collaboration/VA-SSW-CAB-ICD-001/VA-SSW-CAB-ICD-001%20Rev%201.0%20Leads%20Review?csf=1&web=1&e=Qv24l4]",,bchadwic,mkuperst,ScriptRunner,,,";27/Feb/26 2:17 PM;mkuperst;60","Comments verified, 3 were duplicate to MK comments and one is deferred to a later revision based on discussion between hardware and systems related to the inclusion of wiring schematics within the ICD.;28/Feb/26 3:11 PM;bchadwic;3600","All comments closed.;02/Mar/26 2:45 PM;mkuperst;3600",";02/Mar/26 2:46 PM;mkuperst;60",,,,,,28800,21480,7320,25%,28800,21480,7320,,,,,,,,,,,,SSWUMS-1236,,,,,,,,,,,,,,,,,,,,,,,,,,,,rravene1,,,,,,,,,,,,mkuperst,,,02/Mar/26 12:00 AM,,SSWUMS-1235,,,Done,,,,,,SOS,Sprint,,,,"Posted on: Mon Mar 02 14:45:50 EST 2026
The following errors occurred: (Please Log Time in the Time Spent field)",,,No comments by current user.,,,,,,,,mkuperst,bchadwic,,,,,,,,,,,,"1|i07um0:",,02/Mar/26 12:00 AM,Approved,,28/Feb/26 12:00 AM,Approved,,,,,,,,,,Medium,,,,,,,SSWUMS Sprint 17.4,SSWUMS Sprint 17.5,,,,,,,,,1.0,,,,100%,25/Feb/26 12:00 AM,10/Feb/26 12:00 AM,,,,,,,,,,,,0.0,0.0,,0.0,,,0.0,,,,,"25/Feb/26 9:08 AM;bchadwic;CAB ICD was delayed in getting sent back for adjudication review. ECD for completion is 2/25/26.;;;","26/Feb/26 9:40 PM;mkuperst;Comments are now available to be verified;;;","28/Feb/26 3:11 PM;bchadwic;Comments verified, 3 were duplicate to MK comments and one is deferred to a later revision based on discussion between hardware and systems related to the inclusion of wiring schematics within the ICD.;;;","02/Mar/26 2:45 PM;mkuperst;All comments closed.;;;","02/Mar/26 2:45 PM;ScriptRunner;The following errors occurred: (Please Log Time in the Time Spent field);;;",,,
VA-SSW-CAB-ICD CP-0032 Leads Review 1/27/26 - 2/09/26,SSWUMS-1236,89259,Task,Done,SSWUMS,SSWUMS,software,mkuperst,"Welcome to the SSWUMS Team space, led by Meridith K (Product Owner). This space includes D440 and D454 resources, as well as Sprint and Kanban work.
",,Medium,Done,mkuperst,mkuperst,mkuperst,01/Dec/25 10:43 AM,11/Aug/26 4:55 PM,18/Sep/26 3:31 PM,10/Feb/26 8:13 AM,,PI17,,,,ICD,,,,,,,,,,,,,,,,,,,,,09/Feb/26 12:00 AM,0,"Review and provide comments to the CAB ICD CP.

Shop order: JIH00117YG1036A (expected to change in January, will update before review starts)

Files:

CP-0032: [\\us-ct-eb01\EBDepts\Eng.440\Projects-VA\VA SSW\Systems Engineering\Specifications\IRD_ICD_IRS\ICD_Physical\VA-SSW-CAB-ICD-001\CP_0032|https://gov.teams.microsoft.us/v2/]

Kickoff meeting minutes: [\\us-ct-eb01\EBDepts\Eng.440\Projects-VA\VA SSW\Systems Engineering\Specifications\IRD_ICD_IRS\ICD_Physical\VA-SSW-CAB-ICD-001\CP_0032\Kick off Meeting\Review cycle kickoff|https://gov.teams.microsoft.us/v2/]

GDMS: [https://gdmscollab.sharepoint.us/:f:/r/sites/PRGM-Rogue/Prime/To%20GDMS/ICD_Collaboration/VA-SSW-CAB-ICD-001/VA-SSW-CAB-ICD-001%20Rev%201.0%20Leads%20Review?csf=1&web=1&e=Qv24l4]",,bchadwic,fopuszyn,mkuperst,ScriptRunner,,";09/Feb/26 8:47 AM;fopuszyn;45","Reviewed BCR only and left comment. Need to re-review the full document because the nomenclature changes in the BCR are confusing and inaccurate.;09/Feb/26 8:11 PM;mkuperst;6300","Reviewed and comments left in DOORs module.;09/Feb/26 9:29 PM;bchadwic;3600",";10/Feb/26 8:13 AM;fopuszyn;30",,,,,,57600,47580,9975,17%,57600,47580,9975,,,,,,,,,,,,,,SSWUMS-1237,,,,,,,,,,,,,SSWSYSPM-3002,,,,,,,,,,,,,rravene1,,,,,,,,,,,,mkuperst,,,09/Feb/26 12:00 AM,,SSWUMS-1235,,,Done,,,,,,SOS,Sprint,,,,"Posted on: Tue Feb 10 06:23:31 EST 2026
The following errors occurred: (Please Log Time in the Time Spent field)",,,No comments by current user.,,,,,,,,mkuperst,bchadwic,fopuszyn,,,,,,,,,,,"1|i07uls:",,,Approved,,09/Feb/26 12:00 AM,Approved,,,Approved,,,,,,,Medium,,,,,,,SSWUMS Sprint 17.3,,,,,,,,,,2.0,,,,100%,09/Feb/26 12:00 AM,27/Jan/26 12:00 AM,,,,,,,,,,,,0.0,0.0,,0.0,,,0.0,,,,,"09/Feb/26 8:43 AM;fopuszyn;This ICD is primarily hardware centric. I reviewed with respect to software.  No significant comments.;;;","09/Feb/26 8:11 PM;mkuperst;Reviewed BCR only and left comments in DOORS. Need to re-review the full document because the nomenclature changes in the BCR are confusing and inaccurate.;;;","09/Feb/26 8:14 PM;mkuperst;GDMS comments will be delayed, new ECD pending;;;","09/Feb/26 9:29 PM;bchadwic;Reviewed and comments left in DOORs module.;;;","10/Feb/26 6:23 AM;ScriptRunner;The following errors occurred: (Please Log Time in the Time Spent field);;;",,,
5.b. Interfaces - PI17,SSWUMS-1235,89258,Epic,Done,SSWUMS,SSWUMS,software,mkuperst,"Welcome to the SSWUMS Team space, led by Meridith K (Product Owner). This space includes D440 and D454 resources, as well as Sprint and Kanban work.
",,Medium,Done,,mkuperst,mkuperst,01/Dec/25 10:41 AM,11/Aug/26 4:57 PM,18/Sep/26 3:31 PM,24/Mar/26 12:51 PM,,PI17,,,,ICD,MES IRS,,,,,,,,,,,,,,,,,,,,,0,,,mkuperst,,,,,,,,,,,,,,0,0,,0%,0,0,,,,,,,,,,SSWUMS-1365,,SSWUMS-1024,,,,,,,,,,,,,,,,,,,,,,,,,,,,,,,,,,,,,,,,,,,,,ghx-label-14,,5.b. Interfaces - PI17,Done,,,,,,,,,,,,,,,No comments by current user.,,,,,,,SSWUMS-562,,,,,,,,,,,,,,"1|i03fhp:ac",,,,,,,,,,,,,,,,Medium,,,,,,,,,,,,,,,,,,,,,,,,,,,,,,,,,,100.0,11.0,0.0,,,100.0,24.5,11.0,0.0,88.0,66.4,21.6,,,,,,,,
ROG-1727 ADL and LBTF Testing Needs,SSWUMS-1234,89237,Task,Done,SSWUMS,SSWUMS,software,mkuperst,"Welcome to the SSWUMS Team space, led by Meridith K (Product Owner). This space includes D440 and D454 resources, as well as Sprint and Kanban work.
",,Medium,Done,mkuperst,mkuperst,mkuperst,26/Nov/25 12:56 PM,16/Dec/25 12:13 PM,18/Sep/26 3:31 PM,16/Dec/25 12:11 PM,,PI14,,,,ROG-1727 ADL and LBTF Testing Needs,,,,,,,,,,,,,,,,,,,,,,0,"Review update version received back from GDMS and verify comment incorporations + support related discussions

X:\Programs.686.BlockVI\Seabed Warfare\05 Concept Development\UMS\12 LBTF\ADL and LBTF Deliverables

[https://gdmscollab.sharepoint.us/:b:/r/sites/PRGM-Rogue/Prime/To%20Prime/03%20-%20ROG%20SUBMITTALS/(CUI)%20ROG-1727%20-%20MES%20Hardware%20for%20ADL%20and%20LBTF%20Use.pdf?csf=1&web=1&e=2Rqd4B]",,bchadwic,mkuperst,,,,"As mentioned at the SOS earlier today, GDMS has provided an updated package and comment log responses. Please take a look over and provide feedback, if any, by next Friday 12/12.

I’m going to book a slot on Tuesday next week to run through the updates with everyone.

X:\Programs.686.BlockVI\Seabed Warfare\05 Concept Development\UMS\12 LBTF\ADL and LBTF Deliverables;05/Dec/25 11:54 AM;mkuperst;60",";08/Dec/25 2:59 PM;cwhite10;2700","Reviewed without comment;15/Dec/25 9:52 AM;bchadwic;1200",";16/Dec/25 12:11 PM;mkuperst;900",,,,,,8640,3780,4860,56%,8640,3780,4860,,,,,,,,,SSWUMS-1340,,SSWUMS-1198,,,,,,,,,,,,,,,,,,,,,,,,,,,,,aviola,,,,,,,,,,,,mkuperst,,,12/Dec/25 12:00 AM,,SSWUMS-995,,,Done,,,,,,SOS,Sprint,,,,"Posted on: Tue Dec 16 12:11:02 EST 2025
comments provided back to GDMS. will make a backlog task for next sprint to go over any follow ons",,,No comments by current user.,,,,,,,,mkuperst,cwhite10,bchadwic,,,,,,,,,,,"1|i07uhc:",,,TBD,,08/Dec/25 12:00 AM,Approved,,,TBD,,,,,,,Medium,,,,,,,SSWUMS Sprint 89-14.5 (PI14),,,,,,,,,,0.3,,,,,12/Dec/25 12:00 AM,,,,,,,,,,,,,0.0,0.0,,0.0,,,0.0,,,,,"05/Dec/25 11:54 AM;mkuperst;As mentioned at the SOS earlier today, GDMS has provided an updated package and comment log responses. Please take a look over and provide feedback, if any, by next Friday 12/12.

I’m going to book a slot on Tuesday next week to run through the updates with everyone.

X:\Programs.686.BlockVI\Seabed Warfare\05 Concept Development\UMS\12 LBTF\ADL and LBTF Deliverables;;;","15/Dec/25 9:52 AM;bchadwic;Reviewed without comment;;;","16/Dec/25 12:11 PM;mkuperst;comments provided back to GDMS. will make a backlog task for next sprint to go over any follow ons;;;",,,,,
ROG-1729 PHC/MES Consolidation UMS Impact Assessment - Verify comments incorporated,SSWUMS-1233,89236,Task,Done,SSWUMS,SSWUMS,software,mkuperst,"Welcome to the SSWUMS Team space, led by Meridith K (Product Owner). This space includes D440 and D454 resources, as well as Sprint and Kanban work.
",,Medium,Done,mkuperst,mkuperst,mkuperst,26/Nov/25 12:44 PM,11/Dec/25 2:25 PM,18/Sep/26 3:31 PM,11/Dec/25 2:25 PM,,PI14,,,,MES PaaS,,,,,,,,,,,,,,,,,,,,,,0,"Review updates to GDMS file + support discussions.

X:\Programs.686.BlockVI\Seabed Warfare\05 Concept Development\UMS\3 Presentations\UMS ROG's\ROG-1729 PaaS Consolidation Impact Assessment",,mkuperst,,,,,";04/Dec/25 12:38 PM;mkuperst;300",";11/Dec/25 2:25 PM;mkuperst;3600",,,,,,,,14400,10500,3900,27%,14400,10500,3900,,,,,,,,,,,SSWUMS-1220,,,,,,,,,,,,,,,,,,,,,,,,,,,,,lsakowic,,,,,,,,,,,,mkuperst,,,08/Dec/25 12:00 AM,,SSWUMS-1026,,,Done,,,,,,SOS,Sprint,,,,"Posted on: Thu Dec 11 14:25:03 EST 2025
Comment log re-posted for GDMS. Task completed.",,,No comments by current user.,,,,,,,,mkuperst,,,,,,,,,,,,,"1|i07uh4:",,,,,24/Nov/25 12:00 AM,,,25/Nov/25 12:00 AM,,,,,,,,Medium,,,,,,,SSWUMS Sprint 89-14.5 (PI14),,,,,,,,,,0.5,,,,,10/Dec/25 12:00 AM,,,,,,,,,,,,,0.0,0.0,,0.0,,,0.0,,,,,"04/Dec/25 12:39 PM;mkuperst;Received update from GDMS on 12/4. Comments from [~mkuperst], [~dhiggin2] , and [~lsakowic] are to be verified. Requesting general team to do a final lookover by 12/8 COB.;;;","11/Dec/25 2:25 PM;mkuperst;Comment log re-posted for GDMS. Task completed.;;;",,,,,,
Review C2S B-Spec PTR's for December CCB,SSWUMS-1232,89220,Task,Done,SSWUMS,SSWUMS,software,mkuperst,"Welcome to the SSWUMS Team space, led by Meridith K (Product Owner). This space includes D440 and D454 resources, as well as Sprint and Kanban work.
",,Medium,Done,cwhite10,cwhite10,cwhite10,26/Nov/25 10:33 AM,09/Dec/25 10:26 AM,18/Sep/26 3:31 PM,09/Dec/25 10:26 AM,,PI14,,,,C2S B-spec,C2S RVTM,,,,,,,,,,,,,,,,,,,,03/Dec/25 12:00 AM,0,X:\Programs.686.BlockVI\Seabed Warfare\05 Concept Development\UMS\4 Requirements\B-Specs\C2S_PDMS PTRs\2025-12 CCB,,cmerrima,cwhite10,mkuperst,,,";26/Nov/25 10:39 AM;cwhite10;60","No Comment;03/Dec/25 2:20 PM;cwhite10;3600",";09/Dec/25 10:26 AM;mkuperst;1800",,,,,,,14400,8940,5460,37%,14400,8940,5460,,,,,,,,,SSWUMS-1258,,,,,,,,,,,,,,,,,,,,,,,,,,,,,,,,,,,,,,,,,,,cwhite10,,,03/Dec/25 12:00 AM,,SSWUMS-923,,,Done,,,,,,SOS,Sprint,,,,"Posted on: Tue Dec 09 09:24:39 EST 2025
Reviewed PTRs, no comments.",,,No comments by current user.,,,,,,,,cwhite10,mkuperst,pclarke,,cmerrima,,,,,,,,,"1|i07uds:",,03/Dec/25 12:00 AM,Approved,,,TBD,,,Approved,,,Approved,,,,Medium,,,,,,,SSWUMS Sprint 89-14.5 (PI14),,,,,,,,,,0.5,,,,100%,03/Dec/25 12:00 AM,26/Nov/25 12:00 AM,,,,,,,,,,,,0.0,0.0,,0.0,,,0.0,,,,,"01/Dec/25 10:55 AM;mkuperst;NAVSEA will not meet the requested 12/3 date. Prairie requested responses back from the team by COB Friday 12/5 and will send responses back to EB Monday 12/8.;;;","01/Dec/25 10:57 AM;mkuperst;Wes/Safety had no comments;;;","03/Dec/25 2:20 PM;cwhite10;No Comment;;;","03/Dec/25 9:10 PM;mkuperst;Sent [~cwhite10] an email regarding PTR 27.

For PTR 28, please also have GDMS include the UMS_789 text for reference. I don't have issue with the re-mapping, just looking to have the old and new parent identified.

General - Missing the section 8 subheader alignments we had asked for last month.

Will mark task as accepted once comments are rolled in + any NAVSEA comments come Monday are resolved.;;;","09/Dec/25 9:24 AM;cmerrima;Reviewed PTRs, no comments.;;;",,,
Review PDMS B-Spec PTR's for December CCB,SSWUMS-1231,89219,Task,Done,SSWUMS,SSWUMS,software,mkuperst,"Welcome to the SSWUMS Team space, led by Meridith K (Product Owner). This space includes D440 and D454 resources, as well as Sprint and Kanban work.
",,Medium,Done,bchadwic,cwhite10,cwhite10,26/Nov/25 10:32 AM,08/Dec/25 12:28 PM,18/Sep/26 3:31 PM,08/Dec/25 12:28 PM,,PI14,,,,PDMS B-spec,PDMS RVTM,,,,,,,,,,,,,,,,,,,,03/Dec/25 12:00 AM,0,X:\Programs.686.BlockVI\Seabed Warfare\05 Concept Development\UMS\4 Requirements\B-Specs\C2S_PDMS PTRs\2025-12 CCB,,bchadwic,cwhite10,mkuperst,,,";26/Nov/25 11:07 AM;cwhite10;60","PDMS B-Spec PTRs reviewed and comments sent to GDMS.;08/Dec/25 12:28 PM;bchadwic;3600",,,,,,,,14400,10740,3660,25%,14400,10740,3660,,,,,,,,,SSWUMS-1259,,,,,,,,,,,,,,,,,,,,,,,,,,,,,,,,,,,,,,,,,,,bchadwic,,,03/Dec/25 12:00 AM,,SSWUMS-1083,,,Done,,,,,,SOS,Sprint,,,,"Posted on: Mon Dec 08 12:28:31 EST 2025
PDMS B-Spec PTRs reviewed and comments sent to GDMS.",,,No comments by current user.,,,,,,,,bchadwic,mkuperst,pclarke,,,,,,,,,,,"1|i07udk:",,,TBD,,,TBD,,,Approved,,,,,,,Medium,,,,,,,SSWUMS Sprint 89-14.5 (PI14),,,,,,,,,,0.5,,,,100%,03/Dec/25 12:00 AM,26/Nov/25 12:00 AM,,,,,,,,,,,,0.0,0.0,,0.0,,,0.0,,,,,"01/Dec/25 10:55 AM;mkuperst;NAVSEA will not meet the requested 12/3 date. Prairie requested responses back from the team by COB Friday 12/5 and will send responses back to EB Monday 12/8.;;;","01/Dec/25 10:57 AM;mkuperst;Wes/Safety had one comment:
 # PTR_15: The background color the newly added EOSR Compensation Monitoring HW needs to be added to the Color Key at the bottom of the figure.;;;","03/Dec/25 9:15 PM;mkuperst;Missing the section 8 subheader alignments we had asked for last month.

UMS-PDMS-PTR-8, not entirely sure why this requirement is being changed. The ROV Fiber EHP manages both the optical and LV cables, so it is correct as written. The fiber optic signals interface with the EHP that manages both optical and LV signals. Has the EHP configuration been changed? I know they were working on a new design last year.;;;","08/Dec/25 12:28 PM;bchadwic;PDMS B-Spec PTRs reviewed and comments sent to GDMS.;;;",,,,
DFS Additional Unit Purchases - Compile Brief Info,SSWUMS-1230,89218,Task,Done,SSWUMS,SSWUMS,software,mkuperst,"Welcome to the SSWUMS Team space, led by Meridith K (Product Owner). This space includes D440 and D454 resources, as well as Sprint and Kanban work.
",,Medium,Done,bchadwic,mkuperst,mkuperst,26/Nov/25 10:21 AM,10/Feb/26 1:11 PM,18/Sep/26 3:31 PM,09/Feb/26 8:54 PM,,PI17,,,,DFS,,,,,,,,,,,,,,,,,,,,,,0,Compile EB and GDMS need date timelines for the DFS use with the quoting time frames into a NAVSEA brief regarding our needs for additional units.,,bchadwic,mkuperst,,,,";30/Jan/26 2:14 PM;bchadwic;7200","Brief sent out for review on 2/9/26.;09/Feb/26 8:54 PM;bchadwic;25200",,,,,,,,28800,0,32400,112%,28800,0,32400,,,,,,,,,,,,,,,,,,,,,,,SSWUMS-1441,,,,,,,,,,,,,,,,,,,,,,,,,,,,,bchadwic,,,06/Feb/26 12:00 AM,,SSWUMS-969,,,Done,,,,,,SOS,Sprint,,,,"Posted on: Mon Feb 09 20:54:54 EST 2026
Brief sent out for review on 2/9/26.",,,No comments by current user.,,,,,,,,bchadwic,,,,,,,,,,,,,"1|i07udc:",,,,,,,,,,,,,,,,Medium,,,,,,,SSWUMS Sprint 17.2,SSWUMS Sprint 17.3,,,,,,,,,1.0,,,,,06/Feb/26 12:00 AM,,,,,,,,,,,,,0.0,0.0,,0.0,,0.0,0.0,,0.0,0.0,0.0,"27/Jan/26 9:48 PM;bchadwic;Unable to complete in Sprint 17.2 due to other more urgent work (GDMS PI, E-Stop Brief, PDMS RVTM, and PDMS Beryllium VIRs.) Will be completed in the beginning of Sprint 17.3.;;;","09/Feb/26 8:54 PM;bchadwic;Brief sent out for review on 2/9/26.;;;",,,,,,
Leads Adj. of VA-SSW-UMS-SIM-IS-001 Rev 1.0 w/ CP-VA-SSW-PHC-0033,SSWUMS-1229,89180,Task,Done,SSWUMS,SSWUMS,software,mkuperst,"Welcome to the SSWUMS Team space, led by Meridith K (Product Owner). This space includes D440 and D454 resources, as well as Sprint and Kanban work.
",,Medium,Done,mkuperst,mkuperst,mkuperst,25/Nov/25 12:25 PM,26/Jan/26 11:22 AM,18/Sep/26 3:31 PM,26/Jan/26 11:22 AM,,PI17,,,,UMS SIM IS,,,,,,,,,,,,,,,,,,,,,21/Jan/26 12:00 AM,0,"\\us-ct-eb01\EBDepts\Eng.440\Projects-VA\VA SSW\Test Engineering\Documents\VA-SSW-UMS-SIM-IS-001\Rev 1.0 with CP-VA-SSW-PHC-0033

S/O: JIH00117YQ2112A

Will also provide to GDMS for comment, but will not be holding up review cycle. Any GDMS comments will be coordinated with [~zbutler] and turned into PTRs if required.",,mkuperst,ScriptRunner,,,,";21/Jan/26 3:43 PM;cwhite10;1200",";23/Jan/26 2:24 PM;cwhite10;3600",";26/Jan/26 11:22 AM;bchadwic;3600",";26/Jan/26 11:22 AM;bchadwic;60",,,,,,57600,49140,8460,14%,57600,49140,8460,,,,,,,,,,,SSWUMS-1228,,,,,,,,,,,,,,,,SSWSYSPM-2994,,,,,,,,,,,,,zbutler,,,,,,,,,,,,mkuperst,,,21/Jan/26 12:00 AM,,SSWUMS-1213,,,Done,,,,,,SOS,Sprint,,,,"Posted on: Thu Jan 22 14:09:22 EST 2026
Test responded to UMS comments. [~cwhite10] verified/responded to the adjudications, not sure if [~bchadwic] has completed his verification.",,,No comments by current user.,,,,,,,,mkuperst,bchadwic,cwhite10,,,,,,,,,,,"1|i07u5s:",,,Approved,,26/Jan/26 12:00 AM,Approved,,23/Jan/26 12:00 AM,Approved,,,,,,,Medium,,,,,,,SSWUMS Sprint 17.2,,,,,,,,,,2.0,,,,,21/Jan/26 12:00 AM,,,,,,,,,,,,,0.0,0.0,,0.0,,,0.0,,,,,"22/Jan/26 2:09 PM;mkuperst;Test responded to UMS comments. [~cwhite10] verified/responded to the adjudications, not sure if [~bchadwic] has completed his verification.;;;",,,,,,,
Leads Review of VA-SSW-UMS-SIM-IS-001 Rev 1.0 w/ CP-VA-SSW-PHC-0033,SSWUMS-1228,89179,Task,Done,SSWUMS,SSWUMS,software,mkuperst,"Welcome to the SSWUMS Team space, led by Meridith K (Product Owner). This space includes D440 and D454 resources, as well as Sprint and Kanban work.
",,Medium,Done,mkuperst,mkuperst,mkuperst,25/Nov/25 12:23 PM,16/Jan/26 9:49 AM,18/Sep/26 3:31 PM,16/Jan/26 9:43 AM,,PI17,,,,UMS SIM IS,,,,,,,,,,,,,,,,,,,,,14/Jan/26 12:00 AM,0,"The UMS SIM IS Rev 1.0 w/ CP is ready for leads review. Please have comments submitted by COB 01/14/2026.

*Product Folder:*

X:\Eng.440\Projects-VA\VA SSW\Test Engineering\Documents\VA-SSW-UMS-SIM-IS-001\Rev 1.0 with CP-VA-SSW-PHC-0033

*Published Document and Baseline Comparison:*

X:\Eng.440\Projects-VA\VA SSW\Test Engineering\Documents\VA-SSW-UMS-SIM-IS-001\Rev 1.0 with CP-VA-SSW-PHC-0033\Current

*DOORS Module:*

/VA SSW PHC/5 - Test/SIM/UMS Simulator Item Spec

*DOORS Views:*

*!image-2025-12-18-09-48-29-988.png!*

*Shop Order:*

*{color:#de350b}JIH00117440SW45{color}*

Will also provide to GDMS for comment, but will not be holding up review cycle. Any GDMS comments will be coordinated with [~zbutler] and turned into PTRs if required.

[VA-SSW-UMS-SIM-IS-001 Rev 1.0 w CP-VA-SSW-PHC-0033|https://gdmscollab.sharepoint.us/:f:/r/sites/PRGM-Rogue/Prime/To%20GDMS/Test/VA-SSW-UMS-SIM-IS-001%20Rev%201.0%20w%20CP-VA-SSW-PHC-0033?csf=1&web=1&e=FgKSlG]",,bchadwic,evoglewe,mkuperst,ScriptRunner,,";18/Dec/25 9:48 AM;mkuperst;60",";12/Jan/26 8:49 AM;cwhite10;7200",";15/Jan/26 2:56 PM;bchadwic;2400",";16/Jan/26 9:43 AM;bchadwic;60",,,,,,57600,47880,9720,16%,57600,47880,9720,,,,,,,,,SSWUMS-1229,,,,,,,,,,,,,,,,,,SSWSYSPM-2994,"18/Dec/25 9:48 AM;mkuperst;image-2025-12-18-09-48-29-988.png;https://192.168.3.34/jira1/secure/attachment/19532/image-2025-12-18-09-48-29-988.png",,,,,,,,,,,,zbutler,,,,,,,,,,,,mkuperst,,,14/Jan/26 12:00 AM,,SSWUMS-1213,,,Done,,,,,,SOS,Sprint,,,,"Posted on: Fri Jan 16 09:49:45 EST 2026
Review completed on 1/15/26.",,,No comments by current user.,,,,,,,,mkuperst,bchadwic,cwhite10,,,,,,,,,,,"1|i07u5k:",,,Approved,,15/Jan/26 12:00 AM,Approved,,12/Jan/26 12:00 AM,Approved,,,,,,,Medium,,,,,,,SSWUMS Sprint 17.1,SSWUMS Sprint 17.2,,,,,,,,,2.0,,,,,14/Jan/26 12:00 AM,,,,,,,,,,,,,0.0,0.0,,0.0,,,0.0,,,,,"07/Jan/26 8:44 PM;mkuperst;On page 12 of BCR.;;;","14/Jan/26 3:07 PM;mkuperst;Review completed, no personal comments.;;;","16/Jan/26 9:49 AM;bchadwic;Review completed on 1/15/26.;;;",,,,,
NIOU UMS Worst Case Sensors,SSWUMS-1227,89063,Task,Done,SSWUMS,SSWUMS,software,mkuperst,"Welcome to the SSWUMS Team space, led by Meridith K (Product Owner). This space includes D440 and D454 resources, as well as Sprint and Kanban work.
",,Medium,Done,cwhite10,cwhite10,cwhite10,24/Nov/25 2:13 PM,26/Nov/25 10:37 AM,18/Sep/26 3:31 PM,26/Nov/25 10:37 AM,,PI14,,,,C2S,,,,,,,,,,,,,,,,,,,,,25/Nov/25 12:00 AM,0,"Hey Cory,

 

I was wondering if you know which 28VDC inboard and outboard sensor for the NIOU UMS have the highest minimum input voltage.

If you don’t have this info, could you provide me the datasheets for the NIOU UMS inboard and outboard devices?

 

Thanks,

Ben Deshpande

 

file:///X:\Programs.686.BlockVI\Seabed%20Warfare\05%20Concept%20Development\UMS\9%20C2\04_UWS-Components-and-Cabling\Power\28VDC_Compoments.xlsx",,bchadwic,cwhite10,ScriptRunner,,,";24/Nov/25 2:32 PM;cwhite10;60",";24/Nov/25 2:54 PM;cwhite10;3600","Evaluated and sent to hardware. Pressure transducers have the highest minimum input voltage.;26/Nov/25 9:27 AM;bchadwic;7200",";26/Nov/25 10:36 AM;cwhite10;60",";26/Nov/25 10:37 AM;cwhite10;60",";26/Nov/25 10:37 AM;cwhite10;60",,,,14400,3360,11040,76%,14400,3360,11040,,,,,,,,,,,,,,,,,,,,,,,,,,,,,,,,,,,,,,,,,,,,,,,,,,,,cwhite10,,,25/Nov/25 12:00 AM,,SSWUMS-977,,,Done,,,,,,Sprint,,,1.0,The following errors occurred: (Please Log Time in the Time Spent field),"Posted on: Wed Nov 26 09:27:13 EST 2025
The following errors occurred: (Please Log Time in the Time Spent field)",,,No comments by current user.,,,,,,,,cwhite10,bchadwic,,,,,,,,,,,,"1|i07tg0:",,24/Nov/25 12:00 AM,Approved,,26/Nov/25 12:00 AM,Approved,,,,,,,,,,Medium,,,,,,,SSWUMS Sprint 88-14.4 (PI14),,,,,,,,,,0.5,,,,100%,25/Nov/25 12:00 AM,24/Nov/25 12:00 AM,,,,,,,,,,,,0.0,0.0,,0.0,,,0.0,,,,,"26/Nov/25 9:27 AM;bchadwic;Evaluated and sent to hardware. Pressure transducers have the highest minimum input voltage.;;;","26/Nov/25 9:27 AM;ScriptRunner;The following errors occurred: (Please Log Time in the Time Spent field);;;",,,,,,
GDMS IMS and SMS review(For Oct),SSWUMS-1224,88914,Task,Done,SSWUMS,SSWUMS,software,mkuperst,"Welcome to the SSWUMS Team space, led by Meridith K (Product Owner). This space includes D440 and D454 resources, as well as Sprint and Kanban work.
",,Medium,Done,mkuperst,mkuperst,mkuperst,21/Nov/25 9:57 AM,22/Dec/25 2:05 PM,18/Sep/26 3:31 PM,22/Dec/25 2:05 PM,,PI14,,,,GDMS IMS,GDMS SMS,,,,,,,,,,,,,,,,,,,,,0,"X-Drive: \\US-CT-EB01\EBDepts\Programs.686.BlockVI\Seabed Warfare\05 Concept Development\UMS\1 Programmatic\2. Reporting\2 Segment Schedules\Summary Schedules\2025

\\us-ct-eb01\EBDepts\Programs.686.BlockVI\Seabed Warfare\05 Concept Development\UMS\1 Programmatic\2. Reporting\4 GDMS IMS\

\\us-ct-eb01\EBDepts\Programs.686.BlockVI\Seabed Warfare\05 Concept Development\UMS\1 Programmatic\3. Risk Management\GDMS RMB\",,mkuperst,,,,,";21/Nov/25 10:33 AM;mkuperst;60",";04/Dec/25 12:14 PM;cwhite10;1200",";18/Dec/25 3:32 PM;cwhite10;1800",";22/Dec/25 2:05 PM;mkuperst;3600",,,,,,11520,4860,6660,57%,11520,4860,6660,,,,,,,,,SSWUMS-1322,,SSWUMS-1120,,,,,,,,,,,,,,,,,,,,,,,,,,,,,,,,,,,,,,,,,mkuperst,,,21/Dec/25 12:00 AM,,SSWUMS-977,,,Done,,,,,,,,,1.0,"SMS Comments

+*Slide 14*+
 * FA Documents still showing in January of 2025
 * HRS Dates not updates(Noted in text box on slide)

 

IMS Comments
 * Need to roll in the HRS Updates as well as CCA dates","Posted on: Tue Dec 02 12:47:23 EST 2025
Planned rollover item",,,No comments by current user.,,,,,,,,mkuperst,cwhite10,bchadwic,,,,,,,,,,,"1|i07sy8:",,,TBD,,,TBD,,,TBD,,,,,,,,,,,,,,SSWUMS Sprint 86-14.2 (PI14),SSWUMS Sprint 87-14.3 (PI14),SSWUMS Sprint 88-14.4 (PI14),SSWUMS Sprint 89-14.5 (PI14),,,,,,,0.4,,,,,21/Dec/25 12:00 AM,,,,,,,,,,,,,,,,,,,,,,,,"02/Dec/25 12:47 PM;mkuperst;Planned rollover item;;;",,,,,,,
PHC/MES Consolidation UMS Impact Assessment - Comment by 11/23,SSWUMS-1220,88637,Task,Done,SSWUMS,SSWUMS,software,mkuperst,"Welcome to the SSWUMS Team space, led by Meridith K (Product Owner). This space includes D440 and D454 resources, as well as Sprint and Kanban work.
",,Medium,Done,mkuperst,mkuperst,mkuperst,18/Nov/25 12:15 PM,03/Dec/25 8:15 AM,18/Sep/26 3:31 PM,03/Dec/25 8:15 AM,,PI14,,,,MES PaaS,,,,,,,,,,,,,,,,,,,,,23/Nov/25 12:00 AM,0,"[(CUI) ROG-1729 - MES_PHC Consolidation Impact Assessment.pdf|https://urldefense.us/v3/__https:/gdmscollab.sharepoint.us/:b:/r/sites/PRGM-Rogue/Prime/Working*20Groups/Program-Contracts/Rogue*209*20-*20FY26-FY28/CLIN_7175/(CUI)*20ROG-1729*20-*20MES_PHC*20Consolidation*20Impact*20Assessment.pdf?csf=1&web=1&e=TQNAJT__;JSUlJSUlJSUlJQ!!LLC9-f4ze_ZD5A!8ou_E573tMqQBpB8oVoO6yP2vnOO0hPjpKCAXGubl_a7E0FZ-raK2fKcxNozVKrOOwzS9P0dHQoOvipU$]

X:\Programs.686.BlockVI\Seabed Warfare\05 Concept Development\UMS\3 Presentations\UMS ROG's\ROG-1729 PaaS Consolidation Impact Assessment

Review and comment to linked/attached package. Comments back to [~mkuperst] by 11/23.",,mkuperst,scodd,ScriptRunner,,,";21/Nov/25 10:34 AM;mkuperst;60",";24/Nov/25 10:19 AM;bchadwic;1200",";25/Nov/25 1:24 PM;cwhite10;2700",";26/Nov/25 12:42 PM;mkuperst;7200",";26/Nov/25 1:46 PM;mkuperst;60",";01/Dec/25 8:34 AM;bchadwic;60",";01/Dec/25 8:34 AM;cwhite10;60","sxc bug testing;01/Dec/25 10:35 AM;scodd;60",";03/Dec/25 8:15 AM;scodd;60",14400,2940,11460,79%,14400,2940,11460,,,,,,,,,SSWUMS-1233,,,,,,,,,,,,,,,,,,,,,,,,,,,,,,,lsakowic,,,,,,,,,,,,mkuperst,,,23/Nov/25 12:00 AM,,SSWUMS-1026,,,Done,,,,,,SOS,Sprint,,,,"Posted on: Mon Dec 01 10:35:35 EST 2025
sxc bug testing",,,No comments by current user.,,,,,,,,mkuperst,bchadwic,cwhite10,,scodd,,,,,,,,,"1|i07rtk:",,,Approved,,01/Dec/25 12:00 AM,Approved,,01/Dec/25 12:00 AM,Approved,,,Approved,,,,Medium,,,,,,,SSWUMS Sprint 88-14.4 (PI14),,,,,,,,,,0.5,,,,,23/Nov/25 12:00 AM,,,,,,,,,,,,,0.0,0.0,,0.0,,,0.0,,,,,"24/Nov/25 6:31 PM;mkuperst;Comments received from Dayne and LeAnne/Matt. The latter had questions that I emailed [~gwerbows] and [~mwagner7] to follow up with;;;","26/Nov/25 12:40 PM;mkuperst;Responses provided back to GDMS to incorporate. No current ECD from GDMS on the update. Cloning due to comments complete on this round of review.;;;","26/Nov/25 12:41 PM;ScriptRunner;The following errors occurred: (Please Log Time in the Time Spent field);;;","26/Nov/25 1:39 PM;ScriptRunner;The following errors occurred: (Please Log Time in the Time Spent field);;;","01/Dec/25 8:30 AM;scodd;S Codd testing functionality for a issue status Status change;;;","01/Dec/25 10:34 AM;ScriptRunner;The following errors occurred: (Please Log Time in the Time Spent field);;;","01/Dec/25 10:35 AM;scodd;sxc bug testing;;;",
Deferred UMS SIM IS comments,SSWUMS-1219,88636,Task,Done,SSWUMS,SSWUMS,software,mkuperst,"Welcome to the SSWUMS Team space, led by Meridith K (Product Owner). This space includes D440 and D454 resources, as well as Sprint and Kanban work.
",,Medium,Done,mkuperst,mkuperst,mkuperst,18/Nov/25 12:03 PM,24/Nov/25 1:58 PM,18/Sep/26 3:31 PM,24/Nov/25 1:58 PM,,PI14,,,,UMS SIM IS,,,,,,,,,,,,,,,,,,,,,,0,"Verify [~mkuperst] deferred comments to the UMS SIM IS were incorporated in DOORS. Those that need re-work will have a PTR made to be incorporated in a CP.

There is also a Jira filter for related DJSMs

[https://192.168.3.34/jira1/issues/?jql=project%20%3D%20DJSM%20AND%20resolution%20%3D%20Unresolved%20AND%20component%20%3D%20VA-SSW-UMS-SIM-IS-001%20ORDER%20BY%20created%20ASC]

\\us-ct-eb01\EBDepts\Resources.454\Projects\SSW_PHC\Documents\VA-SSW-UMS-SIM-IS-001\2025-07-31_Rev_1.0

S/O: JIH00117YQ2112A",,mkuperst,,,,,";24/Nov/25 11:07 AM;mkuperst;60",";24/Nov/25 1:58 PM;mkuperst;10800",,,,,,,,5760,0,10860,188%,5760,0,10860,,,,,,,,,,,,,,,,,,,,,,,,,,,,,,,,,,,,,,,,zbutler,,,,,,,,,,,,mkuperst,,,,,SSWUMS-1053,,,Done,,,,,,SOS,Sprint,,,,,,,No comments by current user.,,,,,,,,,,,,,,,,,,,,,"1|i07rtc:",,,,,,,,,,,,,,,,Medium,,,,,,,SSWUMS Sprint 88-14.4 (PI14),,,,,,,,,,0.2,,,,,21/Nov/25 12:00 AM,,,,,,,,,,,,,0.0,0.0,,0.0,,,0.0,,,,,,,,,,,,
MSOS 5B and 5C Real Time Relevant Communication Paths - 11/19,SSWUMS-1218,88634,Task,Done,SSWUMS,SSWUMS,software,mkuperst,"Welcome to the SSWUMS Team space, led by Meridith K (Product Owner). This space includes D440 and D454 resources, as well as Sprint and Kanban work.
",,Medium,Done,mkuperst,mkuperst,mkuperst,18/Nov/25 12:01 PM,21/Nov/25 10:33 AM,18/Sep/26 3:31 PM,21/Nov/25 10:33 AM,,PI14,,,,AWG - Network,,,,,,,,,,,,,,,,,,,,,,0,"\\us-ct-eb01\EBDepts\Eng.440\Projects-VA\VA SSW\Systems Engineering\SSW Systems\PHC\PHC Concept Evolution\PHC Network\4. Interfaces\PHC_Network_Devices\MSOS_5B_5C_RealTime_Paths.vsdx

Review UMS/GDMS related devices and communications paths for RT relevance",,mkuperst,,,,,";21/Nov/25 10:33 AM;mkuperst;600",,,,,,,,,5760,5160,600,10%,5760,5160,600,,,,,,,,,,,,,,,,,,,,,,,,,,,,,,,,,,,,,,,,rngwanga,,,,,,,,,,,,mkuperst,,,,,SSWUMS-1026,,,Done,,,,,,SOS,Sprint,,,,,,,No comments by current user.,,,,,,,,,,,,,,,,,,,,,"1|i07rt4:",,,,,,,,,,,,,,,,Medium,,,,,,,SSWUMS Sprint 88-14.4 (PI14),,,,,,,,,,0.2,,,,,19/Nov/25 12:00 AM,,,,,,,,,,,,,0.0,0.0,,0.0,,,0.0,,,,,,,,,,,,
VA-SSW-UMS-SIMN-SRS-001 Rev 1.0 Peer review Adj,SSWUMS-1215,88388,Task,Done,SSWUMS,SSWUMS,software,mkuperst,"Welcome to the SSWUMS Team space, led by Meridith K (Product Owner). This space includes D440 and D454 resources, as well as Sprint and Kanban work.
",,Medium,Done,mkuperst,cwhite10,cwhite10,13/Nov/25 10:40 AM,28/Feb/26 3:13 PM,18/Sep/26 3:31 PM,28/Feb/26 3:13 PM,,PI17,,,,UMS SIMN SRS,,,,,,,,,,,,,,,,,,,,,04/Mar/26 12:00 AM,0,\\us-ct-eb01\EBDepts\Eng.440\Projects-VA\VA SSW\Test Engineering\Documents\VA-SSW-UMS-SIMN-SRS-001\Rev 1.0,,bchadwic,cwhite10,ScriptRunner,,,";26/Feb/26 4:33 PM;cwhite10;60","All Comments Closed out;26/Feb/26 4:35 PM;cwhite10;2700",";27/Feb/26 2:17 PM;mkuperst;300","All comments closed.;28/Feb/26 3:12 PM;bchadwic;1800","All comments verified.;28/Feb/26 3:13 PM;bchadwic;300",,,,,14400,9240,5160,35%,14400,9240,5160,,,,,,,,,,,SSWUMS-1214,,,,,,,,,,,,,,,,,,,,,,,,,,,,,mruiz3,,,,,,,,,,,,mkuperst,,,04/Mar/26 12:00 AM,,SSWUMS-1213,,,Done,,,,,,SOS,Sprint,,,,"Posted on: Sat Feb 28 15:13:04 EST 2026
All comments verified.",,,No comments by current user.,,,,,,,,mkuperst,bchadwic,cwhite10,,,,,,,,,,,"1|i07qyg:",,27/Feb/26 12:00 AM,Approved,,28/Feb/26 12:00 AM,Approved,,26/Feb/26 12:00 AM,Approved,,,,,,,Medium,,,,,,,SSWUMS Sprint 17.5,,,,,,,,,,0.5,,,,100%,04/Mar/26 12:00 AM,18/Feb/26 12:00 AM,,,,,,,,,,,,0.0,0.0,,0.0,,,0.0,,,,,"26/Feb/26 4:35 PM;cwhite10;All Comments Closed out;;;","28/Feb/26 3:12 PM;bchadwic;All comments closed.;;;","28/Feb/26 3:13 PM;bchadwic;All comments verified.;;;",,,,,
VA-SSW-UMS-SIMN-SRS-001 Rev 1.0 Leads review,SSWUMS-1214,88387,Task,Done,SSWUMS,SSWUMS,software,mkuperst,"Welcome to the SSWUMS Team space, led by Meridith K (Product Owner). This space includes D440 and D454 resources, as well as Sprint and Kanban work.
",,Medium,Done,mkuperst,cwhite10,cwhite10,13/Nov/25 10:39 AM,18/Feb/26 4:33 PM,18/Sep/26 3:31 PM,18/Feb/26 4:33 PM,,PI17,,,,UMS SIMN SRS,,,,,,,,,,,,,,,,,,,,,18/Feb/26 12:00 AM,0,"The UMS SIMN SRS Rev 1.0 document is ready for leads review. Please note that the time frame for this leads review is from 01/28 – 02/18.

 

Here is a link to the product folder:

X:\Eng.440\Projects-VA\VA SSW\Test Engineering\Documents\VA-SSW-UMS-SIMN-SRS-001\Rev 1.0

 

The updated shop order is as follows:

JIH00117440SW45",,bchadwic,cmerrima,cwhite10,mkuperst,ScriptRunner,";28/Jan/26 11:32 AM;cwhite10;60",";29/Jan/26 12:48 PM;cwhite10;7200",";10/Feb/26 2:29 PM;cwhite10;60",";16/Feb/26 10:03 PM;mkuperst;2400",";17/Feb/26 12:07 PM;cmerrima;2700","Comments logged in DOORs;17/Feb/26 3:39 PM;bchadwic;8100","Reviewed.;18/Feb/26 4:32 PM;mkuperst;3600",";18/Feb/26 4:33 PM;mkuperst;60",,28800,4620,24180,83%,28800,4620,24180,,,,,,,,,SSWUMS-1215,,,,,,,,,,,,,,,,,,,,,,,,,,,,,,,mruiz3,,,,,,,,,,,,mkuperst,,,18/Feb/26 12:00 AM,,SSWUMS-1213,,,Done,,,,,,SOS,Sprint,,,,"Posted on: Wed Feb 18 16:32:58 EST 2026
The following errors occurred: (Please Log Time in the Time Spent field)",,,No comments by current user.,,,,,,,,mkuperst,bchadwic,cwhite10,,cmerrima,,,,,,,,,"1|i07qy8:",,18/Feb/26 12:00 AM,Approved,,17/Feb/26 12:00 AM,Approved,,10/Feb/26 12:00 AM,Approved,,,Approved,,,,Medium,,,,,,,SSWUMS Sprint 17.4,,,,,,,,,,1.0,,,,100%,18/Feb/26 12:00 AM,04/Feb/26 12:00 AM,,,,,,,,,,,,0.0,0.0,,0.0,,,0.0,,,,,"17/Feb/26 12:06 PM;cmerrima;Reviewed, no comments.;;;","17/Feb/26 3:39 PM;bchadwic;Comments logged in DOORs;;;","18/Feb/26 4:32 PM;mkuperst;Reviewed.;;;","18/Feb/26 4:32 PM;ScriptRunner;The following errors occurred: (Please Log Time in the Time Spent field);;;",,,,
6. D440 Test Products - PI17,SSWUMS-1213,88385,Epic,Done,SSWUMS,SSWUMS,software,mkuperst,"Welcome to the SSWUMS Team space, led by Meridith K (Product Owner). This space includes D440 and D454 resources, as well as Sprint and Kanban work.
",,Medium,Done,,mkuperst,cwhite10,13/Nov/25 10:37 AM,07/Aug/26 1:07 PM,18/Sep/26 3:31 PM,18/Mar/26 10:13 AM,,PI17,,,,C2S,Document Dev,Review,UMS SIM IS,UMS SIMN SRS,UMS SSLR,Vendor (GDMS),,,,,,,,,,,,,,,,0,,,cwhite10,,,,,,,,,,,,,,0,0,,0%,0,0,,,,,,,,,,SSWUMS-1979,,SSWUMS-1053,,,,,,,,,,,,,,,,,,,,,,,,,,,,,,,,,,,,,,,,,,,,,ghx-label-8,,6. D440 Test Products - PI17,Done,,,,,,,,,,,,,,,No comments by current user.,,,,,,,SSWUMS-562,,,,,,,,,,,,,,"1|i092u6:",,,,,,,,,,,,,,,,Medium,,,,,,,,,,,,,,,,,,,,,,,,,,,,,,,,,,100.0,5.5,0.0,,,100.0,30.0,5.5,0.0,44.0,30.8,13.2,,,,,,,,
SC ICD to PDMS B-Spec Trace Review (Due 12/08),SSWUMS-1212,88383,Task,Done,SSWUMS,SSWUMS,software,mkuperst,"Welcome to the SSWUMS Team space, led by Meridith K (Product Owner). This space includes D440 and D454 resources, as well as Sprint and Kanban work.
",,Medium,Done,bchadwic,cwhite10,cwhite10,13/Nov/25 9:58 AM,11/Aug/26 4:56 PM,18/Sep/26 3:31 PM,23/Dec/25 12:11 PM,,PI14,,,,ICD,PDMS B-spec,,,,,,,,,,,,,,,,,,,,08/Dec/25 12:00 AM,0,"*ICD traces:* X:\Eng.440\Projects-VA\VA SSW\CWS Working Group\CWS Share\Interface_Lead\RTVM

*CM'd ICD exports:* \\us-ct-eb01\EBDepts\Resources.454\Projects\SSW_PHC\Documents",,bchadwic,cwhite10,mkuperst,ScriptRunner,,";17/Nov/25 7:55 AM;cwhite10;60","Added comments re PDMS_1013;16/Dec/25 2:28 PM;mkuperst;3600","Reviewed, comments discussed with Peter.;22/Dec/25 2:39 PM;bchadwic;3600",";23/Dec/25 12:11 PM;mkuperst;60",,,,,,14400,7080,7320,50%,14400,7080,7320,,,,,,,,,,,,SSWUMS-1193,,,,,,,,,,,,,,,SSWSYSPM-2989,,,,,,,,,,,,,pbaczyk,,,,,,,,,,,,bchadwic,,,08/Dec/25 12:00 AM,,SSWUMS-1083,,,Done,,,,,,SOS,Sprint,,,,"Posted on: Mon Dec 22 14:39:50 EST 2025
The following errors occurred: (Please Log Time in the Time Spent field)",,,No comments by current user.,,,,,,,,mkuperst,bchadwic,pclarke,,,,,,,,,,,"1|i07qxc:",,16/Dec/25 12:00 AM,Approved,,22/Dec/25 12:00 AM,Approved,,,Approved,,,,,,,Medium,,,,,,,SSWUMS Sprint 89-14.5 (PI14),,,,,,,,,,0.5,,,,,08/Dec/25 12:00 AM,,,,,,,,,,,,,0.0,0.0,,0.0,,,0.0,,,,,"16/Dec/25 2:28 PM;mkuperst;Added comments re PDMS_1013;;;","22/Dec/25 2:39 PM;bchadwic;Reviewed, comments discussed with Peter.;;;","22/Dec/25 2:39 PM;ScriptRunner;The following errors occurred: (Please Log Time in the Time Spent field);;;",,,,,
XFMRS ICD to PDMS B-Spec Trace Review (Due 12/08),SSWUMS-1211,88377,Task,Done,SSWUMS,SSWUMS,software,mkuperst,"Welcome to the SSWUMS Team space, led by Meridith K (Product Owner). This space includes D440 and D454 resources, as well as Sprint and Kanban work.
",,Medium,Done,bchadwic,cwhite10,cwhite10,13/Nov/25 9:30 AM,11/Aug/26 4:56 PM,18/Sep/26 3:31 PM,21/Dec/25 9:30 AM,,PI14,,,,ICD,PDMS B-spec,,,,,,,,,,,,,,,,,,,,08/Dec/25 12:00 AM,0,"*ICD traces:* X:\Eng.440\Projects-VA\VA SSW\CWS Working Group\CWS Share\Interface_Lead\RTVM

*CM'd ICD exports:* \\us-ct-eb01\EBDepts\Resources.454\Projects\SSW_PHC\Documents",,cwhite10,mkuperst,ScriptRunner,,,";17/Nov/25 7:55 AM;cwhite10;60","Reviewed with no comments.;17/Dec/25 2:02 PM;mkuperst;1800",";21/Dec/25 9:30 AM;cwhite10;60",,,,,,,14400,12480,1920,13%,14400,12480,1920,,,,,,,,,,,,SSWUMS-1193,,,,,,,,,,,,,,,SSWSYSPM-2992,,,,,,,,,,,,,bchadwic,,,,,,,,,,,,bchadwic,,,08/Dec/25 12:00 AM,,SSWUMS-1083,,,Done,,,,,,SOS,Sprint,,,,"Posted on: Fri Dec 19 10:49:50 EST 2025
The following errors occurred: (Please Log Time in the Time Spent field)",,,No comments by current user.,,,,,,,,mkuperst,,pclarke,,,,,,,,,,,"1|i07qwg:",,17/Dec/25 12:00 AM,Approved,,,,,,Approved,,,,,,,Medium,,,,,,,SSWUMS Sprint 89-14.5 (PI14),,,,,,,,,,0.5,,,,,08/Dec/25 12:00 AM,,,,,,,,,,,,,0.0,0.0,,0.0,,,0.0,,,,,"17/Dec/25 2:02 PM;mkuperst;Reviewed with no comments.;;;","19/Dec/25 10:49 AM;ScriptRunner;The following errors occurred: (Please Log Time in the Time Spent field);;;",,,,,,
SC ICD to C2S B-Spec Trace Review (Due 12/08),SSWUMS-1210,88376,Task,Done,SSWUMS,SSWUMS,software,mkuperst,"Welcome to the SSWUMS Team space, led by Meridith K (Product Owner). This space includes D440 and D454 resources, as well as Sprint and Kanban work.
",,Medium,Done,cwhite10,cwhite10,cwhite10,13/Nov/25 9:26 AM,11/Aug/26 4:56 PM,18/Sep/26 3:31 PM,16/Dec/25 1:55 PM,,PI14,,,,C2S B-spec,ICD,,,,,,,,,,,,,,,,,,,,08/Dec/25 12:00 AM,0,"*ICD traces:* X:\Eng.440\Projects-VA\VA SSW\CWS Working Group\CWS Share\Interface_Lead\RTVM

*CM'd ICD exports:* \\us-ct-eb01\EBDepts\Resources.454\Projects\SSW_PHC\Documents",,cwhite10,mkuperst,ScriptRunner,,,";17/Nov/25 7:55 AM;cwhite10;60",";08/Dec/25 8:46 AM;cwhite10;3600","Reviewed. Left one comment;16/Dec/25 1:55 PM;mkuperst;3600",";16/Dec/25 1:55 PM;mkuperst;60",,,,,,28800,21480,7320,25%,28800,21480,7320,,,,,,,,,,,,SSWUMS-1193,,,,,,,,,,,,,,,SSWSYSPM-2989,,,,,,,,,,,,,pbaczyk,,,,,,,,,,,,cwhite10,,,08/Dec/25 12:00 AM,,SSWUMS-923,,,Done,,,,,,SOS,Sprint,,,,"Posted on: Tue Dec 16 13:55:12 EST 2025
The following errors occurred: (Please Log Time in the Time Spent field)",,,No comments by current user.,,,,,,,,mkuperst,cwhite10,pclarke,,,,,,,,,,,"1|i07qw8:",,16/Dec/25 12:00 AM,Approved,,08/Dec/25 12:00 AM,Approved,,,Approved,,,,,,,Medium,,,,,,,SSWUMS Sprint 89-14.5 (PI14),,,,,,,,,,1.0,,,,,08/Dec/25 12:00 AM,,,,,,,,,,,,,0.0,0.0,,0.0,,,0.0,,,,,"16/Dec/25 1:55 PM;mkuperst;Reviewed. Left one comment;;;","16/Dec/25 1:55 PM;ScriptRunner;The following errors occurred: (Please Log Time in the Time Spent field);;;",,,,,,
NIO ICD to C2S B-Spec Trace Review (Due 12/08),SSWUMS-1209,88375,Task,Done,SSWUMS,SSWUMS,software,mkuperst,"Welcome to the SSWUMS Team space, led by Meridith K (Product Owner). This space includes D440 and D454 resources, as well as Sprint and Kanban work.
",,Medium,Done,cwhite10,cwhite10,cwhite10,13/Nov/25 9:24 AM,11/Aug/26 4:56 PM,18/Sep/26 3:31 PM,16/Dec/25 12:26 PM,,PI14,,,,C2S B-spec,ICD,,,,,,,,,,,,,,,,,,,,08/Dec/25 12:00 AM,0,"*ICD traces:* X:\Eng.440\Projects-VA\VA SSW\CWS Working Group\CWS Share\Interface_Lead\RTVM

*CM'd ICD exports:* \\us-ct-eb01\EBDepts\Resources.454\Projects\SSW_PHC\Documents",,cwhite10,mkuperst,ScriptRunner,,,";17/Nov/25 7:55 AM;cwhite10;60",";01/Dec/25 1:45 PM;cwhite10;3600","Left a comment in the log;16/Dec/25 12:26 PM;mkuperst;3600",";16/Dec/25 12:26 PM;mkuperst;60",,,,,,14400,7080,7320,50%,14400,7080,7320,,,,,,,,,,,,SSWUMS-1193,,,,,,,,,,,,,,,SSWSYSPM-2990,,,,,,,,,,,,,dpazmino,,,,,,,,,,,,cwhite10,,,08/Dec/25 12:00 AM,,SSWUMS-923,,,Done,,,,,,SOS,Sprint,,,,"Posted on: Tue Dec 16 12:26:30 EST 2025
The following errors occurred: (Please Log Time in the Time Spent field)",,,No comments by current user.,,,,,,,,mkuperst,cwhite10,pclarke,,,,,,,,,,,"1|i07qw0:",,16/Dec/25 12:00 AM,Approved,,01/Dec/25 12:00 AM,Approved,,,Approved,,,,,,,Medium,,,,,,,SSWUMS Sprint 89-14.5 (PI14),,,,,,,,,,0.5,,,,,08/Dec/25 12:00 AM,,,,,,,,,,,,,0.0,0.0,,0.0,,,0.0,,,,,"16/Dec/25 12:26 PM;mkuperst;Left a comment in the log;;;","16/Dec/25 12:26 PM;ScriptRunner;The following errors occurred: (Please Log Time in the Time Spent field);;;",,,,,,
NIO ICD to PDMS B-Spec Trace Review (Due 12/08),SSWUMS-1208,88374,Task,Done,SSWUMS,SSWUMS,software,mkuperst,"Welcome to the SSWUMS Team space, led by Meridith K (Product Owner). This space includes D440 and D454 resources, as well as Sprint and Kanban work.
",,Medium,Done,bchadwic,cwhite10,cwhite10,13/Nov/25 9:23 AM,11/Aug/26 4:56 PM,18/Sep/26 3:31 PM,21/Dec/25 9:29 AM,,PI14,,,,ICD,PDMS B-spec,,,,,,,,,,,,,,,,,,,,08/Dec/25 12:00 AM,0,"*ICD traces:* X:\Eng.440\Projects-VA\VA SSW\CWS Working Group\CWS Share\Interface_Lead\RTVM

*CM'd ICD exports:* \\us-ct-eb01\EBDepts\Resources.454\Projects\SSW_PHC\Documents",,bchadwic,cwhite10,mkuperst,ScriptRunner,,";17/Nov/25 7:55 AM;cwhite10;60","Review complete; no PDMS related comments.;16/Dec/25 12:28 PM;mkuperst;3600","Reviewed without comment

 ;16/Dec/25 12:30 PM;bchadwic;1800",";21/Dec/25 9:29 AM;cwhite10;60",,,,,,14400,8880,5520,38%,14400,8880,5520,,,,,,,,,,,,SSWUMS-1193,,,,,,,,,,,,,,,SSWSYSPM-2990,,,,,,,,,,,,,dpazmino,,,,,,,,,,,,bchadwic,,,08/Dec/25 12:00 AM,,SSWUMS-1083,,,Done,,,,,,SOS,Sprint,,,,"Posted on: Fri Dec 19 11:29:25 EST 2025
The following errors occurred: (Please Log Time in the Time Spent field)",,,No comments by current user.,,,,,,,,mkuperst,bchadwic,pclarke,,,,,,,,,,,"1|i07qvs:",,16/Dec/25 12:00 AM,Approved,,16/Dec/25 12:00 AM,Approved,,,Approved,,,,,,,Medium,,,,,,,SSWUMS Sprint 89-14.5 (PI14),,,,,,,,,,0.5,,,,,08/Dec/25 12:00 AM,,,,,,,,,,,,,0.0,0.0,,0.0,,,0.0,,,,,"16/Dec/25 12:28 PM;mkuperst;Review complete; no PDMS related comments.;;;","16/Dec/25 12:30 PM;bchadwic;Reviewed without comment

 ;;;","19/Dec/25 11:29 AM;ScriptRunner;The following errors occurred: (Please Log Time in the Time Spent field);;;",,,,,
ESTP ICD to C2S B-Spec Trace Review (Due 12/01),SSWUMS-1207,88369,Task,Done,SSWUMS,SSWUMS,software,mkuperst,"Welcome to the SSWUMS Team space, led by Meridith K (Product Owner). This space includes D440 and D454 resources, as well as Sprint and Kanban work.
",,Medium,Done,cwhite10,cwhite10,cwhite10,13/Nov/25 9:00 AM,11/Aug/26 4:56 PM,18/Sep/26 3:31 PM,02/Dec/25 8:41 PM,,PI14,,,,C2S B-spec,ICD,,,,,,,,,,,,,,,,,,,,01/Dec/25 12:00 AM,0,"*ICD traces:* X:\Eng.440\Projects-VA\VA SSW\CWS Working Group\CWS Share\Interface_Lead\RTVM

*CM'd ICD exports:* \\us-ct-eb01\EBDepts\Resources.454\Projects\SSW_PHC\Documents",,cwhite10,mkuperst,pclarke,ScriptRunner,,";17/Nov/25 7:54 AM;cwhite10;60",";26/Nov/25 1:45 PM;mkuperst;3600",";02/Dec/25 8:41 PM;mkuperst;60",,,,,,,14400,10680,3720,25%,14400,10680,3720,,,,,,,,,,,,SSWUMS-1193,,,,,,,,,,,,,,,SSWSYSPM-2988,"25/Nov/25 9:56 AM;cwhite10;RE  CP ICD New RVTM Proposed traces - GDMS B-Specs   Not-Sensitive  .msg;https://192.168.3.34/jira1/secure/attachment/19422/RE++CP+ICD+New+RVTM+Proposed+traces+-+GDMS+B-Specs+++Not-Sensitive++.msg",,,,,,,,,,,,cwhite10,,,,,,,,,,,,cwhite10,,,01/Dec/25 12:00 AM,,SSWUMS-923,,,Done,,,,,,SOS,Sprint,,,,"Posted on: Tue Dec 02 15:28:36 EST 2025
Review completed. No additional comments",,,No comments by current user.,,,,,,,,mkuperst,,pclarke,,,,,,,,,,,"1|i07quo:",,,Approved,,,,,,Approved,,,,,,,Medium,,,,,,,SSWUMS Sprint 88-14.4 (PI14),,,,,,,,,,0.5,,,,,01/Dec/25 12:00 AM,,,,,,,,,,,,,0.0,0.0,,0.0,,,0.0,,,,,"25/Nov/25 9:55 AM;cwhite10;Received concurrence from Dwayne Phillips ;;;","26/Nov/25 1:45 PM;mkuperst;Reviewed, no additional comments;;;","02/Dec/25 3:28 PM;ScriptRunner;The following errors occurred: (Please Log Time in the Time Spent field);;;","02/Dec/25 3:28 PM;pclarke;Review completed. No additional comments;;;",,,,
CAB ICD to PDMS B-Spec Trace Review (Due 12/01),SSWUMS-1206,88368,Task,Done,SSWUMS,SSWUMS,software,mkuperst,"Welcome to the SSWUMS Team space, led by Meridith K (Product Owner). This space includes D440 and D454 resources, as well as Sprint and Kanban work.
",,Medium,Done,bchadwic,cwhite10,cwhite10,13/Nov/25 8:56 AM,11/Aug/26 4:55 PM,18/Sep/26 3:31 PM,08/Dec/25 11:26 AM,,PI14,,,,ICD,PDMS B-spec,,,,,,,,,,,,,,,,,,,,01/Dec/25 12:00 AM,0,"*ICD traces:* X:\Eng.440\Projects-VA\VA SSW\CWS Working Group\CWS Share\Interface_Lead\RTVM

*CM'd ICD exports:* \\us-ct-eb01\EBDepts\Resources.454\Projects\SSW_PHC\Documents",,cwhite10,mkuperst,ScriptRunner,,,";17/Nov/25 7:55 AM;cwhite10;60",";03/Dec/25 8:11 AM;bchadwic;1200",";03/Dec/25 8:11 AM;bchadwic;2400",";08/Dec/25 11:26 AM;cwhite10;60",,,,,,14400,10680,3720,25%,14400,10680,3720,,,,,,,,,,,,SSWUMS-1193,,,,,,,,,,,,,,,SSWSYSPM-2991,,,,,,,,,,,,,rravene1,,,,,,,,,,,,bchadwic,,,01/Dec/25 12:00 AM,,SSWUMS-1083,,,Done,,,,,,SOS,Sprint,,,,"Posted on: Mon Dec 08 07:23:58 EST 2025
The following errors occurred: (Please Log Time in the Time Spent field)",,,No comments by current user.,,,,,,,,mkuperst,bchadwic,pclarke,,,,,,,,,,,"1|i07qug:",,,Approved,,03/Dec/25 12:00 AM,Approved,,,Approved,,,,,,,Medium,,,,,,,SSWUMS Sprint 88-14.4 (PI14),SSWUMS Sprint 89-14.5 (PI14),,,,,,,,,0.5,,,,,01/Dec/25 12:00 AM,,,,,,,,,,,,,0.0,0.0,,0.0,,,0.0,,,,,"01/Dec/25 3:19 PM;mkuperst;Reviewed, added additional comment to log. Leigha also provided comments to GDMS, which Brendan passed to Trey.;;;","02/Dec/25 8:42 PM;mkuperst;Overdue reviews from [~pclarke] and [~bchadwic] ;;;","08/Dec/25 7:23 AM;ScriptRunner;The following errors occurred: (Please Log Time in the Time Spent field);;;",,,,,
C-CCA VREQ Submittal,SSWUMS-1205,88338,Task,Done,SSWUMS,SSWUMS,software,mkuperst,"Welcome to the SSWUMS Team space, led by Meridith K (Product Owner). This space includes D440 and D454 resources, as well as Sprint and Kanban work.
",,Medium,Done,cwhite10,cwhite10,cwhite10,12/Nov/25 12:48 PM,12/Nov/25 1:17 PM,18/Sep/26 3:31 PM,12/Nov/25 1:17 PM,,PI14,,,,GDMS CCA Development,,,,,,,,,,,,,,,,,,,,,,0,,,cwhite10,,,,,"VREQ RM316-0022;12/Nov/25 1:17 PM;cwhite10;3600",,,,,,,,,5760,2160,3600,62%,5760,2160,3600,,,,,,,,,,,,,,,,,,,,,,,,,,,,,,,,,,,,,,,,,,,,,,,,,,,,cwhite10,,,,,SSWUMS-932,,,Done,,,,,,Sprint,,,,,"Posted on: Wed Nov 12 13:17:24 EST 2025
VREQ RM316-0022",,,No comments by current user.,,,,,,,,,,,,,,,,,,,,,"1|i07qow:",,,,,,,,,,,,,,,,Medium,,,,,,,SSWUMS Sprint 87-14.3 (PI14),,,,,,,,,,0.2,,,,,,12/Nov/25 12:00 AM,,,,,,,,,,,,0.0,0.0,,0.0,,,0.0,,,,,"12/Nov/25 1:17 PM;cwhite10;VREQ RM316-0022;;;",,,,,,,
UMS Monthly slides(Due 11/17),SSWUMS-1204,88148,Task,Done,SSWUMS,SSWUMS,software,mkuperst,"Welcome to the SSWUMS Team space, led by Meridith K (Product Owner). This space includes D440 and D454 resources, as well as Sprint and Kanban work.
",,Medium,Done,mkuperst,cwhite10,cwhite10,10/Nov/25 8:15 AM,08/Dec/25 10:32 AM,18/Sep/26 3:31 PM,19/Nov/25 9:55 AM,,PI14,,,,UMS Monthly Metrics,,,,,,,,,,,,,,,,,,,,,17/Nov/25 12:00 AM,0,"Hi All!

 

I am targeting a November Monthly Metrics to be held on *12/4* after the holiday. There is currently not a plan to hold a December Monthly Metrics (working to get NAVSEA buy in).

 

Please have updated slides in the folder by {*}11/17{*}. Slide generation will follow the previous format detailed in the folder. Input slides should be saved here. I want to challenge the team to reduce the amount of information provided to only include what we deem to be truly necessary to share with the customer.

 

Slide owners:
 * PDMS Status – Brendan
 * C2S Status – Cory
 * L&R DRP and Fabrication Status – Evan
 * TWPI Fabrication Status – Dan/Mike
 * dDVT Update and tSD next steps – Liz/Dave
 * Umbilical and Termination Status – Vince
 * Key Takeaways/Commitments/Risk – Myself

 

Thanks,

 

Dayne Higgins ",,cwhite10,ScriptRunner,,,,";10/Nov/25 8:16 AM;cwhite10;60",";19/Nov/25 8:52 AM;bchadwic;7200",";19/Nov/25 9:54 AM;mkuperst;600",";19/Nov/25 9:54 AM;mkuperst;60",";19/Nov/25 9:55 AM;mkuperst;60",,,,,14400,6420,7980,55%,14400,6420,7980,,,,,,,,,SSWUMS-1328,,,,,,,,,,,,,,,,,,,,,,,,,,,,,,,,,,,,,,,,,,,mkuperst,,,17/Nov/25 12:00 AM,,SSWUMS-977,,,Done,,,,,,Sprint,,,1.0,The following errors occurred: (Please Log Time in the Time Spent field),"Posted on: Wed Nov 19 09:54:35 EST 2025
The following errors occurred: (Please Log Time in the Time Spent field)",,,No comments by current user.,,,,,,,,mkuperst,bchadwic,cwhite10,,,,,,,,,,,"1|i07q5k:",,19/Nov/25 12:00 AM,Approved,,19/Nov/25 12:00 AM,Approved,,17/Nov/25 12:00 AM,Approved,,,,,,,Medium,,,,,,,SSWUMS Sprint 87-14.3 (PI14),,,,,,,,,,0.5,,,,,17/Nov/25 12:00 AM,,,,,,,,,,,,,0.0,0.0,,0.0,,,0.0,,,,,"19/Nov/25 9:54 AM;ScriptRunner;The following errors occurred: (Please Log Time in the Time Spent field);;;",,,,,,,
UWS/L&R FMEA Comment Adjudication Review,SSWUMS-1203,87996,Task,Done,SSWUMS,SSWUMS,software,mkuperst,"Welcome to the SSWUMS Team space, led by Meridith K (Product Owner). This space includes D440 and D454 resources, as well as Sprint and Kanban work.
",,Medium,Done,cwhite10,mkuperst,mkuperst,07/Nov/25 10:12 AM,12/Nov/25 7:17 PM,18/Sep/26 3:31 PM,12/Nov/25 7:17 PM,,PI14,,,,UMS UWS & L&R FMEA,,,,,,,,,,,,,,,,,,,,,,0,"11/7/25 email from Colin Gallagher:

Please review the updated document to make sure all your comments have been adjudicated correctly. If all looks good, then please sign the MRF. If not, then please let me know ASAP so I can make the needed fixes.

Everything needed for this comment adjudication review is located here: \\Us-ct-eb01\ebdepts\Eng.422\04 Public Drop\RAM Public Folder\SSW UMS\UWS-LR-FMEA-Review\11-7-25 Changes

In that folder are subfolders that contain the comment matrix with everyone’s comments compiled with responses, a clean version of the updated document, a redlines version of the updated document, and the MRF.

The original document that was reviewed with all your original comments are located here for your information: \\Us-ct-eb01\ebdepts\Eng.422\04 Public Drop\RAM Public Folder\SSW UMS\UWS-LR-FMEA-Review\7-11-25 Review

FYI: the shop order has changed to JIH00131VA23003 (also on the MRF).",,bchadwic,cwhite10,mkuperst,,,";07/Nov/25 10:12 AM;mkuperst;60",";10/Nov/25 1:28 PM;cwhite10;3600","Reviewed, had no comments and have no additional comments.;12/Nov/25 7:17 PM;bchadwic;1200",,,,,,,14400,9540,4860,33%,14400,9540,4860,,,,,,,,,,,,,,,,,,,,,,,,,,,,,,,,,,,,,,,,,,,,,,,,,,,,cwhite10,,,,,SSWUMS-1049,,,Done,,,,,,Sprint,,,,,"Posted on: Wed Nov 12 19:17:23 EST 2025
Reviewed, had no comments and have no additional comments.",,,No comments by current user.,,,,,,,,cwhite10,bchadwic,,,,,,,,,,,,"1|i07pzc:",,10/Nov/25 12:00 AM,Approved,,12/Nov/25 12:00 AM,Approved,,,,,,,,,,Medium,,,,,,,SSWUMS Sprint 87-14.3 (PI14),,,,,,,,,,0.5,,,,,03/Dec/25 12:00 AM,,,,,,,,,,,,,0.0,0.0,,0.0,,,0.0,,,,,"10/Nov/25 1:28 PM;cwhite10;concurred to comments MRF Signed;;;","12/Nov/25 7:17 PM;bchadwic;Reviewed, had no comments and have no additional comments.;;;",,,,,,
LBTF Connectors Models to GDMS,SSWUMS-1202,87951,Task,Done,SSWUMS,SSWUMS,software,mkuperst,"Welcome to the SSWUMS Team space, led by Meridith K (Product Owner). This space includes D440 and D454 resources, as well as Sprint and Kanban work.
",,Medium,Done,cwhite10,cwhite10,cwhite10,06/Nov/25 11:12 AM,04/Mar/26 2:05 PM,18/Sep/26 3:31 PM,06/Nov/25 12:50 PM,,PI14,,,,LBTF Connectors,,,,,,,,,,,,,,,,,,,,,,0,"Cory,

I am working to design junction boxes and purchase connectors for Rogue on the GDMS side. My setup will use the same cables and connectors from CR 1100508. However, I am missing information on the connectors. Perhaps you can help.

Can you share CAD models and/or datasheets of the connectors specified in documents CR 1100508 and LBTF Wiring Table? Specifically, the connectors on the J-boxes.  

Thank you,

Yong Lin",,cwhite10,,,,,";06/Nov/25 12:50 PM;cwhite10;7200",,,,,,,,,8640,1440,7200,83%,8640,1440,7200,,,,,,,,,,,,,,,,,,,,,,,,,,,,"06/Nov/25 11:40 AM;cwhite10;CR 1100508.pdf;https://192.168.3.34/jira1/secure/attachment/19129/CR+1100508.pdf",,,,,,,,,,,,,,,,,,,,,,,,cwhite10,,,,,SSWUMS-995,,,Done,,,,,,Sprint,,,,,,,,No comments by current user.,,,,,,,,,,,,,,,,,,,,,"1|i07pso:",,,,,,,,,,,,,,,,Medium,,,,,,,SSWUMS Sprint 87-14.3 (PI14),,,,,,,,,,0.3,,,,,,,,,,,,,,,,,,0.0,0.0,,0.0,,,0.0,,,,,,,,,,,,
Cyber Data Call - Due 12/12,SSWUMS-1201,87840,Task,Cancelled,SSWUMS,SSWUMS,software,mkuperst,"Welcome to the SSWUMS Team space, led by Meridith K (Product Owner). This space includes D440 and D454 resources, as well as Sprint and Kanban work.
",,Medium,Won't Do,mkuperst,mkuperst,mkuperst,05/Nov/25 12:26 PM,05/Nov/25 12:27 PM,18/Sep/26 3:31 PM,05/Nov/25 12:27 PM,,PI14,,,,Cyber Data Call,,,,,,,,,,,,,,,,,,,,,,0,"[\\us-ct-eb01\EBDepts\Eng.440\Projects-VA\VA SSW\Software Engineering\8_RMF_Cyber\DataCalls\2025Q4_HW_SW_PPS_etc\|https://gov.teams.microsoft.us/v2/]",,mkuperst,,,,,,,,,,,,,,0,0,,0%,0,0,,,,,,,,,,,,,,,,,,,,,,,,,,,,,,,,,,,,,,,,,ereyburn,,,,,,,,,,,,mkuperst,,,,,SSWUMS-1026,,,Done,,,,,,Sprint,,,,,"Posted on: Wed Nov 05 12:27:10 EST 2025
duplicate",,,No comments by current user.,,,,,,,,,,,,,,,,,,,,,"1|i07pds:",,,,,,,,,,,,,,,,Medium,,,,,,,SSWUMS Sprint 89-14.5 (PI14),,,,,,,,,,0.0,,,,,12/Dec/25 12:00 AM,,,,,,,,,,,,,0.0,0.0,,0.0,,,0.0,,,,,"05/Nov/25 12:27 PM;mkuperst;duplicate;;;",,,,,,,
Cyber Data Call - Due 12/12,SSWUMS-1200,87839,Task,Cancelled,SSWUMS,SSWUMS,software,mkuperst,"Welcome to the SSWUMS Team space, led by Meridith K (Product Owner). This space includes D440 and D454 resources, as well as Sprint and Kanban work.
",,Medium,Won't Do,mkuperst,mkuperst,mkuperst,05/Nov/25 12:24 PM,05/Nov/25 12:26 PM,18/Sep/26 3:31 PM,05/Nov/25 12:26 PM,,PI14,,,,Cyber Data Call,,,,,,,,,,,,,,,,,,,,,,0,"[\\us-ct-eb01\EBDepts\Eng.440\Projects-VA\VA SSW\Software Engineering\8_RMF_Cyber\DataCalls\2025Q4_HW_SW_PPS_etc\|https://gov.teams.microsoft.us/v2/]",,mkuperst,,,,,,,,,,,,,,0,0,,0%,0,0,,,,,,,,,,,,,,,,,,,,,,,,,,,,,,,,,,,,,,,,,ereyburn,,,,,,,,,,,,mkuperst,,,,,SSWUMS-1026,,,Done,,,,,,Sprint,,,,,"Posted on: Wed Nov 05 12:26:47 EST 2025
duplicate",,,No comments by current user.,,,,,,,,,,,,,,,,,,,,,"1|i07pdk:",,,,,,,,,,,,,,,,Medium,,,,,,,SSWUMS Sprint 89-14.5 (PI14),,,,,,,,,,0.0,,,,,12/Dec/25 12:00 AM,,,,,,,,,,,,,0.0,0.0,,0.0,,,0.0,,,,,"05/Nov/25 12:26 PM;mkuperst;duplicate;;;",,,,,,,
Cyber Data Call - Due 12/12,SSWUMS-1199,87838,Task,Done,SSWUMS,SSWUMS,software,mkuperst,"Welcome to the SSWUMS Team space, led by Meridith K (Product Owner). This space includes D440 and D454 resources, as well as Sprint and Kanban work.
",,Medium,Done,mkuperst,mkuperst,mkuperst,05/Nov/25 12:24 PM,12/Dec/25 2:25 PM,18/Sep/26 3:31 PM,12/Dec/25 2:25 PM,,PI14,,,,Cyber Data Call,,,,,,,,,,,,,,,,,,,,,12/Dec/25 12:00 AM,0,"[\\us-ct-eb01\EBDepts\Eng.440\Projects-VA\VA SSW\Software Engineering\8_RMF_Cyber\DataCalls\2025Q4_HW_SW_PPS_etc\|https://gov.teams.microsoft.us/v2/]",,mkuperst,,,,,"Responses received from GDMS;12/Dec/25 2:25 PM;mkuperst;600",,,,,,,,,5760,5160,600,10%,5760,5160,600,,,,,,,,,,,,,,,,,,,,,,,,,,,,,,,,,,,,,,,,ereyburn,,,,,,,,,,,,mkuperst,,,12/Dec/25 12:00 AM,,SSWUMS-1026,,,Done,,,,,,SOS,Sprint,,,,"Posted on: Fri Dec 12 14:25:40 EST 2025
Responses received from GDMS",,,No comments by current user.,,,,,,,,,,,,,,,,,,,,,"1|i07pdc:",,,,,,,,,,,,,,,,Medium,,,,,,,SSWUMS Sprint 89-14.5 (PI14),,,,,,,,,,0.2,,,,,12/Dec/25 12:00 AM,,,,,,,,,,,,,0.0,0.0,,0.0,,,0.0,,,,,"12/Dec/25 2:25 PM;mkuperst;Responses received from GDMS;;;",,,,,,,
ADL and LBTF Testing Needs,SSWUMS-1198,87827,Task,Done,SSWUMS,SSWUMS,software,mkuperst,"Welcome to the SSWUMS Team space, led by Meridith K (Product Owner). This space includes D440 and D454 resources, as well as Sprint and Kanban work.
",,Medium,Done,mkuperst,mkuperst,mkuperst,05/Nov/25 11:33 AM,16/Dec/25 12:13 PM,18/Sep/26 3:31 PM,26/Nov/25 12:56 PM,,PI14,,,,ROG-1727 ADL and LBTF Testing Needs,,,,,,,,,,,,,,,,,,,,,,0,"Discuss with [~aviola] ADL and LBTF testing needs

X:\Programs.686.BlockVI\Seabed Warfare\05 Concept Development\UMS\12 LBTF\ADL and LBTF Deliverables

https://gdmscollab.sharepoint.us/:b:/r/sites/PRGM-Rogue/Prime/To%20Prime/03%20-%20ROG%20SUBMITTALS/(CUI)%20ROG-1727%20-%20MES%20Hardware%20for%20ADL%20and%20LBTF%20Use.pdf?csf=1&web=1&e=2Rqd4B",,mkuperst,,,,,";26/Nov/25 12:56 PM;mkuperst;10800",,,,,,,,,8640,0,10800,125%,8640,0,10800,,,,,,,,,SSWUMS-1234,,,,,,,,,,,,,,,,,,,,,,,,,,,,,,,aviola,,,,,,,,,,,,mkuperst,,,04/Dec/25 12:00 AM,,SSWUMS-995,,,Done,,,,,,SOS,Sprint,,,,"Posted on: Wed Nov 26 12:33:32 EST 2025
Comments sent back to GDMS. Expecting update back from GDMS for 12/4. Will clone for follow on verification task",,,No comments by current user.,,,,,,,,,,,,,,,,,,,,,"1|i07pbs:",,,,,,,,,,,,,,,,Medium,,,,,,,SSWUMS Sprint 87-14.3 (PI14),SSWUMS Sprint 88-14.4 (PI14),,,,,,,,,0.3,,,,,24/Nov/25 12:00 AM,,,,,,,,,,,,,0.0,0.0,,0.0,,,0.0,,,,,"06/Nov/25 5:40 PM;mkuperst;Written request sent to Jacob Sourber. ECD on a ROG file back is Monday 11/10. Will be reviewing once received.;;;","17/Nov/25 9:07 AM;mkuperst;EB team needs more time to review. EB team comments back internally by 11/19. Looking to have responses back to GDMS by 11/21;;;","21/Nov/25 3:02 PM;mkuperst;Only have comments from Kuperstein and Higgins so far.;;;","26/Nov/25 12:33 PM;mkuperst;Comments sent back to GDMS. Expecting update back from GDMS for 12/4. Will clone for follow on verification task;;;",,,,
Hydraulic Compensation Data Interface - Investigate Documentation,SSWUMS-1197,87814,Task,Done,SSWUMS,SSWUMS,software,mkuperst,"Welcome to the SSWUMS Team space, led by Meridith K (Product Owner). This space includes D440 and D454 resources, as well as Sprint and Kanban work.
",,Medium,Done,bchadwic,mkuperst,mkuperst,05/Nov/25 11:06 AM,10/Mar/26 2:08 PM,18/Sep/26 3:31 PM,10/Mar/26 2:08 PM,,PI17,,,,Document Dev,,,,,,,,,,,,,,,,,,,,,10/Mar/26 12:00 AM,0,"Task is to determine how the Hydraulic Compensation RS-482 serial communication protocol to SCONE data interface will be documented.
 * EB owned ICD (ie an interface currenting existing in the ICD Index),
 * GDMS owned ICD (ie EB-GDMS boundary agreement, not an ICD Index document),
 * GDMS SRDD,
 * Interface Agreement Doc,
 * etc?

 

Work with [~pclarke] . See attached emails and protocol information for more background",,bchadwic,mkuperst,,,,";27/Jan/26 8:10 PM;bchadwic;4320","Discussed with 482, there is no plan to write a specific procurement spec for the 812 hydraulic compensator panel but the existing Tank Level Indicator spec contains the software message details GDMS needs and can be flowed to them via VIR for formal documentation.;10/Mar/26 2:08 PM;bchadwic;5400",,,,,,,,14400,4680,9720,67%,14400,4680,9720,,,,,,,,,,,,,,,,,,,,,,,,,,,,"05/Nov/25 11:06 AM;mkuperst;FW_ SSW Hydraulic Compensation System __FOUO__.msg;https://192.168.3.34/jira1/secure/attachment/19113/FW_+SSW+Hydraulic+Compensation+System+__FOUO__.msg","05/Nov/25 11:06 AM;mkuperst;RE_ SSW Hydraulic Compensation System __FOUO__.msg;https://192.168.3.34/jira1/secure/attachment/19112/RE_+SSW+Hydraulic+Compensation+System+__FOUO__.msg","05/Nov/25 11:07 AM;mkuperst;SEA03J-IRS SCS-TLI-1 Interface Requirements Spec Rev A.pdf;https://192.168.3.34/jira1/secure/attachment/19114/SEA03J-IRS+SCS-TLI-1+Interface+Requirements+Spec+Rev+A.pdf",,,,,,,,,,,,,,,,,,,,,,bchadwic,,,05/Mar/26 12:00 AM,,SSWUMS-969,,,Done,,,,,,SOS,Sprint,,,,"Posted on: Tue Mar 10 14:08:31 EDT 2026
Discussed with 482, there is no plan to write a specific procurement spec for the 812 hydraulic compensator panel but the existing Tank Level Indicator spec contains the software message details GDMS needs and can be flowed to them via VIR for formal documentation.",,,No comments by current user.,,,,,,,,,,,,,,,,,,,,,"1|i07pao:",,,,,,,,,,,,,,,,Medium,,,,,,,SSWUMS Sprint 17.2,SSWUMS Sprint 17.3,SSWUMS Sprint 17.4,SSWUMS Sprint 17.5,,,,,,,0.5,,,,,05/Mar/26 12:00 AM,,,,,,,,,,,,,0.0,0.0,,0.0,,,0.0,,,,,"27/Jan/26 8:10 PM;bchadwic;Compensation status panel information sent over to PDMS team. Further discussions regarding landing place for the information not able to be held in Sprint 17.2 due to GDMS PI, PTO, and competing work.;;;","10/Feb/26 3:34 PM;bchadwic;Meeting to discuss appropriate location for these details scheduled for 2/11. Unable to find available time for appropriate stakeholders in Sprint 17.3.;;;","25/Feb/26 9:11 AM;bchadwic;440 internal meeting was held. No existing ICDs are appropriate for this information. Reaching out to 482 to determine if there is an EB spec that contains the info.;;;","10/Mar/26 2:08 PM;bchadwic;Discussed with 482, there is no plan to write a specific procurement spec for the 812 hydraulic compensator panel but the existing Tank Level Indicator spec contains the software message details GDMS needs and can be flowed to them via VIR for formal documentation.;;;",,,,
C2I IMS - Comments due 11/12,SSWUMS-1196,87812,Task,Done,SSWUMS,SSWUMS,software,mkuperst,"Welcome to the SSWUMS Team space, led by Meridith K (Product Owner). This space includes D440 and D454 resources, as well as Sprint and Kanban work.
",,Medium,Done,mkuperst,mkuperst,mkuperst,05/Nov/25 10:19 AM,17/Nov/25 9:09 AM,18/Sep/26 3:31 PM,17/Nov/25 9:09 AM,,PI14,,,,C2I IPT,,,,,,,,,,,,,,,,,,,,,,0,"Discussed with GDMS, getting updated dates from them and working to align with EB needs

\\us-ct-eb01\EBDepts\Eng.440\Projects-VA\VA SSW\CWS Working Group\CWS Share\C2_IPT\IMS\2025_11_05_

[https://alliance.gd-ms.com/sites/projects1/Rogue/Prime/Working%20Groups/C2%20IPT/C2I%20IMS/2025_11_05]",,mkuperst,,,,,,,,,,,,,,8640,8640,,0%,8640,8640,,,,,,,,,,,,,,,,,,,,,,,,,,,,,,,,,,,,,,,,,,,,,,,,,,,,,mkuperst,,,,,SSWUMS-1026,,,Done,,,,,,Sprint,,,,,"Posted on: Mon Nov 17 09:09:30 EST 2025
Comments provided back to C2I in comment log from both EB and GDMS.",,,No comments by current user.,,,,,,,,,,,,,,,,,,,,,"1|i07pa8:",,,,,,,,,,,,,,,,Medium,,,,,,,SSWUMS Sprint 87-14.3 (PI14),,,,,,,,,,0.3,,,,,12/Nov/25 12:00 AM,,,,,,,,,,,,,0.0,0.0,,0.0,,,0.0,,,,,"17/Nov/25 9:09 AM;mkuperst;Comments provided back to C2I in comment log from both EB and GDMS.;;;",,,,,,,
PUMA Topic discussion with Vince,SSWUMS-1195,87746,Task,Done,SSWUMS,SSWUMS,software,mkuperst,"Welcome to the SSWUMS Team space, led by Meridith K (Product Owner). This space includes D440 and D454 resources, as well as Sprint and Kanban work.
",,Medium,Done,cwhite10,cwhite10,cwhite10,04/Nov/25 3:17 PM,03/Dec/25 10:41 AM,18/Sep/26 3:31 PM,03/Dec/25 10:41 AM,,PI14,,,,C2S B-spec,,,,,,,,,,,,,,,,,,,,,19/Nov/25 12:00 AM,0,Sync up with Vince to determine next steps on PUMA Task,,cwhite10,,,,,";25/Nov/25 9:57 AM;cwhite10;1800",";03/Dec/25 10:41 AM;cwhite10;3600",,,,,,,,5760,360,5400,93%,5760,360,5400,,,,,,,,,,,,,,,,,,,,,SSWUMS-1037,SSWUMS-1194,,,,,,,,,,,,,,,,,,,,,,,,,,,,,,cwhite10,,,19/Nov/25 12:00 AM,,SSWUMS-923,,,Done,,,,,,Sprint,,,,,"Posted on: Tue Nov 25 13:49:54 EST 2025
Held meeting with Vince. waiting on scheduling follow up meeting to close out task",,,No comments by current user.,,,,,,,,,,,,,,,,,,,,,"1|i07p08:",,,,,,,,,,,,,,,,Medium,,,,,,,SSWUMS Sprint 88-14.4 (PI14),,,,,,,,,,0.2,,,,,19/Nov/25 12:00 AM,,,,,,,,,,,,,0.0,0.0,,0.0,,,0.0,,,,,"25/Nov/25 1:49 PM;cwhite10;Held meeting with Vince. waiting on scheduling follow up meeting to close out task;;;",,,,,,,
PUMA Procurement Spec familiarization (A00230407),SSWUMS-1194,87745,Task,Done,SSWUMS,SSWUMS,software,mkuperst,"Welcome to the SSWUMS Team space, led by Meridith K (Product Owner). This space includes D440 and D454 resources, as well as Sprint and Kanban work.
",,Medium,Done,cwhite10,cwhite10,cwhite10,04/Nov/25 3:15 PM,10/Nov/25 7:52 AM,18/Sep/26 3:31 PM,10/Nov/25 7:52 AM,,PI14,,,,C2S B-spec,,,,,,,,,,,,,,,,,,,,,19/Nov/25 12:00 AM,0,,,cwhite10,,,,,";06/Nov/25 1:29 PM;cwhite10;5400",";10/Nov/25 7:52 AM;cwhite10;7200",,,,,,,,14400,1800,12600,87%,14400,1800,12600,,,,,,,,,,,,,,,,,,,,,SSWUMS-1037,,SSWUMS-1195,,,,,"04/Nov/25 3:15 PM;cwhite10;A00230407_Rev2.docx;https://192.168.3.34/jira1/secure/attachment/19106/A00230407_Rev2.docx",,,,,,,,,,,,,,,,,,,,,,,,cwhite10,,,,,SSWUMS-923,,,Done,,,,,,Sprint,,,,,,,,No comments by current user.,,,,,,,,,,,,,,,,,,,,,"1|i07p00:",,,,,,,,,,,,,,,,Medium,,,,,,,SSWUMS Sprint 87-14.3 (PI14),,,,,,,,,,0.5,,,,,,,,,,,,,,,,,,0.0,0.0,,0.0,,,0.0,,,,,,,,,,,,
ICD traces to B-specs/SSSs - out for review,SSWUMS-1193,87740,Task,Cancelled,SSWUMS,SSWUMS,software,mkuperst,"Welcome to the SSWUMS Team space, led by Meridith K (Product Owner). This space includes D440 and D454 resources, as well as Sprint and Kanban work.
",,Medium,Won't Do,mkuperst,mkuperst,mkuperst,04/Nov/25 2:42 PM,13/Nov/25 10:04 AM,18/Sep/26 3:31 PM,13/Nov/25 10:04 AM,,PI14,,,,,,,,,,,,,,,,,,,,,,,,,,0,,,cwhite10,mkuperst,,,,,,,,,,,,,0,0,,0%,0,0,,,,,,,,,,,,,,,SSWUMS-1211,SSWUMS-1212,SSWUMS-1210,SSWUMS-1208,SSWUMS-1209,SSWUMS-1206,SSWUMS-1207,,,,,,,,,,,,,,,,,,,,,,,,,,,,,,,,,,,,,SSWUMS-1024,,,Done,,,,,,SOS,Sprint,,,,"Posted on: Thu Nov 13 10:04:16 EST 2025
Broken out by respective ICD. see linked SSW UMS tasks

 ",,,No comments by current user.,,,,,,,,mkuperst,cwhite10,bchadwic,,,,,,,,,,,"1|i07ozc:",,,,,,,,,,,,,,,,Medium,,,,,,,SSWUMS Sprint 88-14.4 (PI14),,,,,,,,,,0.0,,,,,,,,,,,,,,,,,,0.0,0.0,,0.0,,,0.0,,,,,"13/Nov/25 10:04 AM;cwhite10;Broken out by respective ICD. see linked SSW UMS tasks

 ;;;",,,,,,,
CCB for C2S and PDMS PTRs,SSWUMS-1192,87735,Task,Done,SSWUMS,SSWUMS,software,mkuperst,"Welcome to the SSWUMS Team space, led by Meridith K (Product Owner). This space includes D440 and D454 resources, as well as Sprint and Kanban work.
",,Medium,Done,mkuperst,mkuperst,mkuperst,04/Nov/25 2:24 PM,19/Nov/25 9:38 AM,18/Sep/26 3:31 PM,19/Nov/25 9:38 AM,,PI14,,,,C2S B-spec,C2S RVTM,PDMS B-spec,,,,,,,,,,,,,,,,,,,13/Nov/25 12:00 AM,0,Revised PTRs provided back to EB for review. Distribute if no further issues in advance of the 11/13 CCB,,bchadwic,mkuperst,ScriptRunner,,,";06/Nov/25 5:40 PM;mkuperst;900",";13/Nov/25 2:35 PM;cwhite10;3600","CCB held and approval forms signed for PDMS and C2S.;18/Nov/25 8:20 PM;bchadwic;5400","PTRs reviewed and CCB occurred ;19/Nov/25 9:37 AM;mkuperst;3600",";19/Nov/25 9:37 AM;mkuperst;60",";19/Nov/25 9:38 AM;mkuperst;60",,,,8640,0,13620,157%,8640,0,13620,,,,,,,,,,,,,,,,,,,,,,,,,,,,,,,,,,,,,,,,,,,,,,,,,,,,mkuperst,,,,,SSWUMS-977,,,Done,,,,,,Sprint,,,1.0,PTRs reviewed and CCB occurred ,"Posted on: Wed Nov 19 09:37:40 EST 2025
PTRs reviewed and CCB occurred ",,,No comments by current user.,,,,,,,,mkuperst,cwhite10,bchadwic,,,,,,,,,,,"1|i07oyo:",,,Approved,,13/Nov/25 12:00 AM,Approved,,18/Nov/25 12:00 AM,Approved,,,,,,,Medium,,,,,,,SSWUMS Sprint 87-14.3 (PI14),,,,,,,,,,0.3,,,,,13/Nov/25 12:00 AM,,,,,,,,,,,,,0.0,0.0,,0.0,,,0.0,,,,,"07/Nov/25 12:50 PM;mkuperst;Updated PTRs reviewed by UMS Oversight. All comments incorporated, minus the section 8 sub headers. Sub headers flagged for GDMS but incorporation delayed until next CCB. Files posted for EB and NAVSEA;;;","18/Nov/25 8:20 PM;bchadwic;CCB held and approval forms signed for PDMS and C2S.;;;","18/Nov/25 8:20 PM;ScriptRunner;The following errors occurred: (Please Log Time in the Time Spent field);;;","19/Nov/25 9:37 AM;mkuperst;PTRs reviewed and CCB occurred ;;;",,,,
Rev (b) VA-SSW-SL-001 Ready For GDMS Review,SSWUMS-1191,87724,Task,Done,SSWUMS,SSWUMS,software,mkuperst,"Welcome to the SSWUMS Team space, led by Meridith K (Product Owner). This space includes D440 and D454 resources, as well as Sprint and Kanban work.
",,Medium,Done,mkuperst,cwhite10,mkuperst,04/Nov/25 12:34 PM,02/Apr/26 7:28 AM,18/Sep/26 3:31 PM,02/Apr/26 7:28 AM,,PI18,,,,NIOU Signal List,,,,,,,,,,,,,,,,,,,,,29/Oct/25 12:00 AM,0,"Rev (b) of the VA-SSW-SL-001

The signal list is now ready to be routed to GDMS for information; please see the link below. Any comments against the VA-SSW-SL-001 Rev (b) will be deferred to the next version, Janus PTRs will be created in the backlog to track deficiencies/comments.

X-Drive: \\us-ct-eb01\EBDepts\Eng.440\Projects-VA\VA SSW\CWS Working Group\CWS Share\Product Reviews\VA-SSW-SL-001\Rev (B)\Current
 * File name – “VA-SSW-SL-001 (0.0 Approved) 01 December 2025.pdf”

*VA-SSW-SL-001:*
 * +Signal List Review Action Item:+ SSWSYSPM-2973

 * +DOORs Information:+

 # +Module:+ /VA SSW PHC/2 - Systems/Signal List/VA-SSW-SL-001 Import 2
 # Version (0.0 RDY for Leads Review)
 # DOORs Views:
 # Signal List Detailed View

 # +DOORs Comment Log:+ /VA SSW PHC/2 - Systems/Signal List/SSW SL Comment Module
 # Version (0.0 RDY for Leads Review Pt. 2)

 ** 
 * {+}X-Drive{+}: \\us-ct-eb01\EBDepts\Eng.440\Projects-VA\VA SSW\CWS Working Group\CWS Share\Product Reviews\VA-SSW-SL-001\Rev (B)

 # +Clean Copy:+ “\\us-ct-eb01\EBDepts\Eng.440\Projects-VA\VA SSW\CWS Working Group\CWS Share\Product Reviews\VA-SSW-SL-001\Rev (B)\Current”
 # _RPE Export Not Currently available; Bugzilla [Bug 6206] SSW CPA - New PHC Document VA-SSW-SL-001 has been created to publish the document for GDMS and non-DOORs user access. ECD on availability is 10/24/25_
 # _File Name – “VA-SSW-SL-001 Rev (b) Word Export.docx”_

 # {+}Excel Comment log{+}: “\\us-ct-eb01\EBDepts\Eng.440\Projects-VA\VA SSW\CWS Working Group\CWS Share\Product Reviews\VA-SSW-SL-001\Rev (B)\Comment Logs”
 # +MRF:+ “\\us-ct-eb01\EBDepts\Eng.440\Projects-VA\VA SSW\CWS Working Group\CWS Share\Product Reviews\VA-SSW-SL-001\Rev (B)\MRF”

 ** ",,mkuperst,,,,,";02/Apr/26 7:28 AM;cwhite10;3600",,,,,,,,,5760,2160,3600,62%,5760,2160,3600,,,,,,,,,,,,SSWUMS-1047,,,,,,,,,,,,,,,,,,,,,,,,,,,,mdelzio,,,,,,,,,,,SSWSYS,mkuperst,,,31/Mar/26 12:00 AM,,SSWUMS-1367,,,Done,,,,,,SOS,Sprint,,,,"Posted on: Wed Jan 28 08:00:38 EST 2026
Moving to backlog. GDMS is planning to review before the next rev of this document, but there is no additional work for the EB UMS team until GDMS comments come in.",,,No comments by current user.,,,,,,,,,,,,,,,,,,,,,"1|i07ahi:xr",,,,,,,,,,,,,,,,,,,,,,,SSWUMS Sprint 18.1,,,,,,,,,,0.2,,,,,,,,,,,,,,,,,,,,,,,,,,,,,"26/Nov/25 12:54 PM;mkuperst;Moving out of sprint due to shifting expected receipt dates from Systems.;;;","01/Dec/25 1:08 PM;mkuperst;Posted for GDMS on 12/1. Waiting on ECD back from them on when they expect to complete review.

[https://gdmscollab.sharepoint.us/:f:/r/sites/PRGM-Rogue/Prime/To%20GDMS/Systems%20Req%20Collab/VA-SSW-SL-001/Rev%20B?csf=1&web=1&e=Ql6pEM]

 ;;;","13/Jan/26 9:50 AM;mkuperst;Moving to sprint 17.2. GDMS ECD is their PI end, so 1/21.;;;","28/Jan/26 8:00 AM;mkuperst;Moving to backlog. GDMS is planning to review before the next rev of this document, but there is no additional work for the EB UMS team until GDMS comments come in.;;;",,,,
GDMS PI 14 Definition Slides - Review,SSWUMS-1190,87697,Task,Done,SSWUMS,SSWUMS,software,mkuperst,"Welcome to the SSWUMS Team space, led by Meridith K (Product Owner). This space includes D440 and D454 resources, as well as Sprint and Kanban work.
",,Medium,Done,mkuperst,mkuperst,mkuperst,04/Nov/25 9:55 AM,19/Nov/25 9:42 AM,18/Sep/26 3:31 PM,19/Nov/25 9:42 AM,,PI14,,,,GDMS PI,,,,,,,,,,,,,,,,,,,,,19/Nov/25 12:00 AM,0,"Review slides and indicate any questions, as well as update our Jira with expected receipt of items

X:\Programs.686.BlockVI\Seabed Warfare\05 Concept Development\UMS\3 Presentations\C2S PDMS PI Review and Planning\2025\2025-10",,bchadwic,cwhite10,mkuperst,ScriptRunner,,";04/Nov/25 9:56 AM;mkuperst;60",";10/Nov/25 2:04 PM;cwhite10;2700","Reviewed, no comments and no associated PDMS dependencies.;12/Nov/25 7:14 PM;bchadwic;1200","reviewed;19/Nov/25 9:41 AM;mkuperst;600",";19/Nov/25 9:42 AM;mkuperst;60",";19/Nov/25 9:42 AM;mkuperst;60",,,,14400,9720,4680,32%,14400,9720,4680,,,,,,,,,,,,,,,,,,,,,,,,,,,,,,,,,,,,,,,,,,,,,,,,,,,,mkuperst,,,,,SSWUMS-977,,,Done,,,,,,Sprint,,,1.0,reviewed,"Posted on: Wed Nov 19 09:41:50 EST 2025
reviewed",,,No comments by current user.,,,,,,,,mkuperst,cwhite10,bchadwic,,pclarke,,,,,,,,,"1|i07os0:",,,Approved,,10/Nov/25 12:00 AM,Approved,,12/Nov/25 12:00 AM,Approved,,,Approved,,,,Medium,,,,,,,SSWUMS Sprint 87-14.3 (PI14),,,,,,,,,,0.5,,,,,19/Nov/25 12:00 AM,,,,,,,,,,,,,0.0,0.0,,0.0,,,0.0,,,,,"10/Nov/25 2:04 PM;cwhite10;Other than incorrect PI Dates on slide 12, no Comments;;;","12/Nov/25 7:14 PM;bchadwic;Reviewed, no comments and no associated PDMS dependencies.;;;","19/Nov/25 9:41 AM;ScriptRunner;The following errors occurred: (Please Log Time in the Time Spent field);;;","19/Nov/25 9:41 AM;mkuperst;reviewed;;;",,,,
C2S PDMS FHA Comment Resolution + HIF Breakout sheet review - Due 11/7,SSWUMS-1189,87687,Task,Done,SSWUMS,SSWUMS,software,mkuperst,"Welcome to the SSWUMS Team space, led by Meridith K (Product Owner). This space includes D440 and D454 resources, as well as Sprint and Kanban work.
",,Medium,Done,cwhite10,mkuperst,mkuperst,04/Nov/25 8:07 AM,18/Nov/25 2:13 PM,18/Sep/26 3:31 PM,18/Nov/25 2:12 PM,,PI14,,,,C2S & PDMS FHA,,,,,,,,,,,,,,,,,,,,,07/Nov/25 12:00 AM,0,"Per email from Ashley White:

GDMS has provided responses to all of EB’s comments against the C2S/PDMS FHA and provided an updated HIF breakdown for new FHA HIFs. In order to proceed with adjudication, *I’m asking that you all review your comments and the responses that GDMS has provided.*

Your action is to provide response in the “EB Resolution” column which provides _acknowledgement of next actions_ if needed. If you concur, then put concur. If their response requires discussion or you don’t agree, note “discuss” and we will look to have meetings to come through those. The only two responses I think we need are “Concur” or “Discuss” which will prompt the correct next actions. (you will see mine and Stacy’s comments already responded to for example)

These responses will allow GDMS to proceed in parallel with making the “concur” updates to the analysis without concern of rework, and in the meantime we can set up meetings to come through the comments that require further discussion. All of this is working towards final adjudication so they can make all the necessary updates to give us a revised analysis so we can do final comment verification to close out the comments (this step will come later).

Additionally, {*}I ask that you review the New HIF Breakout sheet{*}, especially if your comments resulted in HIF development. We need to ensure we have alignment on how the new HIFs are being captured before GDMS proceeds with development. They are prepared to meet ASAP to discuss these as needed. Please reach out to me if you feel we need to meet on these. If you don’t agree with the breakout of the HIFs, ensure your response acknowledgement says “discuss” so we can work through it.

*I’m asking that you all provide response acknowledgement to your +comments in the log by COB Friday (11/7)+ to support providing the responses back to GDMS on Monday at our next status meeting. Please save a copy with your initials at the end in the folder below.* 

{+}Please reach out immediately if you cannot support the above time frame{+}. I realize this is a quick turnaround, but I will remind you all that this is a hot product and we are pressed for time, so please make this a priority so we can support GDMS in moving this along to the next steps. Thank you for your support!

\\us-ct-eb01\EBDepts\Programs.408\D408_ESOH\External_Department_Share\SSW_External_Share\SSW UMS C2S PDMS",,bchadwic,fopuszyn,mkuperst,pclarke,ScriptRunner,";04/Nov/25 8:08 AM;mkuperst;60",";05/Nov/25 1:21 PM;cwhite10;2700","Reviewed, no remaining comments and no comments to HIF breakout sheet.;12/Nov/25 7:15 PM;bchadwic;1800",";18/Nov/25 2:10 PM;cwhite10;60",";18/Nov/25 2:12 PM;cwhite10;60",";18/Nov/25 2:12 PM;cwhite10;60",,,,14400,9660,4740,32%,14400,9660,4740,,,,,,,,,,,,,,,,,,,,,,,,,,,,,,,,,,,,,,,,,,,,,,,,,,,,mkuperst,,,07/Nov/25 12:00 AM,,SSWUMS-915,,,Done,,,,,,Sprint,,,1.0,The following errors occurred: (Please Log Time in the Time Spent field),"Posted on: Mon Nov 17 14:33:31 EST 2025
The following errors occurred: (Please Log Time in the Time Spent field)",,,No comments by current user.,,,,,,,,mkuperst,cwhite10,bchadwic,,pclarke,,fopuszyn,,,,,,,"1|i07oq0:",,,Approved,,05/Nov/25 12:00 AM,Approved,,12/Nov/25 12:00 AM,Approved,,,Approved,,,Approved,Medium,,,,,,,SSWUMS Sprint 87-14.3 (PI14),,,,,,,,,,0.5,,,,,07/Nov/25 12:00 AM,,,,,,,,,,,,,0.0,0.0,,0.0,,,0.0,,,,,"12/Nov/25 7:15 PM;bchadwic;Reviewed, no remaining comments and no comments to HIF breakout sheet.;;;","17/Nov/25 2:30 PM;pclarke;I had already concurred to my two comments.;;;","17/Nov/25 2:33 PM;fopuszyn;No further comments;;;","17/Nov/25 2:33 PM;ScriptRunner;The following errors occurred: (Please Log Time in the Time Spent field);;;",,,,
Verify if the C2S and PDMS RVTMs still intend to be bidirectional,SSWUMS-1188,87680,Task,Cancelled,SSWUMS,SSWUMS,software,mkuperst,"Welcome to the SSWUMS Team space, led by Meridith K (Product Owner). This space includes D440 and D454 resources, as well as Sprint and Kanban work.
",,Medium,Won't Do,mkuperst,mkuperst,mkuperst,03/Nov/25 4:49 PM,17/Dec/25 1:04 PM,18/Sep/26 3:31 PM,12/Dec/25 11:25 AM,,PI14,,,,,,,,,,,,,,,,,,,,,,,,,,0,"Tied to the ICD tracing and testing verification discussions. Question due to the HRS/SRDD is no longer being NAVSEA approved

[https://192.168.3.34/cnfl1/x/4AlIC]

[https://192.168.3.34/cnfl1/x/zQtIC]",,cwhite10,mkuperst,,,,,,,,,,,,,0,0,,0%,0,0,,,,,,,,,,,,,,,,,,,,,,,,,,,,,,,,,,,,,,,,,,,,,,,,,,,,,,,,,,SSWUMS-977,,,Done,,,,,,Sprint,,,,,"Posted on: Fri Dec 12 11:25:55 EST 2025
Move to a general item on C2S Weekly sync item",,,No comments by current user.,,,,,,,,,,,,,,,,,,,,,"1|i07oog:",,,,,,,,,,,,,,,,Medium,,,,,,,,,,,,,,,,,0.0,,,,,,,,,,,,,,,,,,0.0,0.0,,0.0,,,0.0,,,,,"12/Dec/25 11:25 AM;cwhite10;Move to a general item on C2S Weekly sync item;;;",,,,,,,
ICD Traces to B-specs - verify proposed ICD traces,SSWUMS-1187,87679,Task,Cancelled,SSWUMS,SSWUMS,software,mkuperst,"Welcome to the SSWUMS Team space, led by Meridith K (Product Owner). This space includes D440 and D454 resources, as well as Sprint and Kanban work.
",,Medium,Won't Do,mkuperst,mkuperst,mkuperst,03/Nov/25 4:47 PM,13/Nov/25 10:05 AM,18/Sep/26 3:31 PM,13/Nov/25 10:05 AM,,PI14,,,,Document Dev,,,,,,,,,,,,,,,,,,,,,,0,"[https://192.168.3.34/cnfl1/x/4AlIC]

[https://192.168.3.34/cnfl1/x/zQtIC]",,cwhite10,mkuperst,,,,,,,,,,,,,0,0,,0%,0,0,,,,,,,,,,,,,SSWUMS-1094,,,,,,,,,,,,,,,,,,,,,,,,,,,,,,,,,,,,,,,,,,,,,SSWUMS-977,,,Done,,,,,,,,,,,"Posted on: Thu Nov 13 10:05:31 EST 2025
Duplicate of SSWUMS-1193",,,No comments by current user.,,,,,,,,,,,,,,,,,,,,,"1|i06f43:y74",,,,,,,,,,,,,,,,,,,,,,,,,,,,,,,,,0.0,,,,,,,,,,,,,,,,,,,,,,,,,,,,,"13/Nov/25 10:05 AM;cwhite10;Duplicate of SSWUMS-1193;;;",,,,,,,
PDMS Schematics - Verify Comments,SSWUMS-1186,87539,Task,Done,SSWUMS,SSWUMS,software,mkuperst,"Welcome to the SSWUMS Team space, led by Meridith K (Product Owner). This space includes D440 and D454 resources, as well as Sprint and Kanban work.
",,Medium,Done,bchadwic,mkuperst,mkuperst,31/Oct/25 10:55 AM,01/Apr/26 8:11 PM,18/Sep/26 3:31 PM,01/Apr/26 8:11 PM,,PI18,,,,PDMS Low Voltage Schematic,PDMS Optical Schematic,PDMS Top Level Schematic,,,,,,,,,,,,,,,,,,,01/Apr/26 12:00 AM,0,"X:\Programs.686.BlockVI\Seabed Warfare\05 Concept Development\UMS\10 PDMS\Cables and Connectors\PDMS Schematics

Sent to [~asamegul] [~mdelzio] Keith Apicelli (for OII review)

ECD - 11/19",,bchadwic,mkuperst,,,,"All open comments verified.;01/Apr/26 8:11 PM;bchadwic;2400",,,,,,,,,5760,3360,2400,41%,5760,3360,2400,,,,,,,,,,,,,,,,,,,,,,,,,,,,,,,,,,,,,,,,,,,,SSWSYS,,,,,,,,bchadwic,,,01/Apr/26 12:00 AM,,SSWUMS-1898,,,Done,,,,,,SOS,Sprint,,,,"Posted on: Wed Apr 01 20:11:51 EDT 2026
All open comments verified.",,,No comments by current user.,,,,,,,,,,,,,,,,,,,,,"1|i07o74:",,,,,,,,,,,,,,,,Medium,,,,,,,SSWUMS Sprint 87-14.3 (PI14),SSWUMS Sprint 88-14.4 (PI14),SSWUMS Sprint 89-14.5 (PI14),SSWUMS Sprint 17.5,SSWUMS Sprint 17.6,SSWUMS Sprint 18.1,,,,,0.2,,,,,01/Apr/26 12:00 AM,,,,,,,,,,,,,0.0,0.0,,0.0,,,0.0,,,,,"18/Nov/25 8:56 PM;bchadwic;Meeting held with D440 and GDMS. GDMS making updates to schematics. Awaiting ROV comments to optical schematic before sending back to EB.;;;","25/Nov/25 2:21 PM;mkuperst;First week of December ECD from OII;;;","18/Dec/25 1:43 PM;mkuperst;New OII ECD is 1/14;;;","24/Feb/26 8:08 AM;bchadwic;Bernie has been on PTO, taking a look at OII comments this week.;;;","03/Mar/26 9:52 AM;bchadwic;ECD pushed out to reflect updated status based upon comments received from OII and availability of GDMS resources.;;;","10/Mar/26 2:15 PM;mkuperst;GDMS adjudicated comments, and needs to still update the schematic. Will get new ECD from GDMS on 3/11.;;;","23/Mar/26 8:21 AM;bchadwic;Updated TLS and LV schematics received from GDMS. Remaining comments from EB were from A. Samegulin. Tagging up with M. Delzio for resolution.;;;","01/Apr/26 8:11 PM;bchadwic;All open comments verified.;;;"
4.j. UMS Software Development Plan - PI17,SSWUMS-1185,87464,Epic,Done,SSWUMS,SSWUMS,software,mkuperst,"Welcome to the SSWUMS Team space, led by Meridith K (Product Owner). This space includes D440 and D454 resources, as well as Sprint and Kanban work.
",,Medium,Done,mkuperst,mkuperst,mkuperst,29/Oct/25 4:07 PM,11/Mar/26 11:01 AM,18/Sep/26 3:31 PM,11/Mar/26 11:01 AM,,PI17,,,,UMS SwDP,,,,,,,,,,,,,,,,,,,,,,0,,,mkuperst,,,,,,,,,,,,,,0,0,,0%,0,0,,,,,,,,,,,,SSWUMS-1109,,,,,,,,,,,,,,,,,,,,,,,,,,,,,,,,,,,,,,,,,,,,,ghx-label-13,,4.j. UMS Software Development Plan - PI17,Done,,,,,,,Sprint,,,,,,,,No comments by current user.,,,,,,,SSWUMS-917,,,,,,,,,,,,,,"1|i07nrc:",,,,,,,,,,,,,,,,Medium,,,,,,,,,,,,,,,,,,,,,,,,,,,,,,,,,,100.0,0.7,0.0,,,100.0,35.7,0.7,0.0,5.6,3.6,2.0,,,,,,,,
C-CCA HRS - Final copy receipt and prep for transmittal,SSWUMS-1184,87463,Task,Done,SSWUMS,SSWUMS,software,mkuperst,"Welcome to the SSWUMS Team space, led by Meridith K (Product Owner). This space includes D440 and D454 resources, as well as Sprint and Kanban work.
",,High,Done,cwhite10,mkuperst,mkuperst,29/Oct/25 3:58 PM,28/May/26 11:25 AM,18/Sep/26 3:31 PM,28/May/26 11:25 AM,,PI18,,,,C-CCA HRS,,,,,,,,,,,,,,,,,,,,,,0,"X:\Programs.686.BlockVI\Seabed Warfare\05 Concept Development\UMS\4 Requirements\HRS\C2S\  
|Task Name|Duration|Start|Finish|
|*C-CCA HRS*|*59 days*|*Fri 1/16/26*|*Wed 4/8/26*|
|   Kickoff Meeting|0 days|Fri 1/16/26|Fri 1/16/26|
|   Leads Review|15 days|Fri 1/16/26|Thu 2/5/26|
|   *Leads Adj. Phase*|*10 days*|*Fri 2/6/26*|*Thu 2/19/26*|
|      GDMS Adj. Comments|5 days|Fri 2/6/26|Thu 2/12/26|
|      GDMS/EB Comment Walkthrough Meeting|1 day|Tue 2/17/26|Tue 2/17/26|
|      EB Verify Comments Incorporated|5 days|Fri 2/13/26|Thu 2/19/26|
|   Project Lead Review|5 days|Fri 2/20/26|Thu 2/26/26|
|   Supervisor Review|5 days|Fri 2/20/26|Thu 2/26/26|
|   *Project Lead/Supervisor Adj. Phase*|*7 days*|*Fri 2/27/26*|*Mon 3/9/26*|
|      GDMS Adj. Comments|5 days|Fri 2/27/26|Thu 3/5/26|
|      EB Verify Comments Incorporated|2 days|Fri 3/6/26|Mon 3/9/26|
|   QA Review|2 days|Tue 3/10/26|Wed 3/11/26|
|   TPQ Review|2 days|Thu 3/12/26|Fri 3/13/26|
|   Manager Review|5 days|Mon 3/16/26|Fri 3/20/26|
|   *QA/TPQ/Manager Adj. Phase*|*7 days*|*Mon 3/23/26*|*Tue 3/31/26*|
|      GDMS Adj. Comments|2 days|Mon 3/23/26|Tue 3/24/26|
|      Comment Response Walkthrough (as needed)|1 day|Wed 3/25/26|Wed 3/25/26|
|      GDMS Deliver Clean Draft|3 days|Wed 3/25/26|Fri 3/27/26|
|      EB Verify Comments Incorporated|2 days|Mon 3/30/26|Tue 3/31/26|
|   GDMS Deliver Final CM'd copy|3 days|Wed 4/1/26|Fri 4/3/26|
|   Transmittal for Info to NAVSEA|3 days|Mon 4/6/26|Wed 4/8/26|",,mkuperst,,,,,";27/May/26 3:44 PM;cwhite10;3600",";28/May/26 11:25 AM;cwhite10;1200",,,,,,,,5760,960,4800,83%,5760,960,4800,,,,,,,,,,,SSWUMS-1183,,,,,,,,,,,,,,SSWSYSPM-3012,,,,,,,,,,,,,,,,,,,,,,,,,,,cwhite10,,,13/May/26 12:00 AM,,SSWUMS-1363,,,Done,,,,,,,,,,,,,,No comments by current user.,,,,,,,,,,,,,,,,,,,,,"1|i07nr4:",,,,,,,,,,,,,,,,,,,,,,,SSWUMS Sprint 18.4,SSWUMS Sprint 18.5,,,,,,,,,0.2,,,,,,,,,,,,,,,,,,,,,,,,,,,,,,,,,,,,
C-CCA HRS - QA/TPQ/Manager Adj,SSWUMS-1183,87462,Task,Done,SSWUMS,SSWUMS,software,mkuperst,"Welcome to the SSWUMS Team space, led by Meridith K (Product Owner). This space includes D440 and D454 resources, as well as Sprint and Kanban work.
",,High,Done,cwhite10,mkuperst,mkuperst,29/Oct/25 3:57 PM,13/May/26 10:46 AM,18/Sep/26 3:31 PM,13/May/26 10:46 AM,,PI18,,,,C-CCA HRS,,,,,,,,,,,,,,,,,,,,,,0,"X:\Programs.686.BlockVI\Seabed Warfare\05 Concept Development\UMS\4 Requirements\HRS\C2S\  
|Task Name|Duration|Start|Finish|
|*C-CCA HRS*|*59 days*|*Fri 1/16/26*|*Wed 4/8/26*|
|   Kickoff Meeting|0 days|Fri 1/16/26|Fri 1/16/26|
|   Leads Review|15 days|Fri 1/16/26|Thu 2/5/26|
|   *Leads Adj. Phase*|*10 days*|*Fri 2/6/26*|*Thu 2/19/26*|
|      GDMS Adj. Comments|5 days|Fri 2/6/26|Thu 2/12/26|
|      GDMS/EB Comment Walkthrough Meeting|1 day|Tue 2/17/26|Tue 2/17/26|
|      EB Verify Comments Incorporated|5 days|Fri 2/13/26|Thu 2/19/26|
|   Project Lead Review|5 days|Fri 2/20/26|Thu 2/26/26|
|   Supervisor Review|5 days|Fri 2/20/26|Thu 2/26/26|
|   *Project Lead/Supervisor Adj. Phase*|*7 days*|*Fri 2/27/26*|*Mon 3/9/26*|
|      GDMS Adj. Comments|5 days|Fri 2/27/26|Thu 3/5/26|
|      EB Verify Comments Incorporated|2 days|Fri 3/6/26|Mon 3/9/26|
|   QA Review|2 days|Tue 3/10/26|Wed 3/11/26|
|   TPQ Review|2 days|Thu 3/12/26|Fri 3/13/26|
|   Manager Review|5 days|Mon 3/16/26|Fri 3/20/26|
|   *QA/TPQ/Manager Adj. Phase*|*7 days*|*Mon 3/23/26*|*Tue 3/31/26*|
|      GDMS Adj. Comments|2 days|Mon 3/23/26|Tue 3/24/26|
|      Comment Response Walkthrough (as needed)|1 day|Wed 3/25/26|Wed 3/25/26|
|      GDMS Deliver Clean Draft|3 days|Wed 3/25/26|Fri 3/27/26|
|      EB Verify Comments Incorporated|2 days|Mon 3/30/26|Tue 3/31/26|
|   GDMS Deliver Final CM'd copy|3 days|Wed 4/1/26|Fri 4/3/26|
|   Transmittal for Info to NAVSEA|3 days|Mon 4/6/26|Wed 4/8/26|",,mkuperst,,,,,";13/May/26 10:46 AM;cwhite10;1800",,,,,,,,,5760,3960,1800,31%,5760,3960,1800,,,,,,,,,SSWUMS-1184,,SSWUMS-1182,,,,,,,,,,,,,,SSWSYSPM-3012,,,,,,,,,,,,,,,,,,,SSWSYSPM,,,,,,,,cwhite10,,,07/May/26 12:00 AM,,SSWUMS-1363,,,Done,,,,,,,,,,,,,,No comments by current user.,,,,,,,,,,,,,,,,,,,,,"1|i07nqw:",,,,,,,,,,,,,,,,,,,,,,,SSWUMS Sprint 18.3,,,,,,,,,,0.2,,,,,05/May/26 12:00 AM,,,,,,,,,,,,,,,,,,,,,,,,,,,,,,,
C-CCA HRS - Manager Review,SSWUMS-1182,87461,Task,Cancelled,SSWUMS,SSWUMS,software,mkuperst,"Welcome to the SSWUMS Team space, led by Meridith K (Product Owner). This space includes D440 and D454 resources, as well as Sprint and Kanban work.
",,High,Won't Do,cwhite10,mkuperst,mkuperst,29/Oct/25 3:57 PM,09/Apr/26 10:45 AM,18/Sep/26 3:31 PM,09/Apr/26 10:45 AM,,PI18,,,,C-CCA HRS,,,,,,,,,,,,,,,,,,,,,,0,"X:\Programs.686.BlockVI\Seabed Warfare\05 Concept Development\UMS\4 Requirements\HRS\C2S\  
|Task Name|Duration|Start|Finish|
|*C-CCA HRS*|*59 days*|*Fri 1/16/26*|*Wed 4/8/26*|
|   Kickoff Meeting|0 days|Fri 1/16/26|Fri 1/16/26|
|   Leads Review|15 days|Fri 1/16/26|Thu 2/5/26|
|   *Leads Adj. Phase*|*10 days*|*Fri 2/6/26*|*Thu 2/19/26*|
|      GDMS Adj. Comments|5 days|Fri 2/6/26|Thu 2/12/26|
|      GDMS/EB Comment Walkthrough Meeting|1 day|Tue 2/17/26|Tue 2/17/26|
|      EB Verify Comments Incorporated|5 days|Fri 2/13/26|Thu 2/19/26|
|   Project Lead Review|5 days|Fri 2/20/26|Thu 2/26/26|
|   Supervisor Review|5 days|Fri 2/20/26|Thu 2/26/26|
|   *Project Lead/Supervisor Adj. Phase*|*7 days*|*Fri 2/27/26*|*Mon 3/9/26*|
|      GDMS Adj. Comments|5 days|Fri 2/27/26|Thu 3/5/26|
|      EB Verify Comments Incorporated|2 days|Fri 3/6/26|Mon 3/9/26|
|   QA Review|2 days|Tue 3/10/26|Wed 3/11/26|
|   TPQ Review|2 days|Thu 3/12/26|Fri 3/13/26|
|   Manager Review|5 days|Mon 3/16/26|Fri 3/20/26|
|   *QA/TPQ/Manager Adj. Phase*|*7 days*|*Mon 3/23/26*|*Tue 3/31/26*|
|      GDMS Adj. Comments|2 days|Mon 3/23/26|Tue 3/24/26|
|      Comment Response Walkthrough (as needed)|1 day|Wed 3/25/26|Wed 3/25/26|
|      GDMS Deliver Clean Draft|3 days|Wed 3/25/26|Fri 3/27/26|
|      EB Verify Comments Incorporated|2 days|Mon 3/30/26|Tue 3/31/26|
|   GDMS Deliver Final CM'd copy|3 days|Wed 4/1/26|Fri 4/3/26|
|   Transmittal for Info to NAVSEA|3 days|Mon 4/6/26|Wed 4/8/26|",,mkuperst,,,,,,,,,,,,,,0,0,,0%,0,0,,,,,,,,,,SSWUMS-1183,,SSWUMS-1181,,,,,,,,,,,,,,SSWSYSPM-3012,,,,,,,,,,,,,,,,,,,,,,,,,,,,,,07/May/26 12:00 AM,,SSWUMS-1363,,,Done,,,,,,,,,,,"Posted on: Thu Apr 09 10:45:28 EDT 2026
Merged into SSWUMS-1180",,,No comments by current user.,,,,,,,,,,,,,,,,,,,,,"1|i07nqo:",,,,,,,,,,,,,,,,,,,,,,,SSWUMS Sprint 18.3,,,,,,,,,,0.0,,,,,24/Apr/26 12:00 AM,,,,,,,,,,,,,,,,,,,,,,,,"09/Apr/26 10:45 AM;mkuperst;Merged into SSWUMS-1180;;;",,,,,,,
C-CCA HRS - TPQ Review,SSWUMS-1181,87460,Task,Cancelled,SSWUMS,SSWUMS,software,mkuperst,"Welcome to the SSWUMS Team space, led by Meridith K (Product Owner). This space includes D440 and D454 resources, as well as Sprint and Kanban work.
",,High,Won't Do,cwhite10,mkuperst,mkuperst,29/Oct/25 3:57 PM,09/Apr/26 10:45 AM,18/Sep/26 3:31 PM,09/Apr/26 10:45 AM,,PI18,,,,C-CCA HRS,,,,,,,,,,,,,,,,,,,,,,0,"X:\Programs.686.BlockVI\Seabed Warfare\05 Concept Development\UMS\4 Requirements\HRS\C2S\  
|Task Name|Duration|Start|Finish|
|*C-CCA HRS*|*59 days*|*Fri 1/16/26*|*Wed 4/8/26*|
|   Kickoff Meeting|0 days|Fri 1/16/26|Fri 1/16/26|
|   Leads Review|15 days|Fri 1/16/26|Thu 2/5/26|
|   *Leads Adj. Phase*|*10 days*|*Fri 2/6/26*|*Thu 2/19/26*|
|      GDMS Adj. Comments|5 days|Fri 2/6/26|Thu 2/12/26|
|      GDMS/EB Comment Walkthrough Meeting|1 day|Tue 2/17/26|Tue 2/17/26|
|      EB Verify Comments Incorporated|5 days|Fri 2/13/26|Thu 2/19/26|
|   Project Lead Review|5 days|Fri 2/20/26|Thu 2/26/26|
|   Supervisor Review|5 days|Fri 2/20/26|Thu 2/26/26|
|   *Project Lead/Supervisor Adj. Phase*|*7 days*|*Fri 2/27/26*|*Mon 3/9/26*|
|      GDMS Adj. Comments|5 days|Fri 2/27/26|Thu 3/5/26|
|      EB Verify Comments Incorporated|2 days|Fri 3/6/26|Mon 3/9/26|
|   QA Review|2 days|Tue 3/10/26|Wed 3/11/26|
|   TPQ Review|2 days|Thu 3/12/26|Fri 3/13/26|
|   Manager Review|5 days|Mon 3/16/26|Fri 3/20/26|
|   *QA/TPQ/Manager Adj. Phase*|*7 days*|*Mon 3/23/26*|*Tue 3/31/26*|
|      GDMS Adj. Comments|2 days|Mon 3/23/26|Tue 3/24/26|
|      Comment Response Walkthrough (as needed)|1 day|Wed 3/25/26|Wed 3/25/26|
|      GDMS Deliver Clean Draft|3 days|Wed 3/25/26|Fri 3/27/26|
|      EB Verify Comments Incorporated|2 days|Mon 3/30/26|Tue 3/31/26|
|   GDMS Deliver Final CM'd copy|3 days|Wed 4/1/26|Fri 4/3/26|
|   Transmittal for Info to NAVSEA|3 days|Mon 4/6/26|Wed 4/8/26|",,mkuperst,,,,,,,,,,,,,,0,0,,0%,0,0,,,,,,,,,,SSWUMS-1182,,SSWUMS-1180,,,,,,,,,,,,,,SSWSYSPM-3012,,,,,,,,,,,,,,,,,,,,,,,,,,,,,,07/May/26 12:00 AM,,SSWUMS-1363,,,Done,,,,,,,,,,,"Posted on: Thu Apr 09 10:45:15 EDT 2026
Merged into SSWUMS-1180",,,No comments by current user.,,,,,,,,,,,,,,,,,,,,,"1|i07nqg:",,,,,,,,,,,,,,,,,,,,,,,SSWUMS Sprint 18.3,,,,,,,,,,0.0,,,,,17/Apr/26 12:00 AM,,,,,,,,,,,,,,,,,,,,,,,,"09/Apr/26 10:45 AM;mkuperst;Merged into SSWUMS-1180;;;",,,,,,,
C-CCA HRS - QA/TPQ/Manager Review,SSWUMS-1180,87459,Task,Done,SSWUMS,SSWUMS,software,mkuperst,"Welcome to the SSWUMS Team space, led by Meridith K (Product Owner). This space includes D440 and D454 resources, as well as Sprint and Kanban work.
",,High,Done,cwhite10,mkuperst,mkuperst,29/Oct/25 3:57 PM,13/May/26 10:46 AM,18/Sep/26 3:31 PM,13/May/26 10:46 AM,,PI18,,,,C-CCA HRS,,,,,,,,,,,,,,,,,,,,,,0,"X:\Programs.686.BlockVI\Seabed Warfare\05 Concept Development\UMS\4 Requirements\HRS\C2S\  
|Task Name|Duration|Start|Finish|
|*C-CCA HRS*|*59 days*|*Fri 1/16/26*|*Wed 4/8/26*|
|   Kickoff Meeting|0 days|Fri 1/16/26|Fri 1/16/26|
|   Leads Review|15 days|Fri 1/16/26|Thu 2/5/26|
|   *Leads Adj. Phase*|*10 days*|*Fri 2/6/26*|*Thu 2/19/26*|
|      GDMS Adj. Comments|5 days|Fri 2/6/26|Thu 2/12/26|
|      GDMS/EB Comment Walkthrough Meeting|1 day|Tue 2/17/26|Tue 2/17/26|
|      EB Verify Comments Incorporated|5 days|Fri 2/13/26|Thu 2/19/26|
|   Project Lead Review|5 days|Fri 2/20/26|Thu 2/26/26|
|   Supervisor Review|5 days|Fri 2/20/26|Thu 2/26/26|
|   *Project Lead/Supervisor Adj. Phase*|*7 days*|*Fri 2/27/26*|*Mon 3/9/26*|
|      GDMS Adj. Comments|5 days|Fri 2/27/26|Thu 3/5/26|
|      EB Verify Comments Incorporated|2 days|Fri 3/6/26|Mon 3/9/26|
|   QA Review|2 days|Tue 3/10/26|Wed 3/11/26|
|   TPQ Review|2 days|Thu 3/12/26|Fri 3/13/26|
|   Manager Review|5 days|Mon 3/16/26|Fri 3/20/26|
|   *QA/TPQ/Manager Adj. Phase*|*7 days*|*Mon 3/23/26*|*Tue 3/31/26*|
|      GDMS Adj. Comments|2 days|Mon 3/23/26|Tue 3/24/26|
|      Comment Response Walkthrough (as needed)|1 day|Wed 3/25/26|Wed 3/25/26|
|      GDMS Deliver Clean Draft|3 days|Wed 3/25/26|Fri 3/27/26|
|      EB Verify Comments Incorporated|2 days|Mon 3/30/26|Tue 3/31/26|
|   GDMS Deliver Final CM'd copy|3 days|Wed 4/1/26|Fri 4/3/26|
|   Transmittal for Info to NAVSEA|3 days|Mon 4/6/26|Wed 4/8/26
 
|",,mkuperst,,,,,";13/May/26 10:46 AM;cwhite10;1800",,,,,,,,,5760,3960,1800,31%,5760,3960,1800,,SSWUMS-1380,SSWUMS-1346,,,,,,SSWUMS-1181,,SSWUMS-1179,SSWUMS-1042,SSWUMS-1346,,,,,,,,,,,,SSWSYSPM-3012,,,,,,,,,,,,,,,,,,,SSWSYSPM,,,,,,,,cwhite10,,,05/May/26 12:00 AM,,SSWUMS-1363,,,Done,,,,,,,,,,,,,,No comments by current user.,,,,,,,,,,,,,,,,,,,,,"1|i07nq8:",,,,,,,,,,,,,,,,,,,,,,,SSWUMS Sprint 18.3,,,,,,,,,,0.2,,,,,15/Apr/26 12:00 AM,,,,,,,,,,,,,,,,,,,,,,,,,,,,,,,
C-CCA HRS - Project Lead/Supervisors Review,SSWUMS-1179,87458,Task,Done,SSWUMS,SSWUMS,software,mkuperst,"Welcome to the SSWUMS Team space, led by Meridith K (Product Owner). This space includes D440 and D454 resources, as well as Sprint and Kanban work.
",,High,Done,cwhite10,mkuperst,mkuperst,29/Oct/25 3:56 PM,20/Apr/26 10:47 AM,18/Sep/26 3:31 PM,20/Apr/26 10:46 AM,,PI18,,,,C-CCA HRS,,,,,,,,,,,,,,,,,,,,,,0,"X:\Programs.686.BlockVI\Seabed Warfare\05 Concept Development\UMS\4 Requirements\HRS\C2S\  
|Task Name|Duration|Start|Finish|
|*C-CCA HRS*|*59 days*|*Fri 1/16/26*|*Wed 4/8/26*|
|   Kickoff Meeting|0 days|Fri 1/16/26|Fri 1/16/26|
|   Leads Review|15 days|Fri 1/16/26|Thu 2/5/26|
|   *Leads Adj. Phase*|*10 days*|*Fri 2/6/26*|*Thu 2/19/26*|
|      GDMS Adj. Comments|5 days|Fri 2/6/26|Thu 2/12/26|
|      GDMS/EB Comment Walkthrough Meeting|1 day|Tue 2/17/26|Tue 2/17/26|
|      EB Verify Comments Incorporated|5 days|Fri 2/13/26|Thu 2/19/26|
|   Project Lead Review|5 days|Fri 2/20/26|Thu 2/26/26|
|   Supervisor Review|5 days|Fri 2/20/26|Thu 2/26/26|
|   *Project Lead/Supervisor Adj. Phase*|*7 days*|*Fri 2/27/26*|*Mon 3/9/26*|
|      GDMS Adj. Comments|5 days|Fri 2/27/26|Thu 3/5/26|
|      EB Verify Comments Incorporated|2 days|Fri 3/6/26|Mon 3/9/26|
|   QA Review|2 days|Tue 3/10/26|Wed 3/11/26|
|   TPQ Review|2 days|Thu 3/12/26|Fri 3/13/26|
|   Manager Review|5 days|Mon 3/16/26|Fri 3/20/26|
|   *QA/TPQ/Manager Adj. Phase*|*7 days*|*Mon 3/23/26*|*Tue 3/31/26*|
|      GDMS Adj. Comments|2 days|Mon 3/23/26|Tue 3/24/26|
|      Comment Response Walkthrough (as needed)|1 day|Wed 3/25/26|Wed 3/25/26|
|      GDMS Deliver Clean Draft|3 days|Wed 3/25/26|Fri 3/27/26|
|      EB Verify Comments Incorporated|2 days|Mon 3/30/26|Tue 3/31/26|
|   GDMS Deliver Final CM'd copy|3 days|Wed 4/1/26|Fri 4/3/26|
|   Transmittal for Info to NAVSEA|3 days|Mon 4/6/26|Wed 4/8/26|",,mkuperst,,,,,";09/Apr/26 10:24 AM;mkuperst;600",";20/Apr/26 10:46 AM;cwhite10;1200",,,,,,,,2880,1080,1800,62%,17280,1080,19800,,SSWUMS-1119,SSWUMS-1590,SSWUMS-1346,SSWUMS-1380,,,,SSWUMS-1380,SSWUMS-1180,SSWUMS-1119,SSWUMS-1042,SSWUMS-1346,,,,,,,,,,,,SSWSYSPM-3012,,,,,,,,,,,,,,,,,,,SSWHW,SSWSYSPM,SSWTEST,SSWUMS,,,,,cwhite10,,,16/Apr/26 12:00 AM,,SSWUMS-1363,,,Done,,,,,,SOS,Sprint,,,,"Posted on: Thu Apr 09 10:17:24 EDT 2026
Delayed due to Leads review running long. This stage was kicked off on 4/9 with ECD of 4/16.",,,No comments by current user.,,,,,,,,,,,,,,,,,,,,,"1|i07nq0:",,,,,,,,,,,,,,,,,,,,,,,SSWUMS Sprint 18.1,SSWUMS Sprint 18.2,,,,,,,,,0.1,,,,100%,02/Apr/26 12:00 AM,27/Mar/26 12:00 AM,,,,,,,,,,,0.0,0.0,0.0,,,0.0,0.0,0.0,0.0,0.0,0.0,0.0,"16/Feb/26 12:11 PM;mkuperst;GDMS planning to provide responses back to Leads Comments by end of month 2/27. Project Leads and supervisors delayed as a result. Moving task out to the following sprint.

Will request EB Leads responses back for 3/6, and any follow on discussions with GDMS to start at the 3/9 C2S Sync. Notional start of PL/S review would be 3/11 in sprint 17.6;;;","09/Apr/26 10:17 AM;mkuperst;Delayed due to Leads review running long. This stage was kicked off on 4/9 with ECD of 4/16.;;;",,,,,,
"OBMP Final Copy Receipt, Prep for Issuance",SSWUMS-1178,87457,Task,Cancelled,SSWUMS,SSWUMS,software,mkuperst,"Welcome to the SSWUMS Team space, led by Meridith K (Product Owner). This space includes D440 and D454 resources, as well as Sprint and Kanban work.
",,Medium,Won't Do,bchadwic,mkuperst,mkuperst,29/Oct/25 3:52 PM,05/Jun/26 10:22 AM,18/Sep/26 3:31 PM,05/Jun/26 10:22 AM,,PI18,,,,OBMP,,,,,,,,,,,,,,,,,,,,,,0,,,cwhite10,gbarry,mkuperst,,,";12/May/26 10:26 AM;gbarry;1200",,,,,,,,,1200,0,1200,100%,1200,0,1200,,,,,,,,,,,SSWUMS-1076,,,,,,,,,,,,,,,,,,,,,,,,,,,,,,,,,,,,,,,,,bchadwic,,,,,SSWUMS-1902,,,Done,,,,,,,,,,,"Posted on: Fri Jun 05 10:22:46 EDT 2026
Duplicate of SSWUMS-2004",,,No comments by current user.,,,,,,,,,,,,,,,,,,,,,"1|i07nps:",,,,,,,,,,,,,,,,,,,,,,,SSWUMS Sprint 18.6,,,,,,,,,,0.1,,,,,,,,,,,,,,,,,,,,,,,,,,,,,"12/May/26 10:27 AM;gbarry;Supervisor reviewed OBMP.  Still pending review of letter.  ;;;","05/Jun/26 10:22 AM;cwhite10;Duplicate of SSWUMS-2004;;;",,,,,,
PDMS HRS TPQ Review,SSWUMS-1177,87456,Task,Cancelled,SSWUMS,SSWUMS,software,mkuperst,"Welcome to the SSWUMS Team space, led by Meridith K (Product Owner). This space includes D440 and D454 resources, as well as Sprint and Kanban work.
",,Medium,Won't Do,bchadwic,mkuperst,mkuperst,29/Oct/25 3:51 PM,09/Apr/26 11:39 AM,18/Sep/26 3:31 PM,09/Apr/26 11:39 AM,,PI18,,,,PDMS HRS,,,,,,,,,,,,,,,,,,,,,,0,!image-2025-10-29-15-34-01-667.png!,,mkuperst,,,,,,,,,,,,,,0,0,,0%,0,0,,,,,,,,,,,,SSWUMS-1176,SSWUMS-804,,,,,,,,,,,,,SSWSYSPM-2944,,,"29/Oct/25 3:51 PM;mkuperst;image-2025-10-29-15-34-01-667.png;https://192.168.3.34/jira1/secure/attachment/19065/image-2025-10-29-15-34-01-667.png",,,,,,,,,,,,,,,,SSWSYSPM,,,,,,,,bchadwic,,,06/May/26 12:00 AM,,SSWUMS-1585,,,Done,,,,,,SOS,Sprint,,,,"Posted on: Thu Apr 09 11:39:37 EDT 2026
Merged with SSWUMS-1176",,,No comments by current user.,,,,,,,,,,,,,,,,,,,,,"1|i07npk:",,,,,,,,,,,,,,,,,,,,,,,SSWUMS Sprint 18.4,,,,,,,,,,0.0,,,,,14/Jan/26 12:00 AM,,,,,,,,,,,,,,,,,,,,,,,,"09/Apr/26 10:28 AM;mkuperst;Delayed due to pending completion of Leads review.;;;","09/Apr/26 11:39 AM;mkuperst;Merged with SSWUMS-1176;;;",,,,,,
PDMS HRS QA/TPQ/Manager Review,SSWUMS-1176,87455,Task,Done,SSWUMS,SSWUMS,software,mkuperst,"Welcome to the SSWUMS Team space, led by Meridith K (Product Owner). This space includes D440 and D454 resources, as well as Sprint and Kanban work.
",,Medium,Done,bchadwic,mkuperst,mkuperst,29/Oct/25 3:51 PM,15/Jun/26 8:45 AM,18/Sep/26 3:31 PM,15/Jun/26 8:45 AM,,PI18,,,,PDMS HRS,,,,,,,,,,,,,,,,,,,,,,0,!image-2025-10-29-15-34-01-667.png!,,cwhite10,mkuperst,,,,";15/Jun/26 8:45 AM;cwhite10;1800",,,,,,,,,5760,3960,1800,31%,5760,3960,1800,,,,,,,,,SSWUMS-1177,,SSWUMS-1163,SSWUMS-804,,,,,,,,,,,,,SSWSYSPM-2944,,,"29/Oct/25 3:51 PM;mkuperst;image-2025-10-29-15-34-01-667.png;https://192.168.3.34/jira1/secure/attachment/19064/image-2025-10-29-15-34-01-667.png",,,,,,,,,,,,,,,,SSWSYSPM,,,,,,,,bchadwic,,,28/May/26 12:00 AM,,SSWUMS-1585,,,Done,,,,,,SOS,Sprint,,,,"Posted on: Tue Jun 02 12:31:57 EDT 2026
Project Lead finished Review on 6/1, review Cycles shifted",,,No comments by current user.,,,,,,,,,,,,,,,,,,,,,"1|i07npc:",,,,,,,,,,,,,,,,,,,,,,,SSWUMS Sprint 18.5,SSWUMS Sprint 18.6,,,,,,,,,0.2,,,,,13/Jan/26 12:00 AM,,,,,,,,,,,,,,,,,,,,,,,,"09/Apr/26 10:28 AM;mkuperst;Delayed due to pending completion of Leads review.;;;","09/Apr/26 11:39 AM;mkuperst;Merging QA/TPQ/Manager into one task.;;;","02/Jun/26 12:31 PM;cwhite10;Project Lead finished Review on 6/1, review Cycles shifted;;;",,,,,
PDMS RVTM TPQ review,SSWUMS-1175,87454,Task,Done,SSWUMS,SSWUMS,software,mkuperst,"Welcome to the SSWUMS Team space, led by Meridith K (Product Owner). This space includes D440 and D454 resources, as well as Sprint and Kanban work.
",,Medium,Done,bchadwic,bchadwic,mkuperst,29/Oct/25 3:50 PM,25/Feb/26 12:45 PM,18/Sep/26 3:31 PM,14/Jan/26 8:53 AM,,PI17,,,,PDMS RVTM,,,,,,,,,,,,,,,,,,,,,,0,"Review of Rev - of the PDMS RVTM.

X-Drive Location - <X:\Programs.686.BlockVI\Seabed Warfare\05 Concept Development\UMS\4 Requirements\B-Specs\PDMS\RVTM Rev (-) For Approval>
|Step|Dates|Stakeholders|
|Leads Review|10/9 - 10/22|B. Chadwick, M. Kuperstein, J. Sevigny, M. Sweeney, L. Moran|
|Leads Review Adjudication|10/23 - 11/5|B. Chadwick, M. Kuperstein, J. Sevigny, M. Sweeney, L. Moran|
|Supervisor/Project Lead Review|11/6 - 11/19|A. White, A. Viola|
|Supervisor/Project Lead Adjudication|11/20 - 12/5|A. White, A. Viola|
|Manager Review|12/8 – 12/11|M. Scussel|
|Manager Adjudication|12/12 – 12/17|M. Scussel|",,mkuperst,,,,,";14/Jan/26 8:53 AM;bchadwic;3600",,,,,,,,,5760,2160,3600,62%,5760,2160,3600,,,,,,,,,,,SSWUMS-1174,,,,,,,,,,,,,,,,,,,,,,,,,,,,,,,,,,,,,,,,,bchadwic,,,13/Jan/26 12:00 AM,,SSWUMS-962,,,Done,,,,,,SOS,,,,,,,,No comments by current user.,,,,,,,,,,,,,,,,,,,,,"1|i07np4:",,,,,20/Oct/25 12:00 AM,,,,,,,,,,,Medium,,,,,,,SSWUMS Sprint 17.1,,,,,,,,,,0.2,,,,,10/Dec/25 12:00 AM,,,,,,,,,,,,,0.0,0.0,,0.0,,,0.0,,,,,,,,,,,,
PDMS RVTM QA review,SSWUMS-1174,87453,Task,Done,SSWUMS,SSWUMS,software,mkuperst,"Welcome to the SSWUMS Team space, led by Meridith K (Product Owner). This space includes D440 and D454 resources, as well as Sprint and Kanban work.
",,Medium,Done,bchadwic,bchadwic,mkuperst,29/Oct/25 3:49 PM,25/Feb/26 12:45 PM,18/Sep/26 3:31 PM,15/Jan/26 12:43 PM,,PI17,,,,PDMS RVTM,,,,,,,,,,,,,,,,,,,,,,0,"Review of Rev - of the PDMS RVTM.

X-Drive Location - <X:\Programs.686.BlockVI\Seabed Warfare\05 Concept Development\UMS\4 Requirements\B-Specs\PDMS\RVTM Rev (-) For Approval>
|Step|Dates|Stakeholders|
|Leads Review|10/9 - 10/22|B. Chadwick, M. Kuperstein, J. Sevigny, M. Sweeney, L. Moran|
|Leads Review Adjudication|10/23 - 11/5|B. Chadwick, M. Kuperstein, J. Sevigny, M. Sweeney, L. Moran|
|Supervisor/Project Lead Review|11/6 - 11/19|A. White, A. Viola|
|Supervisor/Project Lead Adjudication|11/20 - 12/5|A. White, A. Viola|
|Manager Review|12/8 – 12/11|M. Scussel|
|Manager Adjudication|12/12 – 12/17|M. Scussel|",,mkuperst,,,,,";14/Jan/26 8:54 AM;bchadwic;1200",";15/Jan/26 12:43 PM;bchadwic;3600",,,,,,,,5760,960,4800,83%,5760,960,4800,,,,,,,,,SSWUMS-1175,,SSWUMS-1162,,,,,,,,,,,,,,,,,,,,,,,,,,,,,,,,,,,,,,,,,bchadwic,,,13/Jan/26 12:00 AM,,SSWUMS-962,,,Done,,,,,,SOS,,,,,,,,No comments by current user.,,,,,,,,,,,,,,,,,,,,,"1|i07now:",,,,,20/Oct/25 12:00 AM,,,,,,,,,,,Medium,,,,,,,SSWUMS Sprint 17.1,SSWUMS Sprint 17.2,,,,,,,,,0.2,,,,,10/Dec/25 12:00 AM,,,,,,,,,,,,,0.0,0.0,,0.0,,,0.0,,,,,,,,,,,,
UMS Software Development Plan - Admin & Transmittal for Info - 1/9,SSWUMS-1173,87452,Task,Done,SSWUMS,SSWUMS,software,mkuperst,"Welcome to the SSWUMS Team space, led by Meridith K (Product Owner). This space includes D440 and D454 resources, as well as Sprint and Kanban work.
",,Medium,Done,mkuperst,mkuperst,mkuperst,29/Oct/25 3:48 PM,12/Jan/26 2:21 PM,18/Sep/26 3:31 PM,12/Jan/26 2:21 PM,,PI17,,,,UMS SwDP,,,,,,,,,,,,,,,,,,,,,09/Jan/26 12:00 AM,0,"X:\Programs.686.BlockVI\Seabed Warfare\05 Concept Development\UMS\4 Requirements\SDP\Rev C
 
|Task Name|Duration|Start|Finish|
|   QA Review|2 days|Mon 12/1/25|Tue 12/2/25|
|   TPQ Review|2 days|Wed 12/3/25|Thu 12/4/25|
|   Manager Review|5 days|Fri 12/5/25|Thu 12/11/25|
|   *Manager Adj.*|*7 days*|*Fri 12/12/25*|*Mon 12/22/25*|
|      GDMS Adj. Comments|2 days|Fri 12/12/25|Mon 12/15/25|
|      Comment Response Walkthrough|1 day|Tue 12/16/25|Tue 12/16/25|
|      GDMS Deliver Clean Draft|2 days|Wed 12/17/25|Thu 12/18/25|
|      EB Verify Comments Incorporated|2 days|Fri 12/19/25|Mon 12/22/25|
|   GDMS Deliver Final CM'd copy|3 days|Tue 12/23/25|Tue 1/6/26|
|   Transmittal for Info to NAVSEA|3 days|Wed 1/7/26|Fri 1/9/26|",,mkuperst,,,,,";12/Jan/26 2:21 PM;cwhite10;3600",,,,,,,,,5760,2160,3600,62%,5760,2160,3600,,,,,,,,,,,SSWUMS-1172,,,,,,,,,,,,,,,,,,,,,,,,,,,,,,,,,,,,,,,,,mkuperst,,,09/Jan/26 12:00 AM,,SSWUMS-1185,,,Done,,,,,,SOS,Sprint,,,,,,,No comments by current user.,,,,,,,,mkuperst,cwhite10,,,,,,,,,,,,"1|i07noo:",,,,,,,,,,,,,,,,Medium,,,,,,,SSWUMS Sprint 17.1,,,,,,,,,,0.2,,,,,09/Jan/26 12:00 AM,,,,,,,,,,,,,0.0,0.0,,0.0,,,0.0,,,,,,,,,,,,
UMS Software Development Plan - Manager adj - due 12/22,SSWUMS-1172,87450,Task,Done,SSWUMS,SSWUMS,software,mkuperst,"Welcome to the SSWUMS Team space, led by Meridith K (Product Owner). This space includes D440 and D454 resources, as well as Sprint and Kanban work.
",,Medium,Done,mkuperst,mkuperst,mkuperst,29/Oct/25 3:48 PM,12/Jan/26 11:02 AM,18/Sep/26 3:31 PM,12/Jan/26 11:02 AM,,PI17,,,,UMS SwDP,,,,,,,,,,,,,,,,,,,,,22/Dec/25 12:00 AM,0,"X:\Programs.686.BlockVI\Seabed Warfare\05 Concept Development\UMS\4 Requirements\SDP\Rev C
 
|Task Name|Duration|Start|Finish|
|   QA Review|2 days|Mon 12/1/25|Tue 12/2/25|
|   TPQ Review|2 days|Wed 12/3/25|Thu 12/4/25|
|   Manager Review|5 days|Fri 12/5/25|Thu 12/11/25|
|   *Manager Adj.*|*7 days*|*Fri 12/12/25*|*Mon 12/22/25*|
|      GDMS Adj. Comments|2 days|Fri 12/12/25|Mon 12/15/25|
|      Comment Response Walkthrough|1 day|Tue 12/16/25|Tue 12/16/25|
|      GDMS Deliver Clean Draft|2 days|Wed 12/17/25|Thu 12/18/25|
|      EB Verify Comments Incorporated|2 days|Fri 12/19/25|Mon 12/22/25|
|   GDMS Deliver Final CM'd copy|3 days|Tue 12/23/25|Tue 1/6/26|
|   Transmittal for Info to NAVSEA|3 days|Wed 1/7/26|Fri 1/9/26|",,bchadwic,mkuperst,,,,"Received back from GDMS. Need verifications from [~mkuperst] [~bchadwic] [~mscussel] [~aattanas] . MK will be verifying and signing off for [~cmerrima] 's open comment. Verifications due Monday 9am.;17/Dec/25 11:28 AM;mkuperst;600","Remaining comment closed with 01/05/26 ""For CM"" revision.;05/Jan/26 1:53 PM;bchadwic;1200","All EB signatures received.;12/Jan/26 11:02 AM;mkuperst;1800",,,,,,,14400,10800,3600,25%,14400,10800,3600,,,,,,,,,SSWUMS-1173,,SSWUMS-1171,,,,,,,,,,,,,,,,,,,,,,,,,,,,,,,,,,,,,,,,,mkuperst,,,08/Jan/26 12:00 AM,,SSWUMS-1185,,,Done,,,,,,SOS,Sprint,,,,"Posted on: Mon Jan 12 11:02:22 EST 2026
All EB signatures received.",,,No comments by current user.,,,,,,,,mkuperst,bchadwic,,,,,,,,,,,,"1|i07no8:",,,TBD,,05/Jan/26 12:00 AM,Approved,,,,,,,,,,Medium,,,,,,,SSWUMS Sprint 89-14.5 (PI14),SSWUMS Sprint 17.1,,,,,,,,,0.5,,,,,22/Dec/25 12:00 AM,,,,,,,,,,,,,0.0,0.0,,0.0,,,0.0,,,,,"17/Dec/25 11:28 AM;mkuperst;Received back from GDMS. Need verifications from [~mkuperst] [~bchadwic] [~mscussel] [~aattanas] . MK will be verifying and signing off for [~cmerrima] 's open comment. Verifications due Monday 9am.;;;","17/Dec/25 2:39 PM;mkuperst;Verified Craig's comments and mine.;;;","23/Dec/25 12:12 PM;mkuperst;In addition to the cover page date needing to be updated, the following comments still require incorporation:
 * Comment 6 of the main log.
 * The sentence above Table 5-2 still incorrectly references Table 5-1 instead of Table 5-2


 * Comment 6 of the QA log.
 * Page 30, Section 5.1 starts with “Project planning is performed as described in Agile Planning Instructionto”. Need a space between “Instruction’ and “to”


 * Comment 7 of the QA log
 * Page 49, Section 9.2.1.1.1 second sentence is  “Refer to ENG-INS-1.2.2 Engineering Roles and Responsibilitiesfor a description of the team member roles.” Again, need a space to separate “Responsibilities” and “for”

GDMS is investigating why some of the fixes from previous comments aren't sticking, and will re-provide a new clean copy. Won't receive this until EB is back from shutdown.;;;","05/Jan/26 1:53 PM;bchadwic;Remaining comment closed with 01/05/26 ""For CM"" revision.;;;","12/Jan/26 11:02 AM;mkuperst;All EB signatures received.;;;",,,
UMS Software Development Plan - Manager review - due 12/11,SSWUMS-1171,87449,Task,Done,SSWUMS,SSWUMS,software,mkuperst,"Welcome to the SSWUMS Team space, led by Meridith K (Product Owner). This space includes D440 and D454 resources, as well as Sprint and Kanban work.
",,Medium,Done,mkuperst,mkuperst,mkuperst,29/Oct/25 3:46 PM,11/Dec/25 2:59 PM,18/Sep/26 3:31 PM,11/Dec/25 2:59 PM,,PI14,,,,UMS SwDP,,,,,,,,,,,,,,,,,,,,,11/Dec/25 12:00 AM,0,"X:\Programs.686.BlockVI\Seabed Warfare\05 Concept Development\UMS\4 Requirements\SDP\Rev C
 
|Task Name|Duration|Start|Finish|
|   QA Review|2 days|Mon 12/1/25|Tue 12/2/25|
|   TPQ Review|2 days|Wed 12/3/25|Thu 12/4/25|
|   Manager Review|5 days|Fri 12/5/25|Thu 12/11/25|
|   *Manager Adj.*|*7 days*|*Fri 12/12/25*|*Mon 12/22/25*|
|      GDMS Adj. Comments|2 days|Fri 12/12/25|Mon 12/15/25|
|      Comment Response Walkthrough|1 day|Tue 12/16/25|Tue 12/16/25|
|      GDMS Deliver Clean Draft|2 days|Wed 12/17/25|Thu 12/18/25|
|      EB Verify Comments Incorporated|2 days|Fri 12/19/25|Mon 12/22/25|
|   GDMS Deliver Final CM'd copy|3 days|Tue 12/23/25|Tue 1/6/26|
|   Transmittal for Info to NAVSEA|3 days|Wed 1/7/26|Fri 1/9/26|",,mkuperst,,,,,";11/Dec/25 2:59 PM;mkuperst;1800",,,,,,,,,5760,3960,1800,31%,5760,3960,1800,,,,,,,,,SSWUMS-1172,,SSWUMS-1170,,,,,,,,,,,,,,,,,,,,,,,,,,,,,,,,,,,,,,,,,mkuperst,,,11/Dec/25 12:00 AM,,SSWUMS-1109,,,Done,,,,,,SOS,Sprint,,,,"Posted on: Thu Dec 11 14:25:50 EST 2025
Manager responses received.",,,No comments by current user.,,,,,,,,mkuperst,cwhite10,,,,,,,,,,,,"1|i07no0:",,,,,,,,,,,,,,,,Medium,,,,,,,SSWUMS Sprint 89-14.5 (PI14),,,,,,,,,,0.2,,,,,11/Dec/25 12:00 AM,,,,,,,,,,,,,0.0,0.0,,0.0,,,0.0,,,,,"11/Dec/25 2:25 PM;mkuperst;Manager responses received.;;;",,,,,,,
UMS Software Development Plan - TPQ review - due 12/4,SSWUMS-1170,87448,Task,Done,SSWUMS,SSWUMS,software,mkuperst,"Welcome to the SSWUMS Team space, led by Meridith K (Product Owner). This space includes D440 and D454 resources, as well as Sprint and Kanban work.
",,Medium,Done,mkuperst,mkuperst,mkuperst,29/Oct/25 3:45 PM,04/Dec/25 9:39 AM,18/Sep/26 3:31 PM,04/Dec/25 9:39 AM,,PI14,,,,UMS SwDP,,,,,,,,,,,,,,,,,,,,,04/Dec/25 12:00 AM,0,"X:\Programs.686.BlockVI\Seabed Warfare\05 Concept Development\UMS\4 Requirements\SDP\Rev C
 
|Task Name|Duration|Start|Finish|
|   QA Review|2 days|Mon 12/1/25|Tue 12/2/25|
|   TPQ Review|2 days|Wed 12/3/25|Thu 12/4/25|
|   Manager Review|5 days|Fri 12/5/25|Thu 12/11/25|
|   *Manager Adj.*|*7 days*|*Fri 12/12/25*|*Mon 12/22/25*|
|      GDMS Adj. Comments|2 days|Fri 12/12/25|Mon 12/15/25|
|      Comment Response Walkthrough|1 day|Tue 12/16/25|Tue 12/16/25|
|      GDMS Deliver Clean Draft|2 days|Wed 12/17/25|Thu 12/18/25|
|      EB Verify Comments Incorporated|2 days|Fri 12/19/25|Mon 12/22/25|
|   GDMS Deliver Final CM'd copy|3 days|Tue 12/23/25|Tue 1/6/26|
|   Transmittal for Info to NAVSEA|3 days|Wed 1/7/26|Fri 1/9/26|",,mkuperst,scodd,,,,";02/Dec/25 9:23 PM;mkuperst;600","Open and close to pull into current sprint metrics - scodd;04/Dec/25 9:39 AM;scodd;60",,,,,,,,5760,5100,660,11%,5760,5100,660,,,,,,,,,SSWUMS-1171,,SSWUMS-1169,,,,,,,,,,,,,,,,,,,,,,,,,,,,,,,,,,,,,,,,,mkuperst,,,,,SSWUMS-1109,,,Done,,,,,,SOS,Sprint,,,,"Posted on: Thu Dec 04 09:39:57 EST 2025
Open and close to pull into current sprint metrics - scodd",,,No comments by current user.,,,,,,,,mkuperst,cwhite10,,,,,,,,,,,,"1|i07nns:",,,TBD,,,TBD,,,,,,,,,,Medium,,,,,,,SSWUMS Sprint 89-14.5 (PI14),,,,,,,,,,0.2,,,,,,,,,,,,,,,,,,0.0,0.0,,0.0,,,0.0,,,,,"02/Dec/25 9:23 PM;mkuperst;Linda completed review early with no comments.;;;","04/Dec/25 9:39 AM;scodd;Open and close to pull into current sprint metrics - scodd;;;",,,,,,
UMS Software Development Plan - QA review - due 12/2,SSWUMS-1169,87447,Task,Done,SSWUMS,SSWUMS,software,mkuperst,"Welcome to the SSWUMS Team space, led by Meridith K (Product Owner). This space includes D440 and D454 resources, as well as Sprint and Kanban work.
",,Medium,Done,mkuperst,mkuperst,mkuperst,29/Oct/25 3:45 PM,02/Dec/25 12:41 PM,18/Sep/26 3:31 PM,02/Dec/25 12:41 PM,,PI14,,,,UMS SwDP,,,,,,,,,,,,,,,,,,,,,02/Dec/25 12:00 AM,0,"X:\Programs.686.BlockVI\Seabed Warfare\05 Concept Development\UMS\4 Requirements\SDP\Rev C
|   QA Review|2 days|Mon 12/1/25|Tue 12/2/25|
|   TPQ Review|2 days|Wed 12/3/25|Thu 12/4/25|
|   Manager Review|5 days|Fri 12/5/25|Thu 12/11/25|
|   *Manager Adj.*|*7 days*|*Fri 12/12/25*|*Mon 12/22/25*|
|      GDMS Adj. Comments|2 days|Fri 12/12/25|Mon 12/15/25|
|      Comment Response Walkthrough|1 day|Tue 12/16/25|Tue 12/16/25|
|      GDMS Deliver Clean Draft|2 days|Wed 12/17/25|Thu 12/18/25|
|      EB Verify Comments Incorporated|2 days|Fri 12/19/25|Mon 12/22/25|
|   GDMS Deliver Final CM'd copy|3 days|Tue 12/23/25|Tue 1/6/26|
|   Transmittal for Info to NAVSEA|3 days|Wed 1/7/26|Fri 1/9/26|
 ",,mkuperst,,,,,"Tony provided comments. Comments sent to GDMS, will be incorporated for 12/17 draft;02/Dec/25 12:41 PM;mkuperst;3600",,,,,,,,,8640,5040,3600,41%,8640,5040,3600,,,,,,,,,SSWUMS-1170,,SSWUMS-1168,,,,,,,,,,,,,,,,,,,,,,,,,,,,,,,,,,,,,,,,,mkuperst,,,02/Dec/25 12:00 AM,,SSWUMS-1109,,,Done,,,,,,SOS,Sprint,,,,"Posted on: Tue Dec 02 12:41:48 EST 2025
Tony provided comments. Comments sent to GDMS, will be incorporated for 12/17 draft",,,No comments by current user.,,,,,,,,mkuperst,,,,,,,,,,,,,"1|i07nnk:",,,,,,,,,,,,,,,,Medium,,,,,,,SSWUMS Sprint 88-14.4 (PI14),,,,,,,,,,0.3,,,,,02/Dec/25 12:00 AM,,,,,,,,,,,,,0.0,0.0,,0.0,,,0.0,,,,,"02/Dec/25 12:41 PM;mkuperst;Tony provided comments. Comments sent to GDMS, will be incorporated for 12/17 draft;;;",,,,,,,
UMS Software Development Plan - EB Comment Adj - due 11/26,SSWUMS-1168,87446,Task,Done,SSWUMS,SSWUMS,software,mkuperst,"Welcome to the SSWUMS Team space, led by Meridith K (Product Owner). This space includes D440 and D454 resources, as well as Sprint and Kanban work.
",,Medium,Done,mkuperst,mkuperst,mkuperst,29/Oct/25 3:45 PM,01/Dec/25 2:36 PM,18/Sep/26 3:31 PM,01/Dec/25 2:36 PM,,PI14,,,,UMS SwDP,,,,,,,,,,,,,,,,,,,,,26/Nov/25 12:00 AM,0,"X:\Programs.686.BlockVI\Seabed Warfare\05 Concept Development\UMS\4 Requirements\SDP\Rev C
|Task Name|Duration|Start|Finish|
|*UMS Software Development Plan*|*55 days*|*Mon 10/13/25*|*Fri 1/9/26*|
|   Received from GDMS|0 days|Mon 10/13/25|Mon 10/13/25|
|   EB Review Prep|7 days|Mon 10/13/25|Tue 10/21/25|
|   Leads Review|10 days|Wed 10/22/25|Tue 11/4/25|
|   Project Lead Review|5 days|Wed 11/5/25|Tue 11/11/25|
|   Supervisor Review|5 days|Wed 11/5/25|Tue 11/11/25|
|   *Leads/Project Lead/Supervisor Adj.*|*11 days*|*Wed 11/12/25*|*Wed 11/26/25*|
|      GDMS Adj. Comments|5 days|Wed 11/12/25|Tue 11/18/25|
|      Comment Response Walkthrough|1 day|Wed 11/19/25|Wed 11/19/25|
|      GDMS Deliver Clean Draft|3 days|Thu 11/20/25|Mon 11/24/25|
|      EB Verify Comments Incorporated|2 days|Tue 11/25/25|Wed 11/26/25|
|   QA Review|2 days|Mon 12/1/25|Tue 12/2/25|
|   TPQ Review|2 days|Wed 12/3/25|Thu 12/4/25|
|   Manager Review|5 days|Fri 12/5/25|Thu 12/11/25|
|   *Manager Adj.*|*7 days*|*Fri 12/12/25*|*Mon 12/22/25*|
|      GDMS Adj. Comments|2 days|Fri 12/12/25|Mon 12/15/25|
|      Comment Response Walkthrough|1 day|Tue 12/16/25|Tue 12/16/25|
|      GDMS Deliver Clean Draft|2 days|Wed 12/17/25|Thu 12/18/25|
|      EB Verify Comments Incorporated|2 days|Fri 12/19/25|Mon 12/22/25|
|   GDMS Deliver Final CM'd copy|3 days|Tue 12/23/25|Tue 1/6/26|
|   Transmittal for Info to NAVSEA|3 days|Wed 1/7/26|Fri 1/9/26|

 
 ",,bchadwic,fopuszyn,mkuperst,pclarke,,";21/Nov/25 8:40 AM;mkuperst;3600",";24/Nov/25 10:28 AM;bchadwic;900",";25/Nov/25 1:54 PM;cwhite10;1200","see previous comment;01/Dec/25 2:35 PM;mkuperst;10800",";01/Dec/25 2:36 PM;mkuperst;60",,,,,57600,41040,16560,28%,57600,41040,16560,,,,,,,,,SSWUMS-1169,,SSWUMS-1167,,,,,,,,,,,,,,,,,,,,,,,,,,,,,,,,,,,,,,,,,mkuperst,,,01/Dec/25 12:00 AM,,SSWUMS-1109,,,Done,,,,,,SOS,Sprint,,,,"Posted on: Mon Dec 01 14:35:52 EST 2025
see previous comment",,,No comments by current user.,,,,,,,,mkuperst,cwhite10,bchadwic,,fopuszyn,,cmerrima,,,,,,,"1|i07nnc:",,01/Dec/25 12:00 AM,Approved,,25/Nov/25 12:00 AM,Approved,,,TBD,,,Approved,,,TBD,Medium,,,,,,,SSWUMS Sprint 87-14.3 (PI14),SSWUMS Sprint 88-14.4 (PI14),,,,,,,,,2.0,,,,,26/Nov/25 12:00 AM,,,,,,,,,,,,,0.0,0.0,,0.0,,,0.0,,,,,"13/Nov/25 12:02 PM;pclarke;Completed my review. Frank and Craig's comments are included in the same comment log. I noticed incorporation of ""firmware"" references into this document was not done very smoothly and needs refinement.  I have no place to ""Approved"" but indicate it here.;;;","24/Nov/25 10:28 AM;bchadwic;2 comments closed, one comment still open;;;","25/Nov/25 8:50 AM;pclarke;Completed Adjudication of the responses to my comments.;;;","25/Nov/25 11:00 AM;mkuperst;Verified, had one comment open still. Also noted that the clean copy also has a redline in it? (Sections 3.1.1, 4.3.1, 5.2.1.1, 5.2.1.2, 8.2);;;","25/Nov/25 11:58 AM;fopuszyn;Reviewed my comments against revised GDMS SDP...   All good. Approved.;;;","26/Nov/25 12:37 PM;mkuperst;Log sent back to GDMS. Open comments from [~mkuperst] , [~bchadwic] , [~cmerrima] are editorial. Open comments from [~pclarke] will be discussed at Monday C2S sync, expecting that they will be deferred to next Rev.

Planning to close this task out following the sync.;;;","01/Dec/25 2:35 PM;mkuperst;[~pclarke] wasn't able to attend the C2S sync. His comments will be deferred.

Remaining editorial updates will be in the next clean version we get.;;;","01/Dec/25 2:35 PM;mkuperst;see previous comment;;;"
UMS Software Development Plan - Project Lead/Supervisor Review - due 11/11,SSWUMS-1167,87445,Task,Done,SSWUMS,SSWUMS,software,mkuperst,"Welcome to the SSWUMS Team space, led by Meridith K (Product Owner). This space includes D440 and D454 resources, as well as Sprint and Kanban work.
",,Medium,Done,mkuperst,mkuperst,mkuperst,29/Oct/25 3:44 PM,17/Nov/25 9:04 AM,18/Sep/26 3:31 PM,17/Nov/25 9:04 AM,,PI14,,,,UMS SwDP,,,,,,,,,,,,,,,,,,,,,11/Nov/25 12:00 AM,0,"Coordinating this review phase

X:\Programs.686.BlockVI\Seabed Warfare\05 Concept Development\UMS\4 Requirements\SDP\Rev C
|Task Name|Duration|Start|Finish|
|*UMS Software Development Plan*|*54 days*|*Mon 10/13/25*|*Wed 1/7/26*|
|   Received from GDMS|0 days|Mon 10/13/25|Mon 10/13/25|
|   EB Review Prep|7 days|Mon 10/13/25|Tue 10/21/25|
|   Leads Review|10 days|Wed 10/22/25|Tue 11/4/25|
|   Project Lead Review|5 days|Wed 11/5/25|Tue 11/11/25|
|   Supervisor Review|5 days|Wed 11/5/25|Tue 11/11/25|
|   *Leads/Project Lead/Supervisor Adj.*|*10 days*|*Wed 11/12/25*|*Tue 11/25/25*|
|      GDMS Adj. Comments|5 days|Wed 11/12/25|Tue 11/18/25|
|      Comment Response Walkthrough|1 day|Wed 11/19/25|Wed 11/19/25|
|      GDMS Deliver Clean Draft|2 days|Thu 11/20/25|Fri 11/21/25|
|      EB Verify Comments Incorporated|2 days|Mon 11/24/25|Tue 11/25/25|
|   QA Review|2 days|Wed 11/26/25|Thu 11/27/25|
|   TPQ Review|2 days|Mon 12/1/25|Tue 12/2/25|
|   Manager Review|5 days|Wed 12/3/25|Tue 12/9/25|
|   *Manager Adj.*|*7 days*|*Wed 12/10/25*|*Thu 12/18/25*|
|      GDMS Adj. Comments|2 days|Wed 12/10/25|Thu 12/11/25|
|      Comment Response Walkthrough|1 day|Fri 12/12/25|Fri 12/12/25|
|      GDMS Deliver Clean Draft|2 days|Mon 12/15/25|Tue 12/16/25|
|      EB Verify Comments Incorporated|2 days|Wed 12/17/25|Thu 12/18/25|
|   GDMS Deliver Final CM'd copy|3 days|Fri 12/19/25|Tue 12/23/25|
|   Transmittal for Info to NAVSEA|3 days|Mon 1/5/26|Wed 1/7/26|",,mkuperst,pclarke,,,,,,,,,,,,,5760,5760,,0%,5760,5760,,,,,,,,,,SSWUMS-1168,,SSWUMS-1108,,,,,,,,,,,,,,,,,,,,,,,,,,,,,,,,,,,,,,,,,mkuperst,,,,,SSWUMS-1109,,,Done,,,,,,SOS,Sprint,,,,"Posted on: Mon Nov 17 09:03:53 EST 2025
All comments with GDMS. No comments from Greg or Art. Adam said to move on without his review.",,,No comments by current user.,,,,,,,,mkuperst,,,,,,cmerrima,,,,,,,"1|i07nn4:",,,,,,,,,,,,,,,,Medium,,,,,,,SSWUMS Sprint 87-14.3 (PI14),,,,,,,,,,0.2,,,,,11/Nov/25 12:00 AM,,,,,,,,,,,,,0.0,0.0,,0.0,,,0.0,,,,,"13/Nov/25 12:09 PM;pclarke;All SSMs have reviewed the Software Development Plan.;;;","17/Nov/25 9:03 AM;mkuperst;All comments with GDMS. No comments from Greg or Art. Adam said to move on without his review.;;;",,,,,,
PDMS HRS QA/TPQ/Manager Adj,SSWUMS-1166,87444,Task,Done,SSWUMS,SSWUMS,software,mkuperst,"Welcome to the SSWUMS Team space, led by Meridith K (Product Owner). This space includes D440 and D454 resources, as well as Sprint and Kanban work.
",,Medium,Done,bchadwic,mkuperst,mkuperst,29/Oct/25 3:39 PM,15/Jun/26 8:45 AM,18/Sep/26 3:31 PM,15/Jun/26 8:45 AM,,PI18,,,,PDMS HRS,,,,,,,,,,,,,,,,,,,,,,0,!image-2025-10-29-15-34-01-667.png!,,bchadwic,cwhite10,mkuperst,,,";15/Jun/26 8:45 AM;cwhite10;900",,,,,,,,,5760,4860,900,15%,5760,4860,900,,,,,,,,,,,SSWUMS-1165,SSWUMS-804,,,,,,,,,,,,,SSWSYSPM-2944,,,"29/Oct/25 3:39 PM;mkuperst;image-2025-10-29-15-34-01-667.png;https://192.168.3.34/jira1/secure/attachment/19063/image-2025-10-29-15-34-01-667.png",,,,,,,,,,,,,,,,SSWSYSPM,,,,,,,,bchadwic,,,20/May/26 12:00 AM,,SSWUMS-1585,,,Done,,,,,,SOS,Sprint,,,,"Posted on: Tue Jun 02 12:33:42 EDT 2026
Project Lead finished Review on 6/1, review Cycles shifted",,,No comments by current user.,,,,,,,,,,,,,,,,,,,,,"1|i07nmw:",,,,,,,,,,,,,,,,,,,,,,,SSWUMS Sprint 18.5,SSWUMS Sprint 18.6,,,,,,,,,0.2,,,,,15/Jan/26 12:00 AM,,,,,,,,,,,,,,,,,,,,,,,,"09/Apr/26 10:28 AM;mkuperst;Delayed due to pending completion of Leads review.;;;","20/May/26 1:33 PM;bchadwic;Delayed due to pending completion of supervisor review.;;;","02/Jun/26 12:32 PM;cwhite10;Project Lead finshed Revie on 6/1 review Cycles shifted;;;","02/Jun/26 12:33 PM;cwhite10;Project Lead finished Review on 6/1, review Cycles shifted;;;",,,,
PDMS HRS Manager Review,SSWUMS-1165,87443,Task,Cancelled,SSWUMS,SSWUMS,software,mkuperst,"Welcome to the SSWUMS Team space, led by Meridith K (Product Owner). This space includes D440 and D454 resources, as well as Sprint and Kanban work.
",,Medium,Won't Do,bchadwic,mkuperst,mkuperst,29/Oct/25 3:38 PM,02/Jun/26 12:12 PM,18/Sep/26 3:31 PM,02/Jun/26 12:12 PM,,PI18,,,,PDMS HRS,,,,,,,,,,,,,,,,,,,,,,0,!image-2025-10-29-15-34-01-667.png!,,cwhite10,mkuperst,,,,,,,,,,,,,0,0,,0%,0,0,,,,,,,,,,SSWUMS-1166,,SSWUMS-1164,SSWUMS-804,,,,,,,,,,,,,SSWSYSPM-2944,,,"29/Oct/25 3:38 PM;mkuperst;image-2025-10-29-15-34-01-667.png;https://192.168.3.34/jira1/secure/attachment/19062/image-2025-10-29-15-34-01-667.png",,,,,,,,,,,,,,,,,,,,,,,,bchadwic,,,02/Jun/26 12:00 AM,,SSWUMS-1585,,,Done,,,,,,SOS,Sprint,,,,"Posted on: Tue Jun 02 12:12:45 EDT 2026
Duplicate of SSWUMS-1176",,,No comments by current user.,,,,,,,,,,,,,,,,,,,,,"1|i07nmo:",,,,,,,,,,,,,,,,,,,,,,,SSWUMS Sprint 18.5,,,,,,,,,,0.0,,,,,,,,,,,,,,,,,,,,,,,,,,,,,"09/Apr/26 11:40 AM;mkuperst;Merged with SSWUMS-1176;;;","02/Jun/26 12:12 PM;cwhite10;Duplicate of SSWUMS-1176;;;",,,,,,
PDMS HRS Supervisor/Project Lead Adj,SSWUMS-1164,87442,Task,Done,SSWUMS,SSWUMS,software,mkuperst,"Welcome to the SSWUMS Team space, led by Meridith K (Product Owner). This space includes D440 and D454 resources, as well as Sprint and Kanban work.
",,Medium,Done,bchadwic,mkuperst,mkuperst,29/Oct/25 3:38 PM,02/Jun/26 12:13 PM,18/Sep/26 3:31 PM,02/Jun/26 12:13 PM,,PI18,,,,PDMS HRS,,,,,,,,,,,,,,,,,,,,,01/May/26 12:00 AM,0,!image-2025-10-29-15-34-01-667.png!,,bchadwic,mkuperst,,,,";02/Jun/26 12:13 PM;cwhite10;60",,,,,,,,,2880,2820,60,2%,2880,2820,60,,,,,,,,,SSWUMS-1165,,SSWUMS-1163,SSWUMS-804,,,,,,,,,,,,,SSWSYSPM-2944,,,"29/Oct/25 3:38 PM;mkuperst;image-2025-10-29-15-34-01-667.png;https://192.168.3.34/jira1/secure/attachment/19061/image-2025-10-29-15-34-01-667.png",,,,,,,,,,,,,,,,SSWSYSPM,,,,,,,,bchadwic,,,05/May/26 12:00 AM,,SSWUMS-1585,,,Done,,,,,,SOS,Sprint,,,,"Posted on: Wed May 20 13:41:18 EDT 2026
Awaiting review completion",,,No comments by current user.,,,,,,,,,,,,,,,,,,,,,"1|i07nmg:",,,,,,,,,,,,,,,,,,,,,,,SSWUMS Sprint 18.3,SSWUMS Sprint 18.4,SSWUMS Sprint 18.5,,,,,,,,0.1,,,,,09/Jan/26 12:00 AM,,,,,,,,,,,,,,,,,,,,,,,,"25/Mar/26 8:42 AM;mkuperst;Pushed out to 18.1 due to delay in receiving the Leads Adj. back from GDMS.;;;","09/Apr/26 10:28 AM;mkuperst;Delayed due to pending completion of Leads review.;;;","20/May/26 1:41 PM;bchadwic;Awaiting review completion;;;",,,,,
PDMS HRS Supervisor/Project Lead Review,SSWUMS-1163,87441,Task,Done,SSWUMS,SSWUMS,software,mkuperst,"Welcome to the SSWUMS Team space, led by Meridith K (Product Owner). This space includes D440 and D454 resources, as well as Sprint and Kanban work.
",,Medium,Done,bchadwic,mkuperst,mkuperst,29/Oct/25 3:37 PM,02/Jun/26 12:13 PM,18/Sep/26 3:31 PM,02/Jun/26 12:13 PM,,PI18,,,,PDMS HRS,,,,,,,,,,,,,,,,,,,,,05/May/26 12:00 AM,0,!image-2025-10-29-15-34-01-667.png!,,bchadwic,mkuperst,,,,";12/May/26 10:17 AM;gbarry;60",";02/Jun/26 12:13 PM;cwhite10;300",,,,,,,,5760,5400,360,6%,5760,5400,360,,,,,,,,,SSWUMS-1164,SSWUMS-1176,SSWUMS-828,SSWUMS-804,,,,,,,,,,,,,SSWSYSPM-2944,,,"29/Oct/25 3:37 PM;mkuperst;image-2025-10-29-15-34-01-667.png;https://192.168.3.34/jira1/secure/attachment/19060/image-2025-10-29-15-34-01-667.png",,,,,,,,,,,,,,,,SSWHW,SSWSYSPM,SSWTEST,SSWUMS,,,,,bchadwic,,,01/May/26 12:00 AM,,SSWUMS-1585,,,Done,,,,,,SOS,Sprint,,,,"Posted on: Wed Apr 22 08:26:33 EDT 2026
Leads review completed 4/21/26. Supervisor review starting 4/22/26.",,,No comments by current user.,,,,,,,,,,,,,,,,,,,,,"1|i07nm8:",,,,,,,,,,,,,,,,,,,,,,,SSWUMS Sprint 18.2,SSWUMS Sprint 18.3,SSWUMS Sprint 18.4,SSWUMS Sprint 18.5,,,,,,,0.2,,,,,10/Dec/25 12:00 AM,,,,,,,,,,,,,,,,,,,,,,,,"25/Mar/26 8:43 AM;mkuperst;Pushed out to 18.1 due to delay in receiving Leads Adj. from GDMS.;;;","09/Apr/26 10:29 AM;mkuperst;Delayed due to pending completion of Leads review.;;;","22/Apr/26 8:26 AM;bchadwic;Leads review completed 4/21/26. Supervisor review starting 4/22/26.;;;",,,,,
PDMS RVTM Manager Adj,SSWUMS-1162,87440,Task,Done,SSWUMS,SSWUMS,software,mkuperst,"Welcome to the SSWUMS Team space, led by Meridith K (Product Owner). This space includes D440 and D454 resources, as well as Sprint and Kanban work.
",,Medium,Done,bchadwic,bchadwic,mkuperst,29/Oct/25 3:32 PM,25/Feb/26 12:45 PM,18/Sep/26 3:31 PM,16/Jan/26 1:39 PM,,PI17,,,,PDMS RVTM,,,,,,,,,,,,,,,,,,,,,,0,"Review of Rev - of the PDMS RVTM.

X-Drive Location - <X:\Programs.686.BlockVI\Seabed Warfare\05 Concept Development\UMS\4 Requirements\B-Specs\PDMS\RVTM Rev (-) For Approval>
|Step|Dates|Stakeholders|
|Leads Review|10/9 - 10/22|B. Chadwick, M. Kuperstein, J. Sevigny, M. Sweeney, L. Moran|
|Leads Review Adjudication|10/23 - 11/5|B. Chadwick, M. Kuperstein, J. Sevigny, M. Sweeney, L. Moran|
|Supervisor/Project Lead Review|11/6 - 11/19|A. White, A. Viola|
|Supervisor/Project Lead Adjudication|11/20 - 12/5|A. White, A. Viola|
|Manager Review|12/8 – 12/11|M. Scussel|
|Manager Adjudication|12/12 – 12/17|M. Scussel|",,mkuperst,,,,,";16/Jan/26 1:39 PM;mkuperst;7200",,,,,,,,,5760,0,7200,125%,5760,0,7200,,,,,,,,,SSWUMS-1174,,SSWUMS-1161,,,,,,,,,,,,,,,,,,,,,,,,,,,,,,,,,,,,,,,,,bchadwic,,,,,SSWUMS-962,,,Done,,,,,,SOS,,,,,,,,No comments by current user.,,,,,,,,,,,,,,,,,,,,,"1|i07nm0:",,,,,20/Oct/25 12:00 AM,,,,,,,,,,,Medium,,,,,,,SSWUMS Sprint 17.2,,,,,,,,,,0.2,,,,,,,,,,,,,,,,,,0.0,0.0,,0.0,,,0.0,,,,,,,,,,,,
PDMS RVTM Manager Review,SSWUMS-1161,87439,Task,Done,SSWUMS,SSWUMS,software,mkuperst,"Welcome to the SSWUMS Team space, led by Meridith K (Product Owner). This space includes D440 and D454 resources, as well as Sprint and Kanban work.
",,Medium,Done,bchadwic,bchadwic,mkuperst,29/Oct/25 3:32 PM,25/Feb/26 12:45 PM,18/Sep/26 3:31 PM,16/Jan/26 1:39 PM,,PI17,,,,PDMS RVTM,,,,,,,,,,,,,,,,,,,,,,0,"Review of Rev - of the PDMS RVTM.

X-Drive Location - <X:\Programs.686.BlockVI\Seabed Warfare\05 Concept Development\UMS\4 Requirements\B-Specs\PDMS\RVTM Rev (-) For Approval>
|Step|Dates|Stakeholders|
|Leads Review|10/9 - 10/22|B. Chadwick, M. Kuperstein, J. Sevigny, M. Sweeney, L. Moran|
|Leads Review Adjudication|10/23 - 11/5|B. Chadwick, M. Kuperstein, J. Sevigny, M. Sweeney, L. Moran|
|Supervisor/Project Lead Review|11/6 - 11/19|A. White, A. Viola|
|Supervisor/Project Lead Adjudication|11/20 - 12/5|A. White, A. Viola|
|Manager Review|12/8 – 12/11|M. Scussel|
|Manager Adjudication|12/12 – 12/17|M. Scussel|",,mkuperst,,,,,";16/Jan/26 1:39 PM;mkuperst;7200",,,,,,,,,5760,0,7200,125%,5760,0,7200,,,,,,,,,SSWUMS-1162,,SSWUMS-1160,,,,,,,,,,,,,,,,,,,,,,,,,,,,,,,,,,,,,,,,,bchadwic,,,,,SSWUMS-962,,,Done,,,,,,SOS,,,,,,,,No comments by current user.,,,,,,,,,,,,,,,,,,,,,"1|i07nls:",,,,,20/Oct/25 12:00 AM,,,,,,,,,,,Medium,,,,,,,SSWUMS Sprint 17.2,,,,,,,,,,0.2,,,,,,,,,,,,,,,,,,0.0,0.0,,0.0,,,0.0,,,,,,,,,,,,
PDMS RVTM Supervisor/Project Lead Adj,SSWUMS-1160,87438,Task,Done,SSWUMS,SSWUMS,software,mkuperst,"Welcome to the SSWUMS Team space, led by Meridith K (Product Owner). This space includes D440 and D454 resources, as well as Sprint and Kanban work.
",,Medium,Done,bchadwic,bchadwic,mkuperst,29/Oct/25 3:31 PM,25/Feb/26 12:45 PM,18/Sep/26 3:31 PM,12/Jan/26 9:06 AM,,PI17,,,,PDMS RVTM,,,,,,,,,,,,,,,,,,,,,,0,"Review of Rev - of the PDMS RVTM.

X-Drive Location - <X:\Programs.686.BlockVI\Seabed Warfare\05 Concept Development\UMS\4 Requirements\B-Specs\PDMS\RVTM Rev (-) For Approval>
|Step|Dates|Stakeholders|
|Leads Review|10/9 - 10/22|B. Chadwick, M. Kuperstein, J. Sevigny, M. Sweeney, L. Moran|
|Leads Review Adjudication|10/23 - 11/5|B. Chadwick, M. Kuperstein, J. Sevigny, M. Sweeney, L. Moran|
|Supervisor/Project Lead Review|11/6 - 11/19|A. White, A. Viola|
|Supervisor/Project Lead Adjudication|11/20 - 12/5|A. White, A. Viola|
|Manager Review|12/8 – 12/11|M. Scussel|
|Manager Adjudication|12/12 – 12/17|M. Scussel|",,mkuperst,,,,,";12/Jan/26 9:06 AM;bchadwic;3600",,,,,,,,,5760,2160,3600,62%,5760,2160,3600,,,,,,,,,SSWUMS-1161,,SSWUMS-1159,,,,,,,,,,,,,,,,,,,,,,,,,,,,,,,,,,,,,,,,,bchadwic,,,09/Jan/26 12:00 AM,,SSWUMS-962,,,Done,,,,,,SOS,Sprint,,,,"Posted on: Mon Dec 22 09:31:33 EST 2025
Moved out a sprint.",,,No comments by current user.,,,,,,,,,,,,,,,,,,,,,"1|i07nlk:",,,,,20/Oct/25 12:00 AM,,,,,,,,,,,Medium,,,,,,,SSWUMS Sprint 17.1,,,,,,,,,,0.2,,,,,09/Dec/25 12:00 AM,,,,,,,,,,,,,0.0,0.0,,0.0,,,0.0,,,,,"22/Dec/25 9:31 AM;mkuperst;Moved out a sprint.;;;",,,,,,,
PDMS RVTM Supervisor/Project Lead Review,SSWUMS-1159,87437,Task,Done,SSWUMS,SSWUMS,software,mkuperst,"Welcome to the SSWUMS Team space, led by Meridith K (Product Owner). This space includes D440 and D454 resources, as well as Sprint and Kanban work.
",,Medium,Done,bchadwic,bchadwic,mkuperst,29/Oct/25 3:29 PM,25/Feb/26 12:45 PM,18/Sep/26 3:31 PM,12/Jan/26 9:07 AM,,PI17,,,,PDMS RVTM,,,,,,,,,,,,,,,,,,,,,,0,"Review of Rev - of the PDMS RVTM.

X-Drive Location - <X:\Programs.686.BlockVI\Seabed Warfare\05 Concept Development\UMS\4 Requirements\B-Specs\PDMS\RVTM Rev (-) For Approval>
|Step|Dates|Stakeholders|
|Leads Review|10/9 - 10/22|B. Chadwick, M. Kuperstein, J. Sevigny, M. Sweeney, L. Moran|
|Leads Review Adjudication|10/23 - 11/5|B. Chadwick, M. Kuperstein, J. Sevigny, M. Sweeney, L. Moran|
|Supervisor/Project Lead Review|11/6 - 11/19|A. White, A. Viola|
|Supervisor/Project Lead Adjudication|11/20 - 12/5|A. White, A. Viola|
|Manager Review|12/8 – 12/11|M. Scussel|
|Manager Adjudication|12/12 – 12/17|M. Scussel|",,bchadwic,mkuperst,,,,";23/Dec/25 2:46 PM;bchadwic;1200",";12/Jan/26 9:07 AM;bchadwic;3600",,,,,,,,5760,960,4800,83%,5760,960,4800,,,,,,,,,SSWUMS-1160,,SSWUMS-1158,,,,,,,,,,,,,,,,,,,,,,,,,,,,,,,,,,,,,,,,,bchadwic,,,06/Jan/26 12:00 AM,,SSWUMS-962,,,Done,,,,,,SOS,,,,,"Posted on: Wed Nov 19 08:54:23 EST 2025
RVTM with GDMS for leads adjudications, ECD to EB is 11/21",,,No comments by current user.,,,,,,,,,,,,,,,,,,,,,"1|i07nlc:",,,,,20/Oct/25 12:00 AM,,,,,,,,,,,Medium,,,,,,,SSWUMS Sprint 89-14.5 (PI14),SSWUMS Sprint 17.1,,,,,,,,,0.2,,,,,05/Dec/25 12:00 AM,,,,,,,,,,,,,0.0,0.0,,0.0,,,0.0,,,,,"07/Nov/25 12:54 PM;mkuperst;Timeline will change. Pending receipt of GDMS responses. GDMS has deprioritized this effort in order to work the C&C proc spec NAVSEA comments;;;","19/Nov/25 8:54 AM;bchadwic;RVTM with GDMS for leads adjudications, ECD to EB is 11/21;;;",,,,,,
PDMS RVTM Leads Adj.,SSWUMS-1158,87436,Task,Done,SSWUMS,SSWUMS,software,mkuperst,"Welcome to the SSWUMS Team space, led by Meridith K (Product Owner). This space includes D440 and D454 resources, as well as Sprint and Kanban work.
",,Medium,Done,bchadwic,bchadwic,mkuperst,29/Oct/25 3:28 PM,08/Dec/25 12:27 PM,18/Sep/26 3:31 PM,08/Dec/25 12:27 PM,,PI14,,,,PDMS RVTM,,,,,,,,,,,,,,,,,,,,,05/Nov/25 12:00 AM,0,"Review of Rev - of the PDMS RVTM.

X-Drive Location - <X:\Programs.686.BlockVI\Seabed Warfare\05 Concept Development\UMS\4 Requirements\B-Specs\PDMS\RVTM Rev (-) For Approval>
|Step|Dates|Stakeholders|
|Leads Review|10/9 - 10/22|B. Chadwick, M. Kuperstein, J. Sevigny, M. Sweeney, L. Moran|
|Leads Review Adjudication|10/23 - 11/5|B. Chadwick, M. Kuperstein, J. Sevigny, M. Sweeney, L. Moran|
|Supervisor/Project Lead Review|11/6 - 11/19|A. White, A. Viola|
|Supervisor/Project Lead Adjudication|11/20 - 12/5|A. White, A. Viola|
|Manager Review|12/8 – 12/11|M. Scussel|
|Manager Adjudication|12/12 – 12/17|M. Scussel|",,bchadwic,fopuszyn,mkuperst,,,"Received updated comment log from GDMS. Reviewed and requested updated RVTM file prior to sending out to reviewers for verification.;24/Nov/25 10:18 AM;bchadwic;1800",";04/Dec/25 11:22 AM;mkuperst;3600","Leads comments adjudicated. ;08/Dec/25 12:27 PM;bchadwic;12600",,,,,,,14400,0,18000,125%,14400,0,18000,,,,,,,,,SSWUMS-1159,,SSWUMS-1082,,,,,,,,,,,,,,,,,,,,,,,,,,,,,,,,,,,,,,,,,bchadwic,,,03/Dec/25 12:00 AM,,SSWUMS-1083,,,Done,,,,,,SOS,Sprint,,,,"Posted on: Mon Dec 08 12:27:55 EST 2025
Leads comments adjudicated. ",,,No comments by current user.,,,,,,,,mkuperst,bchadwic,fopuszyn,,cmerrima,,,,,,,,,"1|i07nl4:",,,Approved,,,TBD,,,Approved,,,Approved,,,,Medium,,,,,,,SSWUMS Sprint 88-14.4 (PI14),SSWUMS Sprint 89-14.5 (PI14),,,,,,,,,0.5,,,,,05/Nov/25 12:00 AM,,,,,,,,,,,,,0.0,0.0,,0.0,,,0.0,,,,,"07/Nov/25 12:54 PM;mkuperst;Timeline will change. Pending receipt of GDMS responses. GDMS has deprioritized this effort in order to work the C&C proc spec NAVSEA comments;;;","19/Nov/25 9:43 AM;mkuperst;RVTM with GDMS for leads adjudications, ECD to EB is 11/21;;;","24/Nov/25 10:18 AM;bchadwic;Received updated comment log from GDMS. Reviewed and requested updated RVTM file prior to sending out to reviewers for verification.;;;","01/Dec/25 10:26 PM;mkuperst;Review request sent out with ECD 12/3;;;","03/Dec/25 8:21 PM;mkuperst;All of my comments were incorporated. [~bchadwic] where is the letter draft? I need to look that over before supervisor review.;;;","08/Dec/25 11:30 AM;fopuszyn;Previously I had no comments... all is good.;;;","08/Dec/25 12:27 PM;bchadwic;Leads comments adjudicated. ;;;",
Rare Earth Magnets Usage - Due 11/4,SSWUMS-1157,87434,Task,Done,SSWUMS,SSWUMS,software,mkuperst,"Welcome to the SSWUMS Team space, led by Meridith K (Product Owner). This space includes D440 and D454 resources, as well as Sprint and Kanban work.
",,Medium,Done,mkuperst,mkuperst,mkuperst,29/Oct/25 1:09 PM,05/Nov/25 9:50 AM,18/Sep/26 3:31 PM,05/Nov/25 9:50 AM,,PI14,,,,Review,,,,,,,,,,,,,,,,,,,,,04/Nov/25 12:00 AM,0,"Check through our existing documentation to verify the usage, or lack thereof, of rare earth materials on GDMS HW deliverables. Requested due date is 11/4. Requester is Dave Kapusta via [~awhite3] 
----
Original email - COMPANY SENSITIVE:

EB has requested we provide a list of all rare earth element based magnets used on submarines.  I am looking for information for every CFE system / subsystem, negative responses are required.

Rare earth magnets are composed of elements from the rare earth group of the periodic table. The two most likely that come up in most google searches are:
 * Neodymium Magnets (NdFeB):   Made from alloys of iron, boron, and neodymium, these magnets are commonly used types of rare earth magnets.
 * Samarium-Cobalt Magnets (SmCo):   Made from the alloy of cobalt and samarium, they are not that common compared to neodymium magnets. However, they come with specific advantages for certain applications.

Two actions requested to support:
 # Need a list of any engineered component that uses a large quantity of rare earth element magnets *+ASAP+*

o   Large quantity defined as more than a few pounds per component (yes, I know how subjective this is)
 # Please have your engineering teams complete the spreadsheet by next Tuesday COB, *+11/4.+*

I have attached the spreadsheet for your teams to fill out.  Consider for purposes of this drill that COTS items such as hard drives, speakers, headphones, fans, etc. should all be listed, but at this time we do not need to determine the weight of magnet per component.  For custom engineered components, please fill out all lines on the spreadsheet.

You do not need to list any GFE hardware which uses rare earth element magnets.  That will be handled separately.

Please reach out directly if you have any questions.  This ask from corporate did not come with a lot of background information, so we are learning as we go.",,cwhite10,mkuperst,,,,";29/Oct/25 1:10 PM;mkuperst;60",";30/Oct/25 2:09 PM;cwhite10;4500",,,,,,,,8640,4080,4560,52%,8640,4080,4560,,,,,,,,,,,,,,,,,,,,,,,,,,,,"29/Oct/25 2:38 PM;mkuperst;GD SCMC REE SURVEY 2025-10-20 r0.xlsx;https://192.168.3.34/jira1/secure/attachment/19056/GD+SCMC+REE+SURVEY+2025-10-20+r0.xlsx",,,,,,,,,,,,dkapusta,,,,,,,,,,,,mkuperst,,,,,SSWUMS-977,,,Done,,,,,,SOS,Sprint,,,,"Posted on: Thu Oct 30 14:09:11 EDT 2025
Nothing used for C2S",,,No comments by current user.,,,,,,,,bchadwic,cwhite10,,,,,,,,,,,,"1|i07nko:",,05/Nov/25 12:00 AM,Approved,,30/Oct/25 12:00 AM,Approved,,,,,,,,,,Medium,,,,,,,SSWUMS Sprint 86-14.2 (PI14),,,,,,,,,,0.3,,,,,,,,,,,,,,,,,,0.0,0.0,,0.0,,,0.0,,,,,"29/Oct/25 3:44 PM;cwhite10;Items Checked:

 
||Document Num ||Document description||Notes||
|EB-6106| |None|
|A00005712|CCA HRS|None|
|A00003669|C2S B-Spec|None|
|PLA00259629|AC-CCA Parts List|None|
|PLA00267108|SS-CCA Parts List|None|
|PLA00258706|CLS-CCA Parts List|None|
|PLA00259636|S-CCA Parts List|None|
|A00009388|L&R B-Spec|None|
|A00003666|UWS B-Spec|None|
|52132|Torque motor|None|
|21609|Diff P Xducer|None|
|G0M2H|Encoder|None|
|GM400|Encoder|None|
|1EN75-R3|Open Limit Switch|None|
|1EN75-R|Closed Limit Switch|None|
|A217564|Load Pins(did not cheak all load pins the all use a strain gauge not a magnet though)|None|
|551385|LPT T-Series|hard ferrite magnets(not of issue)|

 

 ;;;","30/Oct/25 2:09 PM;cwhite10;Nothing used for C2S;;;",,,,,,
EB-6101 Verification Traceability Follow Up - due 11/4,SSWUMS-1156,87429,Task,Done,SSWUMS,SSWUMS,software,mkuperst,"Welcome to the SSWUMS Team space, led by Meridith K (Product Owner). This space includes D440 and D454 resources, as well as Sprint and Kanban work.
",,Medium,Done,mkuperst,cwhite10,cwhite10,29/Oct/25 11:16 AM,19/Nov/25 9:49 AM,18/Sep/26 3:31 PM,19/Nov/25 9:49 AM,,PI14,,,,EB-6101,,,,,,,,,,,,,,,,,,,,,04/Nov/25 12:00 AM,0,"Hi All,

I have looked through all inputs from the leads and have highlighted areas where we (EB) needs to provide more clarification. GDMS has offered a proposed path forward in the GDMS Comment column in multiple locations on each tab (inspection, analysis, test, letter) that we need to respond to (despite them not being originally highlighted). I also added a column for VIR category, where I would like to flag which category (if any) the requirement could fall under (not applicable, Arrangement review, revise verification method, requires clarification/discussion).

Files saved here: \\us-ct-eb01\EBDepts\Programs.686.BlockVI\Seabed Warfare\05 Concept Development\UMS\4 Requirements\EB-6101\Rev F\GDMS Requirements Trace.

Requesting the leads review the highlighted sections and provide updates by {*}11/4{*}. If you can’t support that date, or have any questions, please reach out.

Additionally, please flag any major disconnects between us and GDMS to me as you finalize your excel responses. I am not tracking anything major from my high level review.

Thanks,

Dayne Higgins",,cwhite10,ScriptRunner,,,,";29/Oct/25 11:17 AM;cwhite10;60",";18/Nov/25 8:17 PM;bchadwic;10800",";19/Nov/25 9:46 AM;mkuperst;60",";19/Nov/25 9:49 AM;mkuperst;60",,,,,,28800,17820,10980,38%,28800,17820,10980,,,,,,,,,,,,,,,,,,,,,,,,,,,,,,,,,,,,,,,,,,,,,,,,,,,,mkuperst,,,04/Nov/25 12:00 AM,,SSWUMS-1050,,,Done,,,,,,Sprint,,,1.0,The following errors occurred: (Please Log Time in the Time Spent field),"Posted on: Tue Nov 18 20:17:31 EST 2025
The following errors occurred: (Please Log Time in the Time Spent field)",,,No comments by current user.,,,,,,,,,bchadwic,cwhite10,,,,,,,,,,,"1|i07nk8:",,,,,18/Nov/25 12:00 AM,Approved,,04/Nov/25 12:00 AM,Approved,,,,,,,Medium,,,,,,,SSWUMS Sprint 86-14.2 (PI14),SSWUMS Sprint 87-14.3 (PI14),,,,,,,,,1.0,,,,,,29/Oct/25 12:00 AM,,,,,,,,,,,,0.0,0.0,,0.0,,,0.0,,,,,"04/Nov/25 3:10 PM;cwhite10;Provide Comments in Doc

 ;;;","18/Nov/25 8:17 PM;ScriptRunner;The following errors occurred: (Please Log Time in the Time Spent field);;;",,,,,,
Review PDMS PTR Material for the November GDMS CCB,SSWUMS-1155,87185,Task,Done,SSWUMS,SSWUMS,software,mkuperst,"Welcome to the SSWUMS Team space, led by Meridith K (Product Owner). This space includes D440 and D454 resources, as well as Sprint and Kanban work.
",,Medium,Done,bchadwic,cwhite10,mkuperst,24/Oct/25 12:43 PM,04/Nov/25 3:29 PM,18/Sep/26 3:31 PM,04/Nov/25 3:29 PM,,PI14,,,,C2S B-spec,C2S RVTM,,,,,,,,,,,,,,,,,,,,,0,X:\Programs.686.BlockVI\Seabed Warfare\05 Concept Development\UMS\4 Requirements\B-Specs\C2S_PDMS PTRs\2025-11-06 CCB,,bchadwic,cwhite10,mkuperst,,,";24/Oct/25 12:44 PM;mkuperst;60",,,,,,,,,5760,5700,60,1%,5760,5700,60,,,,,,,,,,,SSWUMS-1127,,,,,,,,,,,,,,,,,,,,,,,,,,,,,,,,,,,,,,,,,bchadwic,,,,,SSWUMS-1083,,,Done,,,,,,SOS,Sprint,,1.0,"PDMS-PTR-02: Recommend changing description to ""Revision needed to requirement to provide increased clarity regarding hardware state during the software initialization process""","Posted on: Thu Oct 30 10:21:27 EDT 2025
PDMS-PTR-02: Recommend changing description to ""Revision needed to requirement to provide increased clarity regarding hardware state during the software initialization process""",,,No comments by current user.,,,,,,,,bchadwic,mkuperst,,,,,,,,,,,,"1|i07mfk:",bchadwic 10/30/2025 null,30/Oct/25 12:00 AM,Rejected,,,Rejected,,,,,,,,,,Medium,,,,,,,SSWUMS Sprint 86-14.2 (PI14),,,,,,,,,,0.2,,,,,,,,,,,,,,,,,,0.0,0.0,,0.0,,,0.0,,,,,"27/Oct/25 8:28 PM;mkuperst;General comments
 * Missing requirement number in section 8 markup/clean text
 * [~cwhite10] [~bchadwic] C2S doesn't currently include the ""Original"" text part of section 8, just the markup and smooth/clean sections. C2S also refers to it as smooth while PDMS references it as clean. It may be worth including an Original section to C2S, and aligning on Smooth vs Clean for the rolled in portion

UMS-PDMS-PTR-5, -7
 * Add UMS SSLR requirement text to section 10.;;;","30/Oct/25 10:08 AM;cwhite10;heading should be

Original Text

Redline

Clean Version;;;","30/Oct/25 10:21 AM;bchadwic;PDMS-PTR-02: Recommend changing description to ""Revision needed to requirement to provide increased clarity regarding hardware state during the software initialization process"";;;",,,,,
Document Date Verification - Due 10/28,SSWUMS-1154,87171,Task,Done,SSWUMS,SSWUMS,software,mkuperst,"Welcome to the SSWUMS Team space, led by Meridith K (Product Owner). This space includes D440 and D454 resources, as well as Sprint and Kanban work.
",,Medium,Done,mkuperst,mkuperst,mkuperst,24/Oct/25 11:22 AM,31/Oct/25 11:01 AM,18/Sep/26 3:31 PM,31/Oct/25 11:01 AM,,PI14,,,,EB PI,,,,,,,,,,,,,,,,,,,,,,0,,,mkuperst,,,,,,,,,,,,,,8640,8640,,0%,8640,8640,,,,,,,,,,,,,,,,,,,,,,,,,,,,,,,,,,,,,,,,,dingram1,,,,,,,,,,,,mkuperst,,,28/Oct/25 12:00 AM,,SSWUMS-1056,,,Done,,,,,,SOS,Sprint,,,,,,,No comments by current user.,,,,,,,,,,,,,,,,,,,,,"1|i07md4:",,,,,,,,,,,,,,,,Medium,,,,,,,SSWUMS Sprint 86-14.2 (PI14),,,,,,,,,,0.3,,,,,,,,,,,,,,,,,,0.0,0.0,,0.0,,,0.0,,,,,,,,,,,,
MOA - Route updated version for Review,SSWUMS-1153,87157,Task,Done,SSWUMS,SSWUMS,software,mkuperst,"Welcome to the SSWUMS Team space, led by Meridith K (Product Owner). This space includes D440 and D454 resources, as well as Sprint and Kanban work.
",,Medium,Done,bchadwic,bchadwic,bchadwic,24/Oct/25 9:35 AM,22/Dec/25 2:40 PM,18/Sep/26 3:31 PM,22/Dec/25 2:40 PM,,PI14,,,,UMS Cable Responsibilities MOA,,,,,,,,,,,,,,,,,,,,,09/Jan/26 12:00 AM,0,Need to get review of the updated version of the MOA with GDMS comments incorporated.,,bchadwic,,,,,";15/Dec/25 3:21 PM;bchadwic;1800","MOA reviewed by LeAnne, Meridith and Lance. Will be updated and routed for supervisor review in the new year.;22/Dec/25 2:40 PM;bchadwic;7200",,,,,,,,8640,0,9000,104%,8640,0,9000,,,,,,,,,,,,,,,,,,,,,,,SSWUMS-1343,,,,,,,,,,,,,,,,,,,,,,,,,,,,,bchadwic,,,09/Jan/26 12:00 AM,,SSWUMS-968,,,Done,,,,,,Sprint,,,,,"Posted on: Mon Dec 22 14:40:46 EST 2025
MOA reviewed by LeAnne, Meridith and Lance. Will be updated and routed for supervisor review in the new year.",,,No comments by current user.,,,,,,,,,,,,,,,,,,,,,"1|i07ma8:",,,,,,,,,,,,,,,,Medium,,,,,,,SSWUMS Sprint 89-14.5 (PI14),,,,,,,,,,0.3,,,,,09/Jan/26 12:00 AM,,,,,,,,,,,,,0.0,0.0,,0.0,,,0.0,,,,,"19/Nov/25 8:59 AM;bchadwic;Backburnered by active review cycles;;;","22/Dec/25 2:40 PM;bchadwic;MOA reviewed by LeAnne, Meridith and Lance. Will be updated and routed for supervisor review in the new year.;;;",,,,,,
GDMS Customer Satisfaction Survey - Due 11/6 to MK for overall 11/7,SSWUMS-1152,87138,Task,Done,SSWUMS,SSWUMS,software,mkuperst,"Welcome to the SSWUMS Team space, led by Meridith K (Product Owner). This space includes D440 and D454 resources, as well as Sprint and Kanban work.
",,Medium,Done,pclarke,mkuperst,mkuperst,23/Oct/25 12:41 PM,13/Nov/25 7:25 AM,18/Sep/26 3:31 PM,07/Nov/25 11:45 AM,,PI14,,,,Vendor (GDMS),,,,,,,,,,,,,,,,,,,,,07/Nov/25 12:00 AM,0,,,cwhite10,fopuszyn,mkuperst,,,";23/Oct/25 2:06 PM;cwhite10;60",";06/Nov/25 10:27 AM;cwhite10;1800",,,,,,,,14400,12540,1860,12%,14400,12540,1860,,,,,,,,,,,,,,,,,,,,,,,,,,,,,,,,,,,,,,,,,,,,,,,,,,,,mkuperst,,,06/Nov/25 12:00 AM,,SSWUMS-1056,,,Done,,,,,,Sprint,,,1.0,Emailed my GDMS survey feedback to Meridith Kuperstein.,"Posted on: Thu Nov 06 14:15:33 EST 2025
Emailed my GDMS survey feedback to Meridith Kuperstein.",,,No comments by current user.,,,,,,,,mkuperst,cwhite10,bchadwic,,pclarke,,fopuszyn,,,,,,,"1|i07m60:",,,Approved,,06/Nov/25 12:00 AM,Approved,,07/Nov/25 12:00 AM,Approved,,,Approved,,,Approved,Medium,,,,,,,SSWUMS Sprint 86-14.2 (PI14),SSWUMS Sprint 87-14.3 (PI14),,,,,,,,,0.5,,,,,,,,,,,,,,,,,,0.0,0.0,,0.0,,,0.0,,,,,"06/Nov/25 10:27 AM;cwhite10;Replied to [~mkuperst] email with an attachment;;;","06/Nov/25 2:15 PM;fopuszyn;Emailed my GDMS survey feedback to Meridith Kuperstein.;;;",,,,,,
December C2I - Event on 12/10 & 12/11,SSWUMS-1151,87136,Task,Done,SSWUMS,SSWUMS,software,mkuperst,"Welcome to the SSWUMS Team space, led by Meridith K (Product Owner). This space includes D440 and D454 resources, as well as Sprint and Kanban work.
",,Medium,Done,mkuperst,mkuperst,mkuperst,23/Oct/25 12:11 PM,11/Dec/25 3:00 PM,18/Sep/26 3:31 PM,11/Dec/25 3:00 PM,,PI14,,,,C2I IPT,,,,,,,,,,,,,,,,,,,,,11/Dec/25 12:00 AM,0,,,mkuperst,,,,,";10/Dec/25 12:49 PM;mkuperst;28800",";11/Dec/25 3:00 PM;mkuperst;28800",,,,,,,,57600,0,57600,100%,57600,0,57600,,,,,,,,,,,,,,,,,,,,,,,,,,,,"04/Dec/25 12:22 PM;cwhite10;C2IPT Quarterly Conference 2025 December Combined Slide Package.msg;https://192.168.3.34/jira1/secure/attachment/19455/C2IPT+Quarterly+Conference+2025+December+Combined+Slide+Package.msg",,,,,,,,,,,,,,,,,,,,,,,,mkuperst,,,,,SSWUMS-1026,,,Done,,,,,,Sprint,,,,,,,,No comments by current user.,,,,,,,,,,,,,,,,,,,,,"1|i07m5k:",,,,,,,,,,,,,,,,Medium,,,,,,,SSWUMS Sprint 89-14.5 (PI14),,,,,,,,,,2.0,,,,,,,,,,,,,,,,,,0.0,0.0,,0.0,,,0.0,,,,,,,,,,,,
December C2I - Final Slides due 12/1 for 12/3 posting,SSWUMS-1150,87135,Task,Done,SSWUMS,SSWUMS,software,mkuperst,"Welcome to the SSWUMS Team space, led by Meridith K (Product Owner). This space includes D440 and D454 resources, as well as Sprint and Kanban work.
",,Medium,Done,mkuperst,mkuperst,mkuperst,23/Oct/25 12:11 PM,08/Dec/25 11:59 AM,18/Sep/26 3:31 PM,08/Dec/25 11:59 AM,,PI14,,,,C2I IPT,,,,,,,,,,,,,,,,,,,,,03/Dec/25 12:00 AM,0,,,mkuperst,,,,,";08/Dec/25 11:59 AM;mkuperst;900",,,,,,,,,5760,4860,900,15%,5760,4860,900,,,,,,,,,,,,,,,,,,,,,,,,,,,,,,,,,,,,,,,,,,,,,,,,,,,,mkuperst,,,01/Dec/25 12:00 AM,,SSWUMS-1026,,,Done,,,,,,SOS,Sprint,,,,,,,No comments by current user.,,,,,,,,,,,,,,,,,,,,,"1|i07m5c:",,,,,,,,,,,,,,,,Medium,,,,,,,SSWUMS Sprint 89-14.5 (PI14),,,,,,,,,,0.2,,,,,01/Dec/25 12:00 AM,,,,,,,,,,,,,0.0,0.0,,0.0,,,0.0,,,,,,,,,,,,
December C2I - Draft Slides C2I Comments due 11/20,SSWUMS-1149,87134,Task,Done,SSWUMS,SSWUMS,software,mkuperst,"Welcome to the SSWUMS Team space, led by Meridith K (Product Owner). This space includes D440 and D454 resources, as well as Sprint and Kanban work.
",,Medium,Done,mkuperst,mkuperst,mkuperst,23/Oct/25 12:10 PM,04/Mar/26 2:18 PM,18/Sep/26 3:31 PM,24/Nov/25 6:59 PM,,PI14,,,,C2I IPT,,,,,,,,,,,,,,,,,,,,,,0,"Address comments to UMS and update package as needed

\\us-ct-eb01\EBDepts\Eng.440\Projects-VA\VA SSW\CWS Working Group\CWS Share\C2_IPT\Quarterly_Reviews\2025_12\SlideComments_11_21_2025\C2IPT_December_2025_C2I_Notes.xlsx

GDMS slides: [2025-12|https://gdmscollab.sharepoint.us/:f:/r/sites/PRGM-Rogue/Prime/Working%20Groups/C2%20IPT/C2I%20Quarterly/2025-12?csf=1&web=1&e=mWNNMf]",,mkuperst,,,,,"Provided initial comments responses in the Excel. Following up with Sourber re: LBTF fishbone and latency/PaaS risk question;21/Nov/25 3:04 PM;mkuperst;600",";24/Nov/25 6:59 PM;mkuperst;5400",,,,,,,,8640,2640,6000,69%,8640,2640,6000,,,,,,,,,,,,,,,,,,,,,,,,,,,,,,,,,,,,,,,,,,,,,,,,,,,,mkuperst,,,,,SSWUMS-1026,,,Done,,,,,,SOS,Sprint,,,,"Posted on: Wed Mar 04 14:18:16 EST 2026
New location for fishbones:

\\us-ct-eb01\EBDepts\Eng.440\Projects-VA\VA SSW\CWS Working Group\CWS Share\C2_IPT\Fishbones\C2I_Fishbones",,,No comments by current user.,,,,,,,,,,,,,,,,,,,,,"1|i07m54:",,,,,,,,,,,,,,,,Medium,,,,,,,SSWUMS Sprint 88-14.4 (PI14),,,,,,,,,,0.3,,,,,,,,,,,,,,,,,,0.0,0.0,,0.0,,,0.0,,,,,"21/Nov/25 3:04 PM;mkuperst;Provided initial comments responses in the Excel. Following up with Sourber re: LBTF fishbone and latency/PaaS risk question;;;","24/Nov/25 10:59 AM;mkuperst;Updated LBTF Gantt provided by Jacob. [~aviola] working general fishbones update. Following up with Jacob on some additional Gantt and latency risk updates;;;","24/Nov/25 6:59 PM;mkuperst;GDMS owed slides have been updated. [~aviola] is working on updating the ""To be updated"" fishbones. Excel comments have been responded to.;;;","04/Mar/26 2:18 PM;mkuperst;New location for fishbones:

\\us-ct-eb01\EBDepts\Eng.440\Projects-VA\VA SSW\CWS Working Group\CWS Share\C2_IPT\Fishbones\C2I_Fishbones;;;",,,,
December C2I - Draft Slides due 11/13 for 11/17,SSWUMS-1148,87133,Task,Done,SSWUMS,SSWUMS,software,mkuperst,"Welcome to the SSWUMS Team space, led by Meridith K (Product Owner). This space includes D440 and D454 resources, as well as Sprint and Kanban work.
",,Medium,Done,mkuperst,mkuperst,mkuperst,23/Oct/25 12:09 PM,18/Nov/25 10:19 AM,18/Sep/26 3:31 PM,18/Nov/25 10:19 AM,,PI14,,,,C2I IPT,,,,,,,,,,,,,,,,,,,,,,0,Draft slides being developed by GDMS with EB input and review,,mkuperst,,,,,";18/Nov/25 10:19 AM;mkuperst;7200",,,,,,,,,8640,1440,7200,83%,8640,1440,7200,,,,,,,,,,,,,,,,,,,,,,,,,,,,,,,,,,,,,,,,,,,,,,,,,,,,mkuperst,,,,,SSWUMS-1026,,,Done,,,,,,Sprint,,,,,"Posted on: Mon Nov 17 09:10:34 EST 2025
Draft slides received from GDMS. Will be reviewing with [~aviola] on 11/17",,,No comments by current user.,,,,,,,,,,,,,,,,,,,,,"1|i07m4w:",,,,,,,,,,,,,,,,Medium,,,,,,,SSWUMS Sprint 87-14.3 (PI14),,,,,,,,,,0.3,,,,,13/Nov/25 12:00 AM,,,,,,,,,,,,,0.0,0.0,,0.0,,,0.0,,,,,"17/Nov/25 9:10 AM;mkuperst;Draft slides received from GDMS. Will be reviewing with [~aviola] on 11/17;;;",,,,,,,
4.f. GDMS UMS Test Procedure/Plans - PI22,SSWUMS-1147,87113,Epic,Cancelled,SSWUMS,SSWUMS,software,mkuperst,"Welcome to the SSWUMS Team space, led by Meridith K (Product Owner). This space includes D440 and D454 resources, as well as Sprint and Kanban work.
",,Medium,Won't Do,,cwhite10,cwhite10,23/Oct/25 10:24 AM,12/Aug/26 12:27 PM,18/Sep/26 3:31 PM,07/Aug/26 1:46 PM,,,,,,STP,,,,,,,,,,,,,,,,,,,,,,0,,,cwhite10,,,,,,,,,,,,,,0,0,,0%,0,0,,,,,,,,,,,,SSWUMS-1146,,,,,,,,,,,,,,,,,,,,,,,,,,,,,,,,,,,,,,,,,,,,,ghx-label-13,,4.f. GDMS UMS Test Procedure/Plans - PI22,Done,,,,,,,Sprint,,,,,,,,No comments by current user.,,,,,,,SSWUMS-1139,,,,,,,,,,,,,,"1|i07m0g:",,,,,,,,,,,,,,,,Medium,,,,,,,,,,,,,,,,,0.0,,,,,,,,,,,,,,,,,0.0,0.0,0.0,,,0.0,0.0,0.0,0.0,0.0,0.0,0.0,,,,,,,,
4.f. GDMS UMS Test Procedure/Plans - PI21,SSWUMS-1146,87112,Epic,Cancelled,SSWUMS,SSWUMS,software,mkuperst,"Welcome to the SSWUMS Team space, led by Meridith K (Product Owner). This space includes D440 and D454 resources, as well as Sprint and Kanban work.
",,Medium,Won't Do,,cwhite10,cwhite10,23/Oct/25 10:24 AM,12/Aug/26 12:27 PM,18/Sep/26 3:31 PM,07/Aug/26 2:21 PM,,PI21,,,,System Acceptance Test Plan,,,,,,,,,,,,,,,,,,,,,,0,,,cwhite10,,,,,,,,,,,,,,0,0,,0%,0,0,,,,,,,,,,SSWUMS-1147,,SSWUMS-1145,,,,,,,,,,,,,,,,,,,,,,,,,,,,,,,,,,,,,,,,,,,,,ghx-label-13,,4.f. GDMS UMS Test Procedure/Plans - PI21,Done,,,,,,,Sprint,,,,,,,,No comments by current user.,,,,,,,SSWUMS-1139,,,,,,,,,,,,,,"1|i07m08:",,,,,,,,,,,,,,,,Medium,,,,,,,,,,,,,,,,,0.0,,,,,,,,,,,,,,,,,0.0,0.0,0.0,,,0.0,0.0,0.0,0.0,0.0,0.0,0.0,,,,,,,,
4.f. GDMS UMS Test Procedure/Plans - PI20,SSWUMS-1145,87111,Epic,Cancelled,SSWUMS,SSWUMS,software,mkuperst,"Welcome to the SSWUMS Team space, led by Meridith K (Product Owner). This space includes D440 and D454 resources, as well as Sprint and Kanban work.
",,Medium,Won't Do,,cwhite10,cwhite10,23/Oct/25 10:24 AM,11/Aug/26 5:17 PM,18/Sep/26 3:31 PM,07/Aug/26 2:21 PM,,PI20,,,,STP,,,,,,,,,,,,,,,,,,,,,,0,,,cwhite10,,,,,,,,,,,,,,0,0,,0%,0,0,,,,,,,,,,SSWUMS-1146,,SSWUMS-1144,,,,,,,,,,,,,,,,,,,,,,,,,,,,,,,,,,,,,,,,,,,,,ghx-label-13,,4.f. GDMS UMS Test Procedure/Plans - PI20,Done,,,,,,,Sprint,,,,,,,,No comments by current user.,,,,,,,SSWUMS-1139,,,,,,,,,,,,,,"1|i07m00:",,,,,,,,,,,,,,,,Medium,,,,,,,,,,,,,,,,,0.0,,,,,,,,,,,,,,,,,0.0,0.0,0.0,,,0.0,0.0,0.0,0.0,0.0,0.0,0.0,,,,,,,,
4.f. GDMS UMS Test Procedure/Plans - PI19,SSWUMS-1144,87109,Epic,Done,SSWUMS,SSWUMS,software,mkuperst,"Welcome to the SSWUMS Team space, led by Meridith K (Product Owner). This space includes D440 and D454 resources, as well as Sprint and Kanban work.
",,Medium,Done,,cwhite10,cwhite10,23/Oct/25 10:23 AM,08/Sep/26 4:06 PM,18/Sep/26 3:31 PM,07/Aug/26 2:52 PM,,PI19,,,,GDMS CCA Development,Test Procedures,UMS System Test Plan,,,,,,,,,,,,,,,,,,,,0,,,cwhite10,,,,,,,,,,,,,,0,0,,0%,0,0,,,,,,,,,,SSWUMS-1145,,SSWUMS-1143,,,,,,,,,,,,,,,,,,,,,,,,,,,,,,,,,SSWTEST,,,,,,,,,,,,ghx-label-13,,4.f. GDMS UMS Test Procedure/Plans - PI19,Done,,,,,,,Sprint,,,,,,,,No comments by current user.,,,,,,,SSWUMS-1139,,,,,,,,,,,,,,"1|i03q43:5i056qc",,,,,,,,,,,,,,,,Medium,,,,,,,,,,,,,,,,,,,,,94%,23/Sep/26 12:00 AM,01/Jul/26 12:00 AM,,,,,,,,,,,100.0,2.0,0.0,,,100.0,53.1,2.0,0.0,16.0,7.5,8.5,,,,,,,,
4.f. GDMS UMS Test Procedure/Plans - PI18,SSWUMS-1143,87108,Epic,Done,SSWUMS,SSWUMS,software,mkuperst,"Welcome to the SSWUMS Team space, led by Meridith K (Product Owner). This space includes D440 and D454 resources, as well as Sprint and Kanban work.
",,Medium,Done,,cwhite10,cwhite10,23/Oct/25 10:23 AM,12/Aug/26 12:26 PM,18/Sep/26 3:31 PM,16/Jun/26 12:17 PM,,PI18,,,,Test Procedures,,,,,,,,,,,,,,,,,,,,,,0,,,cwhite10,,,,,,,,,,,,,,0,0,,0%,0,0,,,,,,,,,,SSWUMS-1144,,SSWUMS-1140,,,,,,,,,,,,,,,,,,,,,,,,,,,,,,,,,,,,,,,,,,,,,ghx-label-13,,4.f. GDMS UMS Test Procedure/Plans - PI18,Done,,,,,,,Sprint,,,,,,,,No comments by current user.,,,,,,,SSWUMS-1139,,,,,,,,,,,,,,"1|i07lzc:",,,,,,,,,,,,,,,,Medium,,,,,,,,,,,,,,,,,,,,,100%,01/Jul/26 12:00 AM,25/Mar/26 12:00 AM,,,,,,,,,,,0.0,0.0,0.0,,,0.0,0.0,0.0,0.0,0.0,0.0,0.0,,,,,,,,
"Tactical C-CCA Test Procedure provided Early May; Comments due Early June ",SSWUMS-1142,87107,Task,Cancelled,SSWUMS,SSWUMS,software,mkuperst,"Welcome to the SSWUMS Team space, led by Meridith K (Product Owner). This space includes D440 and D454 resources, as well as Sprint and Kanban work.
",,Medium,Won't Do,cwhite10,mkuperst,cwhite10,23/Oct/25 10:23 AM,07/Aug/26 1:45 PM,18/Sep/26 3:31 PM,07/Aug/26 1:45 PM,,,,,,C2S,,,,,,,,,,,,,,,,,,,,,,0,,,cwhite10,,,,,,,,,,,,,,0,0,,0%,0,0,,,,,,,,,,,,SSWUMS-1117,,,,,,,,,,,,,,,,,,,,,,,,,,,,,,,,,,,,,,,,,,,,,,SSWUMS-1147,,,Cancelled,,,,,,Sprint,,,,,"Posted on: Fri Aug 07 13:45:13 EDT 2026
Broken out to numerous tasks",,,No comments by current user.,,,,,,,,,,,,,,,,,,,,,"1|i07lz4:",,,,,,,,,,,,,,,,Medium,,,,,,,PI22 3/24/2027 - 6/30/2027,,,,,,,,,,0.0,,,,,,,,,,,,,,,,,,0.0,0.0,,0.0,,,0.0,,,,,"07/Aug/26 1:45 PM;cwhite10;Broken out to numerous tasks;;;",,,,,,,
"C-CCA Environmental Test Procedure provided Early April; Comments due Early May",SSWUMS-1141,87103,Task,Cancelled,SSWUMS,SSWUMS,software,mkuperst,"Welcome to the SSWUMS Team space, led by Meridith K (Product Owner). This space includes D440 and D454 resources, as well as Sprint and Kanban work.
",,Medium,Won't Do,cwhite10,cwhite10,cwhite10,23/Oct/25 10:21 AM,12/Aug/26 12:26 PM,18/Sep/26 3:31 PM,04/Mar/26 11:00 AM,,PI18,,,,Test Procedures,,,,,,,,,,,,,,,,,,,,,,0,,,cwhite10,,,,,,,,,,,,,,0,0,,0%,0,0,,,,,,,,,,,,,,,,,,,,,,,,,,,,,,,,,,,,,,,,,,,,,,,,,,,,,,,,,,SSWUMS-1143,,,Done,,,,,,Sprint,,,,,"Posted on: Wed Mar 04 11:00:04 EST 2026
Covered by SSWUMS-1425 and SSWUMS-1422",,,No comments by current user.,,,,,,,,,,,,,,,,,,,,,"1|i07ly8:",,,,,,,,,,,,,,,,Medium,,,,,,,SSWUMS Sprint 18.1,,,,,,,,,,0.0,,,,,,,,,,,,,,,,,,0.0,0.0,,0.0,,,0.0,,,,,"04/Mar/26 11:00 AM;cwhite10;Covered by SSWUMS-1425 and SSWUMS-1422;;;",,,,,,,
4.f. GDMS UMS Test Procedure/Plans - PI17,SSWUMS-1140,87102,Epic,Done,SSWUMS,SSWUMS,software,mkuperst,"Welcome to the SSWUMS Team space, led by Meridith K (Product Owner). This space includes D440 and D454 resources, as well as Sprint and Kanban work.
",,Medium,Done,,cwhite10,cwhite10,23/Oct/25 10:17 AM,12/Aug/26 12:27 PM,18/Sep/26 3:31 PM,11/Mar/26 11:02 AM,,PI17,,,,C2S,GDMS CCA Development,Test Procedures,,,,,,,,,,,,,,,,,,,,0,,,cwhite10,,,,,,,,,,,,,,0,0,,0%,0,0,,,,,,,,,,SSWUMS-1143,,SSWUMS-1138,,,,,,,,,,,,,,,,,,,,,,,,,,,,,,,,,,,,,,,,,,,,,ghx-label-13,,4.f. GDMS UMS Test Procedure/Plans - PI17,Done,,,,,,,Sprint,,,,,,,,No comments by current user.,,,,,,,SSWUMS-1139,,,,,,,,,,,,,,"1|i07ly0:",,,,,,,,,,,,,,,,Medium,,,,,,,,,,,,,,,,,,,,,,,,,,,,,,,,,,100.0,2.7,0.0,,,100.0,70.8,2.7,0.0,21.6,6.3,15.3,,,,,,,,
4.f. GDMS UMS Test Procedure/Plans,SSWUMS-1139,87101,Initiative,Done,SSWUMS,SSWUMS,software,mkuperst,"Welcome to the SSWUMS Team space, led by Meridith K (Product Owner). This space includes D440 and D454 resources, as well as Sprint and Kanban work.
",,Medium,Done,mkuperst,cwhite10,cwhite10,23/Oct/25 10:15 AM,11/Aug/26 5:29 PM,18/Sep/26 3:31 PM,07/Aug/26 2:53 PM,,,,,,Test Procedures,UMS System Test Plan,,,,,,,,,,,,,,,,,,,,,0,,,cwhite10,,,,,,,,,,,,,,,0,,,,0,,,,,,,,,,,,,,,,,,,,,,,,,,,,,,,,,,,,,,,,,,,,,,,,,,,,,,,,,,,,,,,,,,,Sprint,,,,,,,,No comments by current user.,,,,,,,,,,,,,,,,,,,,,"1|i03q43:5i054o",,,,,,,,,,,,,,,,Medium,,,,,,,SSWUMS Sprint 17.2,,,,,,,,,,,,,,,,,,,,,,,,,,,100.0,4.7,0.0,,,100.0,63.3,4.7,0.0,37.6,13.8,23.8,,,,,,,,
4.f. GDMS UMS Test Procedure/Plans - PI14,SSWUMS-1138,87100,Epic,Cancelled,SSWUMS,SSWUMS,software,mkuperst,"Welcome to the SSWUMS Team space, led by Meridith K (Product Owner). This space includes D440 and D454 resources, as well as Sprint and Kanban work.
",,Medium,Won't Do,,cwhite10,cwhite10,23/Oct/25 10:13 AM,12/Aug/26 12:27 PM,18/Sep/26 3:31 PM,17/Dec/25 10:18 AM,,PI14,,,,C2S,Test Procedures,,,,,,,,,,,,,,,,,,,,,0,,,cwhite10,,,,,,,,,,,,,,0,0,,0%,0,0,,,,,,,,,,SSWUMS-1140,,,,,,,,,,,,,,,,,,,,,,,,,,,,,,,,,,,,,,,,,,,,,,,ghx-label-13,,4.f. GDMS UMS Test Procedure/Plans - PI14,Done,,,,,,,Sprint,,,,,"Posted on: Wed Dec 17 10:18:48 EST 2025
No Actions for GDMS UMS Test plans in PI 14. Epic Cancelled

tasking was shifted out due to HRS delays",,,No comments by current user.,,,,,,,SSWUMS-1139,,,,,,,,,,,,,,"1|i07lxs:",,,,,,,,,,,,,,,,Medium,,,,,,,,,,,,,,,,,0.0,,,,,,,,,,,,,,,,,0.0,0.0,0.0,,,0.0,0.0,0.0,0.0,0.0,0.0,0.0,"17/Dec/25 10:18 AM;cwhite10;No Actions for GDMS UMS Test plans in PI 14. Epic Cancelled

tasking was shifted out due to HRS delays;;;",,,,,,,
4.d. C-CCA HRS - PI17,SSWUMS-1137,87099,Epic,Done,SSWUMS,SSWUMS,software,mkuperst,"Welcome to the SSWUMS Team space, led by Meridith K (Product Owner). This space includes D440 and D454 resources, as well as Sprint and Kanban work.
",,Medium,Done,cwhite10,mkuperst,cwhite10,23/Oct/25 10:10 AM,27/Mar/26 4:50 AM,18/Sep/26 3:31 PM,18/Mar/26 10:13 AM,,PI17,,,,C-CCA HRS,,,,,,,,,,,,,,,,,,,,,,0,"Estimated 16 hours for initial review + 16 hours for adjudication, per product",,cwhite10,,,,,,,,,,,,,,0,0,,0%,0,0,,,,,,,,,,SSWUMS-1350,SSWUMS-1363,SSWUMS-966,,,,,,,,,,,,,,,,,,,,,,,,,,,,,,,,,,,,,,,,,,,,,ghx-label-13,,4.d. C-CCA HRS - PI17,Done,,,,,,,,,,,,,,,No comments by current user.,,,,,,,SSWUMS-472,,,,,,,,,,,,,,"1|i07lxk:",,,,,,,,,,,,,,,,Medium,,,,,,,,,,,,,,,,,,,,,,,,,,,,,,,,,,100.0,2.6,0.0,,,100.0,116.8,2.6,0.0,20.8,'-3.5,24.3,,,,,,,,
CLS-CCA Tactical Documentation Review (Expected Mid January 2027),SSWUMS-1136,87097,Task,Cancelled,SSWUMS,SSWUMS,software,mkuperst,"Welcome to the SSWUMS Team space, led by Meridith K (Product Owner). This space includes D440 and D454 resources, as well as Sprint and Kanban work.
",,Medium,Won't Do,cwhite10,cwhite10,cwhite10,23/Oct/25 9:56 AM,06/Aug/26 6:39 PM,18/Sep/26 3:31 PM,06/Aug/26 6:39 PM,,,,,,GDMS CCA Development,,,,,,,,,,,,,,,,,,,,,,0,,,cwhite10,,,,,,,,,,,,,,0,0,,0%,0,0,,,,,,,,,,,,,,,,,,,,,,,,,,,,,,,,,,,,,,,,,,,,,,,,,,,,,cwhite10,,,,,SSWUMS-2188,,,To Do,,,,,,Sprint,,,,,"Posted on: Thu Aug 06 18:39:08 EDT 2026
Duplicate of SSWUMS-1513",,,No comments by current user.,,,,,,,,,,,,,,,,,,,,,"1|i07lx4:",,,,,,,,,,,,,,,,Medium,,,,,,,PI21 1/4/2027 - 3/24/2027,,,,,,,,,,0.0,,,,,,,,,,,,,,,,,,0.0,0.0,,0.0,,,0.0,,,,,"06/Aug/26 6:39 PM;cwhite10;Duplicate of SSWUMS-1513;;;",,,,,,,
S-CCA Tactical Documentation Review (Expected Mid January 2027),SSWUMS-1135,87096,Task,Cancelled,SSWUMS,SSWUMS,software,mkuperst,"Welcome to the SSWUMS Team space, led by Meridith K (Product Owner). This space includes D440 and D454 resources, as well as Sprint and Kanban work.
",,Medium,Won't Do,cwhite10,cwhite10,cwhite10,23/Oct/25 9:56 AM,06/Aug/26 6:34 PM,18/Sep/26 3:31 PM,06/Aug/26 6:31 PM,,,,,,GDMS CCA Development,,,,,,,,,,,,,,,,,,,,,,0,,,cwhite10,,,,,,,,,,,,,,0,0,,0%,0,0,,,,,,,,,,,,,,,,,,,,,,,,,,,,,,,,,,,,,,,,,,,,,,,,,,,,,cwhite10,,,,,SSWUMS-2187,,,To Do,,,,,,Sprint,,,,,"Posted on: Thu Aug 06 18:31:44 EDT 2026
Duplicate of SSWUMS-1512",,,No comments by current user.,,,,,,,,,,,,,,,,,,,,,"1|i07lww:",,,,,,,,,,,,,,,,Medium,,,,,,,PI21 1/4/2027 - 3/24/2027,,,,,,,,,,0.0,,,,,,,,,,,,,,,,,,0.0,0.0,,0.0,,,0.0,,,,,"06/Aug/26 6:31 PM;cwhite10;Duplicate of SSWUMS-1512;;;",,,,,,,
SS-CCA Tactical Documentation Review (Expected Early December 2026),SSWUMS-1134,87095,Task,Cancelled,SSWUMS,SSWUMS,software,mkuperst,"Welcome to the SSWUMS Team space, led by Meridith K (Product Owner). This space includes D440 and D454 resources, as well as Sprint and Kanban work.
",,Medium,Won't Do,cwhite10,cwhite10,cwhite10,23/Oct/25 9:55 AM,06/Aug/26 6:40 PM,18/Sep/26 3:31 PM,06/Aug/26 6:39 PM,,,,,,GDMS CCA Development,,,,,,,,,,,,,,,,,,,,,,0,,,cwhite10,,,,,,,,,,,,,,0,0,,0%,0,0,,,,,,,,,,,,,,,,,,,,,,,,,,,,,,,,,,,,,,,,,,,,,,,,,,,,,cwhite10,,,,,SSWUMS-2186,,,To Do,,,,,,Sprint,,,,,"Posted on: Thu Aug 06 18:39:50 EDT 2026
Duplicate of SSWUMS-1511",,,No comments by current user.,,,,,,,,,,,,,,,,,,,,,"1|i07lwo:",,,,,,,,,,,,,,,,Medium,,,,,,,PI20 9/23/2026 - 1/3/2027,,,,,,,,,,0.0,,,,,,,,,,,,,,,,,,0.0,0.0,,0.0,,,0.0,,,,,"06/Aug/26 6:39 PM;cwhite10;Duplicate of SSWUMS-1511;;;",,,,,,,
AC-CCA Tactical Documentation Review (Expected Early December 2026),SSWUMS-1133,87094,Task,Cancelled,SSWUMS,SSWUMS,software,mkuperst,"Welcome to the SSWUMS Team space, led by Meridith K (Product Owner). This space includes D440 and D454 resources, as well as Sprint and Kanban work.
",,Medium,Won't Do,cwhite10,cwhite10,cwhite10,23/Oct/25 9:55 AM,06/Aug/26 6:40 PM,18/Sep/26 3:31 PM,06/Aug/26 6:40 PM,,,,,,GDMS CCA Development,,,,,,,,,,,,,,,,,,,,,,0,,,cwhite10,,,,,,,,,,,,,,0,0,,0%,0,0,,,,,,,,,,,,,,,,,,,,,,,,,,,,,,,,,,,,,,,,,,,,,,,,,,,,,cwhite10,,,,,SSWUMS-2189,,,To Do,,,,,,Sprint,,,,,"Posted on: Thu Aug 06 18:40:43 EDT 2026
Duplicate of SSWUMS-1510",,,No comments by current user.,,,,,,,,,,,,,,,,,,,,,"1|i07lwg:",,,,,,,,,,,,,,,,Medium,,,,,,,PI20 9/23/2026 - 1/3/2027,,,,,,,,,,0.0,,,,,,,,,,,,,,,,,,0.0,0.0,,0.0,,,0.0,,,,,"06/Aug/26 6:40 PM;cwhite10;Duplicate of SSWUMS-1510;;;",,,,,,,
4.e. OBMP - PI17,SSWUMS-1132,87093,Epic,Done,SSWUMS,SSWUMS,software,mkuperst,"Welcome to the SSWUMS Team space, led by Meridith K (Product Owner). This space includes D440 and D454 resources, as well as Sprint and Kanban work.
",,Medium,Done,mkuperst,mkuperst,cwhite10,23/Oct/25 9:47 AM,11/Aug/26 4:58 PM,18/Sep/26 3:31 PM,18/Mar/26 10:12 AM,,PI17,,,,Customer,Document Dev,OBMP,PDMS to Platform IBT ICD A00014103,PDMS to UWS ICD A00007128,Review,UMS SSLR,Vendor (GDMS),,,,,,,,,,,,,,,0,"Estimated 16 hours for initial review + 16 hours for adjudication, per product.

Includes OBMP and PDMS to Plat ICD",,cwhite10,,,,,,,,,,,,,,0,0,,0%,0,0,,,,,,,,,,SSWUMS-1902,,SSWUMS-1081,,,,,,,,,,,,,,,,,,,,,,,,,,,,,,,,,,,,,,,,,,,,,ghx-label-13,,4.e. OBMP - PI17,Done,,,,,,,,,,,,,,,No comments by current user.,,,,,,,SSWUMS-474,,,,,,,,,,,,,,"1|i07lw8:",,,,,,,,,,,,,,,,Medium,,,,,,,,,,,,,,,,,,,,,,,,,,,,,,,,,,0.0,0.0,0.0,,,0.0,0.0,0.0,0.0,0.0,0.0,0.0,,,,,,,,
6. EB RAM Products - PI17,SSWUMS-1131,87091,Epic,Done,SSWUMS,SSWUMS,software,mkuperst,"Welcome to the SSWUMS Team space, led by Meridith K (Product Owner). This space includes D440 and D454 resources, as well as Sprint and Kanban work.
",,Medium,Done,mkuperst,mkuperst,cwhite10,23/Oct/25 9:46 AM,12/Aug/26 12:44 PM,18/Sep/26 3:31 PM,18/Mar/26 10:13 AM,,PI17,,,,Document Dev,UMS C2S & PDMS FMEA,UMS UWS & L&R FMEA,,,,,,,,,,,,,,,,,,,,0,,,cwhite10,,,,,,,,,,,,,,0,0,,0%,0,0,,,,,,,,,,SSWUMS-1293,,SSWUMS-1049,,,,,,,,,,,,,,,,,,,,,,,,,,,,,,,,,,,,,,,,,,,,,ghx-label-8,,6. EB RAM Products - PI17,Done,,,,,,,,,,,,,,,No comments by current user.,,,,,,,SSWUMS-562,,,,,,,,,,,,,,"1|i03fhp:ayc",,,,,,,,,,,,,,,,Medium,,,,,,,,,,,,,,,,,,,,,,,,,,,,,,,,,,0.0,0.0,0.0,,,0.0,0.0,0.0,0.0,0.0,0.0,0.0,,,,,,,,
Clarification of MES PaaS Service Need Dates ECD 11/4/25,SSWUMS-1130,87082,Task,Done,SSWUMS,SSWUMS,software,mkuperst,"Welcome to the SSWUMS Team space, led by Meridith K (Product Owner). This space includes D440 and D454 resources, as well as Sprint and Kanban work.
",,Medium,Done,mkuperst,mkuperst,mkuperst,22/Oct/25 3:52 PM,06/Nov/25 12:43 PM,18/Sep/26 3:31 PM,06/Nov/25 12:43 PM,,PI14,,,,C2I IPT,MES PaaS,,,,,,,,,,,,,,,,,,,,04/Nov/25 12:00 AM,0,"*Use PaaS cost separation S/O for this task.*

The C2iPT has requested that all segments who are using MES services to go in and provide more information on need dates for the services. The latest MES PaaS Service List and associated Jira ticket export is here: \\us-ct-eb01\EBDepts\Eng.440\Projects-VA\VA SSW\CWS Working Group\CWS Share\C2_IPT\DataCalls\20251022_PaaS_Service_List_Clatrification

(MK posted to Alliance here: [https://alliance.gd-ms.com/sites/projects1/Rogue/Prime/Working%20Groups/C2%20IPT/(CUI)MES_PaaS_Service_List_Roadmap_Official_10_21_25.xlsx?Web=1)|https://alliance.gd-ms.com/sites/projects1/Rogue/Prime/Working%20Groups/C2%20IPT/(CUI)MES_PaaS_Service_List_Roadmap_Official_10_21_25.xlsx?Web=1]

This has a requested {*}ECD of 11/4/25{*}. The input from this will feed into the AWG scheduling and service development roadmap.

Detailed description -

MES PaaS Service spreadsheet – for each service needed by your segment, provide dates for the following in columns AC through AG:

Segment Development Start Date – The date by which your segment expects the MES service to be ready so the segment can commence its own development work

Segment Test Event Date – The date by which your segment needs the MES service to be ready for an internal test event or verification

Segment Client‑Readiness Date– The date by which your segment’s client will be available to be tested against the MES service

Other Dependency Dates – Please explain need date

Verify your Segment’s Client Readiness Date falls within the blue period on the MES PaaS Service spreadsheet

If the Client Readiness date does NOT fall within the blue period, provide back as an action request to the C2I IPT",,mkuperst,,,,,,,,,,,,,,5760,5760,,0%,5760,5760,,,,,,,,,,,,,,,,,,,,,,,,,,,,,,,,,,,,,,,,,,,,,,,,,,,,,mkuperst,,,,,SSWUMS-1026,,,Done,,,,,,SOS,Sprint,,,,"Posted on: Thu Nov 06 12:43:35 EST 2025
GDMS responses received. GDMS and PHC responses placed in the X drive folder and email was sent notifying the EB team.",,,No comments by current user.,,,,,,,,,,,,,,,,,,,,,"1|i07ahi:",,,,,,,,,,,,,,,,Medium,,,,,,,SSWUMS Sprint 86-14.2 (PI14),SSWUMS Sprint 87-14.3 (PI14),,,,,,,,,0.2,,,,,,,,,,,,,,,,,,0.0,0.0,,0.0,,,0.0,,,,,"04/Nov/25 12:00 PM;mkuperst;GDMS needs a few more days. Relayed to [~aviola] that they are also looking for a definitions file for what each service is;;;","06/Nov/25 12:43 PM;mkuperst;GDMS responses received. GDMS and PHC responses placed in the X drive folder and email was sent notifying the EB team.;;;",,,,,,
SEL-787N Protection Letter Review,SSWUMS-1129,87026,Task,Done,SSWUMS,SSWUMS,software,mkuperst,"Welcome to the SSWUMS Team space, led by Meridith K (Product Owner). This space includes D440 and D454 resources, as well as Sprint and Kanban work.
",,Medium,Done,bchadwic,bchadwic,bchadwic,22/Oct/25 11:31 AM,19/Jan/26 7:31 AM,18/Sep/26 3:31 PM,19/Jan/26 7:31 AM,,PI17,,,,Transformer MODBUS,,,,,,,,,,,,,,,,,,,,,16/Jan/26 12:00 AM,0,Review of the protection settings letter for the SEL-787N. ,,bchadwic,mkuperst,,,,"Reviewed, no comments;19/Jan/26 7:31 AM;bchadwic;10800",,,,,,,,,14400,3600,10800,75%,14400,3600,10800,,,,,,,,,,,,,,,,,,,,,,,,,,,,,,,,,,,,,,,,,,,,,,,,,,,,bchadwic,,,16/Jan/26 12:00 AM,,SSWUMS-969,,,Done,,,,,,Sprint,,,,,"Posted on: Mon Jan 19 07:31:57 EST 2026
Reviewed, no comments",,,No comments by current user.,,,,,,,,,,,,,,,,,,,,,"1|i06f43:y7bc",,,,,,,,,,,,,,,,Medium,,,,,,,SSWUMS Sprint 17.1,SSWUMS Sprint 17.2,,,,,,,,,0.5,,,,,16/Jan/26 12:00 AM,,,,,,,,,,,,,0.0,0.0,,0.0,,,0.0,,,,,"22/Dec/25 9:32 AM;mkuperst;Moved out a sprint;;;","19/Jan/26 7:31 AM;bchadwic;Reviewed, no comments;;;",,,,,,
C2S CCA Contract Delivery Dates,SSWUMS-1128,87006,Task,Done,SSWUMS,SSWUMS,software,mkuperst,"Welcome to the SSWUMS Team space, led by Meridith K (Product Owner). This space includes D440 and D454 resources, as well as Sprint and Kanban work.
",,Medium,Done,cwhite10,cwhite10,cwhite10,22/Oct/25 10:15 AM,05/Nov/25 12:06 PM,18/Sep/26 3:31 PM,05/Nov/25 9:05 AM,,PI14,,,,GDMS CCA Development,,,,,,,,,,,,,,,,,,,,,05/Nov/25 12:00 AM,0,"Can you work to determine what the appropriate C2S contract delivery dates should be for GDMS?

The action item call today highlighted that GDMS’s schedule is likely not supporting the EB needs for the CCAs. We should establish contractually with GDMS what the EB need dates are so they can take out risks if they can’t support. That way we can track mitigations appropriately.

 

Thanks,

Lance Moran",,cwhite10,,,,,";22/Oct/25 10:18 AM;cwhite10;3600",";05/Nov/25 9:05 AM;cwhite10;7200",,,,,,,,14400,3600,10800,75%,14400,3600,10800,,,,,,,,,,,,,,,,,,,,,,,SSWUMS-1123,,,,,,,,,,,,,,,,,,,,,,,,,,,,,cwhite10,,,,,SSWUMS-932,,,Done,,,,,,Sprint,,,,,"Posted on: Wed Nov 05 09:06:16 EST 2025
First Article cards are needed by December 2026(end of December)

Tactical cards are needed by January 2028",,,No comments by current user.,,,,,,,,,,,,,,,,,,,,,"1|i06f43:y7b9",,,,,,,,,,,,,,,,Medium,,,,,,,SSWUMS Sprint 86-14.2 (PI14),,,,,,,,,,0.5,,,,,,,,,,,,,,,,,,0.0,0.0,,0.0,,,0.0,,,,,"22/Oct/25 10:17 AM;cwhite10;h2. +*Email sent to 440 folks*+

[~msweene2], [~sevans2] , and [~cmonino] ,

Would you guys be able to provide all drop dead dates for the GDMS C-CCA’s so we can provide it to GDMS

For each deadline could you provide
 * The required Card(FA or Tactical)
 * Date Card is required
 * Test/development being performed
 * Time test/development will take
 * Any slack for the test(will not be sent to GDMS)
 * Related IMS line

Related files:

CCA Delivery roadmap(ROG-1575):
 * X:\Programs.686.BlockVI\Seabed Warfare\05 Concept Development\UMS\9 C2\00_Programmatic_and_Administrative\ROG-1574_CCA-Delivery-Timeline\ROG-1574-Rogue CCA Delivery & Testing Roadmap Rev 7.pptx

C2S Sync notes:
 * [https://192.168.3.34/cnfl1/display/SSWUMS/2025-10-20+Meeting+notes]
 * X:\Programs.686.BlockVI\Seabed Warfare\05 Concept Development\UMS\9 C2\Meetings\C2S Weekly Sync Meeting Notes\2025\2025-10-20 Meeting notes.pdf;;;","22/Oct/25 10:18 AM;cwhite10;Talked with [~cmonino] 

HW dates are dependent on Test dates (None to provide);;;","23/Oct/25 9:42 AM;cwhite10;Email message from [~msweene2] with the dates for test

 

Good afternoon Cory,

See below for Test Team inputs. The test events/dates below concerning Tactical CCA’s are predicated on Tactical CCA delivery in 01/2028. I’ll defer to HW for the specific delivery need date for First Article CCAs to support grooming dates below.
 * UMS NIOU FQT procedure grooming using {+}First Article CCAs{+}: 6/24/27 – 8/5/27. (IMS Line Item 362) 
 * UMS NIOU FQT procedure grooming using {+}Tactical CCAs{+}: 5/23/28 – 7/1/28. (IMS Line Item 373)
 * UMS NIOU FQT Procedure Dry-runs using {+}Tactical CCAs{+}: 7/25/28 – 1/29/29.  (IMS Line Item 378)
 * UMS NIOU FQT procedure Run-For-Record using {+}Tactical CCAs{+}: 2/13/29 – 6/18/29 (IMS Line Item 397)

More discussion needed regarding GDMS delivery timeline of DVT’d software (PDMS, C2S).  The current Software delivery timeline will likely push out the Run-For-Record timeline.;;;","05/Nov/25 9:06 AM;cwhite10;First Article cards are needed by December 2026(end of December)

Tactical cards are needed by January 2028;;;",,,,
Review C2S PTR Material for the November GDMS CCB,SSWUMS-1127,87002,Task,Done,SSWUMS,SSWUMS,software,mkuperst,"Welcome to the SSWUMS Team space, led by Meridith K (Product Owner). This space includes D440 and D454 resources, as well as Sprint and Kanban work.
",,Medium,Done,cwhite10,cwhite10,cwhite10,22/Oct/25 9:44 AM,04/Nov/25 3:29 PM,18/Sep/26 3:31 PM,04/Nov/25 3:29 PM,,PI14,,,,C2S B-spec,C2S RVTM,,,,,,,,,,,,,,,,,,,,,0,X:\Programs.686.BlockVI\Seabed Warfare\05 Concept Development\UMS\4 Requirements\B-Specs\C2S_PDMS PTRs\2025-11-06 CCB,,cwhite10,mkuperst,,,,";24/Oct/25 12:44 PM;mkuperst;60",";30/Oct/25 8:51 AM;cwhite10;1800",,,,,,,,5760,3900,1860,32%,5760,3900,1860,,,,,,,,,SSWUMS-1155,,,,,,,,,,,,,,,,,,,,,,,,,,,,,,,,,,,,,,,,,,,cwhite10,,,,,SSWUMS-923,,,Done,,,,,,SOS,Sprint,,1.0,"heading should be

Original Text(Needs to be added)

Redline

Clean Version","Posted on: Thu Oct 30 10:08:23 EDT 2025
heading should be

Original Text(Needs to be added)

Redline

Clean Version",,,No comments by current user.,,,,,,,,cwhite10,mkuperst,,,,,,,,,,,,"1|i06f43:y7w",cwhite10 10/30/2025 null,30/Oct/25 12:00 AM,Rejected,,,Rejected,,,,,,,,,,Medium,,,,,,,SSWUMS Sprint 86-14.2 (PI14),,,,,,,,,,0.2,,,,,,,,,,,,,,,,,,0.0,0.0,,0.0,,,0.0,,,,,"27/Oct/25 2:53 PM;mkuperst;UMS_C2S_PTR_29:
 * Missing markup redlines indicating changes to C2S_1953 and deletion of C2S_1012
 * Missing C2S RVTM markups indicating C2S_1012 being deleted
 * Missing markups version of Figure 7 to support the before and after comparison
 ** [~cwhite10] Figure 7 Smooth version should also include PTR_64
 * Need to delete the ""Note: Associated updates will be made to the C2S RVTM to remove C2S_1012 and associated links"" and replace with the smooth versions of the RVTM updates

UMS_C2S_PTR_30,  _31, _32:
 * The redline RVTM table and associated UMS SSLR Requirements for Reference should be in the Markup portion of section 8, with the clean/black text RVTM table without SSLR requirements under the Smooth portion of section 8

UMS_C2S_PTR_33
 * [~cwhite10] please cross reference the new Figure 4 with the original Figure 4 in the B-spec to verify updates only removed indicated MCCD items

UMS_C2S_PTR_64
 * [~cwhite10] please cross reference the new Figure 7 with the original Figure 7 in the B-spec to verify updates
 ** Figure 7 Smooth version should also include PTR_29
 * The redline RVTM table and associated UMS SSLR Requirements for Reference should be in the Markup portion of section 8, with the clean/black text RVTM table without SSLR requirements under the Smooth portion of section 8;;;","30/Oct/25 8:50 AM;cwhite10;UMS_C2S_PTR_29:
 * Concur with [~mkuperst]  Comments
 * Figure 7 does include the changes from PTR_64

UMS_C2S_PTR_30,  _31, _32
 * Concur with [~mkuperst] Comments

UMS_C2S_PTR_33
 * Updated to Figure 4 were correctly incorporated

UMS_C2S_PTR_64
 * Concur with [~mkuperst]  Comments
 * Figure 7 does include the changes from PTR_29;;;","30/Oct/25 10:08 AM;cwhite10;heading should be

Original Text(Needs to be added)

Redline

Clean Version;;;",,,,,
SSN 812 September shore sparing conference report Spreadsheet(Due 10/29)(PDMS),SSWUMS-1126,86995,Task,Cancelled,SSWUMS,SSWUMS,software,mkuperst,"Welcome to the SSWUMS Team space, led by Meridith K (Product Owner). This space includes D440 and D454 resources, as well as Sprint and Kanban work.
",,Medium,Won't Do,bchadwic,cwhite10,cwhite10,22/Oct/25 9:30 AM,23/Oct/25 2:11 PM,18/Sep/26 3:31 PM,23/Oct/25 2:11 PM,,PI14,,,,PDMS,Sparing,,,,,,,,,,,,,,,,,,,,29/Oct/25 12:00 AM,0,,,cwhite10,,,,,,,,,,,,,,0,0,,0%,0,0,,,,,,,,,,,,,,,,,,,,,,,,,,,,,"22/Oct/25 9:38 AM;cwhite10;DRAFT_CUI_POC shore sparing recommendations.xlsx;https://192.168.3.34/jira1/secure/attachment/19009/DRAFT_CUI_POC+shore+sparing+recommendations.xlsx",,,,,,,,,,"Good morning (afternoon), 

I hope you have all been well. I am looking to get the last Sustainment shore sparing conference report out for the end of this month (ideally). 

Please review the attached draft summary and return any corrections before EOD Thursday 10/23. 
Additionally, please fill in the sparing spreadsheet with your recommendations – I have left some examples for you to use as a reference for what has been done in by other cogs. TBD is acceptable for unknowns. I would appreciate these before EOD Wednesday 10/29. 

Please reach out if you have any questions or concerns – OR if you cannot make these requested dates. Thank you again for your support. 

SO: 3L61-340YQ2363A",,,,,,,,,,,,,,bchadwic,,,29/Oct/25 12:00 AM,,SSWUMS-977,,,Done,,,,,,Sprint,,,,,"Posted on: Thu Oct 23 14:11:58 EDT 2025
Merged with SSWUMS-1125",,,No comments by current user.,,,,,,,,,,,,,,,,,,,,,"1|i06f43:y7bi",,,,,,,,,,,,,,,,Medium,,,,,,,SSWUMS Sprint 86-14.2 (PI14),,,,,,,,,,0.0,,,,,,,,,,,,,,,,,,0.0,0.0,,0.0,,,0.0,,,,,"23/Oct/25 2:11 PM;cwhite10;Merged with SSWUMS-1125;;;",,,,,,,
SSN 812 September shore sparing conference report Spreadsheet(Due 10/29),SSWUMS-1125,86994,Task,Done,SSWUMS,SSWUMS,software,mkuperst,"Welcome to the SSWUMS Team space, led by Meridith K (Product Owner). This space includes D440 and D454 resources, as well as Sprint and Kanban work.
",,Medium,Done,cwhite10,cwhite10,cwhite10,22/Oct/25 9:30 AM,30/Oct/25 8:37 AM,18/Sep/26 3:31 PM,30/Oct/25 8:37 AM,,PI14,,,,C2S,Sparing,,,,,,,,,,,,,,,,,,,,29/Oct/25 12:00 AM,0,"Good morning (afternoon),

 

I hope you have all been well. I am looking to get the last Sustainment shore sparing conference report out for the end of this month (ideally).

 

Please review the attached draft summary and return any corrections before {*}EOD Thursday 10/23{*}.

Additionally, please fill in the sparing spreadsheet with your recommendations – I have left some examples for you to use as a reference for what has been done in by other cogs. TBD is acceptable for unknowns. I would appreciate these before {*}EOD Wednesday 10/29{*}.

 

Please reach out if you have any questions or concerns – OR if you cannot make these requested dates. Thank you again for your support.

 

SO: 3L61-340YQ2363A",,bchadwic,cwhite10,,,,";23/Oct/25 2:12 PM;cwhite10;60",";29/Oct/25 3:55 PM;cwhite10;3600",,,,,,,,11520,7860,3660,31%,11520,7860,3660,,,,,,,,,,,,,,,,,,,,,,,,,,,,"22/Oct/25 9:38 AM;cwhite10;DRAFT_CUI_POC shore sparing recommendations.xlsx;https://192.168.3.34/jira1/secure/attachment/19008/DRAFT_CUI_POC+shore+sparing+recommendations.xlsx",,,,,,,,,,,,,,,,,,,,,,,,cwhite10,,,29/Oct/25 12:00 AM,,SSWUMS-977,,,Done,,,,,,Sprint,,,,,"Posted on: Thu Oct 30 08:37:43 EDT 2025
Completed and sent to Eva.",,,No comments by current user.,,,,,,,,cwhite10,bchadwic,,,,,,,,,,,,"1|i06f43:y7a",,29/Oct/25 12:00 AM,Approved,,30/Oct/25 12:00 AM,Approved,,,,,,,,,,Medium,,,,,,,SSWUMS Sprint 86-14.2 (PI14),,,,,,,,,,0.4,,,,,,,,,,,,,,,,,,0.0,0.0,,0.0,,,0.0,,,,,"30/Oct/25 8:37 AM;bchadwic;Completed and sent to Eva.;;;",,,,,,,
SSN 812 September shore sparing conference report Review(Due 10/23),SSWUMS-1124,86993,Task,Done,SSWUMS,SSWUMS,software,mkuperst,"Welcome to the SSWUMS Team space, led by Meridith K (Product Owner). This space includes D440 and D454 resources, as well as Sprint and Kanban work.
",,Medium,Done,cwhite10,cwhite10,cwhite10,22/Oct/25 9:28 AM,29/Oct/25 10:24 AM,18/Sep/26 3:31 PM,29/Oct/25 10:24 AM,,PI14,,,,Sparing,,,,,,,,,,,,,,,,,,,,,23/Oct/25 12:00 AM,0,"Good morning (afternoon),

 

I hope you have all been well. I am looking to get the last Sustainment shore sparing conference report out for the end of this month (ideally).

 

Please review the attached draft summary and return any corrections before {*}EOD Thursday 10/23{*}.

Additionally, please fill in the sparing spreadsheet with your recommendations – I have left some examples for you to use as a reference for what has been done in by other cogs. TBD is acceptable for unknowns. I would appreciate these before {*}EOD Wednesday 10/29{*}.

 

Please reach out if you have any questions or concerns – OR if you cannot make these requested dates. Thank you again for your support.

 

SO: 3L61-340YQ2363A",,cwhite10,,,,,";22/Oct/25 10:06 AM;cwhite10;60",";22/Oct/25 10:34 AM;cwhite10;1800",,,,,,,,5760,3900,1860,32%,5760,3900,1860,,,,,,,,,,,,,,,,,,,,,,,,,,,,"22/Oct/25 9:28 AM;cwhite10;DRAFT_CUI_Conference report_091925_Rev(-).docx;https://192.168.3.34/jira1/secure/attachment/19007/DRAFT_CUI_Conference+report_091925_Rev%28-%29.docx",,,,,,,,,,,,,,,,,,,,,,,,cwhite10,,,23/Oct/25 12:00 AM,,SSWUMS-977,,,Done,,,,,,Sprint,,,,,,,,No comments by current user.,,,,,,,,bchadwic,cwhite10,,,,,,,,,,,,"1|i06f43:y79",,29/Oct/25 12:00 AM,Approved,,22/Oct/25 12:00 AM,Approved,,,,,,,,,,Medium,,,,,,,SSWUMS Sprint 86-14.2 (PI14),,,,,,,,,,0.2,,,,,,,,,,,,,,,,,,0.0,0.0,,0.0,,,0.0,,,,,,,,,,,,
ROG-1574 Continued Discussions,SSWUMS-1123,86966,Task,Done,SSWUMS,SSWUMS,software,mkuperst,"Welcome to the SSWUMS Team space, led by Meridith K (Product Owner). This space includes D440 and D454 resources, as well as Sprint and Kanban work.
",,Medium,Done,cwhite10,cwhite10,cwhite10,22/Oct/25 8:08 AM,17/Nov/25 10:54 AM,18/Sep/26 3:31 PM,17/Nov/25 10:54 AM,,PI14,,,,C2S,GDMS CCA Development,,,,,,,,,,,,,,,,,,,,05/Nov/25 12:00 AM,0,Linked to C2S Action item C2-443,,cwhite10,,,,,"Transferred to UMS-0714;17/Nov/25 10:54 AM;cwhite10;3600",,,,,,,,,14400,10800,3600,25%,14400,10800,3600,,,,,,,,,,,,,,,,,,,,,SSWUMS-1128,,,,,,,,,,,,,,,,,,,,,,,,,,,,,,,cwhite10,,,,,SSWUMS-932,,,Done,,,,,,Sprint,,,,,"Posted on: Mon Nov 17 10:54:56 EST 2025
Transferred to UMS-0714",,,No comments by current user.,,,,,,,,,,,,,,,,,,,,,"1|i06f43:y7b",,,,,,,,,,,,,,,,Medium,,,,,,,SSWUMS Sprint 86-14.2 (PI14),SSWUMS Sprint 87-14.3 (PI14),,,,,,,,,0.5,,,,,,,,,,,,,,,,,,0.0,0.0,,0.0,,,0.0,,,,,"17/Nov/25 10:54 AM;cwhite10;Transferred to UMS-0714;;;",,,,,,,
NDS ICD - Leads Review 10/10 - 10/24,SSWUMS-1122,86914,Task,Done,SSWUMS,SSWUMS,software,mkuperst,"Welcome to the SSWUMS Team space, led by Meridith K (Product Owner). This space includes D440 and D454 resources, as well as Sprint and Kanban work.
",,High,Done,mkuperst,mkuperst,mkuperst,21/Oct/25 10:50 AM,11/Aug/26 4:56 PM,18/Sep/26 3:31 PM,31/Oct/25 9:04 AM,,PI14,,,,ICD,,,,,,,,,,,,,,,,,,,,,24/Oct/25 12:00 AM,0,"* During this review Cycle please communicate to GDMS and OII that we need as many of the TBD’s/TBR’s closed out in Appendix D as possible
 * GDMS and OII only need the NDS ICD PDF file and Enclosure 2

 * Adjudication will occur from 10/10/2025 to 11/07/2025.
 * Review Folder on X Drive

 * 
 ** NDS ICD PDF: \\us-ct-eb01\EBDepts\Eng.440\Projects-VA\VA SSW\CWS Working Group\CWS Share\Product Reviews\VA-SSW-NDS-ICD-001 CDR Issuance\VA-SSW-NDS-ICD-001 (0.2 Draft Release A Leads Review) 02 October 2025.pdf
 ** NDS ICD BCR: \\us-ct-eb01\EBDepts\Eng.440\Projects-VA\VA SSW\CWS Working Group\CWS Share\Product Reviews\VA-SSW-NDS-ICD-001 CDR Issuance\VA-SSW-NDS-ICD-001_SCP - Baseline Comparison Report_Lead Review.pdf
 ** Appended D BCR: \\us-ct-eb01\EBDepts\Eng.440\Projects-VA\VA SSW\CWS Working Group\CWS Share\Product Reviews\VA-SSW-NDS-ICD-001 CDR Issuance\Appendix - Interlock Service Data Definitions_SCP - Baseline Comparison Report_Leads.pdf
 ** Enclosure 2: \\us-ct-eb01\EBDepts\Eng.440\Projects-VA\VA SSW\CWS Working Group\CWS Share\Product Reviews\VA-SSW-NDS-ICD-001 CDR Issuance\Enclosure 2 - Product Backlog for VA-SSW-NDS-ICD-001.pdf
 ** Approval Letter: \\us-ct-eb01\EBDepts\Eng.440\Projects-VA\VA SSW\CWS Working Group\CWS Share\Product Reviews\VA-SSW-NDS-ICD-001 CDR Issuance\440DJO VA-SSW-NDS-ICD Letter for Approval.pdf
 ** MRF Location: \\us-ct-eb01\EBDepts\Eng.440\Projects-VA\VA SSW\CWS Working Group\CWS Share\Product Reviews\VA-SSW-NDS-ICD-001 CDR Issuance\MRF
 

*+Shop Order: NDS ICD+*
 * JIH00117YQ1029A*",,cmerrima,fopuszyn,mkuperst,pclarke,,";23/Oct/25 9:46 AM;mkuperst;60",,,,,,,,,14400,14340,60,0%,14400,14340,60,,,,,,,,,,,,SSWUMS-283,,,,,,,,,,,,,,,,,,,,,,,,,,,,,,,,,,,,,,,,mkuperst,,,,,SSWUMS-1024,,,Done,,,,,,SOS,Sprint,,,,"Posted on: Fri Oct 31 09:04:04 EDT 2025
Reviewed. No comments.",,,No comments by current user.,,,,,,,,bchadwic,cwhite10,pclarke,,fopuszyn,,cmerrima,,,,,,,"1|i07ahi:wi",,27/Oct/25 12:00 AM,Approved,,24/Oct/25 12:00 AM,Approved,,,Approved,,,Approved,,,Approved,,,,,,,,SSWUMS Sprint 86-14.2 (PI14),,,,,,,,,,0.5,,,,,24/Oct/25 12:00 AM,,,,,,,,,,,,,,,,,,,,,,,,"29/Oct/25 10:01 AM;pclarke;Completed review. 3 comments not difficult to adjudicate.;;;","30/Oct/25 12:08 PM;fopuszyn;Reviewed with no comments.;;;","31/Oct/25 9:04 AM;cmerrima;Reviewed. No comments.;;;",,,,,
C&C Proc Spec - NAVSEA Comments for Adj - Review with NAVSEA - Sprint 86,SSWUMS-1121,86913,Task,Done,SSWUMS,SSWUMS,software,mkuperst,"Welcome to the SSWUMS Team space, led by Meridith K (Product Owner). This space includes D440 and D454 resources, as well as Sprint and Kanban work.
",,Medium,Done,bchadwic,mkuperst,bchadwic,21/Oct/25 10:46 AM,18/Nov/25 10:58 AM,18/Sep/26 3:31 PM,18/Nov/25 10:58 AM,,PI14,,,,PDMS Cable & Connector Procurement Spec,,,,,,,,,,,,,,,,,,,,,,0,"file:///\\us-ct-eb01\EBDepts\Eng.440\Projects-VA\VA%20SSW\CWS%20Working%20Group\CWS%20Share\UMS\PDMS\IBT%20Cables%20and%20Connectors\Rev%20D\Comment_Logs\NAVSEA%20Comments\CC-50874%20Comment%20Resolution%20Matrix.xlsx

 ",,bchadwic,,,,,";18/Nov/25 10:58 AM;bchadwic;11520",,,,,,,,,14400,2880,11520,80%,14400,2880,11520,,,,,,,,,,,,SSWUMS-1087,,,,,,,,,,,,,,,,,,,,,,,,,,,,,,,,,,,,,,,,bchadwic,,,,,SSWUMS-1090,,,Done,,,,,,,,,,,,,,No comments by current user.,,,,,,,,,,,,,,,,,,,,,"1|i06f43:y7x",,,,,,,,,,,,,,,,,,,,,,,SSWUMS Sprint 86-14.2 (PI14),SSWUMS Sprint 87-14.3 (PI14),,,,,,,,,0.5,,,,,,,,,,,,,,,,,,,,,,,,,,,,,,,,,,,,
GDMS IMS and SMS review(For Sept),SSWUMS-1120,86844,Task,Done,SSWUMS,SSWUMS,software,mkuperst,"Welcome to the SSWUMS Team space, led by Meridith K (Product Owner). This space includes D440 and D454 resources, as well as Sprint and Kanban work.
",,Medium,Done,mkuperst,mkuperst,mkuperst,20/Oct/25 1:24 PM,24/Nov/25 11:07 AM,18/Sep/26 3:31 PM,21/Nov/25 9:56 AM,,PI14,,,,GDMS IMS,GDMS SMS,,,,,,,,,,,,,,,,,,,,20/Nov/25 12:00 AM,0,"X-Drive: \\US-CT-EB01\EBDepts\Programs.686.BlockVI\Seabed Warfare\05 Concept Development\UMS\1 Programmatic\2. Reporting\2 Segment Schedules\Summary Schedules\2025

\\us-ct-eb01\EBDepts\Programs.686.BlockVI\Seabed Warfare\05 Concept Development\UMS\1 Programmatic\2. Reporting\4 GDMS IMS\",,cwhite10,mkuperst,,,,";20/Oct/25 1:26 PM;mkuperst;60",";12/Nov/25 1:42 PM;cwhite10;3600",";21/Nov/25 9:56 AM;mkuperst;7200",";21/Nov/25 9:56 AM;mkuperst;60",,,,,,11520,600,10920,94%,11520,600,10920,,,,,,,,,SSWUMS-1224,,,SSWUMS-1097,,,,,,,,,,,,,,,,,,,,,,,,,,,,,,,,,,,,,,,,mkuperst,,,,,SSWUMS-977,,,Done,,,,,,,,,1.0,"SMS Comments

+*Slide 14*+
 * FA Documents still showing in January of 2025
 * HRS Dates not updates(Noted in text box on slide)

 

IMS Comments
 * Need to roll in the HRS Updates as well as CCA dates","Posted on: Wed Nov 12 13:42:22 EST 2025
SMS Comments

+*Slide 14*+
 * FA Documents still showing in January of 2025
 * HRS Dates not updates(Noted in text box on slide)

 

IMS Comments
 * Need to roll in the HRS Updates as well as CCA dates",,,No comments by current user.,,,,,,,,mkuperst,cwhite10,bchadwic,,,,,,,,,,,"1|i06f43:y2i",,,TBD,,12/Nov/25 12:00 AM,Approved,,,TBD,,,,,,,,,,,,,,SSWUMS Sprint 86-14.2 (PI14),SSWUMS Sprint 87-14.3 (PI14),SSWUMS Sprint 88-14.4 (PI14),,,,,,,,0.4,,,,,,,,,,,,,,,,,,,,,,,,,,,,,"12/Nov/25 1:42 PM;cwhite10;SMS Comments

+*Slide 14*+
 * FA Documents still showing in January of 2025
 * HRS Dates not updates(Noted in text box on slide)

 

IMS Comments
 * Need to roll in the HRS Updates as well as CCA dates;;;",,,,,,,
C-CCA HRS - Leads Adj.,SSWUMS-1119,86838,Task,Done,SSWUMS,SSWUMS,software,mkuperst,"Welcome to the SSWUMS Team space, led by Meridith K (Product Owner). This space includes D440 and D454 resources, as well as Sprint and Kanban work.
",,High,Done,cwhite10,mkuperst,mkuperst,20/Oct/25 12:24 PM,16/Apr/26 12:15 PM,18/Sep/26 3:31 PM,16/Apr/26 12:15 PM,,PI18,,,,C-CCA HRS,,,,,,,,,,,,,,,,,,,,,,0,"Will be requesting reviews from HW [~cmonino] , Test [~msweene2]

X:\Programs.686.BlockVI\Seabed Warfare\05 Concept Development\UMS\4 Requirements\HRS\C2S\
|Task Name|Duration|Start|Finish|
|*C-CCA HRS*|*59 days*|*Fri 1/16/26*|*Wed 4/8/26*|
|   Kickoff Meeting|0 days|Fri 1/16/26|Fri 1/16/26|
|   Leads Review|10 days|Fri 1/16/26|Thu 1/29/26|
|   Leads Adj|10 days|Fri 1/30/26|Thu 2/12/26|
|   Leads Verify|5 days|Fri 2/13/26|Thu 2/19/26|
|   Project Lead Review|5 days|Fri 2/20/26|Thu 2/26/26|
|   Supervisor Review|5 days|Fri 2/20/26|Thu 2/26/26|
|   *Leads/Project Lead/Supervisor Adj.*|*7 days*|*Fri 2/27/26*|*Mon 3/9/26*|
|      GDMS Adj. Comments|5 days|Fri 2/27/26|Thu 3/5/26|
|      EB Verify Comments Incorporated|2 days|Fri 3/6/26|Mon 3/9/26|
|   QA Review|2 days|Tue 3/10/26|Wed 3/11/26|
|   TPQ Review|2 days|Thu 3/12/26|Fri 3/13/26|
|   Manager Review|5 days|Mon 3/16/26|Fri 3/20/26|
|   *Manager Adj.*|*7 days*|*Mon 3/23/26*|*Tue 3/31/26*|
|      GDMS Adj. Comments|2 days|Mon 3/23/26|Tue 3/24/26|
|      Comment Response Walkthrough|1 day|Wed 3/25/26|Wed 3/25/26|
|      GDMS Deliver Clean Draft|2 days|Thu 3/26/26|Fri 3/27/26|
|      EB Verify Comments Incorporated|2 days|Mon 3/30/26|Tue 3/31/26|
|   GDMS Deliver Final CM'd copy|3 days|Wed 4/1/26|Fri 4/3/26|
|   Transmittal for Info to NAVSEA|3 days|Mon 4/6/26|Wed 4/8/26|",,cwhite10,fopuszyn,mkuperst,,,";27/Feb/26 12:38 PM;mkuperst;60","Responed to my rejected comments ;02/Mar/26 2:26 PM;cwhite10;2700",";09/Mar/26 1:01 PM;cwhite10;3600",";09/Mar/26 1:01 PM;cwhite10;60","Adj.. comments in Prep for 03/30/2026 C2S Sync. 20 open comments out of ~66;20/Mar/26 4:09 PM;cwhite10;7200","All Comments but 1 are closed;08/Apr/26 1:06 PM;cwhite10;3600",";16/Apr/26 12:14 PM;mkuperst;7200","Outstanding leads adj. and verification are being rolled into the PL/Supervisors review phase.;16/Apr/26 12:15 PM;mkuperst;60",,43200,18720,24480,56%,43200,18720,37980,,SSWUMS-1042,SSWUMS-1346,,SSWUMS-1179,,,,SSWUMS-1179,,,,,,,,,,,,,,,,SSWSYSPM-3012,,,,,,,,,,,,,,,,,,,SSWHW,SSWIF,SSWTEST,,,,,,cwhite10,,,10/Apr/26 12:00 AM,,SSWUMS-1363,,,Done,,,,,,SOS,Sprint,,,,"Posted on: Thu Apr 16 12:15:20 EDT 2026
Outstanding leads adj. and verification are being rolled into the PL/Supervisors review phase.",,,No comments by current user.,,,,,,,,,,,,,,,,,,,,,"1|i07dlx:i",,,,,,,,,,,,,,,,,,,,,,,SSWUMS Sprint 17.5,SSWUMS Sprint 18.1,SSWUMS Sprint 18.2,,,,,,,,1.5,,,,,26/Mar/26 12:00 AM,,,,,,,,,,,,0.0,0.0,0.0,,,0.0,0.0,0.0,0.0,0.0,0.0,0.0,"16/Feb/26 12:08 PM;mkuperst;GDMS planning to provide responses back by end of month 2/27. Will move task out to the following sprint.

Will request EB responses back for 3/6, and any follow on discussions with GDMS to start at the 3/9 C2S Sync ;;;","03/Mar/26 3:27 PM;mkuperst;Responded to my comments;;;","18/Mar/26 9:41 AM;cwhite10;ECD and Sprint Shifted due to Delay in GDMS Delivery for Safety in person event;;;","20/Mar/26 1:42 PM;mkuperst;Received Rev 5 draft from GDMS on 3/20. Requested all Leads to verify comments incorporated by 3/27, with any outstanding comments to be discussed at the 3/30 C2S sync.;;;","25/Mar/26 12:19 PM;fopuszyn;Reviewed revised HRS to ensure inclusion of my comments into document.

I approve.
;;;","09/Apr/26 10:16 AM;mkuperst;Working with GDMS to finish closing out remaining unincorporated EB comments. 4 remain open, and verifying those incorporations will roll into the Project Lead/Supervisor review.;;;","16/Apr/26 12:15 PM;mkuperst;Outstanding leads adj. and verification are being rolled into the PL/Supervisors review phase.;;;",
"C-CCA HRS Verification Test Plan provided 1/1; Comments due 2 weeks later",SSWUMS-1118,86837,Task,Cancelled,SSWUMS,SSWUMS,software,mkuperst,"Welcome to the SSWUMS Team space, led by Meridith K (Product Owner). This space includes D440 and D454 resources, as well as Sprint and Kanban work.
",,Medium,Won't Do,cwhite10,mkuperst,mkuperst,20/Oct/25 12:16 PM,25/Feb/26 10:13 AM,18/Sep/26 3:31 PM,12/Dec/25 11:52 AM,,PI17,,,,C-CCA HRS,HRS,,,,,,,,,,,,,,,,,,,,,0,,,cwhite10,mkuperst,,,,,,,,,,,,,0,0,,0%,0,0,,,,,,,,,,,,,,,,,,,,,,,,,,,,,,,,,,,,,,,,,,,,,,,,,,,,,,,,,,SSWUMS-1137,,,Done,,,,,,Sprint,,,,,"Posted on: Fri Dec 12 11:52:27 EST 2025
Duplicate of SSWUMS-1117",,,No comments by current user.,,,,,,,,,,,,,,,,,,,,,"1|i07ktk:",,,,,,,,,,,,,,,,Medium,,,,,,,SSWUMS Sprint 17.1,,,,,,,,,,0.0,,,,,,,,,,,,,,,,,,0.0,0.0,,0.0,,,0.0,,,,,"12/Dec/25 11:52 AM;cwhite10;Duplicate of SSWUMS-1117;;;",,,,,,,
C-CCA Test Procedure Kickoff Prep and Event,SSWUMS-1117,86836,Task,Done,SSWUMS,SSWUMS,software,mkuperst,"Welcome to the SSWUMS Team space, led by Meridith K (Product Owner). This space includes D440 and D454 resources, as well as Sprint and Kanban work.
",,Medium,Done,cwhite10,mkuperst,mkuperst,20/Oct/25 12:15 PM,09/Feb/26 8:02 AM,18/Sep/26 3:31 PM,09/Feb/26 8:02 AM,,PI17,,,,C2S,,,,,,,,,,,,,,,,,,,,,,0,,,mkuperst,,,,,";05/Feb/26 7:45 AM;cwhite10;60",";09/Feb/26 8:02 AM;cwhite10;3600",,,,,,,,5760,2100,3660,63%,5760,2100,3660,,,,,,,,,SSWUMS-1142,,,,,,,,,,,,,,,,,,,,,,,,,,,,,,,,,,,,,,,,,,,cwhite10,,,,,SSWUMS-1140,,,Done,,,,,,SOS,Sprint,,,,"Posted on: Wed Jan 28 08:27:27 EST 2026
Reducing points to only support the kickoff and possibly early review this sprint. GDMS isn't expecting to send this to us until end of this week or early next week. The EB team won't be kicking this off for review until later next week, thus the actual review likely won't start until 2/9 or so.",,,No comments by current user.,,,,,,,,,,,,,,,,,,,,,"1|i07kt4:",,,,,,,,,,,,,,,,Medium,,,,,,,SSWUMS Sprint 17.3,,,,,,,,,,0.2,,,,,,,,,,,,,,,,,,0.0,0.0,,0.0,,,0.0,,,,,"28/Jan/26 8:27 AM;mkuperst;Reducing points to only support the kickoff and possibly early review this sprint. GDMS isn't expecting to send this to us until end of this week or early next week. The EB team won't be kicking this off for review until later next week, thus the actual review likely won't start until 2/9 or so.;;;",,,,,,,
4.b. UMS SSLR & RVTM - PI14,SSWUMS-1116,86830,Epic,Done,SSWUMS,SSWUMS,software,mkuperst,"Welcome to the SSWUMS Team space, led by Meridith K (Product Owner). This space includes D440 and D454 resources, as well as Sprint and Kanban work.
",,Medium,Done,mkuperst,mkuperst,mkuperst,20/Oct/25 10:00 AM,11/Aug/26 4:53 PM,18/Sep/26 3:31 PM,12/Dec/25 11:33 AM,,PI14,,,,UMS SSLR,Vendor (GDMS),,,,,,,,,,,,,,,,,,,,,0,Estimated 16 hours for initial review + 16 hours for adjudication,,mkuperst,,,,,,,,,,,,,,0,0,,0%,0,0,,,,,,,,,,,,SSWUMS-785,,,,,,,,,,,,,,,,,,,,,,,,,,,,,,,,,,,,,,,,,,,,,ghx-label-13,,4.b. UMS SSLR & RVTM - PI14,Done,,,,,,,,,,,,,,,No comments by current user.,,,,,,,SSWUMS-569,,,,,,,,,,,,,,"1|i07ks0:",,,,,,,,,,,,,,,,Medium,,,,,,,,,,,,,,,,,,,,,,,,,,,,,,,,,,100.0,1.0,0.0,,,100.0,25.0,1.0,0.0,8.0,6.0,2.0,,,,,,,,
UMS SSLR RVTM Rev A for SSLR Rev C - Comments due 11/10,SSWUMS-1115,86829,Task,Done,SSWUMS,SSWUMS,software,mkuperst,"Welcome to the SSWUMS Team space, led by Meridith K (Product Owner). This space includes D440 and D454 resources, as well as Sprint and Kanban work.
",,Medium,Done,mkuperst,mkuperst,mkuperst,20/Oct/25 9:56 AM,11/Aug/26 4:53 PM,18/Sep/26 3:31 PM,02/Dec/25 8:39 PM,,PI14,,,,UMS SSLR,,,,,,,,,,,,,,,,,,,,,10/Nov/25 12:00 AM,0,"A copy of the RVTM draft as well as a comment log template into the following folder. If you have a chance, please review the RVTM and log your comments on the provided comment log. You are free to copy the comment log and create one with your initials, and Eric Chen will merge it and consolidate it before I send back to GDMS. Requesting for comments by *+COB 11/10/2025.+*

*+Link:+* <\\us-ct-eb01\EBDepts\Programs.686.BlockVI\Seabed Warfare\05 Concept Development\UMS\4 Requirements\SSLR\RVTM 2+\Rev A>
----
GDMS/EB comms Email:

GDMS has reviewed the draft SLR RATM RVM and have a few comments. See below.

SLR-0098 => UMS_???? (question allocation) This is Lithium Batteries which UMS_773 was deleted in Rev C.
{color:#403294}•    Concur – SLR-0098 will need to de-allocate the UMS on the next revision of the SLR RAM & RVM. {color}

SLR-0336 => UMS_???? (question allocation) CPRN-UMS-0069 deleted UMS_221, Remove UMS allocation from SLR-0336, Deleted link to UMS 9/26/2024
{color:#403294}•    Concur – Revision 5.0 of the SLR still has SLR-0336 in the requirements. Ongoing recommendation to delete SLR-0336 completely. Will not be reflected on the latest SLR RAM & RVM, and will instead by tied to the Cybersecurity PTR. {color}

SLR-0309 => UMS_???? (question allocation) CPRN-UMS-0069 deleted UMS_221, SLR-0309 is also slated for deletion so no allocation to UMS, Deleted link to UMS 9/26/2024
{color:#403294}•    Concur – Similar situation to SLR-0336 with the Cybersecurity PTR. Intent is to delete SLR-0309. {color}

The following SLR requirements do not appear in this RATM (which says it Rev 5.5 above the text) and have no allocations:
SLR-0490 No verification information provided (GDMS does think it should be allocated to UMS and linked to UMS_1592)
{color:#403294}•    Concur – The SLR RAM & RVM is only up to Rev 5.0 (not 5.5), so it does not include any of the most recent modifications, including SLR-0490+. These ones will be updated and prepared for the next revision of the SLR RAM & RVM. Concur with GDMS’s assessments and proposed traceability. SLR-0490 will closely resemble the verification methods & allocations to SLR-0119 and SLR-0120. {color}

SLR-0491 UMS??? (GDMS doesn’t think it should be allocated to UMS)
SLR-0492 UMS??? (GDMS doesn’t think it should be allocated to UMS)
{color:#403294}•    Concur – SLR-0491 and SLR-0492 were split requirements from SLR-0063. SLR-0063 was not allocated to the UMS either, so SLR-0491 and SLR-0492 are not planned to be allocated to the UMS. {color}

SLR-0453 (Not really a UMS problem: these were only allocated to packages which isn’t a “subsystem” anymore)
SLR-0454 (Not really a UMS problem: these were only allocated to packages which isn’t a “subsystem” anymore)
{color:#403294}•    Concur – deletion of “packages” was direction from the approval of Rev (-) of the SLR RAM & RVM, and executed in Rev A of the SLR RAM & RVM. I don’t consider it a requirement for EB nor GDMS. {color}

Here is the link to the UMS SSLR RVTM2 Rev A Draft for updates to Rev C of the SSLR.

[https://alliance.gd-ms.com/sites/projects1/Rogue/Prime/Working%20Groups/Systems-Requirements%20Team/UMS%20Requirements%20Development/RVTM/UMS%20SSLR%20RVTM%20Rev%20A%20Drafts%20and%20Comments/FOUO%20A00003881%20UMS%20RVTM2+%20Rev%20U1%20for%20Rev%20A.xlsx]

A few notes on this draft to start the review process with EB. Several “extra” items were included to aid the review discussion:

•    Filtered to show all objects in Section 3 – includes deletions (Rev C and previous), assumptions, definitions (normally not included in delivered product)
•    SLR Text column includes the SLR RATM/RVM verification method and rationale. (Normally this would not be included in the NAVSEA delivered RVTM but we included it for review/discussion)
•    All B-Specs ID Only column – included for quick look up of linked B-Spec requirements (normally not included in delivered product)
•    T/D Location – included to note where a test/demo will be performed. This notes the 40 additional demonstrations post UMS delivery that are performed by EB. (normally not included in delivered product)
•    RVTM Changes for Rev C UMS SSLR column – includes notes as to what changed from the RVTM2 Rev (-) based on Rev B of the UMS SSLR delivered December 2024 (normally not included in delivered product)",,cmerrima,cwhite10,mkuperst,pclarke,ScriptRunner,";27/Oct/25 2:13 PM;mkuperst;60",";10/Nov/25 1:26 PM;cwhite10;7200",";02/Dec/25 8:39 PM;mkuperst;60",,,,,,,28800,21480,7320,25%,28800,21480,7320,,,,,,,,,,,,,,,,,,,,,,,,,,,,,,,,,,,,,,,,,,,,,,,,,,,,mkuperst,,,10/Nov/25 12:00 AM,,SSWUMS-1116,,,Done,,,,,,Sprint,,,,,"Posted on: Tue Dec 02 13:46:04 EST 2025
late but review completed with a new log file in same directory. ",,,No comments by current user.,,,,,,,,mkuperst,cwhite10,bchadwic,,pclarke,,cmerrima,,,,,,,"1|i06f43:y7br",,,Approved,,10/Nov/25 12:00 AM,Approved,,12/Nov/25 12:00 AM,Approved,,,Approved,,,Approved,Medium,,,,,,,SSWUMS Sprint 86-14.2 (PI14),SSWUMS Sprint 87-14.3 (PI14),SSWUMS Sprint 88-14.4 (PI14),,,,,,,,1.0,,,,,10/Nov/25 12:00 AM,,,,,,,,,,,,,0.0,0.0,,0.0,,,0.0,,,,,"07/Nov/25 2:07 PM;mkuperst;* General comment for [~cwhite10] [~bchadwic] 's reviews.
 ** There are linkage changes in here to the B-specs that were not included in the September B-spec PTR proposals and that we don't have a list of outside their requested removal from the SSLR RVTM.
 ** You should be cross referencing each of those un-linked/newly linked items with their respective B-spec text; the B-spec text is not included in this view. Verify which, if any items, are already tracked in the PTR proposal, and which are new.
 ** Don't assume that the additions/deletions may be in the B-spec RVTMs already. That is unlikely as GDMS typically won't update lower level docs until the higher level docs are approved
 ** Deleted SSLR requirements had all allocations removed; make sure we are tracking those as PTRs to verify that the B-specs will have new correct links
 * [~cwhite10]
 ** UMS_1583 - please pull the classified SLR to verify linkages to C2S B-spec. Change log also mentions GDMS requesting a ""dual approval"" for both the SSLR RVTM approval and the new B-spec linkage PTR - I don't think that's a good idea for tracking purposes, especially considering all the other linkage changes
 ** UMS_753 - Additional B-spec links removed here that aren't in the proposal list
 ** UMS_754 - links added
 ** UMS_1622 - link added
 ** UMS_1623 - unclear if new link was added, or just verification updated
 ** UMS_768 - link added
 ** UMS_207 - link may be new, unclear
 ** UMS_225 - links added
 ** UMS_1590 and 1591 - links added
 ** UMS_1353 - may need additional discussion per change log
 * [~bchadwic] 
 ** UMS_131 - They removed analysis but noted PDMS is doing analysis w/ inspection still. Verify with B-spec RVTM
 ** UMS_756 - Note indicates this may need a discussion. PDMS still has signals to the NIOU
 ** UMS_1612 and UMS_1614 - linkages added
 ** UMS_1350 and UMS-1585 - linkage remapping
 ** UMS_1621 - link added
 ** UMS_1622 - link added
 ** UMS_1623 - unclear if new link was added, or just verification updated
 ** UMS_1590 and 1591 - links added;;;","10/Nov/25 9:33 AM;cwhite10;In regards to [~mkuperst] Comments
 * UMS_1583 - Link to C2S_318 Tracks
 * UMS_753 - No Planned PTR to Remove C2S_2636 and 2637 from UMS_753 in the proposed PTR's from GDMS
 * UMS_754 -  No Planned PTR's for the added linked to B-Spec requirements
 * UMS_1622 - No Planned PTR's for the added linked to B-Spec requirements
 * UMS_1623 - Links were added - Not Proposed PTR
 * UMS_768 - Was incorporated into C2S B-Spec Rev B
 * UMS_207 - Was incorporated into C2S B-Spec Rev B
 * UMS_225 - No Proposed PTR
 * UMS_1590 and 1591 - No Proposed PTR adding linked to it in the C2S B-Spec
 * UMS_1353 - No Proposed PTR

[~cwhite10] comments in regard to B-Spec to SSLR Links
 * No link to UMS_743 in C2S_2299 in the B-Spec
 * Missing Proposed PTR for UMS_190 related impacts to C2S B-spec
 * Need to remove UMS_618 in C2S B-Spec C2S_2299;;;","10/Nov/25 1:26 PM;cwhite10;Left 2 Comment sin the Comment Log. Comments regarding PTR's that need to be Proposed for the C2S B-Spec were noted in the comment section;;;","17/Nov/25 2:04 PM;cmerrima;Reviewed, no comments.;;;","19/Nov/25 9:57 AM;mkuperst;[~pclarke] to verify review was completed;;;","02/Dec/25 1:45 PM;ScriptRunner;The following errors occurred: (Please Log Time in the Time Spent field);;;","02/Dec/25 1:46 PM;pclarke;late but review completed with a new log file in same directory. ;;;",
GUI Spec Leads Review,SSWUMS-1114,86793,Task,Done,SSWUMS,SSWUMS,software,mkuperst,"Welcome to the SSWUMS Team space, led by Meridith K (Product Owner). This space includes D440 and D454 resources, as well as Sprint and Kanban work.
",,Medium,Done,mkuperst,mkuperst,mkuperst,17/Oct/25 10:25 AM,18/Dec/25 11:00 AM,18/Sep/26 3:31 PM,18/Dec/25 11:00 AM,,PI14,,,,PHC Eng GUI Spec,,,,,,,,,,,,,,,,,,,,,10/Dec/25 12:00 AM,0,"{*}S/O{*}: JIH00117YQ1008A

The PI 14 release of the EB GUI Spec is out for review. This document will have all reviewers review in parallel.

Comments/requests provided prior to December 10{^}th{^} will be incorporated into the PI15 release plan and will be responded to by December 17{^}th{^}.

Comments/requests provided after December 10{^}th{^} will be incorporated into the PI 16 planned release.

All reviewers with access to the DOORS comment log should provided comments there, otherwise, Excel logs are provided in each organizations respective review area.

GDEB Location: X:\Eng.440\Projects-VA\VA SSW\CWS Working Group\CWS Share\Product Reviews\GUI Spec PI 14 Review

GDMS Location: [Program Increment 14 Review|https://gdmscollab.sharepoint.us/:f:/r/sites/PRGM-Rogue/Prime/Working%20Groups/PHC%20GUI%20Specification/Program%20Increment%2014%20Review?csf=1&web=1&e=OOvKBs]",,bchadwic,cmerrima,mkuperst,,,";20/Nov/25 9:18 AM;mkuperst;60",";01/Dec/25 1:25 PM;cwhite10;10800","Reviewed, no personal comments;17/Dec/25 2:42 PM;mkuperst;2100","Reviewed, comments in log;18/Dec/25 10:59 AM;bchadwic;7200",";18/Dec/25 11:00 AM;mkuperst;60",,,,,57600,37380,20220,35%,57600,37380,20220,,,,,,,,,,,,,,,,,,,,,,,,,,,,,,,,,,,,,,,,asamegul,,,,,,,,,,,,mkuperst,,,10/Dec/25 12:00 AM,,SSWUMS-1052,,,Done,,,,,,SOS,Sprint,,,,"Posted on: Thu Dec 18 10:59:13 EST 2025
Reviewed, comments in log",,,No comments by current user.,,,,,,,,mkuperst,cwhite10,bchadwic,,fopuszyn,,cmerrima,,,,,,,"1|i07kk8:",,17/Dec/25 12:00 AM,Approved,,01/Dec/25 12:00 AM,Approved,,18/Dec/25 12:00 AM,Approved,,,TBD,,,TBD,Medium,,,,,,,SSWUMS Sprint 88-14.4 (PI14),SSWUMS Sprint 89-14.5 (PI14),,,,,,,,,2.0,,,,,10/Dec/25 12:00 AM,,,,,,,,,,,,,0.0,0.0,,0.0,,,0.0,,,,,"02/Dec/25 12:48 PM;mkuperst;Planned rollover task;;;","09/Dec/25 11:55 AM;cmerrima;I have added some very minor comments and will continue to review. Trying to make the 12/10 cutoff.;;;","11/Dec/25 10:46 AM;mkuperst;Responses received from GDMS;;;","16/Dec/25 2:32 PM;mkuperst;SSM completed comments;;;","17/Dec/25 2:42 PM;mkuperst;Reviewed, no personal comments;;;","18/Dec/25 10:59 AM;bchadwic;Reviewed, comments in log;;;",,
PaaS Requirements Impact Action - Due 10/29,SSWUMS-1112,86714,Task,Done,SSWUMS,SSWUMS,software,mkuperst,"Welcome to the SSWUMS Team space, led by Meridith K (Product Owner). This space includes D440 and D454 resources, as well as Sprint and Kanban work.
",,Medium,Done,mkuperst,mkuperst,mkuperst,15/Oct/25 3:17 PM,31/Oct/25 10:26 AM,18/Sep/26 3:31 PM,31/Oct/25 10:26 AM,,PI14,,,,MES PaaS,,,,,,,,,,,,,,,,,,,,,29/Oct/25 12:00 AM,0,"[https://alliance.gd-ms.com/sites/projects1/Rogue/Prime/To%20GDMS/PHC%20on%20MES%20PaaS/Requirement%20Impact]

\\us-ct-eb01\EBDepts\Eng.440\Projects-VA\VA SSW\CWS Working Group\Meetings\PHC part of MES PaaS\Requirement_Impact

Coming out of the PaaS meetings today, please review the “Requirement_Impact_Overview_2025-10-13.pptx”, and provide feedback on any items that your team determines are mapped with an inaccurate service link and/or wrong impact(keep, delete, split).  The ECD for this action is 10/29, to support the overall 11/5 need date.

 

Additionally, all requirements impacts received have been posted within the Data_for_2025-10-15  subfolder for information.",,mkuperst,,,,,,,,,,,,,,2880,2880,,0%,2880,2880,,,,,,,,,,,,,,,,,,,,,,,,,,,,,,,,,,,,,,,,,,,,,,,,,,,,,mkuperst,,,,,SSWUMS-1026,,,Done,,,,,,SOS,Sprint,,,,,,,No comments by current user.,,,,,,,,,,,,,,,,,,,,,"1|i07ahh:i",,,,,,,,,,,,,,,,Medium,,,,,,,SSWUMS Sprint 86-14.2 (PI14),,,,,,,,,,0.1,,,,,,,,,,,,,,,,,,0.0,0.0,,0.0,,,0.0,,,,,,,,,,,,
MES MP-ICD Transition Status & Draft IRS - Due 10/29,SSWUMS-1111,86680,Task,Done,SSWUMS,SSWUMS,software,mkuperst,"Welcome to the SSWUMS Team space, led by Meridith K (Product Owner). This space includes D440 and D454 resources, as well as Sprint and Kanban work.
",,Medium,Done,mkuperst,mkuperst,mkuperst,15/Oct/25 9:56 AM,11/Aug/26 4:56 PM,18/Sep/26 3:31 PM,04/Nov/25 12:06 PM,,PI14,,,,ICD,,,,,,,,,,,,,,,,,,,,,29/Oct/25 12:00 AM,0,"*JIH00117YQ1124A*  FY26QTR1 - D440PM LOE GFE DOCUMENT REVIEW

[https://alliance.gd-ms.com/sites/projects1/Rogue/Prime/To%20GDMS/ICD_Collaboration/VA-SSW-MP-ICD-001/Post%20LM%20Ownership%20Info]

\\us-ct-eb01\EBDepts\Eng.440\Projects-VA\VA SSW\CWS Working Group\CWS Share\Product Reviews\LM_Products",,bchadwic,fopuszyn,mkuperst,pclarke,,";15/Oct/25 12:42 PM;mkuperst;60",";29/Oct/25 12:12 PM;cwhite10;7200",,,,,,,,43200,35940,7260,16%,43200,35940,7260,,,,,,,,,,,,,,,,,,,,,,,,,,,,,,,,,,,,,,,,,,,,,,,,,,,,mkuperst,,,,,SSWUMS-1024,,,Done,,,,,,SOS,Sprint,,,,"Posted on: Thu Oct 30 12:02:14 EDT 2025
Reviewed.  Comments in comments file.",,,No comments by current user.,,,,,,,,mkuperst,cwhite10,bchadwic,,fopuszyn,,cmerrima,,,,,,,"1|i07ahi:x",,,Approved,,29/Oct/25 12:00 AM,Approved,,30/Oct/25 12:00 AM,Approved,,,Approved,,,Approved,Medium,,,,,,,SSWUMS Sprint 86-14.2 (PI14),,,,,,,,,,1.5,,,,,,,,,,,,,,,,,,0.0,0.0,,0.0,,,0.0,,,,,"30/Oct/25 8:47 AM;pclarke;Completed my review of this document and added comments to the existing comment log;;;","30/Oct/25 10:22 AM;bchadwic;Reviewed without comment;;;","30/Oct/25 12:02 PM;fopuszyn;Reviewed.  Comments in comments file.;;;",,,,,
Control Arbitration Reqs - ECD 10/24,SSWUMS-1110,86677,Task,Done,SSWUMS,SSWUMS,software,mkuperst,"Welcome to the SSWUMS Team space, led by Meridith K (Product Owner). This space includes D440 and D454 resources, as well as Sprint and Kanban work.
",,Medium,Done,mkuperst,mkuperst,mkuperst,15/Oct/25 9:19 AM,29/Oct/25 3:18 PM,18/Sep/26 3:31 PM,29/Oct/25 3:18 PM,,PI14,,,,C2I IPT,,,,,,,,,,,,,,,,,,,,,24/Oct/25 12:00 AM,0,,,mkuperst,,,,,,,,,,,,,,2880,2880,,0%,2880,2880,,,,,,,,,,,,,,,,,,,,,,,,,,,,,,,,,,,,,,,,,,,,,,,,,,,,,mkuperst,,,,,SSWUMS-1026,,,Done,,,,,,Sprint,,,,,"Posted on: Wed Oct 29 15:18:30 EDT 2025
Received from Dwayne for C2S and [~bchadwic] for PDMS. Provided responses to [~gmoustak]. Closed task.",,,No comments by current user.,,,,,,,,,,,,,,,,,,,,,"1|i07ahh:",,,,,,,,,,,,,,,,Medium,,,,,,,SSWUMS Sprint 86-14.2 (PI14),,,,,,,,,,0.1,,,,,,,,,,,,,,,,,,0.0,0.0,,0.0,,,0.0,,,,,"15/Oct/25 9:19 AM;mkuperst;Action with GDMS.;;;","29/Oct/25 3:18 PM;mkuperst;Received from Dwayne for C2S and [~bchadwic] for PDMS. Provided responses to [~gmoustak]. Closed task.;;;",,,,,,
4.j. UMS Software Development Plan - PI14,SSWUMS-1109,86634,Epic,Done,SSWUMS,SSWUMS,software,mkuperst,"Welcome to the SSWUMS Team space, led by Meridith K (Product Owner). This space includes D440 and D454 resources, as well as Sprint and Kanban work.
",,Medium,Done,mkuperst,mkuperst,mkuperst,14/Oct/25 9:12 AM,13/Feb/26 11:25 AM,18/Sep/26 3:31 PM,05/Jan/26 8:38 AM,,PI14,,,,UMS SwDP,,,,,,,,,,,,,,,,,,,,,,0,,,mkuperst,,,,,,,,,,,,,,0,0,,0%,0,0,,,,,,,,,,SSWUMS-1185,,,,,,,,,,,,,,,,,,,,,,,,,,,,,,,,,,,,,,,,,,,,,,,ghx-label-13,,4.j. UMS Software Development Plan - PI14,Done,,,,,,,Sprint,,,,,,,,No comments by current user.,,,,,,,SSWUMS-917,,,,,,,,,,,,,,"1|i07jq0:",,,,,,,,,,,,,,,,Medium,,,,,,,,,,,,,,,,,,,,,,,,,,,,,,,,,,100.0,4.9,0.0,,,100.0,35.2,4.9,0.0,39.2,25.4,13.8,,,,,,,,
UMS Software Development Plan - EB Leads Review - due 11/4,SSWUMS-1108,86619,Task,Done,SSWUMS,SSWUMS,software,mkuperst,"Welcome to the SSWUMS Team space, led by Meridith K (Product Owner). This space includes D440 and D454 resources, as well as Sprint and Kanban work.
",,Medium,Done,mkuperst,mkuperst,mkuperst,13/Oct/25 2:39 PM,13/Nov/25 9:46 AM,18/Sep/26 3:31 PM,13/Nov/25 9:46 AM,,PI14,,,,UMS SwDP,,,,,,,,,,,,,,,,,,,,,05/Nov/25 12:00 AM,0,"X:\Programs.686.BlockVI\Seabed Warfare\05 Concept Development\UMS\4 Requirements\SDP\Rev C
|Task Name|Duration|Start|Finish|
|*UMS Software Development Plan*|*54 days*|*Mon 10/13/25*|*Wed 1/7/26*|
|   Received from GDMS|0 days|Mon 10/13/25|Mon 10/13/25|
|   EB Review Prep|7 days|Mon 10/13/25|Tue 10/21/25|
|   Leads Review|10 days|Wed 10/22/25|Tue 11/4/25|
|   Project Lead Review|5 days|Wed 11/5/25|Tue 11/11/25|
|   Supervisor Review|5 days|Wed 11/5/25|Tue 11/11/25|
|   *Leads/Project Lead/Supervisor Adj.*|*10 days*|*Wed 11/12/25*|*Tue 11/25/25*|
|      GDMS Adj. Comments|5 days|Wed 11/12/25|Tue 11/18/25|
|      Comment Response Walkthrough|1 day|Wed 11/19/25|Wed 11/19/25|
|      GDMS Deliver Clean Draft|2 days|Thu 11/20/25|Fri 11/21/25|
|      EB Verify Comments Incorporated|2 days|Mon 11/24/25|Tue 11/25/25|
|   QA Review|2 days|Wed 11/26/25|Thu 11/27/25|
|   TPQ Review|2 days|Mon 12/1/25|Tue 12/2/25|
|   Manager Review|5 days|Wed 12/3/25|Tue 12/9/25|
|   *Manager Adj.*|*7 days*|*Wed 12/10/25*|*Thu 12/18/25*|
|      GDMS Adj. Comments|2 days|Wed 12/10/25|Thu 12/11/25|
|      Comment Response Walkthrough|1 day|Fri 12/12/25|Fri 12/12/25|
|      GDMS Deliver Clean Draft|2 days|Mon 12/15/25|Tue 12/16/25|
|      EB Verify Comments Incorporated|2 days|Wed 12/17/25|Thu 12/18/25|
|   GDMS Deliver Final CM'd copy|3 days|Fri 12/19/25|Tue 12/23/25|
|   Transmittal for Info to NAVSEA|3 days|Mon 1/5/26|Wed 1/7/26|",,cmerrima,fopuszyn,mkuperst,,,";14/Oct/25 9:33 AM;mkuperst;60",";04/Nov/25 11:55 AM;cwhite10;14400",";06/Nov/25 5:34 PM;mkuperst;7200",";13/Nov/25 9:46 AM;bchadwic;5400",,,,,,57600,30540,27060,46%,57600,30540,27060,,,,,,,,,SSWUMS-1167,,,,,,,,,,,,,,,,,,,,,,,,,,,,,,,,,,,,,,,,,,,mkuperst,,,,,SSWUMS-1109,,,Done,,,,,,SOS,Sprint,,,,"Posted on: Tue Nov 04 12:59:50 EST 2025
Reviewed, comments are in the file A216767 RevC - Comment Log - CRM.xlsx.",,,No comments by current user.,,,,,,,,mkuperst,cwhite10,bchadwic,,fopuszyn,,cmerrima,,,,,,,"1|i06f43:y7xi",,,Approved,,04/Nov/25 12:00 AM,Approved,,13/Nov/25 12:00 AM,Approved,,,Approved,,,Approved,Medium,,,,,,,SSWUMS Sprint 86-14.2 (PI14),SSWUMS Sprint 87-14.3 (PI14),,,,,,,,,2.0,,,,,,,,,,,,,,,,,,0.0,0.0,,0.0,,,0.0,,,,,"04/Nov/25 11:43 AM;fopuszyn;Review and dropped my comments file in the folder.;;;","04/Nov/25 12:59 PM;cmerrima;Reviewed, comments are in the file A216767 RevC - Comment Log - CRM.xlsx.;;;",,,,,,
"EST, TCS, UMS Signal Name updates",SSWUMS-1107,86521,Task,Done,SSWUMS,SSWUMS,software,mkuperst,"Welcome to the SSWUMS Team space, led by Meridith K (Product Owner). This space includes D440 and D454 resources, as well as Sprint and Kanban work.
",,Medium,Done,cwhite10,cwhite10,cwhite10,09/Oct/25 11:12 AM,14/Oct/25 8:49 PM,18/Sep/26 3:31 PM,14/Oct/25 8:45 PM,,PI14,,,,CADs,NIOU Signal List,,,,,,,,,,,,,,,,,,,,,0,"All,

 

Following up from today’s meeting, please update all signal names IAW the PowerPoint presentation by Tuesday 10/14. This is needed in order to incorporate the updates into the Signal list and resume leads review by the end of sprint 85; {_}goal to resume leads by Thursday 10/16/25{_}. Please let me know if you have questions or concerns

 

Please see the presentation and the working folder below.
 * \\us-ct-eb01\EBDepts\Eng.440\Projects-VA\VA SSW\CWS Working Group\CWS Share\Interface_Lead\Technical_Planning\Signal_List\Side Studies\RDY For Tech Review Common Signal Names
 ** File Name: “Rdy for tech review common signal naming.xlsx”
 * Power point: \\us-ct-eb01\EBDepts\Eng.440\Projects-VA\VA SSW\CWS Working Group\CWS Share\Interface_Lead\Technical_Planning\Signal_List\Side Studies\Presentation

 

 

UPDATE

New export has been added to the folder

\\us-ct-eb01\EBDepts\Eng.440\Projects-VA\VA SSW\CWS Working Group\CWS Share\Interface_Lead\Technical_Planning\Signal_List\Side Studies\RDY For Tech Review Common Signal Names

File name - ""CURRENT - Signal List Export 10-09-25.xlsx""",,bchadwic,cwhite10,,,,";09/Oct/25 11:12 AM;cwhite10;1800",";09/Oct/25 12:29 PM;cwhite10;3600",,,,,,,,14400,9000,5400,37%,14400,9000,5400,,,,,,,,,,,,,,,,,,,,,,,,,,,,,,,,,,,,,,,,mdelzio,,,,,,,,,,,,cwhite10,,,14/Oct/25 12:00 AM,,SSWUMS-1052,,,Done,,,,,,Sprint,,,,,"Posted on: Tue Oct 14 20:44:59 EDT 2025
L&R and PDMS updates made",,,No comments by current user.,,,,,,,,cwhite10,bchadwic,,,,,,,,,,,,"1|i07h7z:9",,09/Oct/25 12:00 AM,Approved,,14/Oct/25 12:00 AM,Approved,,,,,,,,,,Medium,,,,,,,SSWUMS Sprint 85-14.1 (PI14),,,,,,,,,,0.5,,,,,,08/Oct/25 12:00 AM,,,,,,,,,,,,0.0,0.0,,0.0,,,0.0,,,,,"14/Oct/25 8:44 PM;bchadwic;L&R and PDMS updates made;;;",,,,,,,
Review PHC CCB Charter & Draft for UMS CCB,SSWUMS-1106,86512,Task,Done,SSWUMS,SSWUMS,software,mkuperst,"Welcome to the SSWUMS Team space, led by Meridith K (Product Owner). This space includes D440 and D454 resources, as well as Sprint and Kanban work.
",,Medium,Done,mkuperst,mkuperst,mkuperst,09/Oct/25 9:48 AM,09/Mar/26 3:04 PM,18/Sep/26 3:31 PM,29/Jan/26 2:48 PM,,PI17,,,,Document Dev,,,,,,,,,,,,,,,,,,,,,19/Nov/25 12:00 AM,0,"DDB issued PHC CCB Charter: [https://ora.ebnet.gdeb.com:4443/pls/APPL/display.document_file?file_id=130005495951955]

\\Us-ct-eb01\ebdepts\Eng.440\Projects-VA\VA SSW\Project Management\CCB Material\For Terri\2025-10-07

Prairie told Art/Doug that we need a codified schedule for distribution. This is the in work one for PHC \\Us-ct-eb01\ebdepts\Eng.440\Projects-VA\VA SSW\Project Management\CCB Material\Clean_Issue

Schedule agreed to with Prairie is here: X:\Programs.686.BlockVI\Seabed Warfare\05 Concept Development\UMS\4 Requirements\B-Specs\C2S_PDMS PTRs",,mkuperst,,,,,";29/Jan/26 10:47 AM;mkuperst;60",";29/Jan/26 2:48 PM;mkuperst;10800",,,,,,,,8640,0,10860,125%,8640,0,10860,,,,,,,,,SSWUMS-1419,SSWUMS-1420,,,,,,,,,,,,,,,,,,,,,,,,,,,,,,,,,,,,,,,,,,mkuperst,,,29/Jan/26 12:00 AM,,SSWUMS-1247,,,Done,,,,,,Sprint,,,,,"Posted on: Thu Jan 29 14:47:56 EST 2026
Reviewed PHC CCB Charter, drafted the UMS CCB charter, and sent out an informal review notification. Task closed, will open a new task to work changes and updates.",,,No comments by current user.,,,,,,,,,,,,,,,,,,,,,"1|i06f43:y0r",,,,,,,,,,,,,,,,Medium,,,,,,,SSWUMS Sprint 17.2,SSWUMS Sprint 17.3,,,,,,,,,0.3,,,,,19/Nov/25 12:00 AM,,,,,,,,,,,,,0.0,0.0,,0.0,,,0.0,,,,,"02/Dec/25 12:45 PM;mkuperst;Did not have time to work. Moving to general backlog to be pulled in when time permits.;;;","28/Jan/26 7:46 AM;mkuperst;Delayed due to unplanned OOO.;;;","29/Jan/26 2:47 PM;mkuperst;Reviewed PHC CCB Charter, drafted the UMS CCB charter, and sent out an informal review notification. Task closed, will open a new task to work changes and updates.;;;",,,,,
C2S B-Spec/RVTM October CCB Follow on Actions/set up notes space,SSWUMS-1105,86456,Task,Done,SSWUMS,SSWUMS,software,mkuperst,"Welcome to the SSWUMS Team space, led by Meridith K (Product Owner). This space includes D440 and D454 resources, as well as Sprint and Kanban work.
",,Medium,Done,cwhite10,cwhite10,cwhite10,08/Oct/25 11:23 AM,14/Oct/25 10:45 AM,18/Sep/26 3:31 PM,14/Oct/25 10:45 AM,,PI14,,,,C2S B-spec,C2S RVTM,,,,,,,,,,,,,,,,,,,,,0,"Task to distribute CCB Meeting minutes as well as any follow up meetings

Tentatively may need to add a CCB tab to the confluence page",,cwhite10,,,,,";09/Oct/25 10:45 AM;cwhite10;5400",,,,,,,,,8640,3240,5400,62%,8640,3240,5400,,,,,,,,,,,,,,,,,,,,,,,,,,,,,,,,,,,,,,,,,,,,,,,,,,,,cwhite10,,,,,SSWUMS-923,,,Done,,,,,,Sprint,,,,,,,,No comments by current user.,,,,,,,,,,,,,,,,,,,,,"1|i07h7w:",,,,,,,,,,,,,,,,Medium,,,,,,,SSWUMS Sprint 85-14.1 (PI14),,,,,,,,,,0.3,,,,,,,,,,,,,,,,,,0.0,0.0,,0.0,,,0.0,,,,,,,,,,,,
PaaS Support for 10/15,SSWUMS-1104,86450,Task,Done,SSWUMS,SSWUMS,software,mkuperst,"Welcome to the SSWUMS Team space, led by Meridith K (Product Owner). This space includes D440 and D454 resources, as well as Sprint and Kanban work.
",,Medium,Done,mkuperst,mkuperst,mkuperst,08/Oct/25 10:06 AM,17/Oct/25 10:33 AM,18/Sep/26 3:31 PM,17/Oct/25 10:33 AM,,PI14,,,,MES PaaS,,,,,,,,,,,,,,,,,,,,,,0,,,mkuperst,,,,,,,,,,,,,,5760,5760,,0%,5760,5760,,,,,,,,,,,,,,,,,,,,,,,,,,,,,,,,,,,,,,,,,,,,,,,,,,,,,mkuperst,,,,,SSWUMS-1026,,,Done,,,,,,Sprint,,,,,,,,No comments by current user.,,,,,,,,,,,,,,,,,,,,,"1|i07h7y:h",,,,,,,,,,,,,,,,Medium,,,,,,,SSWUMS Sprint 85-14.1 (PI14),,,,,,,,,,0.2,,,,,,,,,,,,,,,,,,0.0,0.0,,0.0,,,0.0,,,,,,,,,,,,
4.g. PDMS PHA - PI17,SSWUMS-1103,86440,Epic,Done,SSWUMS,SSWUMS,software,mkuperst,"Welcome to the SSWUMS Team space, led by Meridith K (Product Owner). This space includes D440 and D454 resources, as well as Sprint and Kanban work.
",,Medium,Done,mkuperst,mkuperst,cwhite10,08/Oct/25 9:41 AM,07/Apr/26 3:21 PM,18/Sep/26 3:31 PM,18/Mar/26 10:14 AM,,PI17,,,,Customer,PDMS PHA,Review,Vendor (GDMS),,,,,,,,,,,,,,,,,,,0,"Estimated 16 hours for initial review + 16 hours for adjudication, per product

[~rconley] [~bchadwic] [~cwhite10] [~rclouse1] ",,cwhite10,,,,,,,,,,,,,,0,0,,0%,0,0,,,,,,,,,,SSWUMS-1940,,SSWUMS-505,,,,,,,,,,,,,,,,,,,,,,,,,,,,,,,,,,,,,,,,,,,,,ghx-label-13,,4.g. PDMS PHA - PI17,Done,,,,,,,,,,,,"Posted on: Wed Dec 17 10:22:00 EST 2025
No Actions for PDMS PHA in PI 14. Epic Moved to PI 15",,,No comments by current user.,,,,,,,SSWUMS-471,,,,,,,,,,,,,,"1|i07iqo:",,,,,,,,,,,,,,,,Medium,,,,,,,,,,,,,,,,,,,,,,,,,,,,,,,,,,,0.0,0.0,,,0.0,0.0,0.0,0.0,0.0,0.0,0.0,"17/Dec/25 10:22 AM;cwhite10;No Actions for PDMS PHA in PI 14. Epic Moved to PI 15;;;",,,,,,,
VIR SVM248-044 (ESD Testing VIR) - Due 10/22/2025,SSWUMS-1102,86437,Task,Done,SSWUMS,SSWUMS,software,mkuperst,"Welcome to the SSWUMS Team space, led by Meridith K (Product Owner). This space includes D440 and D454 resources, as well as Sprint and Kanban work.
",,Medium,Done,cwhite10,cwhite10,cwhite10,08/Oct/25 9:25 AM,22/Oct/25 1:23 PM,18/Sep/26 3:31 PM,22/Oct/25 1:23 PM,,PI14,,,,EB-6101,VIR,,,,,,,,,,,,,,,,,,,,22/Oct/25 12:00 AM,0,"Description of VIR in SPARS:

General Dynamics is submitting the following VIR for confirmation of direction and concurrence of assumed responsibility.

Reference EB-6101 and EB-6501
EB-6101 [SYS-4.6.5-5] states, in part ""Where Class 1 or Class 2 ESDS parts or assemblies are used, the equipment design shall [SYS-4.6.5-6] include protective circuitry that ensures all external electrical inputs, outputs and interface connection points exhibit MIL-STD-1686B Class 3 ESD voltage sensitivities (4,000 to 15,999 Volts) or are not ESD sensitive (sensitivity >16,000 Volts).""

EB-6101 references MIL-STD-1686B is the governing document for compliance, MIL-STD-1686B provides direction to utilize MIL-STD-883 in appendix A as guidance for testing electronic assemblies. MIL-STD-883 provides two critical pieces of information, a process, and a waveform that is utilized for destructive type purposes to ensure the unit under test is immune or protected at the desired Electrostatic discharge class.

We have received guidance from the EB ESD team to utilize EB-6501, which utilizes an IEC 61000-4-2 waveform, instead of the MIL-STD-883 waveform directed by the EB-6101 to MIL-STD-1686B to Mil-STD-883 traceability.

GDMS is requesting confirmation that testing to EB-6501 (and the IEC 61000-4-2 waveform) can be utilized as OQE to meeting EB-6101 SYS-4.6.5-5.

 

 

 

OQE emails from [~rconley]: \\us-ct-eb01\EBDepts\Programs.686.BlockVI\Seabed Warfare\05 Concept Development\UMS\9 C2\01_CCA-Hardware\ESD\ESD GUN

Also linked Note pages and past Jira Actions",,bchadwic,cwhite10,mkuperst,,,";08/Oct/25 9:26 AM;cwhite10;60",";15/Oct/25 9:10 AM;cwhite10;3600",,,,,,,,14400,10740,3660,25%,14400,10740,3660,,,,,,,,,,,,,,,,,,,,,,,,,,,,,,,,,,,,,,VIR is approved by the UMS oversight team,,,,,,,,,,,,,,cwhite10,,,22/Oct/25 12:00 AM,,SSWUMS-977,,,Done,,,,,,Sprint,,,,,"Posted on: Tue Oct 21 10:13:06 EDT 2025
VIR reviewed and concurred to",,,No comments by current user.,,,,,,,,mkuperst,bchadwic,cwhite10,,,,,,,,,,,"1|i07ahg:c",,,Approved,,21/Oct/25 12:00 AM,Approved,,15/Oct/25 12:00 AM,Approved,,,,,,,Medium,,,,,,,SSWUMS Sprint 85-14.1 (PI14),,,,,,,,,,0.5,,,,,,,,,,,,,,,,,,0.0,0.0,,0.0,,,0.0,,,,,"14/Oct/25 10:37 AM;mkuperst;[~cwhite10] to reach out to ESD regarding adding them to the VIR.;;;","15/Oct/25 8:47 AM;cwhite10;OQE emails from [~rconley]: \\us-ct-eb01\EBDepts\Programs.686.BlockVI\Seabed Warfare\05 Concept Development\UMS\9 C2\01_CCA-Hardware\ESD\ESD GUN;;;","15/Oct/25 9:11 AM;cwhite10;As long as OQE from ESD Group is attached VIR does not need to be routed to ESD Group;;;","21/Oct/25 10:13 AM;bchadwic;VIR reviewed and concurred to;;;",,,,
UMS Monthly Metrics,SSWUMS-1101,86429,Task,Done,SSWUMS,SSWUMS,software,mkuperst,"Welcome to the SSWUMS Team space, led by Meridith K (Product Owner). This space includes D440 and D454 resources, as well as Sprint and Kanban work.
",,Medium,Done,mkuperst,mkuperst,mkuperst,08/Oct/25 8:58 AM,31/Oct/25 12:12 PM,18/Sep/26 3:31 PM,31/Oct/25 12:12 PM,,PI14,,,,UMS Monthly Metrics,,,,,,,,,,,,,,,,,,,,,30/Oct/25 12:00 AM,0,,,mkuperst,,,,,";30/Oct/25 2:08 PM;cwhite10;60",,,,,,,,,8640,8580,60,0%,8640,8580,60,,,,,,,,,,,,,,,,,,,,,,,,,,,,,,,,,,,,,,,,,,,,,,,,,,,,mkuperst,,,,,SSWUMS-977,,,Done,,,,,,Sprint,,,,,,,,No comments by current user.,,,,,,,,mkuperst,cwhite10,bchadwic,,,,,,,,,,,"1|i06f43:y6",,,TBD,,31/Oct/25 12:00 AM,Approved,,,TBD,,,,,,,Medium,,,,,,,SSWUMS Sprint 86-14.2 (PI14),,,,,,,,,,0.3,,,,,,,,,,,,,,,,,,0.0,0.0,,0.0,,,0.0,,,,,,,,,,,,
UMS QPR replacement/Top 5 discussion,SSWUMS-1100,86428,Task,Done,SSWUMS,SSWUMS,software,mkuperst,"Welcome to the SSWUMS Team space, led by Meridith K (Product Owner). This space includes D440 and D454 resources, as well as Sprint and Kanban work.
",,Medium,Done,mkuperst,mkuperst,mkuperst,08/Oct/25 8:58 AM,06/Nov/25 5:38 PM,18/Sep/26 3:31 PM,06/Nov/25 5:38 PM,,PI14,,,,GDMS UMS QPR,,,,,,,,,,,,,,,,,,,,,06/Nov/25 12:00 AM,0,,,mkuperst,,,,,,,,,,,,,,8640,8640,,0%,8640,8640,,,,,,,,,,,,,,,,,,,,,,,,,,,,,,,,,,,,,,,,,,,,,,,,,,,,,mkuperst,,,,,SSWUMS-977,,,Done,,,,,,Sprint,,,,,,,,No comments by current user.,,,,,,,,mkuperst,cwhite10,bchadwic,,,,,,,,,,,"1|i06f43:y5",,,,,,,,,,,,,,,,Medium,,,,,,,SSWUMS Sprint 87-14.3 (PI14),,,,,,,,,,0.3,,,,,,,,,,,,,,,,,,0.0,0.0,,0.0,,,0.0,,,,,,,,,,,,
UMS Virtual PI 13 Closure/PI 14 Planning ,SSWUMS-1099,86426,Task,Cancelled,SSWUMS,SSWUMS,software,mkuperst,"Welcome to the SSWUMS Team space, led by Meridith K (Product Owner). This space includes D440 and D454 resources, as well as Sprint and Kanban work.
",,Medium,Won't Do,,mkuperst,mkuperst,08/Oct/25 8:58 AM,22/Oct/25 4:21 PM,18/Sep/26 3:31 PM,14/Oct/25 9:28 AM,,PI14,,,,GDMS PI,,,,,,,,,,,,,,,,,,,,,,0,,,mkuperst,,,,,,,,,,,,,,0,0,,0%,0,0,,,,,,,,,,,,,,,,,,,,,,,,,,,,,,,,,,,,,,,,,,,,,,,,,,,,,mkuperst,,,,,,,,,,,,,,Sprint,,,,,"Posted on: Tue Oct 14 09:28:16 EDT 2025
Duplicate of SSWUMS-875",,,No comments by current user.,,,,,,,,,,,,,,,,,,,,,"1|i07ioo:",,,,,,,,,,,,,,,,Medium,,,,,,,SSWUMS Sprint 86-14.2 (PI14),,,,,,,,,,0.0,,,,,,,,,,,,,,,,,,0.0,0.0,,0.0,,,0.0,,,,,"14/Oct/25 9:28 AM;mkuperst;Duplicate of SSWUMS-875;;;",,,,,,,
UMS October Monthly Metrics (due 10/15),SSWUMS-1098,86422,Task,Done,SSWUMS,SSWUMS,software,mkuperst,"Welcome to the SSWUMS Team space, led by Meridith K (Product Owner). This space includes D440 and D454 resources, as well as Sprint and Kanban work.
",,Medium,Done,cwhite10,mkuperst,mkuperst,08/Oct/25 8:57 AM,20/Oct/25 2:39 PM,18/Sep/26 3:31 PM,20/Oct/25 2:39 PM,,PI14,,,,UMS Monthly Metrics,,,,,,,,,,,,,,,,,,,,,15/Oct/25 12:00 AM,0,"For Monthly Metrics, requesting leads generate slides by *10/15* to support consolidating/sharing with GDMS by 10/17. Slide generation will follow the previous format detailed in the folder. Input slides should be saved here.

 

Slide owners:
 * PDMS Status – Brendan
 * C2S Status – Cory
 * L&R DRP and Fabrication Status – Evan
 * TWPI Fabrication Status – Dan/Mike
 * dDVT Update and tSD next steps – Liz/Dave
 * Umbilical and Termination Status – Vince
 * Key Takeaways/Commitments/Risk – Myself",,bchadwic,mkuperst,,,,";15/Oct/25 9:14 AM;cwhite10;3600",,,,,,,,,11520,7920,3600,31%,11520,7920,3600,,,,,,,,,,,,,,,,,,,,,,,,,,,,,,,,,,,,,,,,,,,,,,,,,,,,cwhite10,,,15/Oct/25 12:00 AM,,SSWUMS-977,,,Done,,,,,,Sprint,,,,,"Posted on: Mon Oct 20 14:39:39 EDT 2025
Updates provided",,,No comments by current user.,,,,,,,,cwhite10,bchadwic,,,,,,,,,,,,"1|i07ahg:hi",,15/Oct/25 12:00 AM,Approved,,20/Oct/25 12:00 AM,Approved,,,,,,,,,,Medium,,,,,,,SSWUMS Sprint 85-14.1 (PI14),,,,,,,,,,0.4,,,,,,,,,,,,,,,,,,0.0,0.0,,0.0,,,0.0,,,,,"20/Oct/25 2:39 PM;bchadwic;Updates provided;;;",,,,,,,
GDMS IMS and SMS review(For August),SSWUMS-1097,86418,Task,Done,SSWUMS,SSWUMS,software,mkuperst,"Welcome to the SSWUMS Team space, led by Meridith K (Product Owner). This space includes D440 and D454 resources, as well as Sprint and Kanban work.
",,Medium,Done,mkuperst,mkuperst,mkuperst,08/Oct/25 8:55 AM,21/Oct/25 12:26 PM,18/Sep/26 3:31 PM,21/Oct/25 12:26 PM,,PI14,,,,GDMS IMS,GDMS SMS,,,,,,,,,,,,,,,,,,,,,0,"X-Drive: \\US-CT-EB01\EBDepts\Programs.686.BlockVI\Seabed Warfare\05 Concept Development\UMS\1 Programmatic\2. Reporting\2 Segment Schedules\Summary Schedules\2025

 

\\us-ct-eb01\EBDepts\Programs.686.BlockVI\Seabed Warfare\05 Concept Development\UMS\1 Programmatic\2. Reporting\4 GDMS IMS\2025-09

\\us-ct-eb01\EBDepts\Programs.686.BlockVI\Seabed Warfare\05 Concept Development\UMS\1 Programmatic\2. Reporting\2 Segment Schedules\Summary Schedules\2025\2025-09\CDRL 14_Summary Master Schedule Final ME Aug.pdf

\\us-ct-eb01\EBDepts\Programs.686.BlockVI\Seabed Warfare\05 Concept Development\UMS\1 Programmatic\3. Risk Management\GDMS RMB\2025-09\(CUI) CDRL 16 Risk Management Board 20250916.pdf",,bchadwic,cwhite10,mkuperst,,,";08/Oct/25 8:55 AM;mkuperst;60",";08/Oct/25 11:29 AM;cwhite10;2700",,,,,,,,11520,8760,2760,23%,11520,8760,2760,,,,,,,,,,,,SSWUMS-793,,SSWUMS-1120,,,,,,,,,,,,,,,,,,,,,,,,,,,,,,,,,,,,,,mkuperst,,,,,SSWUMS-977,,,Done,,,,,,,,,1.0,Not reviewed in lieu of September data.,"Posted on: Tue Oct 21 10:44:57 EDT 2025
Not reviewed in lieu of September data.",,,No comments by current user.,,,,,,,,mkuperst,bchadwic,cwhite10,,,,,,,,,,,"1|i07ahg:f",,,Approved,bchadwic 10/21/2025 Not reviewed in lieu of September data.,21/Oct/25 12:00 AM,Rejected,,08/Oct/25 12:00 AM,Approved,,,,,,,,,,,,,,SSWUMS Sprint 85-14.1 (PI14),,,,,,,,,,0.4,,,,,,,,,,,,,,,,,,,,,,,,,,,,,"08/Oct/25 11:29 AM;cwhite10;Slide 14
 * CCA HRS Release dates need to be updated
 * All Dates from ROG-1574(CCA Roadmap) need to be updated to match the Roadmap file;;;","20/Oct/25 1:24 PM;mkuperst;Issue split into:
|SSWUMS-1120|GDMS IMS and SMS review(For Sept)|
;;;","21/Oct/25 10:44 AM;bchadwic;Not reviewed in lieu of September data.;;;",,,,,
3. PDMS Action Items - PI14,SSWUMS-1096,86412,Epic,Cancelled,SSWUMS,SSWUMS,software,mkuperst,"Welcome to the SSWUMS Team space, led by Meridith K (Product Owner). This space includes D440 and D454 resources, as well as Sprint and Kanban work.
",,Medium,Won't Do,bchadwic,cwhite10,cwhite10,08/Oct/25 8:51 AM,13/Feb/26 11:25 AM,18/Sep/26 3:31 PM,17/Dec/25 10:15 AM,,PI14,,,,PDMS,Vendor (GDMS),,,,,,,,,,,,,,,,,,,,,0,,,cwhite10,,,,,,,,,,,,,,0,0,,0%,0,0,,,,,,,,,,,,SSWUMS-10,,,,,,,,,,,,,,,,,,,,,,,,,,,,,,,,,,,,,,,,,,,,,ghx-label-11,,3. PDMS Action Items - PI14,Done,,,,,,,,,,,,"Posted on: Wed Dec 17 10:15:38 EST 2025
No Actions for PDMS Action items in PI 14. Epic Cancelled",,,No comments by current user.,,,,,,,SSWUMS-565,,,,,,,,,,,,,,"1|i07ils:",,,,,,,,,,,,,,,,Medium,,,,,,,,,,,,,,,,,0.0,,,,,,,,,,,,,,,,,0.0,0.0,0.0,,,0.0,,0.0,0.0,0.0,0.0,0.0,"17/Dec/25 10:15 AM;cwhite10;No Actions for PDMS Action items in PI 14. Epic Cancelled;;;",,,,,,,
CSCI Pedigree For Test Events,SSWUMS-1095,86323,Task,Done,SSWUMS,SSWUMS,software,mkuperst,"Welcome to the SSWUMS Team space, led by Meridith K (Product Owner). This space includes D440 and D454 resources, as well as Sprint and Kanban work.
",,Medium,Done,mkuperst,mkuperst,mkuperst,07/Oct/25 4:47 PM,17/Oct/25 3:31 PM,18/Sep/26 3:31 PM,17/Oct/25 3:31 PM,,PI14,,,,MES PaaS,,,,,,,,,,,,,,,,,,,,,,0,,,mkuperst,,,,,,,,,,,,,,5760,5760,,0%,5760,5760,,,,,,,,,,,,,,,,,,,,,,,,,,,,,,,,,,,,,,,,,,,,,,,,,,,,,mkuperst,,,,,SSWUMS-1026,,,Done,,,,,,Sprint,,,,,"Posted on: Mon Oct 13 13:43:42 EDT 2025
Responded to [~msweene2]. Pending further tasking?",,,No comments by current user.,,,,,,,,,,,,,,,,,,,,,"1|i07h7y:g",,,,,,,,,,,,,,,,Medium,,,,,,,SSWUMS Sprint 85-14.1 (PI14),,,,,,,,,,0.2,,,,,,,,,,,,,,,,,,0.0,0.0,,0.0,,,0.0,,,,,"13/Oct/25 1:43 PM;mkuperst;Responded to [~msweene2]. Pending further tasking?;;;",,,,,,,
ICD Testing and Verification Derivation agreements between EB/GDMS,SSWUMS-1094,86096,Task,Done,SSWUMS,SSWUMS,software,mkuperst,"Welcome to the SSWUMS Team space, led by Meridith K (Product Owner). This space includes D440 and D454 resources, as well as Sprint and Kanban work.
",,Medium,Done,mkuperst,mkuperst,mkuperst,07/Oct/25 9:15 AM,03/Nov/25 4:54 PM,18/Sep/26 3:31 PM,03/Nov/25 4:54 PM,,PI14,,,,Document Dev,,,,,,,,,,,,,,,,,,,,,,0,,,mkuperst,,,,,,,,,,,,,,14400,14400,,0%,14400,14400,,,,,,,,,,,,,,,SSWUMS-1187,,,,,,,,,,,,,,,,,,,,,,,,,,,,,,,,,,,,,,mkuperst,,,,,SSWUMS-977,,,Done,,,,,,SOS,Sprint,,,,"Posted on: Mon Nov 03 16:48:07 EST 2025
[https://192.168.3.34/cnfl1/x/4AlIC]

[https://192.168.3.34/cnfl1/x/zQtIC]

Minutes for meetings held",,,No comments by current user.,,,,,,,,,,,,,,,,,,,,,"1|i06f43:y7",,,,,,,,,,,,,,,,Medium,,,,,,,SSWUMS Sprint 86-14.2 (PI14),,,,,,,,,,0.5,,,,,,,,,,,,,,,,,,0.0,0.0,,0.0,,,0.0,,,,,"13/Oct/25 1:02 PM;mkuperst;Meeting scheduled for 10/20;;;","17/Oct/25 3:32 PM;mkuperst;Meeting to be rescheduled for when Doug is back and likely after GDMS PI. Week of 11/3? ;;;","03/Nov/25 4:47 PM;mkuperst;Issue split into:
|SSWUMS-1187|ICD Traces to B-specs - verify proposed ICD traces|
;;;","03/Nov/25 4:48 PM;mkuperst;[https://192.168.3.34/cnfl1/x/4AlIC]

[https://192.168.3.34/cnfl1/x/zQtIC]

Minutes for meetings held;;;",,,,
4.a. GDMS MTEP - PI 18,SSWUMS-1093,86077,Epic,Done,SSWUMS,SSWUMS,software,mkuperst,"Welcome to the SSWUMS Team space, led by Meridith K (Product Owner). This space includes D440 and D454 resources, as well as Sprint and Kanban work.
",,Medium,Done,,mkuperst,cwhite10,06/Oct/25 3:10 PM,22/Jun/26 12:41 PM,18/Sep/26 3:31 PM,22/Jun/26 12:41 PM,,PI18,,,,GDMS MTEP,GDMS SOW,,,,,,,,,,,,,,,,,,,,,0,,,cwhite10,,,,,,,,,,,,,,0,0,,0%,0,0,,,,,,,,,,SSWUMS-2007,,SSWUMS-1043,,,,,,,,,,,,,,,,,,,,,,,,,,,,,,,,,,,,,,,,,,,,,ghx-label-13,,4.a. GDMS MTEP - PI 18,Done,,,,,,,Sprint,,,,,,,,No comments by current user.,,,,,,,SSWUMS-916,,,,,,,,,,,,,,"1|i07ha0:",,,,,,,,,,,,,,,,Medium,,,,,,,,,,,,,,,,,,,,,100%,01/Jul/26 12:00 AM,25/Mar/26 12:00 AM,,,,,,,,,,,100.0,1.5,0.0,,,100.0,70.8,1.5,0.0,12.0,3.5,8.5,,,,,,,,
EOSR Weld VIR,SSWUMS-1092,86076,Task,Done,SSWUMS,SSWUMS,software,mkuperst,"Welcome to the SSWUMS Team space, led by Meridith K (Product Owner). This space includes D440 and D454 resources, as well as Sprint and Kanban work.
",,Medium,Done,bchadwic,mkuperst,mkuperst,06/Oct/25 2:58 PM,09/Oct/25 11:36 AM,18/Sep/26 3:31 PM,09/Oct/25 11:36 AM,,PI14,,,,VIR,,,,,,,,,,,,,,,,,,,,,,0,,,bchadwic,mkuperst,,,,,,,,,,,,,5760,5760,,0%,5760,5760,,,,,,,,,,,,,,,,,,,,,,,,,,,,,,,,,,,,,,,,,,,,,,,,,,,,,bchadwic,,,,,SSWUMS-968,,,Done,,,,,,Sprint,,,,,"Posted on: Thu Oct 09 11:36:10 EDT 2025
VIR submitted to SUPSHIP for approval.",,,No comments by current user.,,,,,,,,,,,,,,,,,,,,,"1|i07h7m:",,,,,,,,,,,,,,,,Medium,,,,,,,SSWUMS Sprint 85-14.1 (PI14),,,,,,,,,,0.2,,,,,,,,,,,,,,,,,,0.0,0.0,,0.0,,,0.0,,,,,"09/Oct/25 11:36 AM;bchadwic;VIR submitted to SUPSHIP for approval.;;;",,,,,,,
OBMP Sync Up w/ NAVSEA,SSWUMS-1091,86075,Task,Done,SSWUMS,SSWUMS,software,mkuperst,"Welcome to the SSWUMS Team space, led by Meridith K (Product Owner). This space includes D440 and D454 resources, as well as Sprint and Kanban work.
",,Medium,Done,bchadwic,mkuperst,mkuperst,06/Oct/25 2:57 PM,20/Oct/25 2:30 PM,18/Sep/26 3:31 PM,20/Oct/25 2:30 PM,,PI14,,,,OBMP,,,,,,,,,,,,,,,,,,,,,,0,,,mkuperst,,,,,,,,,,,,,,8640,8640,,0%,8640,8640,,,,,,,,,,,,,,,,,,,,,,,,,,,,,,,,,,,,,,,,,,,,,,,,,,,,,bchadwic,,,,,SSWUMS-1081,,,Done,,,,,,Sprint,,,,,,,,No comments by current user.,,,,,,,,,,,,,,,,,,,,,"1|i07h7y:5",,,,,,,,,,,,,,,,Medium,,,,,,,SSWUMS Sprint 85-14.1 (PI14),,,,,,,,,,0.3,,,,,,,,,,,,,,,,,,0.0,0.0,,0.0,,,0.0,,,,,,,,,,,,
4.i. UMS Procurement Specs - PI14,SSWUMS-1090,86072,Epic,Done,SSWUMS,SSWUMS,software,mkuperst,"Welcome to the SSWUMS Team space, led by Meridith K (Product Owner). This space includes D440 and D454 resources, as well as Sprint and Kanban work.
",,Medium,Done,mkuperst,mkuperst,cwhite10,06/Oct/25 2:53 PM,13/Feb/26 11:25 AM,18/Sep/26 3:31 PM,17/Dec/25 10:25 AM,,PI14,,,,Document Dev,EOSR Procurement Spec,PDMS Cable & Connector Procurement Spec,Vendor (GDMS),,,,,,,,,,,,,,,,,,,0,"Estimated 16 hours for initial review + 16 hours for adjudication, per product",,cwhite10,,,,,,,,,,,,,,0,0,,0%,0,0,,,,,,,,,,SSWUMS-1344,,SSWUMS-783,,,,,,,,,,,,,,,,,,,,,,,,,,,,,,,,,,,,,,,,,,,,,ghx-label-13,,4.i. UMS Procurement Specs - PI14,Done,,,,,,,,,,,,,,,No comments by current user.,,,,,,,SSWUMS-568,,,,,,,,,,,,,,"1|i07h8w:",,,,,,,,,,,,,,,,Medium,,,,,,,,,,,,,,,,,,,,,,,,,,,,,,,,,,100.0,0.8,0.0,,,100.0,50.0,0.8,0.0,6.4,3.2,3.2,,,,,,,,
Top Plate Connector Verification (due 10/14),SSWUMS-1089,86071,Task,Done,SSWUMS,SSWUMS,software,mkuperst,"Welcome to the SSWUMS Team space, led by Meridith K (Product Owner). This space includes D440 and D454 resources, as well as Sprint and Kanban work.
",,Medium,Done,mkuperst,mkuperst,mkuperst,06/Oct/25 2:48 PM,11/Aug/26 4:57 PM,18/Sep/26 3:31 PM,21/Oct/25 10:51 AM,,PI14,,,,CADs,ICD,,,,,,,,,,,,,,,,,,,,,0,"Verify UMS cabling on P2MS ICD to all applicable MSOS cabinets
---- # Please review the P2MS ICD Tables file (located at X:\Eng.440\Projects-VA\VA SSW\CWS Working Group\CWS Share\MSOS Cabinet Top Plate Connector Information\Team Review Material) to ensure all your cables are accounted for and have the correct associated information:
 ## The tables are organized by cabinet and include cable IDs, Cable Type, Endpoints and what the connection is used for
 ## I have included Dean Ingram on the email who is the current author of the document
 # Please mark-up the file as needed using track changes.
 ## Please account for any worst case updates. If cables may need to be added but you are unsure, just identify them as needed now. We can always use blanking plates later if the connection is not needed.
 # Identify any risk areas. For any of your connections, please note if there is uncertainty in the information. We would like to understand which of the cables have risk of change so we can  make an informed decision about proceeding with fabrication.
 ## {*}Fabrication of the top plates is slated to resume at the end of October 2025{*}. If changes are no identified now, they will *not* be included in the design.

 

*We are requesting turnaround in 2 weeks (Need date of 10/14/25). If you do not have access to the folder location let me know and I will get you access.* If you cannot support this please let me know as soon as possible. In addition, if you begin to look at the P2MS tables and you don’t understand the format, reach out to me and we discuss a different avenue to get the information.  ** 

 ** 

*POCs:*

{*}Richard Ravenelle III{*}: HW lead for top plates (should be on all emails regarding top plate changes_

{*}Dean Ingram{*}: P2MS ICD owner (should be on all emails regarding changes to top plate so he understands what impacts to his document are coming)

{*}Kunj Desai{*}: Owner of the H689-7304 MS CAD (contains all MES cabinets)

{*}Mike Delzio/Alex Samegulin{*}: Owner/co-owner of the H689-7314 PHC CAD",,bchadwic,mkuperst,,,,";08/Oct/25 8:47 AM;cwhite10;60",,,,,,,,,20160,20100,60,0%,20160,20100,60,,,,,,,,,,,,SSWUMS-1079,,,,,,,,,,,,,,,,,,,,,,,,,,,,jsevigny,,,,,,,,,,,,mkuperst,,,,,SSWUMS-1052,,,Done,,,,,,,,,1.0,See comment from 10/22,"Posted on: Tue Oct 21 10:19:53 EDT 2025
See comment from 10/22",,,No comments by current user.,,,,,,,,,bchadwic,,,,,,,,,,,,"1|i07h7z:k",,,,,14/Oct/25 12:00 AM,Approved,,,,,,,,,,,,,,,,,SSWUMS Sprint 85-14.1 (PI14),,,,,,,,,,0.7,,,,,,,,,,,,,,,,,,,,,,,,,,,,,"14/Oct/25 3:01 PM;bchadwic;Comments/changes added to the file.;;;","21/Oct/25 10:19 AM;bchadwic;See comment from 10/22;;;",,,,,,
EB-6101 Rev F Trace - Due 10/10,SSWUMS-1088,86070,Task,Done,SSWUMS,SSWUMS,software,mkuperst,"Welcome to the SSWUMS Team space, led by Meridith K (Product Owner). This space includes D440 and D454 resources, as well as Sprint and Kanban work.
",,Medium,Done,mkuperst,cwhite10,mkuperst,06/Oct/25 2:48 PM,21/Oct/25 10:20 AM,18/Sep/26 3:31 PM,21/Oct/25 10:20 AM,,PI14,,,,EB-6101,,,,,,,,,,,,,,,,,,,,,,0,"Hi All,

 

Received the linked files regarding EB-6101 Rev F requirement traceability. Please review in support of a discussion later this month (meeting date TBD, working with GDMS to schedule).

 

Thanks,

Dayne Higgins

 

Link: \\us-ct-eb01\EBDepts\Programs.686.BlockVI\Seabed Warfare\05 Concept Development\UMS\4 Requirements\EB-6101\Rev F\GDMS Requirements Trace",,bchadwic,mkuperst,,,,";08/Oct/25 2:37 PM;mkuperst;60",";15/Oct/25 9:34 AM;cwhite10;10800",,,,,,,,28800,17940,10860,37%,28800,17940,10860,,,,,,,,,,,,SSWUMS-1014,,,,,,,,,,,,,,,,,,,,,,,,,,,,,,,,,,,,,,,,mkuperst,,,,,SSWUMS-1050,,,Done,,,,,,,,,,,"Posted on: Tue Oct 21 10:20:22 EDT 2025
Comments saved in the file",,,No comments by current user.,,,,,,,,mkuperst,cwhite10,bchadwic,,,,,,,,,,,"1|i07h7z:r",,,Approved,,15/Oct/25 12:00 AM,Approved,,21/Oct/25 12:00 AM,Approved,,,,,,,,,,,,,,SSWUMS Sprint 85-14.1 (PI14),,,,,,,,,,1.0,,,,,,,,,,,,,,,,,,,,,,,,,,,,,"13/Oct/25 2:52 PM;mkuperst;Took initial look over. Pending updated files from GDMS.;;;","21/Oct/25 10:20 AM;bchadwic;Comments saved in the file;;;",,,,,,
C&C Proc Spec - NAVSEA Comments for Adj - Review with NAVSEA,SSWUMS-1087,86069,Task,Done,SSWUMS,SSWUMS,software,mkuperst,"Welcome to the SSWUMS Team space, led by Meridith K (Product Owner). This space includes D440 and D454 resources, as well as Sprint and Kanban work.
",,Medium,Done,bchadwic,mkuperst,mkuperst,06/Oct/25 2:43 PM,21/Oct/25 10:47 AM,18/Sep/26 3:31 PM,21/Oct/25 10:47 AM,,PI14,,,,PDMS Cable & Connector Procurement Spec,,,,,,,,,,,,,,,,,,,,,,0,"file:///\\us-ct-eb01\EBDepts\Eng.440\Projects-VA\VA%20SSW\CWS%20Working%20Group\CWS%20Share\UMS\PDMS\IBT%20Cables%20and%20Connectors\Rev%20D\Comment_Logs\NAVSEA%20Comments\CC-50874%20Comment%20Resolution%20Matrix.xlsx

 ",,bchadwic,mkuperst,,,,,,,,,,,,,8640,8640,,0%,8640,8640,,,,,,,,,,,,,SSWUMS-1073,,SSWUMS-1121,,,,,,,,,,,,,,,,,,,,,,,,,,,,,,,,,,,,,,bchadwic,,,,,SSWUMS-1090,,,Done,,,,,,,,,,,"Posted on: Tue Oct 21 10:47:09 EDT 2025
Sprint 85 task done, Split to Sprint 86, meetings held on 10/16 and 10/21 in Sprint 85.",,,No comments by current user.,,,,,,,,,,,,,,,,,,,,,"1|i07h7y:49",,,,,,,,,,,,,,,,,,,,,,,SSWUMS Sprint 85-14.1 (PI14),,,,,,,,,,0.3,,,,,,,,,,,,,,,,,,,,,,,,,,,,,"14/Oct/25 10:47 AM;mkuperst;Waiting on NAVSEA to schedule adj sync;;;","21/Oct/25 10:46 AM;bchadwic;Issue split into:
|SSWUMS-1121|C&C Proc Spec - NAVSEA Comments for Adj - Review with NAVSEA - Sprint 86|
;;;","21/Oct/25 10:47 AM;bchadwic;Sprint 85 task done, Split to Sprint 86, meetings held on 10/16 and 10/21 in Sprint 85.;;;",,,,,
C2I IMS and Fishbones - due 10/14,SSWUMS-1086,86064,Task,Done,SSWUMS,SSWUMS,software,mkuperst,"Welcome to the SSWUMS Team space, led by Meridith K (Product Owner). This space includes D440 and D454 resources, as well as Sprint and Kanban work.
",,Medium,Done,mkuperst,mkuperst,mkuperst,06/Oct/25 2:23 PM,04/Mar/26 2:18 PM,18/Sep/26 3:31 PM,17/Oct/25 3:32 PM,,PI14,,,,C2I IPT,,,,,,,,,,,,,,,,,,,,,,0,IMS and Fishbones are with GDMS for review and comment,,mkuperst,,,,,,,,,,,,,,5760,5760,,0%,5760,5760,,,,,,,,,,,,,,,,,,,,,,,,,,,,,,,,,,,,,,,,,,,,,,,,,,,,,mkuperst,,,,,SSWUMS-1026,,,Done,,,,,,Sprint,,,,,"Posted on: Wed Mar 04 14:18:11 EST 2026
New location for fishbones:

\\us-ct-eb01\EBDepts\Eng.440\Projects-VA\VA SSW\CWS Working Group\CWS Share\C2_IPT\Fishbones\C2I_Fishbones",,,No comments by current user.,,,,,,,,,,,,,,,,,,,,,"1|i07h7y:f",,,,,,,,,,,,,,,,Medium,,,,,,,SSWUMS Sprint 85-14.1 (PI14),,,,,,,,,,0.2,,,,,,,,,,,,,,,,,,0.0,0.0,,0.0,,,0.0,,,,,"04/Mar/26 2:18 PM;mkuperst;New location for fishbones:

\\us-ct-eb01\EBDepts\Eng.440\Projects-VA\VA SSW\CWS Working Group\CWS Share\C2_IPT\Fishbones\C2I_Fishbones;;;",,,,,,,
ROG-1710 C-CCA Approved Substitutes,SSWUMS-1085,86063,Task,Done,SSWUMS,SSWUMS,software,mkuperst,"Welcome to the SSWUMS Team space, led by Meridith K (Product Owner). This space includes D440 and D454 resources, as well as Sprint and Kanban work.
",,Medium,Done,mkuperst,mkuperst,mkuperst,06/Oct/25 2:21 PM,13/Oct/25 1:42 PM,18/Sep/26 3:31 PM,13/Oct/25 1:42 PM,,PI14,,,,GDMS CCA Development,,,,,,,,,,,,,,,,,,,,,,0,X:\Programs.686.BlockVI\Seabed Warfare\05 Concept Development\UMS\9 C2\01_CCA-Hardware\Approved Substitute Documents,,mkuperst,,,,,,,,,,,,,,5760,5760,,0%,5760,5760,,,,,,,,,,,,,,,,,,,,,,,,,,,,,,,,,,,,,,,,,,,,,,,,,,,,,mkuperst,,,,,SSWUMS-932,,,Done,,,,,,Sprint,,,,,,,,No comments by current user.,,,,,,,,,,,,,,,,,,,,,"1|i07h7k:",,,,,,,,,,,,,,,,Medium,,,,,,,SSWUMS Sprint 85-14.1 (PI14),,,,,,,,,,0.2,,,,,,,,,,,,,,,,,,0.0,0.0,,0.0,,,0.0,,,,,,,,,,,,
ROG-1574 Rev 7(CCA Roadmap),SSWUMS-1084,86062,Task,Done,SSWUMS,SSWUMS,software,mkuperst,"Welcome to the SSWUMS Team space, led by Meridith K (Product Owner). This space includes D440 and D454 resources, as well as Sprint and Kanban work.
",,Medium,Done,cwhite10,mkuperst,mkuperst,06/Oct/25 2:21 PM,17/Oct/25 3:30 PM,18/Sep/26 3:31 PM,17/Oct/25 3:30 PM,,PI14,,,,GDMS CCA Development,,,,,,,,,,,,,,,,,,,,,,0,X:\Programs.686.BlockVI\Seabed Warfare\05 Concept Development\UMS\9 C2\00_Programmatic_and_Administrative\ROG-1574_CCA-Delivery-Timeline,,mkuperst,,,,,";06/Oct/25 3:05 PM;cwhite10;60",";09/Oct/25 1:18 PM;cwhite10;3600",,,,,,,,14400,10740,3660,25%,14400,10740,3660,,,,,,,,,,,,,,,,,,,,,,,,,,,,,,,,,,,,,,,,,,,,,,,,,,,,cwhite10,,,,,SSWUMS-932,,,Done,,,,,,Sprint,,,,,,,,No comments by current user.,,,,,,,,mkuperst,cwhite10,,,,,,,,,,,,"1|i07h7c:",,,Approved,,09/Oct/25 12:00 AM,Approved,,,,,,,,,,Medium,,,,,,,SSWUMS Sprint 85-14.1 (PI14),,,,,,,,,,0.5,,,,,,,,,,,,,,,,,,0.0,0.0,,0.0,,,0.0,,,,,,,,,,,,
4.c. PDMS B-Spec & RVTM - PI14,SSWUMS-1083,85968,Epic,Done,SSWUMS,SSWUMS,software,mkuperst,"Welcome to the SSWUMS Team space, led by Meridith K (Product Owner). This space includes D440 and D454 resources, as well as Sprint and Kanban work.
",,Medium,Done,mkuperst,mkuperst,mkuperst,03/Oct/25 11:02 AM,11/Aug/26 4:56 PM,18/Sep/26 3:31 PM,05/Jan/26 8:37 AM,,PI14,,,,C2S B-spec,C2S RVTM,Customer,ICD,PDMS B-spec,PDMS RVTM,Vendor (GDMS),,,,,,,,,,,,,,,,0,"This Epic  will represent _PI-level work_ for 2 Deliverables:
 * PDMS B-Spec RVTM
 * PDMS B-Spec

Estimated 16 hours for initial review + 16 hours for adjudication, per product. doesn't include NAVSEA review and other value-add activities.

 

 ",,mkuperst,,,,,,,,,,,,,,0,0,,0%,0,0,,,,,,,,,,,,SSWUMS-779,,,,,,,,,,,,,,,,,,,,,,,,,,,,,,,,,,,,,,,,,,,,,ghx-label-13,,4.c. PDMS B-Spec & RVTM - PI14,Done,,,,,,,,,,,,,,,No comments by current user.,,,,,10.0,,SSWUMS-470,,,,,,,,,,,,,,"1|i06x9q:",,,,,,,,,,,,,,,,Medium,,,,,,,,,,,,,,,,,,,,,,,,,,,,,,,,,,37.0,3.7,0.0,,,100.0,37.8,3.7,0.0,29.6,18.4,11.2,,,,,,,,
PDMS RVTM Review (Leads due 10/22),SSWUMS-1082,85963,Task,Done,SSWUMS,SSWUMS,software,mkuperst,"Welcome to the SSWUMS Team space, led by Meridith K (Product Owner). This space includes D440 and D454 resources, as well as Sprint and Kanban work.
",,Medium,Done,bchadwic,bchadwic,bchadwic,03/Oct/25 9:53 AM,29/Oct/25 3:28 PM,18/Sep/26 3:31 PM,21/Oct/25 10:14 AM,,PI14,,,,PDMS RVTM,,,,,,,,,,,,,,,,,,,,,22/Oct/25 12:00 AM,0,"Review of Rev - of the PDMS RVTM.

X-Drive Location - <X:\Programs.686.BlockVI\Seabed Warfare\05 Concept Development\UMS\4 Requirements\B-Specs\PDMS\RVTM Rev (-) For Approval>
|Step|Dates|Stakeholders|
|Leads Review|10/9 - 10/22|B. Chadwick, M. Kuperstein, J. Sevigny, M. Sweeney, L. Moran|
|Leads Review Adjudication|10/23 - 11/5|B. Chadwick, M. Kuperstein, J. Sevigny, M. Sweeney, L. Moran|
|Supervisor/Project Lead Review|11/6 - 11/19|A. White, A. Viola|
|Supervisor/Project Lead Adjudication|11/20 - 12/5|A. White, A. Viola|
|Manager Review|12/8 – 12/11|M. Scussel|
|Manager Adjudication|12/12 – 12/17|M. Scussel|",,bchadwic,cmerrima,fopuszyn,pclarke,,";09/Oct/25 9:27 AM;bchadwic;60",,,,,,,,,14400,14340,60,0%,14400,14340,60,,,,,,,,,SSWUMS-1158,,,,,,,,,,,,,,,,,,,,,,,,,,,,,,,,,,,,,,,,,,,bchadwic,,,22/Oct/25 12:00 AM,,SSWUMS-1083,,,Done,,,,,,SOS,,,,,"Posted on: Tue Oct 21 10:14:37 EDT 2025
Reviewed.  No significant comments.  Dropped in comments excel file in comments folder.",,,No comments by current user.,,,,,,,,mkuperst,bchadwic,fopuszyn,,cmerrima,,,,,,,,,"1|i07h7x:i",,,Approved,,20/Oct/25 12:00 AM,Approved,,,Approved,,,Approved,,,,Medium,,,,,,,SSWUMS Sprint 85-14.1 (PI14),,,,,,,,,,0.5,,,,,,,,,,,,,,,,,,0.0,0.0,,0.0,,,0.0,,,,,"20/Oct/25 8:17 AM;pclarke;Frank and Craig will complete their reviews by COB tomorrow.

[~mkuperst] [~cwhite10] [~bchadwic] [~fopuszyn] [~cmerrima] ;;;","20/Oct/25 2:00 PM;bchadwic;Reviewed and added comments to log.;;;","21/Oct/25 7:10 AM;cmerrima;I have reviewed and left a comment in the file: 
X:\Programs.686.BlockVI\Seabed Warfare\05 Concept Development\UMS\4 Requirements\B-Specs\PDMS\RVTM Rev (-) For Approval\Comment Logs\PDMS RVTM Rev (-) Comment Log_CRM.xlsx;;;","21/Oct/25 10:14 AM;fopuszyn;Reviewed.  No significant comments.  Dropped in comments excel file in comments folder.;;;",,,,
4.e. OBMP - PI14,SSWUMS-1081,85912,Epic,Done,SSWUMS,SSWUMS,software,mkuperst,"Welcome to the SSWUMS Team space, led by Meridith K (Product Owner). This space includes D440 and D454 resources, as well as Sprint and Kanban work.
",,Medium,Done,mkuperst,mkuperst,cwhite10,02/Oct/25 11:47 AM,11/Aug/26 4:58 PM,18/Sep/26 3:31 PM,12/Dec/25 11:30 AM,,PI14,,,,Customer,Document Dev,OBMP,PDMS to Platform IBT ICD A00014103,PDMS to UWS ICD A00007128,Review,UMS SSLR,Vendor (GDMS),,,,,,,,,,,,,,,0,"Estimated 16 hours for initial review + 16 hours for adjudication, per product.

Includes OBMP and PDMS to Plat ICD",,cwhite10,,,,,,,,,,,,,,0,0,,0%,0,0,,,,,,,,,,SSWUMS-1132,,SSWUMS-778,,,,,,,,,,,,,,,,,,,,,,,,,,,,,,,,,,,,,,,,,,,,,ghx-label-13,,4.e. OBMP - PI14,Done,,,,,,,,,,,,,,,No comments by current user.,,,,,,,SSWUMS-474,,,,,,,,,,,,,,"1|i07gg0:",,,,,,,,,,,,,,,,Medium,,,,,,,,,,,,,,,,,,,,,,,,,,,,,,,,,,100.0,0.5,0.0,,,100.0,37.5,0.5,0.0,4.0,2.5,1.5,,,,,,,,
