Summary,Issue key,Issue id,Issue Type,Status,Project key,Project name,Project type,Project lead,Project description,Project url,Priority,Resolution,Assignee,Reporter,Creator,Created,Updated,Last Viewed,Resolved,Affects Version/s,Affects Version/s,Fix Version/s,Fix Version/s,Fix Version/s,Fix Version/s,Fix Version/s,Fix Version/s,Component/s,Component/s,Component/s,Due Date,Votes,Description,Environment,Watchers,Watchers,Watchers,Watchers,Log Work,Log Work,Log Work,Log Work,Original Estimate,Remaining Estimate,Time Spent,Work Ratio,Σ Original Estimate,Σ Remaining Estimate,Σ Time Spent,Security Level,Inward issue link (Blocks),Inward issue link (Blocks),Inward issue link (Blocks),Inward issue link (Blocks),Inward issue link (Blocks),Inward issue link (Blocks),Inward issue link (Blocks),Inward issue link (Blocks),Outward issue link (Blocks),Outward issue link (Blocks),Outward issue link (Blocks),Outward issue link (Blocks),Outward issue link (Blocks),Outward issue link (Blocks),Outward issue link (Blocks),Outward issue link (Cloners),Inward issue link (Issue split),Outward issue link (Issue split),Outward issue link (Issue split),Outward issue link (Issue split),Outward issue link (Issue split),Outward issue link (Issue split),Outward issue link (Original),Inward issue link (Relates),Attachment,Attachment,Attachment,Attachment,Attachment,Attachment,Attachment,Custom field (Approval History),Custom field (Build Manager),Custom field (Build Manager Responded),Custom field (Build Manager Response),Custom field (Completion Criteria),Custom field (Configuration Notes),Custom field (Cyber Reviewer KB Comment),Custom field (Cyber Reviewer Responded),Custom field (Cyber Reviewer Response),Custom field (Deadline),Custom field (Dependency Needed From),Custom field (Dependency Owed To),Custom field (Developer),Custom field (Document Number),Custom field (Driver Response),Custom field (ECD),Custom field (Epic Colour),Custom field (Epic Link),Custom field (Epic Name),Custom field (Epic Status),Custom field (Epic Workflow Status),Custom field (Flagged),Custom field (GitLab URL IP Address),Custom field (Hardware Reviewer KB Comment),Custom field (Hardware Reviewer Responded),Custom field (Hardware Reviewer Response),Custom field (Issue Use),Custom field (JQL Query),Custom field (Kickback Count),Custom field (Kickback Message),Custom field (Last Comment),Custom field (MR ID),Custom field (Milestone Entrance Criteria),Custom field (My Last Comment),Custom field (Network Reviewer),Custom field (Network Reviewer KB Comment),Custom field (Network Reviewer Responded),Custom field (Network Reviewer Response),Custom field (Original Need Date),Custom field (Original story points),Custom field (PTR ID),Custom field (Parent Link),Custom field (Peer Reviewer),Custom field (Peer Reviewer 2),Custom field (Peer Reviewer 3),Custom field (Peer Reviewer 3 Alloc (SP)),Custom field (Peer Reviewer 4),Custom field (Peer Reviewer 4 Alloc (SP)),Custom field (Peer Reviewer 5),Custom field (Project Engineer KB Comment),Custom field (Project Engineer Responded),Custom field (Project Engineer Response),Custom field (Project Lead KB Comment),Custom field (Project Lead Responded),Custom field (Project Lead Response),Custom field (Rank),Custom field (Reviewer 1 KB Comment),Custom field (Reviewer 1 Responded),Custom field (Reviewer 1 Response),Custom field (Reviewer 2 KB Comment),Custom field (Reviewer 2 Responded),Custom field (Reviewer 2 Response),Custom field (Reviewer 3 KB Comment),Custom field (Reviewer 3 Responded),Custom field (Reviewer 3 Response),Custom field (Reviewer 4 KB Comment),Custom field (Reviewer 4 Responded),Custom field (Reviewer 4 Response),Custom field (Reviewer 5 KB Comment),Custom field (Reviewer 5 Responded),Custom field (Reviewer 5 Response),Custom field (Risk),Custom field (Safety Reviewer KB Comment),Custom field (Safety Reviewer Responded),Custom field (Safety Reviewer Response),Custom field (Software Reviewer KB Comment),Custom field (Software Reviewer Responded),Custom field (Software Reviewer Response),Sprint,Custom field (Sr. Peer Reviewer),Custom field (Sr. Peer Reviewer KB Comment),Custom field (Sr. Peer Reviewer Response),Custom field (Sr. Reviewer Responded),Custom field (Story Points),Custom field (Systems Reviewer KB Comment),Custom field (Systems Reviewer Responded),Custom field (Systems Reviewer Response),Custom field (Target Progress),Custom field (Target end),Custom field (Target start),Custom field (Team),Custom field (Test Reviewer KB Comment),Custom field (Test Reviewer Responded),Custom field (Test Reviewer Response),Custom field (Test Setup),Custom field (Time Spent By User),Custom field (Time Spent Total (hrs)),Custom field (Total Time Estimated (hrs)),Custom field (UUT),Custom field (Visual Verifier Response),Custom field (co-Assignee),Custom field (co-Developer),Custom field (ΣBurnup (%)),Custom field (ΣDone SPs),Custom field (ΣIn Progress SPs),Custom field (ΣOrigEst (Hrs)),Custom field (ΣOriginal SPs),Custom field (ΣPercent Complete (%)),Custom field (ΣPercent Complete (%) (Hrs)),Custom field (ΣPlanned SPs),Custom field (ΣRemaining SPs),Custom field (ΣTime Estimate (Hrs)),Custom field (ΣTime Remaining (Hrs)),Custom field (ΣTime Spent (Hrs)),Comment,Comment,Comment,Comment
Implement Tray Manual Touch Controls,SSWGUI-516,110926,Story,To Do,SSWGUI,SSWGUI,software,kbassi,,,Medium,,,kbassi,kbassi,15/Sep/26 12:14 PM,15/Sep/26 12:14 PM,18/Sep/26 3:22 PM,,,,,,,,,,,,,,0,"As a ,

I want/need ,

so .

{*}+Description+{*}:
 *  

{+}*Acceptance Criteria*{+}:

GIVEN ,

WHEN ,

THEN .

{+}*UI/UX Notes*{+}:
 *  

{+}*Technical Notes*{+}:
 *  

{color:#de350b}STORY TEMPLATE ABOVE; DELETE IF CREATING AN EPIC{color}

{color:#de350b}EPIC TEMPLATE BELOW; DELETE IF CREATING A STORY{color}

{+}*Summary*{+}:

[Paragraph form]

{+}*Project Impact*{+}:
 * {*}What problem does this solve{*}:
 **  
 * {*}How does this fit into the larger project{*}:
 **  

{+}*Implementation Overview*{+}:
 * {*}High Level Overview{*}:
 **  
 * {*}Key Components/Docs/Specs{*}:
 **  

 ",,kbassi,,,,,,,,,0,,,,0,,,,,,,,,,,,,,,,,,,,,,,,,,,,,,,,,,,,,,,,,,,,,,,,,,,SSWGUI-7,,,To Do,,,,,,,,,,,,,No comments by current user.,,,,,,,,,,,,,,,,,,,,,,"1|i0aukk:",,,,,,,,,,,,,,,,,,,,,,,,,,,,,,,,,,,,,,,,,,,,,,,,0.0,0.0,,0.0,,,0.0,,,,,,,,
Implement Tray Auto Touch Controls,SSWGUI-515,110925,Story,To Do,SSWGUI,SSWGUI,software,kbassi,,,Medium,,,kbassi,kbassi,15/Sep/26 12:14 PM,15/Sep/26 12:14 PM,18/Sep/26 3:22 PM,,,,,,,,,,,,,,0,"As a ,

I want/need ,

so .

{*}+Description+{*}:
 *  

{+}*Acceptance Criteria*{+}:

GIVEN ,

WHEN ,

THEN .

{+}*UI/UX Notes*{+}:
 *  

{+}*Technical Notes*{+}:
 *  

{color:#de350b}STORY TEMPLATE ABOVE; DELETE IF CREATING AN EPIC{color}

{color:#de350b}EPIC TEMPLATE BELOW; DELETE IF CREATING A STORY{color}

{+}*Summary*{+}:

[Paragraph form]

{+}*Project Impact*{+}:
 * {*}What problem does this solve{*}:
 **  
 * {*}How does this fit into the larger project{*}:
 **  

{+}*Implementation Overview*{+}:
 * {*}High Level Overview{*}:
 **  
 * {*}Key Components/Docs/Specs{*}:
 **  

 ",,kbassi,,,,,,,,,0,,,,0,,,,,,,,,,,,,,,,,,,,,,,,,,,,,,,,,,,,,,,,,,,,,,,,,,,SSWGUI-7,,,To Do,,,,,,,,,,,,,No comments by current user.,,,,,,,,,,,,,,,,,,,,,,"1|i0aukc:",,,,,,,,,,,,,,,,,,,,,,,,,,,,,,,,,,,,,,,,,,,,,,,,0.0,0.0,,0.0,,,0.0,,,,,,,,
Implement Servo Touch Controls,SSWGUI-514,110924,Story,To Do,SSWGUI,SSWGUI,software,kbassi,,,Medium,,,kbassi,kbassi,15/Sep/26 12:12 PM,15/Sep/26 12:15 PM,18/Sep/26 3:22 PM,,,,,,,,,,,,,,0,"As a ,

I want/need ,

so .

{*}+Description+{*}:
 *  

{+}*Acceptance Criteria*{+}:

GIVEN ,

WHEN ,

THEN .

{+}*UI/UX Notes*{+}:
 *  

{+}*Technical Notes*{+}:
 *  

{color:#de350b}STORY TEMPLATE ABOVE; DELETE IF CREATING AN EPIC{color}

{color:#de350b}EPIC TEMPLATE BELOW; DELETE IF CREATING A STORY{color}

{+}*Summary*{+}:

[Paragraph form]

{+}*Project Impact*{+}:
 * {*}What problem does this solve{*}:
 **  
 * {*}How does this fit into the larger project{*}:
 **  

{+}*Implementation Overview*{+}:
 * {*}High Level Overview{*}:
 **  
 * {*}Key Components/Docs/Specs{*}:
 **  

 ",,kbassi,,,,,,,,,0,,,,0,,,,,,,,,,,,,,,,,,,,,,,,,,,,,,,,,,,,,,,,,,,,,,,,,,,SSWGUI-7,,,To Do,,,,,,,,,,,,,No comments by current user.,,,,,,,,,,,,,,,,,,,,,,"1|i0auk4:",,,,,,,,,,,,,,,,,,,,,,,,,,,,,,,,,,,,,,,,,,,,,,,,0.0,0.0,,0.0,,,0.0,,,,,,,,
Create updated Overrides Screen Mockup,SSWGUI-513,110923,Story,Selected For Development,SSWGUI,SSWGUI,software,kbassi,,,Medium,,csherida,kbassi,kbassi,15/Sep/26 12:10 PM,15/Sep/26 12:11 PM,18/Sep/26 3:22 PM,,,,PI 20,,,,,,Design Ahead,EST,TCS,,0,Align with HMI IPT touch screen Guidance for T10 Controls ,,kbassi,,,,,,,,,0,,,,0,,,,,,,,,,,,,,,,,,,,,,,,,,,,,,,,,,,,,,,,,,,,,,csherida,,,,,SSWGUI-102,,,To Do,,,,,,,,,,,,,No comments by current user.,,,,,,,,,,,,,,,,,,,,,,"1|i0aujw:",,,,,,,,,,,,,,,,,,,,,,,,,,,,,,,,,,,,,,,,,,,,,,,,0.0,0.0,,0.0,,,0.0,,,,,,,,
Create updated T10 Control Screen Mockup,SSWGUI-512,110922,Story,Selected For Development,SSWGUI,SSWGUI,software,kbassi,,,Medium,,csherida,kbassi,kbassi,15/Sep/26 12:09 PM,15/Sep/26 12:09 PM,18/Sep/26 3:22 PM,,,,PI 20,,,,,,EST,,,,0,Align with HMI IPT touch screen Guidance for T10 Controls ,,kbassi,,,,,,,,,0,,,,0,,,,,,,,,,,,,,,,,,,,,,,,,,,,,,,,,,,,,,"'- auto mode 
- servo mode 
- manual mode",,,,,,,,csherida,,,,,SSWGUI-7,,,To Do,,,,,,,,,,,,,No comments by current user.,,,,,,,,,,,,,,,,,,,,,,"1|i0aujo:",,,,,,,,,,,,,,,,,,,,,,,,,,,,,,,,,,,,,,,,,,,,,,,,0.0,0.0,,0.0,,,0.0,,,,,,,,
Create MAM GUI updated Mockup screen,SSWGUI-511,110915,Story,Selected For Development,SSWGUI,SSWGUI,software,kbassi,,,Medium,,csherida,kbassi,kbassi,15/Sep/26 11:24 AM,15/Sep/26 11:51 AM,18/Sep/26 3:22 PM,,,,PI 20,,,,,,Design Ahead,,,,0,"This task is dedicated to producing a 1:1 recreation of the images presented by GDMS during the an in person HMI IPT demo. 

The UI Design portion of this board is the key workflow to be followed. 

The tasks output will include updating the Jira plan",,kbassi,,,,,,,,,0,,,,0,,,,,,,,,,,,,,,,,,,,,,,,,,,,,,,,,,,,,,"'- One to one mapping to UI Design provided by GMDS. 
- Should be in a format that allows SW to go in and use.
- mockup created and given to SW
- one sw and one sys reviewer 
- presented to operators and feedback incorporated
- tasking backlog re-evaluated and updated",,,,,,,,,,,,,SSWGUI-507,,,In Progress,,,,,,,,,,,,,No comments by current user.,,,,,,,,,,,,,,,,,,,,,,"1|i0ariq:i",,,,,,,,,,,,,,,,,,,,,,,,,,,,,,,,,,,,,,,,,,,,,,,,0.0,0.0,,0.0,,,0.0,,,,,,,,
Create PMG updated Mockup Screen,SSWGUI-510,110914,Story,Selected For Development,SSWGUI,SSWGUI,software,kbassi,,,Medium,,csherida,kbassi,kbassi,15/Sep/26 11:24 AM,15/Sep/26 11:51 AM,18/Sep/26 3:22 PM,,,,PI 20,,,,,,Design Ahead,,,,0,"This task is dedicated to producing a 1:1 recreation of the images presented by GDMS during the an in person HMI IPT demo. 

The UI Design portion of this board is the key workflow to be followed. 

The tasks output will include updating the Jira plan",,kbassi,,,,,,,,,0,,,,0,,,,,,,,,,,,,,,,,,,,,,,,,,,,,,,,,,,,,,"'- One to one mapping to UI Design provided by GMDS. 
- Should be in a format that allows SW to go in and use.
- mockup created and given to SW
- one sw and one sys reviewer 
- presented to operators and feedback incorporated
- tasking backlog re-evaluated and updated",,,,,,,,,,,,,SSWGUI-507,,,In Progress,,,,,,,,,,,,,No comments by current user.,,,,,,,,,,,,,,,,,,,,,,"1|i0arip:",,,,,,,,,,,,,,,,,,,,,,,,,,,,,,,,,,,,,,,,,,,,,,,,0.0,0.0,,0.0,,,0.0,,,,,,,,
Create updated T10 Mock Up Screen,SSWGUI-509,110913,Story,UI Design,SSWGUI,SSWGUI,software,kbassi,,,Medium,,csherida,kbassi,kbassi,15/Sep/26 11:24 AM,15/Sep/26 11:56 AM,18/Sep/26 3:22 PM,,,,PI 20,,,,,,Design Ahead,,,,0,"This task is dedicated to producing a 1:1 recreation of the images presented by GDMS during the an in person HMI IPT demo. 

The UI Design portion of this board is the key workflow to be followed. 

The tasks output will include updating the Jira plan",,kbassi,,,,,,,,,0,,,,0,,,,,,,,,,,,,,,,,,,,,,,,,,,,,,,,,,,,,,"'- One to one mapping to UI Design provided by GMDS. 
- Should be in a format that allows SW to go in and use.
- mockup created and given to SW
- one sw and one sys reviewer 
- presented to operators and feedback incorporated
- tasking backlog re-evaluated and updated",,,,,,,,csherida,,,,,SSWGUI-507,,,In Progress,,,,,,,,,,,,,No comments by current user.,,,,,,,,,,,,,,,,,,,,,,"1|i0arim:",,,,,,,,,,,,,,,,,,,,,,,,,,,,,,,,,,,,,,,,,,,,,,,,0.0,0.0,,0.0,,,0.0,,,,,,,,
Create updated Tray Mockup Screen,SSWGUI-508,110912,Story,Selected For Development,SSWGUI,SSWGUI,software,kbassi,,,Medium,,csherida,kbassi,kbassi,15/Sep/26 11:24 AM,15/Sep/26 11:51 AM,18/Sep/26 3:22 PM,,,,PI 20,,,,,,Design Ahead,,,,0,"This task is dedicated to producing a 1:1 recreation of the images presented by GDMS during the an in person HMI IPT demo. 

The UI Design portion of this board is the key workflow to be followed. 

The tasks output will include updating the Jira plan",,kbassi,,,,,,,,,0,,,,0,,,,,,,,,,,,,,,,,,,,,,,,,,,,,,,,,,,,,,"'- One to one mapping to UI Design provided by GMDS. 
- Should be in a format that allows SW to go in and use.
- mockup created and given to SW
- one sw and one sys reviewer 
- presented to operators and feedback incorporated
- tasking backlog re-evaluated and updated",,,,,,,,,,,,,SSWGUI-507,,,In Progress,,,,,,,,,,,,,No comments by current user.,,,,,,,,,,,,,,,,,,,,,,"1|i0arir:i",,,,,,,,,,,,,,,,,,,,,,,,,,,,,,,,,,,,,,,,,,,,,,,,0.0,0.0,,0.0,,,0.0,,,,,,,,
Align Nominal Operation Mockups to UI Designs provided by GMDS,SSWGUI-507,110911,Epic,In Progress,SSWGUI,SSWGUI,software,kbassi,,,Medium,,csherida,kbassi,kbassi,15/Sep/26 11:24 AM,15/Sep/26 11:41 AM,18/Sep/26 3:22 PM,,,,PI 20,,,,,,Design Ahead,,,,0,"{+}*Summary*{+}:

As per one of the more recent in person HMI IPT meetings, Jon Jolly from GDMS presented images of EB-owned views that align more with the UMS views. One of our goals is to make the views in the system align with each other. As a part of this effort, we are going in and updating key operator views. 

{+}*Project Impact*{+}:
 * {*}What problem does this solve{*}:
 ** Helps EB align with the GDMS style guide and enables common look and feel
 * {*}How does this fit into the larger project{*}:
 ** These screens will be iterated upon when SW is ready to support the effort. 

{+}*Implementation Overview*{+}:
 * {*}High Level Overview{*}:
 ** Create one to one mockups of the views. 
 ** Ensure operators are on board with the layout on these screens. Make refinements as needed. 
 * {*}Key Components/Docs/Specs{*}:

Outputs:

This intentionally excludes SW development from the process. Allowing the UI Designer to design ahead at a faster pace without being blocked by SW development side of things. 

 ",,kbassi,,,,,,,,0,0,,0%,0,0,,,,,,,,,,,,,,,,,,,,,,,,,,,,,,,,,,,,,,,,,,,,,,,,,,ghx-label-2,,Align Nominal Operation Mockups to UI Designs provided by GMDS,In Progress,,,,,,,Sprint,,,,,,,No comments by current user.,,,,,,,,,,,,,,,,,,,,,,"1|i0arij:",,,,,,,,,,,,,,,,Medium,,,,,,,,,,,,,,,,16%,20/Dec/26 12:00 AM,31/Aug/26 12:00 AM,,,,,,,,,,,,,,0.0,0.0,,0.0,,,0.0,,0.0,0.0,0.0,,,,
Create initial In Tube GUI following the UMS System Visual Design,SSWGUI-506,110908,Story,UI Design,SSWGUI,SSWGUI,software,kbassi,,,Medium,,csherida,kbassi,kbassi,15/Sep/26 10:43 AM,18/Sep/26 8:31 AM,18/Sep/26 3:22 PM,,,,PI 20,,,,,,Design Ahead,,,,0,"This task is dedicated to producing a 1:1 recreation of the images presented by GDMS during the an in person HMI IPT demo. 

The UI Design portion of this board is the key workflow to be followed. 

The tasks output will include updating the Jira plan",,kbassi,,,,,,,,,0,,,,0,,,,,,,,,,,,,,,,,,,,,,,,,,,,,,,,,,,,,,"'- One to one mapping to UI Design provided by GMDS. 
- Should be in a format that allows SW to go in and use.
- mockup created and given to SW
- one sw and one sys reviewer 
- presented to operators and feedback incorporated
- tasking backlog re-evaluated and updated",,,,,,,,csherida,,,,,SSWGUI-507,,,In Progress,,,,,,,,,,,,,No comments by current user.,,,,,,,,,,,,,,,,,,,,,,"1|i0aucq:",,,,,,,,,,,,,,,,,,,,,,,,,,,,,,,,,,,,,,,,,,,,,,,,0.0,0.0,,0.0,,,0.0,,,,,,,,
Prototype 2D animations using Motion,SSWGUI-505,110869,Task,In Progress,SSWGUI,SSWGUI,software,kbassi,,,Medium,,pabram,pabram,pabram,14/Sep/26 3:03 PM,16/Sep/26 3:22 PM,18/Sep/26 3:22 PM,,,,PI 20,,,,,,Experimental,TCS,,,0,"* Install Motion library from npm
 * Create 5-7 animations (low fidelity), some examples are:
 ** Animate tube valves
 ** Animate water level
 ** Animate tray
 ** Animate hatch
 * Animate multiple objects (in sequential order or simultaneously)",,pabram,,,,,,,,,0,,,,0,,,,,,,,,,,,,,,,,,,,,,,,,SSWGUI-503,,,,,,,,,,,,,"Provide proof that Motion is the animation library we can use for our GUI apps.
Motion must be able to animate SVGs (scalable vector graphics).
",,,,,,,,,,,,,SSWGUI-502,,,To Do,,,,,,Sprint,,,,,,,No comments by current user.,,,,,,,,,,,,,,,,,,,,,,"1|i0auck:",,,,,,,,,,,,,,,,Medium,,,,,,,,,,,,,,,,,,,,,,,,,,,,,,,,0.0,0.0,,0.0,,,0.0,,,,,,,,
Initial Integrated In Tube GUI Design + implementation,SSWGUI-502,110584,Epic,To Do,SSWGUI,SSWGUI,software,kbassi,,,Medium,,kbassi,kbassi,kbassi,08/Sep/26 2:26 PM,15/Sep/26 11:38 AM,18/Sep/26 3:22 PM,,,,PI 20,,,,,,,,,,0,"{+}*Summary*{+}:

The HMI IPT has been going back and forth on if integrated screens make sense. A mockup has been produced for in tube GUi operations, 

{+}*Project Impact*{+}:
 * {*}What problem does this solve{*}:
 **  
 * {*}How does this fit into the larger project{*}:
 **  

{+}*Implementation Overview*{+}:
 * {*}High Level Overview{*}:
 **  
 * {*}Key Components/Docs/Specs{*}:
 **  

 ",,kbassi,,,,,,,,,0,,,,0,,,,,,,,,,,,,,,,,,,,,,,,,,,,,,,,,,,,,,,,,,,,,,,,,,ghx-label-4,,Initial Integrated In Tube GUI Design + implementation,To Do,,,,,,,Sprint,,,,,,,No comments by current user.,,,,,,,,,,,,,,,,,,,,,,"1|i0ass4:",,,,,,,,,,,,,,,,Medium,,,,,,,,,,,,,,,,,,08/Sep/26 12:00 AM,,,,,,,,,,,,,,0.0,0.0,,0.0,,,0.0,,0.0,0.0,0.0,,,,
Documentation of the final ,SSWGUI-501,110438,Task,To Do,SSWGUI,SSWGUI,software,kbassi,,,Medium,,amessier,kbassi,kbassi,03/Sep/26 10:27 AM,10/Sep/26 5:06 PM,18/Sep/26 3:22 PM,,,,PI 20,,,,,,,,,,0,This essential is a GUI Goons train arc page that will be used to give guidance on how to put this all together per new story.,,kbassi,,,,,,,,,0,,,,0,,,,,,,,,,,,,,,,,,,,,,,,,,,,,,,,,,,,,,,,,,,,,,,,,,,SSWGUI-488,,,To Do,,,,,,Sprint,,,,,,,No comments by current user.,,,,,,,,,,,,,,,,,,,,,,"1|i0arx0:",,,,,,,,,,,,,,,,Medium,,,,,,,,,,,,,,,,0%,23/Oct/26 12:00 AM,14/Oct/26 12:00 AM,,,,,,,,,,,,,,0.0,0.0,,0.0,,,0.0,,,,,,,,
SSWGUI Confluence Space SDD vision documentation,SSWGUI-500,110437,Task,To Do,SSWGUI,SSWGUI,software,kbassi,,,Medium,,amessier,kbassi,kbassi,03/Sep/26 10:25 AM,10/Sep/26 5:07 PM,18/Sep/26 3:22 PM,,,,PI 19,,,,,,,,,,0,"# What is included
 # What is excluded and how are we retaining that information for devs?
 # How are we going to export things automatically per release
 # Why are we doing this
 # How to include non visual stuff 
 # Front end components organized separately from HLD

Refernece the SDD proposal from SSWSW space.",,kbassi,,,,,,,,,0,,,,0,,,,,,,,,,,,,,,,,,,,,,,,,,,,,,,,,,,,,,,,,,,,,,,,,,,SSWGUI-488,,,To Do,,,,,,Sprint,,,,,,,No comments by current user.,,,,,,,,,,,,,,,,,,,,,,"1|i0arws:",,,,,,,,,,,,,,,,Medium,,,,,,,,,,,,,,,,100%,18/Sep/26 12:00 AM,09/Sep/26 12:00 AM,,,,,,,,,,,,,,0.0,0.0,,0.0,,,0.0,,,,,,,,
SDD Automation ESTAP,SSWGUI-499,110436,Task,To Do,SSWGUI,SSWGUI,software,kbassi,,,Medium,,amessier,kbassi,kbassi,03/Sep/26 10:22 AM,10/Sep/26 5:06 PM,18/Sep/26 3:22 PM,,,,PI 20,,,,,,,,,,0,build tooling to generate SDD docs automatically,,kbassi,,,,,,,,,0,,,,0,,,,,,,,,,,,,,,,,,,,,,,,,,,,,,,,,,,,,,'- Storybook mdx runs statically with conditional rendering,,,,,,,,,,,,,SSWGUI-488,,,To Do,,,,,,Sprint,,,,,,,No comments by current user.,,,,,,,,,,,,,,,,,,,,,,"1|i0arwk:",,,,,,,,,,,,,,,,Medium,,,,,,,,,,,,,,,,0%,06/Oct/26 12:00 AM,27/Sep/26 12:00 AM,,,,,,,,,,,,,,0.0,0.0,,0.0,,,0.0,,,,,,,,
SDD Automation CCL,SSWGUI-498,110418,Task,To Do,SSWGUI,SSWGUI,software,kbassi,,,Medium,,amessier,amessier,amessier,03/Sep/26 9:03 AM,10/Sep/26 5:06 PM,18/Sep/26 3:22 PM,,,,PI 20,,,,,,Common,,,,0,build tooling to generate SDD docs automatically,,amessier,,,,,,,,,0,,,,0,,,,,,,,,,,,,,,,,,,,,,,,,,,,,,,,,,,,,,'- Storybook mdx runs statically with conditional rendering,,,,,,,,,,,,,SSWGUI-488,,,To Do,,,,,,Sprint,,,,,,,No comments by current user.,,,,,,,,,,,,,,,,,,,,,,"1|i0aruk:",,,,,,,,,,,,,,,,Medium,,,,,,,,,,,,,,,,0%,10/Oct/26 12:00 AM,06/Oct/26 12:00 AM,,,,,,,,,,,,,,0.0,0.0,,0.0,,,0.0,,,,,,,,
SDD Automation TCAP,SSWGUI-497,110417,Task,To Do,SSWGUI,SSWGUI,software,kbassi,,,Medium,,amessier,amessier,amessier,03/Sep/26 9:02 AM,10/Sep/26 5:06 PM,18/Sep/26 3:22 PM,,,,PI 20,,,,,,TCS,,,,0,build tooling to generate SDD docs automatically,,amessier,,,,,,,,,0,,,,0,,,,,,,,,,,,,,,,,,,,,,,,,,,,,,,,,,,,,,'- Storybook mdx runs statically with conditional rendering,,,,,,,,,,,,,SSWGUI-488,,,To Do,,,,,,Sprint,,,,,,,No comments by current user.,,,,,,,,,,,,,,,,,,,,,,"1|i0aruc:",,,,,,,,,,,,,,,,Medium,,,,,,,,,,,,,,,,0%,14/Oct/26 12:00 AM,10/Oct/26 12:00 AM,,,,,,,,,,,,,,0.0,0.0,,0.0,,,0.0,,,,,,,,
Prototype filtering out stories ,SSWGUI-496,110410,Task,To Do,SSWGUI,SSWGUI,software,kbassi,,,Medium,,amessier,amessier,amessier,03/Sep/26 8:57 AM,10/Sep/26 5:06 PM,18/Sep/26 3:22 PM,,,,PI 20,,,,,,,,,,0,How to make storybook exclude certain content for certain builds,,amessier,,,,,,,,,0,,,,0,,,,,,,,,,,,,,,,,,,,,,,,,,,,,,,,,,,,,,'- Storybook mdx runs with conditional rendering,,,,,,,,,,,,,SSWGUI-488,,,To Do,,,,,,Sprint,,,,,,,No comments by current user.,,,,,,,,,,,,,,,,,,,,,,"1|i0aru4:",,,,,,,,,,,,,,,,Medium,,,,,,,,,,,,,,,,7%,27/Sep/26 12:00 AM,18/Sep/26 12:00 AM,,,,,,,,,,,,,,0.0,0.0,,0.0,,,0.0,,,,,,,,
Create HEDAD-O for ECB page(s),SSWGUI-495,110392,Task,Selected For Development,SSWGUI,SSWGUI,software,kbassi,,,Low,,csherida,kbassi,kbassi,02/Sep/26 11:33 AM,15/Sep/26 10:35 AM,18/Sep/26 3:22 PM,,,,PI 19,,,,,,Common,EST,TCS,,0,"Populate the HEDAD-O. 

Get concurence on level of detail from SYS and SW. 

See if they cooked up a way to have common elements documented (that are not things in the MES style Guide).",,kbassi,,,,,,,,,0,,,,0,,,,,,,,,,,,,,,,,,,,,,,,,,,,,,,,,,,,,,,,,,,,,,csherida,,,,,SSWGUI-5,,,In Progress,,,,,,Sprint,,,,,,,No comments by current user.,,,,,,,,,,,,,,,,,,,,,,"1|i0arro:",,,,,,,,,,,,,,,,Medium,,,,,,,,,,,,,,,,,,,,,,,,,,,,,,,,0.0,0.0,,0.0,,,0.0,,,,,,,,
delete,SSWGUI-490,110359,Story,Cancelled,SSWGUI,SSWGUI,software,kbassi,,,Medium,Won't Do,,amessier,amessier,02/Sep/26 8:20 AM,03/Sep/26 10:20 AM,18/Sep/26 3:22 PM,03/Sep/26 10:20 AM,,,,,,,,,,,,,0,,,amessier,,,,,,,,0,0,,0%,0,0,,,,,,,,,,,,,,,,,,,,,,,,,,,,,,,,,,,,,,,,,,,,,,,,,,,,,,,,,,,,,,,,,,,No comments by current user.,,,,,,,,,,,,,,,,,,,,,,"1|i0arl8:",,,,,,,,,,,,,,,,,,,,,,,,,,,,0.0,,,,,,,,,,,,,,,,,,,,0.0,0.0,,0.0,,,0.0,,,,,,,,
delete,SSWGUI-489,110356,Story,Cancelled,SSWGUI,SSWGUI,software,kbassi,,,Medium,Won't Do,,amessier,amessier,02/Sep/26 8:18 AM,03/Sep/26 10:20 AM,18/Sep/26 3:22 PM,03/Sep/26 10:20 AM,,,,,,,,,,,,,0,,,amessier,,,,,,,,0,0,,0%,0,0,,,,,,,,,,,,,,,,,,,,,,,,,,,,,,,,,,,,,,,,,,,,,,,,,,,,,,,,,,,,,,,,,,,No comments by current user.,,,,,,,,,,,,,,,,,,,,,,"1|i0arkk:",,,,,,,,,,,,,,,,,,,,,,,,,,,,0.0,,,,,,,,,,,,,,,,,,,,0.0,0.0,,0.0,,,0.0,,,,,,,,
Create Initial Version of GUI SDD,SSWGUI-488,110346,Epic,To Do,SSWGUI,SSWGUI,software,kbassi,,,Medium,,amessier,amessier,amessier,02/Sep/26 8:12 AM,10/Sep/26 5:47 PM,18/Sep/26 3:22 PM,,,,ESTAP GUI SDD,PI 20,TCAP GUI SDD,,,,Common,EST,TCS,,0,"*Two-part effort*:
1. Discovery - figure out what's actually needed in SDD documentation
2. Automation - build tooling to generate SDD docs automatically

*current documentation flow*:
*SRS -> drives design/implementation of code -> SDD

*The problem*: 
SDDs are subject to the PTR/CCB process for any change. That creates a mismatch; code evolves constantly, but SDD changes carry process overhead. The fix os to make the SDD generic enough that routine code changes don't force PTR/CCB. It should stay a high-level document that gves the customer enough understanding without gating day-to-day development. 

*Steps*:
* How to make storybook exclude certain content for certian builds
* How to run storybook statically
* Add stories for non visual components 
* GUI architecture with external interfaces",,amessier,,,,,,,,,0,,,,0,,,,,,,,,,,,,,,,,,,,,,,,,,,,,,,,,,,,,,,,,,,,,,,,,,ghx-label-5,,Create Initial Version of GUI SDD,To Do,,,,,,,Sprint,,,,,,,No comments by current user.,,,,,,,,,,,,,,,,,,,,,,"1|i0aric:",,,,,,,,,,,,,,,,Medium,,,,,,,,,,,,,,,,,,,,,,,,,,,,,,,,0.0,0.0,,0.0,,,0.0,,0.0,0.0,0.0,,,,
Support T10 Bottom Hatch FST,SSWGUI-419,109981,Epic,To Do,SSWGUI,SSWGUI,software,kbassi,,,Medium,,,kbassi,kbassi,26/Aug/26 2:43 PM,26/Aug/26 2:43 PM,18/Sep/26 3:22 PM,,,,,,,,,,,,,,0,"As a ,

I want/need ,

so .

{*}+Description+{*}:
 *  

{+}*Acceptance Criteria*{+}:

GIVEN ,

WHEN ,

THEN .

{+}*UI/UX Notes*{+}:
 *  

{+}*Technical Notes*{+}:
 *  

{color:#de350b}STORY TEMPLATE ABOVE; DELETE IF CREATING AN EPIC{color}

{color:#de350b}EPIC TEMPLATE BELOW; DELETE IF CREATING A STORY{color}

{+}*Summary*{+}:

[Paragraph form]

{+}*Project Impact*{+}:
 * {*}What problem does this solve{*}:
 **  
 * {*}How does this fit into the larger project{*}:
 **  

{+}*Implementation Overview*{+}:
 * {*}High Level Overview{*}:
 **  
 * {*}Key Components/Docs/Specs{*}:
 **  

 ",,kbassi,,,,,,,,,0,,,,0,,,,,,,,,,,,,,,,,,,,,,,,,,,,,,,,,,,,,,,,,,,,,,,,,,ghx-label-13,,Support T10 Bottom Hatch FST,To Do,,,,,,,Sprint,,,,,,,No comments by current user.,,,,,,,,,,,,,,,,,,,,,,"1|i07xbl:r8o",,,,,,,,,,,,,,,,Medium,,,,,,,,,,,,,,,,,,,,,,,,,,,,,,,,0.0,0.0,,0.0,,,0.0,,0.0,0.0,0.0,,,,
Support T10 Tray FST,SSWGUI-418,109980,Epic,To Do,SSWGUI,SSWGUI,software,kbassi,,,Medium,,,kbassi,kbassi,26/Aug/26 2:43 PM,26/Aug/26 2:43 PM,18/Sep/26 3:22 PM,,,,,,,,,,,,,,0,"As a ,

I want/need ,

so .

{*}+Description+{*}:
 *  

{+}*Acceptance Criteria*{+}:

GIVEN ,

WHEN ,

THEN .

{+}*UI/UX Notes*{+}:
 *  

{+}*Technical Notes*{+}:
 *  

{color:#de350b}STORY TEMPLATE ABOVE; DELETE IF CREATING AN EPIC{color}

{color:#de350b}EPIC TEMPLATE BELOW; DELETE IF CREATING A STORY{color}

{+}*Summary*{+}:

[Paragraph form]

{+}*Project Impact*{+}:
 * {*}What problem does this solve{*}:
 **  
 * {*}How does this fit into the larger project{*}:
 **  

{+}*Implementation Overview*{+}:
 * {*}High Level Overview{*}:
 **  
 * {*}Key Components/Docs/Specs{*}:
 **  

 ",,kbassi,,,,,,,,,0,,,,0,,,,,,,,,,,,,,,,,,,,,,,,,,,,,,,,,,,,,,,,,,,,,,,,,,ghx-label-10,,Support T10 Tray FST,To Do,,,,,,,Sprint,,,,,,,No comments by current user.,,,,,,,,,,,,,,,,,,,,,,"1|i07xbl:r8u",,,,,,,,,,,,,,,,Medium,,,,,,,,,,,,,,,,,,,,,,,,,,,,,,,,0.0,0.0,,0.0,,,0.0,,0.0,0.0,0.0,,,,
Support RTR FQT,SSWGUI-417,109979,Epic,To Do,SSWGUI,SSWGUI,software,kbassi,,,Medium,,,kbassi,kbassi,26/Aug/26 2:43 PM,26/Aug/26 2:43 PM,18/Sep/26 3:22 PM,,,,,,,,,,,,,,0,"As a ,

I want/need ,

so .

{*}+Description+{*}:
 *  

{+}*Acceptance Criteria*{+}:

GIVEN ,

WHEN ,

THEN .

{+}*UI/UX Notes*{+}:
 *  

{+}*Technical Notes*{+}:
 *  

{color:#de350b}STORY TEMPLATE ABOVE; DELETE IF CREATING AN EPIC{color}

{color:#de350b}EPIC TEMPLATE BELOW; DELETE IF CREATING A STORY{color}

{+}*Summary*{+}:

[Paragraph form]

{+}*Project Impact*{+}:
 * {*}What problem does this solve{*}:
 **  
 * {*}How does this fit into the larger project{*}:
 **  

{+}*Implementation Overview*{+}:
 * {*}High Level Overview{*}:
 **  
 * {*}Key Components/Docs/Specs{*}:
 **  

 ",,kbassi,,,,,,,,,0,,,,0,,,,,,,,,,,,,,,,,,,,,,,,,,,,,,,,,,,,,,,,,,,,,,,,,,ghx-label-7,,Support RTR FQT,To Do,,,,,,,Sprint,,,,,,,No comments by current user.,,,,,,,,,,,,,,,,,,,,,,"1|i07xbl:r8x",,,,,,,,,,,,,,,,Medium,,,,,,,,,,,,,,,,,,,,,,,,,,,,,,,,0.0,0.0,,0.0,,,0.0,,0.0,0.0,0.0,,,,
Support SQT,SSWGUI-416,109978,Epic,To Do,SSWGUI,SSWGUI,software,kbassi,,,Medium,,,kbassi,kbassi,26/Aug/26 2:43 PM,26/Aug/26 2:43 PM,18/Sep/26 3:22 PM,,,,,,,,,,,,,,0,"As a ,

I want/need ,

so .

{*}+Description+{*}:
 *  

{+}*Acceptance Criteria*{+}:

GIVEN ,

WHEN ,

THEN .

{+}*UI/UX Notes*{+}:
 *  

{+}*Technical Notes*{+}:
 *  

{color:#de350b}STORY TEMPLATE ABOVE; DELETE IF CREATING AN EPIC{color}

{color:#de350b}EPIC TEMPLATE BELOW; DELETE IF CREATING A STORY{color}

{+}*Summary*{+}:

[Paragraph form]

{+}*Project Impact*{+}:
 * {*}What problem does this solve{*}:
 **  
 * {*}How does this fit into the larger project{*}:
 **  

{+}*Implementation Overview*{+}:
 * {*}High Level Overview{*}:
 **  
 * {*}Key Components/Docs/Specs{*}:
 **  

 ",,kbassi,,,,,,,,,0,,,,0,,,,,,,,,,,,,,,,,,,,,,,,,,,,,,,,,,,,,,,,,,,,,,,,,,ghx-label-4,,Support SQT,To Do,,,,,,,Sprint,,,,,,,No comments by current user.,,,,,,,,,,,,,,,,,,,,,,"1|i07xbl:r8yi",,,,,,,,,,,,,,,,Medium,,,,,,,,,,,,,,,,,,,,,,,,,,,,,,,,0.0,0.0,,0.0,,,0.0,,0.0,0.0,0.0,,,,
Support ITF,SSWGUI-415,109977,Epic,To Do,SSWGUI,SSWGUI,software,kbassi,,,Medium,,,kbassi,kbassi,26/Aug/26 2:43 PM,26/Aug/26 2:43 PM,18/Sep/26 3:22 PM,,,,,,,,,,,,,,0,"As a ,

I want/need ,

so .

{*}+Description+{*}:
 *  

{+}*Acceptance Criteria*{+}:

GIVEN ,

WHEN ,

THEN .

{+}*UI/UX Notes*{+}:
 *  

{+}*Technical Notes*{+}:
 *  

{color:#de350b}STORY TEMPLATE ABOVE; DELETE IF CREATING AN EPIC{color}

{color:#de350b}EPIC TEMPLATE BELOW; DELETE IF CREATING A STORY{color}

{+}*Summary*{+}:

[Paragraph form]

{+}*Project Impact*{+}:
 * {*}What problem does this solve{*}:
 **  
 * {*}How does this fit into the larger project{*}:
 **  

{+}*Implementation Overview*{+}:
 * {*}High Level Overview{*}:
 **  
 * {*}Key Components/Docs/Specs{*}:
 **  

 ",,kbassi,,,,,,,,,0,,,,0,,,,,,,,,,,,,,,,,,,,,,,,,,,,,,,,,,,,,,,,,,,,,,,,,,ghx-label-1,,Support ITF,To Do,,,,,,,Sprint,,,,,,,No comments by current user.,,,,,,,,,,,,,,,,,,,,,,"1|i07xbl:r8zc",,,,,,,,,,,,,,,,Medium,,,,,,,,,,,,,,,,,,,,,,,,,,,,,,,,0.0,0.0,,0.0,,,0.0,,0.0,0.0,0.0,,,,
Support Dockside testing ,SSWGUI-414,109976,Epic,To Do,SSWGUI,SSWGUI,software,kbassi,,,Medium,,,kbassi,kbassi,26/Aug/26 2:43 PM,26/Aug/26 2:43 PM,18/Sep/26 3:22 PM,,,,,,,,,,,,,,0,"As a ,

I want/need ,

so .

{*}+Description+{*}:
 *  

{+}*Acceptance Criteria*{+}:

GIVEN ,

WHEN ,

THEN .

{+}*UI/UX Notes*{+}:
 *  

{+}*Technical Notes*{+}:
 *  

{color:#de350b}STORY TEMPLATE ABOVE; DELETE IF CREATING AN EPIC{color}

{color:#de350b}EPIC TEMPLATE BELOW; DELETE IF CREATING A STORY{color}

{+}*Summary*{+}:

[Paragraph form]

{+}*Project Impact*{+}:
 * {*}What problem does this solve{*}:
 **  
 * {*}How does this fit into the larger project{*}:
 **  

{+}*Implementation Overview*{+}:
 * {*}High Level Overview{*}:
 **  
 * {*}Key Components/Docs/Specs{*}:
 **  

 ",,kbassi,,,,,,,,,0,,,,0,,,,,,,,,,,,,,,,,,,,,,,,,,,,,,,,,,,,,,,,,,,,,,,,,,ghx-label-12,,Support Dockside testing ,To Do,,,,,,,Sprint,,,,,,,No comments by current user.,,,,,,,,,,,,,,,,,,,,,,"1|i07xbl:r8zo",,,,,,,,,,,,,,,,Medium,,,,,,,,,,,,,,,,,,,,,,,,,,,,,,,,0.0,0.0,,0.0,,,0.0,,0.0,0.0,0.0,,,,
Lab Configs Updates A,SSWGUI-413,109975,Epic,To Do,SSWGUI,SSWGUI,software,kbassi,,,Medium,,,kbassi,kbassi,26/Aug/26 2:43 PM,26/Aug/26 2:43 PM,18/Sep/26 3:22 PM,,,,,,,,,,,,,,0,"As a ,

I want/need ,

so .

{*}+Description+{*}:
 *  

{+}*Acceptance Criteria*{+}:

GIVEN ,

WHEN ,

THEN .

{+}*UI/UX Notes*{+}:
 *  

{+}*Technical Notes*{+}:
 *  

{color:#de350b}STORY TEMPLATE ABOVE; DELETE IF CREATING AN EPIC{color}

{color:#de350b}EPIC TEMPLATE BELOW; DELETE IF CREATING A STORY{color}

{+}*Summary*{+}:

[Paragraph form]

{+}*Project Impact*{+}:
 * {*}What problem does this solve{*}:
 **  
 * {*}How does this fit into the larger project{*}:
 **  

{+}*Implementation Overview*{+}:
 * {*}High Level Overview{*}:
 **  
 * {*}Key Components/Docs/Specs{*}:
 **  

 ",,kbassi,,,,,,,,,0,,,,0,,,,,,,,,,,,,,,,,,,,,,,,,,,,,,,,,,,,,,,,,,,,,,,,,,ghx-label-9,,Lab Configs Updates A,To Do,,,,,,,Sprint,,,,,,,No comments by current user.,,,,,,,,,,,,,,,,,,,,,,"1|i07xbl:r8zu",,,,,,,,,,,,,,,,Medium,,,,,,,,,,,,,,,,,,,,,,,,,,,,,,,,0.0,0.0,,0.0,,,0.0,,0.0,0.0,0.0,,,,
Lab Config Updates B ,SSWGUI-412,109974,Epic,To Do,SSWGUI,SSWGUI,software,kbassi,,,Medium,,,kbassi,kbassi,26/Aug/26 2:43 PM,26/Aug/26 2:43 PM,18/Sep/26 3:22 PM,,,,,,,,,,,,,,0,"As a ,

I want/need ,

so .

{*}+Description+{*}:
 *  

{+}*Acceptance Criteria*{+}:

GIVEN ,

WHEN ,

THEN .

{+}*UI/UX Notes*{+}:
 *  

{+}*Technical Notes*{+}:
 *  

{color:#de350b}STORY TEMPLATE ABOVE; DELETE IF CREATING AN EPIC{color}

{color:#de350b}EPIC TEMPLATE BELOW; DELETE IF CREATING A STORY{color}

{+}*Summary*{+}:

[Paragraph form]

{+}*Project Impact*{+}:
 * {*}What problem does this solve{*}:
 **  
 * {*}How does this fit into the larger project{*}:
 **  

{+}*Implementation Overview*{+}:
 * {*}High Level Overview{*}:
 **  
 * {*}Key Components/Docs/Specs{*}:
 **  

 ",,kbassi,,,,,,,,,0,,,,0,,,,,,,,,,,,,,,,,,,,,,,,,,,,,,,,,,,,,,,,,,,,,,,,,,ghx-label-6,,Lab Config Updates B ,To Do,,,,,,,Sprint,,,,,,,No comments by current user.,,,,,,,,,,,,,,,,,,,,,,"1|i07xbl:r8zx",,,,,,,,,,,,,,,,Medium,,,,,,,,,,,,,,,,,,,,,,,,,,,,,,,,0.0,0.0,,0.0,,,0.0,,0.0,0.0,0.0,,,,
Lab Config Updates C,SSWGUI-411,109973,Epic,To Do,SSWGUI,SSWGUI,software,kbassi,,,Medium,,,kbassi,kbassi,26/Aug/26 2:43 PM,26/Aug/26 2:43 PM,18/Sep/26 3:22 PM,,,,,,,,,,,,,,0,"As a ,

I want/need ,

so .

{*}+Description+{*}:
 *  

{+}*Acceptance Criteria*{+}:

GIVEN ,

WHEN ,

THEN .

{+}*UI/UX Notes*{+}:
 *  

{+}*Technical Notes*{+}:
 *  

{color:#de350b}STORY TEMPLATE ABOVE; DELETE IF CREATING AN EPIC{color}

{color:#de350b}EPIC TEMPLATE BELOW; DELETE IF CREATING A STORY{color}

{+}*Summary*{+}:

[Paragraph form]

{+}*Project Impact*{+}:
 * {*}What problem does this solve{*}:
 **  
 * {*}How does this fit into the larger project{*}:
 **  

{+}*Implementation Overview*{+}:
 * {*}High Level Overview{*}:
 **  
 * {*}Key Components/Docs/Specs{*}:
 **  

 ",,kbassi,,,,,,,,,0,,,,0,,,,,,,,,,,,,,,,,,,,,,,,,,,,,,,,,,,,,,,,,,,,,,,,,,ghx-label-3,,Lab Config Updates C,To Do,,,,,,,Sprint,,,,,,,No comments by current user.,,,,,,,,,,,,,,,,,,,,,,"1|i07xbl:r8zyi",,,,,,,,,,,,,,,,Medium,,,,,,,,,,,,,,,,,,,,,,,,,,,,,,,,0.0,0.0,,0.0,,,0.0,,0.0,0.0,0.0,,,,
Lab Config Updates D,SSWGUI-410,109972,Epic,To Do,SSWGUI,SSWGUI,software,kbassi,,,Medium,,,kbassi,kbassi,26/Aug/26 2:43 PM,26/Aug/26 2:43 PM,18/Sep/26 3:22 PM,,,,,,,,,,,,,,0,"As a ,

I want/need ,

so .

{*}+Description+{*}:
 *  

{+}*Acceptance Criteria*{+}:

GIVEN ,

WHEN ,

THEN .

{+}*UI/UX Notes*{+}:
 *  

{+}*Technical Notes*{+}:
 *  

{color:#de350b}STORY TEMPLATE ABOVE; DELETE IF CREATING AN EPIC{color}

{color:#de350b}EPIC TEMPLATE BELOW; DELETE IF CREATING A STORY{color}

{+}*Summary*{+}:

[Paragraph form]

{+}*Project Impact*{+}:
 * {*}What problem does this solve{*}:
 **  
 * {*}How does this fit into the larger project{*}:
 **  

{+}*Implementation Overview*{+}:
 * {*}High Level Overview{*}:
 **  
 * {*}Key Components/Docs/Specs{*}:
 **  

 ",,kbassi,,,,,,,,,0,,,,0,,,,,,,,,,,,,,,,,,,,,,,,,,,,,,,,,,,,,,,,,,,,,,,,,,ghx-label-14,,Lab Config Updates D,To Do,,,,,,,Sprint,,,,,,,No comments by current user.,,,,,,,,,,,,,,,,,,,,,,"1|i07xbl:r8zzc",,,,,,,,,,,,,,,,Medium,,,,,,,,,,,,,,,,,,,,,,,,,,,,,,,,0.0,0.0,,0.0,,,0.0,,0.0,0.0,0.0,,,,
Lab Config Updates E,SSWGUI-409,109971,Epic,To Do,SSWGUI,SSWGUI,software,kbassi,,,Medium,,,kbassi,kbassi,26/Aug/26 2:43 PM,26/Aug/26 2:43 PM,18/Sep/26 3:22 PM,,,,,,,,,,,,,,0,"As a ,

I want/need ,

so .

{*}+Description+{*}:
 *  

{+}*Acceptance Criteria*{+}:

GIVEN ,

WHEN ,

THEN .

{+}*UI/UX Notes*{+}:
 *  

{+}*Technical Notes*{+}:
 *  

{color:#de350b}STORY TEMPLATE ABOVE; DELETE IF CREATING AN EPIC{color}

{color:#de350b}EPIC TEMPLATE BELOW; DELETE IF CREATING A STORY{color}

{+}*Summary*{+}:

[Paragraph form]

{+}*Project Impact*{+}:
 * {*}What problem does this solve{*}:
 **  
 * {*}How does this fit into the larger project{*}:
 **  

{+}*Implementation Overview*{+}:
 * {*}High Level Overview{*}:
 **  
 * {*}Key Components/Docs/Specs{*}:
 **  

 ",,kbassi,,,,,,,,,0,,,,0,,,,,,,,,,,,,,,,,,,,,,,,,,,,,,,,,,,,,,,,,,,,,,,,,,ghx-label-11,,Lab Config Updates E,To Do,,,,,,,Sprint,,,,,,,No comments by current user.,,,,,,,,,,,,,,,,,,,,,,"1|i07xbl:r8zzr",,,,,,,,,,,,,,,,Medium,,,,,,,,,,,,,,,,,,,,,,,,,,,,,,,,0.0,0.0,,0.0,,,0.0,,0.0,0.0,0.0,,,,
T10 Validate Base Layout of Animation Area,SSWGUI-408,109968,Story,To Do,SSWGUI,SSWGUI,software,kbassi,,,Medium,,csherida,schatter,schatter,26/Aug/26 2:17 PM,15/Sep/26 10:00 AM,18/Sep/26 3:22 PM,,FST,PI 20,FST,PI 22,TCAP GUI 1.0.0-rc,,,,TCS,,,,0,"As a ,

I want/need ,

so .

{*}+Description+{*}:
 *  

{+}*Acceptance Criteria*{+}:

GIVEN ,

WHEN ,

THEN .

{+}*UI/UX Notes*{+}:
 *  

{+}*Technical Notes*{+}:
 *  

{color:#de350b}STORY TEMPLATE ABOVE; DELETE IF CREATING AN EPIC{color}

{color:#de350b}EPIC TEMPLATE BELOW; DELETE IF CREATING A STORY{color}

{+}*Summary*{+}:

[Paragraph form]

{+}*Project Impact*{+}:
 * {*}What problem does this solve{*}:
 **  
 * {*}How does this fit into the larger project{*}:
 **  

{+}*Implementation Overview*{+}:
 * {*}High Level Overview{*}:
 **  
 * {*}Key Components/Docs/Specs{*}:
 **  

 ",,schatter,,,,,,,,,0,,,,0,,,,,,,,,,,SSWGUI-149,,,,,,,,,,,,,,,,,,,,,,,,,,,,,,,,,,,,,,,,SSWGUI-93,,,In Progress,,,,,,,,,,,,,No comments by current user.,,,,,,,,,,,,,,,,,,,,,,"1|i09ajs:59u",,,,,,,,,,,,,,,,,,,,,,,,,,,,,,,,0%,28/Jun/27 12:00 AM,30/Mar/27 12:00 AM,,,,,,,,,,,,,,0.0,0.0,,0.0,,,0.0,,,,,,,,
T10 Implement Wetted Electrode Indication,SSWGUI-407,109967,Story,To Do,SSWGUI,SSWGUI,software,kbassi,,,Medium,,csherida,schatter,schatter,26/Aug/26 2:17 PM,15/Sep/26 10:00 AM,18/Sep/26 3:22 PM,,FST,PI 20,FST,PI 21,TCAP GUI 1.0.0-rc,,,,TCS,,,,0,"As a ,

I want/need ,

so .

{*}+Description+{*}:
 *  

{+}*Acceptance Criteria*{+}:

GIVEN ,

WHEN ,

THEN .

{+}*UI/UX Notes*{+}:
 *  

{+}*Technical Notes*{+}:
 *  

{color:#de350b}STORY TEMPLATE ABOVE; DELETE IF CREATING AN EPIC{color}

{color:#de350b}EPIC TEMPLATE BELOW; DELETE IF CREATING A STORY{color}

{+}*Summary*{+}:

[Paragraph form]

{+}*Project Impact*{+}:
 * {*}What problem does this solve{*}:
 **  
 * {*}How does this fit into the larger project{*}:
 **  

{+}*Implementation Overview*{+}:
 * {*}High Level Overview{*}:
 **  
 * {*}Key Components/Docs/Specs{*}:
 **  

 ",,schatter,,,,,,,,,0,,,,0,,,,,,,,,,,SSWGUI-149,,,,,,,,,,,,,,,,,,,,,,,,,,,,,,,,,,,,,,,,SSWGUI-93,,,In Progress,,,,,,,,,,,,,No comments by current user.,,,,,,,,,,,,,,,,,,,,,,"1|i09ajs:5a2",,,,,,,,,,,,,,,,,,,,,,,,,,,,,,,,0%,20/Mar/27 12:00 AM,05/Dec/26 12:00 AM,,,,,,,,,,,,,,0.0,0.0,,0.0,,,0.0,,,,,,,,
T10 Implement Bottom Hatch Animation,SSWGUI-406,109966,Story,To Do,SSWGUI,SSWGUI,software,kbassi,,,Medium,,csherida,schatter,schatter,26/Aug/26 2:17 PM,15/Sep/26 12:02 PM,18/Sep/26 3:22 PM,,FST,PI 20,FST,TCAP GUI 1.0.0-rc,,,,,TCS,,,,0,"As a ,

I want/need ,

so .

{*}+Description+{*}:
 *  

{+}*Acceptance Criteria*{+}:

GIVEN ,

WHEN ,

THEN .

{+}*UI/UX Notes*{+}:
 *  

{+}*Technical Notes*{+}:
 *  

{color:#de350b}STORY TEMPLATE ABOVE; DELETE IF CREATING AN EPIC{color}

{color:#de350b}EPIC TEMPLATE BELOW; DELETE IF CREATING A STORY{color}

{+}*Summary*{+}:

[Paragraph form]

{+}*Project Impact*{+}:
 * {*}What problem does this solve{*}:
 **  
 * {*}How does this fit into the larger project{*}:
 **  

{+}*Implementation Overview*{+}:
 * {*}High Level Overview{*}:
 **  
 * {*}Key Components/Docs/Specs{*}:
 **  

 ",,schatter,,,,,,,,,0,,,,0,,,,,,,,,,,SSWGUI-149,,,,,,,,,,,,,,,,,,,,,,,,,,,,,,,,,,,,,,,,SSWGUI-93,,,In Progress,,,,,,,,,,,,,No comments by current user.,,,,,,,,,,,,,,,,,,,,,,"1|i09ajs:5a5",,,,,,,,,,,,,,,,,,,,,,,,,,,,,,,,6%,23/Dec/26 12:00 AM,12/Sep/26 12:00 AM,,,,,,,,,,,,,,0.0,0.0,,0.0,,,0.0,,,,,,,,
T10 Implement Hatch Unlocked/Locked Indication,SSWGUI-405,109965,Story,To Do,SSWGUI,SSWGUI,software,kbassi,,,Medium,,csherida,schatter,schatter,26/Aug/26 2:17 PM,15/Sep/26 12:02 PM,18/Sep/26 3:22 PM,,FST,PI 20,FST,TCAP GUI 1.0.0-rc,,,,,TCS,,,,0,"As a ,

I want/need ,

so .

{*}+Description+{*}:
 *  

{+}*Acceptance Criteria*{+}:

GIVEN ,

WHEN ,

THEN .

{+}*UI/UX Notes*{+}:
 *  

{+}*Technical Notes*{+}:
 *  

{color:#de350b}STORY TEMPLATE ABOVE; DELETE IF CREATING AN EPIC{color}

{color:#de350b}EPIC TEMPLATE BELOW; DELETE IF CREATING A STORY{color}

{+}*Summary*{+}:

[Paragraph form]

{+}*Project Impact*{+}:
 * {*}What problem does this solve{*}:
 **  
 * {*}How does this fit into the larger project{*}:
 **  

{+}*Implementation Overview*{+}:
 * {*}High Level Overview{*}:
 **  
 * {*}Key Components/Docs/Specs{*}:
 **  

 ",,schatter,,,,,,,,,0,,,,0,,,,,,,,,,,SSWGUI-149,,,,,,,,,,,,,,,,,,,,,,,,,,,,,,,,,,,,,,,,SSWGUI-93,,,In Progress,,,,,,,,,,,,,No comments by current user.,,,,,,,,,,,,,,,,,,,,,,"1|i09ajs:5a6i",,,,,,,,,,,,,,,,,,,,,,,,,,,,,,,,6%,23/Dec/26 12:00 AM,12/Sep/26 12:00 AM,,,,,,,,,,,,,,0.0,0.0,,0.0,,,0.0,,,,,,,,
T10 Implement Valve Position Indication,SSWGUI-404,109964,Story,To Do,SSWGUI,SSWGUI,software,kbassi,,,Medium,,csherida,schatter,schatter,26/Aug/26 2:17 PM,15/Sep/26 12:02 PM,18/Sep/26 3:22 PM,,FST,PI 20,FST,TCAP GUI 1.0.0-rc,,,,,TCS,,,,0,"As a ,

I want/need ,

so .

{*}+Description+{*}:
 *  

{+}*Acceptance Criteria*{+}:

GIVEN ,

WHEN ,

THEN .

{+}*UI/UX Notes*{+}:
 *  

{+}*Technical Notes*{+}:
 *  

{color:#de350b}STORY TEMPLATE ABOVE; DELETE IF CREATING AN EPIC{color}

{color:#de350b}EPIC TEMPLATE BELOW; DELETE IF CREATING A STORY{color}

{+}*Summary*{+}:

[Paragraph form]

{+}*Project Impact*{+}:
 * {*}What problem does this solve{*}:
 **  
 * {*}How does this fit into the larger project{*}:
 **  

{+}*Implementation Overview*{+}:
 * {*}High Level Overview{*}:
 **  
 * {*}Key Components/Docs/Specs{*}:
 **  

 ",,schatter,,,,,,,,,0,,,,0,,,,,,,,,,,SSWGUI-149,,,,,,,,,,,,,,,,,,,,,,,,,,,,,,,,,,,,,,,,SSWGUI-93,,,In Progress,,,,,,,,,,,,,No comments by current user.,,,,,,,,,,,,,,,,,,,,,,"1|i09ajs:5a7i",,,,,,,,,,,,,,,,,,,,,,,,,,,,,,,,0%,21/Dec/26 12:00 AM,20/Sep/26 12:00 AM,,,,,,,,,,,,,,0.0,0.0,,0.0,,,0.0,,,,,,,,
T10 Implement Tube Flood Drain Animation,SSWGUI-403,109963,Story,To Do,SSWGUI,SSWGUI,software,kbassi,,,Medium,,csherida,schatter,schatter,26/Aug/26 2:17 PM,15/Sep/26 12:02 PM,18/Sep/26 3:22 PM,,FST,PI 20,FST,TCAP GUI 1.0.0-rc,,,,,TCS,,,,0,"As a ,

I want/need ,

so .

{*}+Description+{*}:
 *  

{+}*Acceptance Criteria*{+}:

GIVEN ,

WHEN ,

THEN .

{+}*UI/UX Notes*{+}:
 *  

{+}*Technical Notes*{+}:
 *  

{color:#de350b}STORY TEMPLATE ABOVE; DELETE IF CREATING AN EPIC{color}

{color:#de350b}EPIC TEMPLATE BELOW; DELETE IF CREATING A STORY{color}

{+}*Summary*{+}:

[Paragraph form]

{+}*Project Impact*{+}:
 * {*}What problem does this solve{*}:
 **  
 * {*}How does this fit into the larger project{*}:
 **  

{+}*Implementation Overview*{+}:
 * {*}High Level Overview{*}:
 **  
 * {*}Key Components/Docs/Specs{*}:
 **  

 ",,schatter,,,,,,,,,0,,,,0,,,,,,,,,,,,,,,,,,,,,,,,,,,,,,,,,,,,,,,,,,,,,,,,,,,SSWGUI-93,,,In Progress,,,,,,,,,,,,,No comments by current user.,,,,,,,,,,,,,,,,,,,,,,"1|i09ajs:5a8c",,,,,,,,,,,,,,,,,,,,,,,,,,,,,,,,6%,23/Dec/26 12:00 AM,12/Sep/26 12:00 AM,,,,,,,,,,,,,,0.0,0.0,,0.0,,,0.0,,,,,,,,
T10 Implement Valve Pipe Flooding Animation,SSWGUI-402,109962,Story,To Do,SSWGUI,SSWGUI,software,kbassi,,,Medium,,csherida,schatter,schatter,26/Aug/26 2:17 PM,15/Sep/26 12:03 PM,18/Sep/26 3:22 PM,,FST,PI 20,FST,TCAP GUI 1.0.0-rc,,,,,TCS,,,,0,"As a ,

I want/need ,

so .

{*}+Description+{*}:
 *  

{+}*Acceptance Criteria*{+}:

GIVEN ,

WHEN ,

THEN .

{+}*UI/UX Notes*{+}:
 *  

{+}*Technical Notes*{+}:
 *  

{color:#de350b}STORY TEMPLATE ABOVE; DELETE IF CREATING AN EPIC{color}

{color:#de350b}EPIC TEMPLATE BELOW; DELETE IF CREATING A STORY{color}

{+}*Summary*{+}:

[Paragraph form]

{+}*Project Impact*{+}:
 * {*}What problem does this solve{*}:
 **  
 * {*}How does this fit into the larger project{*}:
 **  

{+}*Implementation Overview*{+}:
 * {*}High Level Overview{*}:
 **  
 * {*}Key Components/Docs/Specs{*}:
 **  

 ",,schatter,,,,,,,,,0,,,,0,,,,,,,,,,,SSWGUI-149,,,,,,,,,,,,,,,,,,,,,,,,,,,,,,,,,,,,,,,,SSWGUI-93,,,In Progress,,,,,,,,,,,,,No comments by current user.,,,,,,,,,,,,,,,,,,,,,,"1|i09ajs:5a8o",,,,,,,,,,,,,,,,,,,,,,,,,,,,,,,,9%,21/Dec/26 12:00 AM,09/Sep/26 12:00 AM,,,,,,,,,,,,,,0.0,0.0,,0.0,,,0.0,,,,,,,,
TODO,SSWGUI-401,109961,Story,To Do,SSWGUI,SSWGUI,software,kbassi,,,Medium,,schatter,schatter,schatter,26/Aug/26 2:17 PM,26/Aug/26 3:11 PM,18/Sep/26 3:22 PM,,,,,,,,,,,,,,0,"As a ,

I want/need ,

so .

{*}+Description+{*}:
 *  

{+}*Acceptance Criteria*{+}:

GIVEN ,

WHEN ,

THEN .

{+}*UI/UX Notes*{+}:
 *  

{+}*Technical Notes*{+}:
 *  

{color:#de350b}STORY TEMPLATE ABOVE; DELETE IF CREATING AN EPIC{color}

{color:#de350b}EPIC TEMPLATE BELOW; DELETE IF CREATING A STORY{color}

{+}*Summary*{+}:

[Paragraph form]

{+}*Project Impact*{+}:
 * {*}What problem does this solve{*}:
 **  
 * {*}How does this fit into the larger project{*}:
 **  

{+}*Implementation Overview*{+}:
 * {*}High Level Overview{*}:
 **  
 * {*}Key Components/Docs/Specs{*}:
 **  

 ",,schatter,,,,,,,,,0,,,,0,,,,,,,,,,,,,,,,,,,,,,,,,,,,,,,,,,,,,,,,,,,,,,,,,,,,,,,,,,,,,,,,,,,No comments by current user.,,,,,,,,,,,,,,,,,,,,,,"1|i09ajs:5a8u",,,,,,,,,,,,,,,,,,,,,,,,,,,,,,,,,,,,,,,,,,,,,,,,0.0,0.0,,0.0,,,0.0,,,,,,,,
T10 Implement Tube Liquid Level Indication,SSWGUI-400,109960,Story,To Do,SSWGUI,SSWGUI,software,kbassi,,,Medium,,csherida,schatter,schatter,26/Aug/26 2:17 PM,15/Sep/26 10:00 AM,18/Sep/26 3:22 PM,,FST,PI 20,FST,PI 21,TCAP GUI 1.0.0-rc,,,,TCS,,,,0,"As a ,

I want/need ,

so .

{*}+Description+{*}:
 *  

{+}*Acceptance Criteria*{+}:

GIVEN ,

WHEN ,

THEN .

{+}*UI/UX Notes*{+}:
 *  

{+}*Technical Notes*{+}:
 *  

{color:#de350b}STORY TEMPLATE ABOVE; DELETE IF CREATING AN EPIC{color}

{color:#de350b}EPIC TEMPLATE BELOW; DELETE IF CREATING A STORY{color}

{+}*Summary*{+}:

[Paragraph form]

{+}*Project Impact*{+}:
 * {*}What problem does this solve{*}:
 **  
 * {*}How does this fit into the larger project{*}:
 **  

{+}*Implementation Overview*{+}:
 * {*}High Level Overview{*}:
 **  
 * {*}Key Components/Docs/Specs{*}:
 **  

 ",,schatter,,,,,,,,,0,,,,0,,,,,,,,,,,SSWGUI-149,,,,,,,,,,,,,,,,,,,,,,,,,,,,,,,,,,,,,,,,SSWGUI-93,,,In Progress,,,,,,,,,,,,,No comments by current user.,,,,,,,,,,,,,,,,,,,,,,"1|i09ajs:5a8y",,,,,,,,,,,,,,,,,,,,,,,,,,,,,,,,,,,,,,,,,,,,,,,,0.0,0.0,,0.0,,,0.0,,,,,,,,
Fix Common ECB Toggle to disable with no status stream,SSWGUI-398,107959,Story,To Do,SSWGUI,SSWGUI,software,kbassi,,,Medium,,,amessier,amessier,13/Aug/26 2:21 PM,10/Sep/26 3:49 PM,18/Sep/26 3:22 PM,,,,,,,,,,Common,,,,0,"As an Operator,

I want/need ,
ECB toggle to disable when there is no status stream 

so that nothing is able to be selected when the backend is not connected.

{*}+Description+{*}:
 *  

{+}*Acceptance Criteria*{+}:

GIVEN ,

WHEN ,

THEN .

{+}*UI/UX Notes*{+}:
 *  

{+}*Technical Notes*{+}:
 *  

{color:#de350b}STORY TEMPLATE ABOVE; DELETE IF CREATING AN EPIC{color}

{color:#de350b}EPIC TEMPLATE BELOW; DELETE IF CREATING A STORY{color}

{+}*Summary*{+}:

[Paragraph form]

{+}*Project Impact*{+}:
 * {*}What problem does this solve{*}:
 **  
 * {*}How does this fit into the larger project{*}:
 **  

{+}*Implementation Overview*{+}:
 * {*}High Level Overview{*}:
 **  
 * {*}Key Components/Docs/Specs{*}:
 **  

 ",,amessier,,,,,,,,,0,,,,0,,,,,,,,,,,,,,,,,,,,,,,,,,,,,,,,,,,,,,,,,,,,,,,,,,,SSWGUI-379,,,To Do,,,,,,,,,,,,,No comments by current user.,,,,,,,,,,,,,,,,,,,,,,"1|i0afw0:",,,,,,,,,,,,,,,,,,,,,,,,,,,,,,,,,,,,,,,,,,,,,,,,0.0,0.0,,0.0,,,0.0,,,,,,,,
Gate 1 Review Comment Adj,SSWGUI-397,107705,Initiative,To Do,SSWGUI,SSWGUI,software,kbassi,,,Medium,,,kbassi,kbassi,11/Aug/26 5:24 PM,11/Aug/26 5:24 PM,18/Sep/26 3:22 PM,,,,,,,,,,,,,,0,,,kbassi,,,,,,,,,0,,,,0,,,,,,,,,,,,,,,,,,,,,,,,,,,,,,,,,,,,,,,,,,,,,,,,,,,,,,,,,,,,Sprint,,,,,,,No comments by current user.,,,,,,,,,,,,,,,,,,,,,,"1|i0aers:",,,,,,,,,,,,,,,,Medium,,,,,,,,,,,,,,,,,,,,,,,,,,,,,,,,0.0,0.0,,0.0,,,0.0,,0.0,0.0,0.0,,,,
Incorporate comments from Gate 2 Review into AMGUI,SSWGUI-396,107704,Epic,To Do,SSWGUI,SSWGUI,software,kbassi,,,Medium,,,kbassi,kbassi,11/Aug/26 5:23 PM,10/Sep/26 3:34 PM,18/Sep/26 3:22 PM,,,,Gate 2 Comment Adjudication,,,,,,Alert Manager,,,,0,"As a ,

I want/need ,

so .

{*}+Description+{*}:
 *  

{+}*Acceptance Criteria*{+}:

GIVEN ,

WHEN ,

THEN .

{+}*UI/UX Notes*{+}:
 *  

{+}*Technical Notes*{+}:
 *  

{color:#de350b}STORY TEMPLATE ABOVE; DELETE IF CREATING AN EPIC{color}

{color:#de350b}EPIC TEMPLATE BELOW; DELETE IF CREATING A STORY{color}

{+}*Summary*{+}:

[Paragraph form]

{+}*Project Impact*{+}:
 * {*}What problem does this solve{*}:
 **  
 * {*}How does this fit into the larger project{*}:
 **  

{+}*Implementation Overview*{+}:
 * {*}High Level Overview{*}:
 **  
 * {*}Key Components/Docs/Specs{*}:
 **  

 ",,kbassi,,,,,,,,,0,,,,0,,,,,,,,,,,,,,,,,,,,,,,,,,,,,,,,,,,,,,,,,,,,,,,,,,ghx-label-10,,Incorporate comments from Gate 2 Review into AMGUI,To Do,,,,,,,Sprint,,,,,,,No comments by current user.,,,,,,,,SSWGUI-383,,,,,,,,,,,,,,"1|i07xbl:r",,,,,,,,,,,,,,,,Medium,,,,,,,,,,,,,,,,0%,21/Oct/28 12:00 AM,22/Jul/28 12:00 AM,,,,,,,,,,,,,,0.0,0.0,,0.0,,,0.0,,0.0,0.0,0.0,,,,
Incorporate comments from Gate 2 Review into AMGUI,SSWGUI-395,107703,Epic,To Do,SSWGUI,SSWGUI,software,kbassi,,,Medium,,,kbassi,kbassi,11/Aug/26 5:10 PM,10/Sep/26 3:37 PM,18/Sep/26 3:22 PM,,,,Gate 2 Comment Adjudication,,,,,,,,,,0,"As a ,

I want/need ,

so .

{*}+Description+{*}:
 *  

{+}*Acceptance Criteria*{+}:

GIVEN ,

WHEN ,

THEN .

{+}*UI/UX Notes*{+}:
 *  

{+}*Technical Notes*{+}:
 *  

{color:#de350b}STORY TEMPLATE ABOVE; DELETE IF CREATING AN EPIC{color}

{color:#de350b}EPIC TEMPLATE BELOW; DELETE IF CREATING A STORY{color}

{+}*Summary*{+}:

[Paragraph form]

{+}*Project Impact*{+}:
 * {*}What problem does this solve{*}:
 **  
 * {*}How does this fit into the larger project{*}:
 **  

{+}*Implementation Overview*{+}:
 * {*}High Level Overview{*}:
 **  
 * {*}Key Components/Docs/Specs{*}:
 **  

 ",,kbassi,,,,,,,,,0,,,,0,,,,,,,,,,,,,,,,,,,,,,,,,,,,,,,,,,,,,,,,,,,,,,,,,,ghx-label-1,,Incorporate comments from Gate 2 Review into AMGUI,To Do,,,,,,,Sprint,,,,,,,No comments by current user.,,,,,,,,,,,,,,,,,,,,,,"1|i07xbl:qa",,,,,,,,,,,,,,,,Medium,,,,,,,,,,,,,,,,0%,04/Dec/27 12:00 AM,04/Sep/27 12:00 AM,,,,,,,,,,,,,,0.0,0.0,,0.0,,,0.0,,0.0,0.0,0.0,,,,
Incorporate comments from Gate 4 Review into AMGUI,SSWGUI-394,107702,Epic,To Do,SSWGUI,SSWGUI,software,kbassi,,,Medium,,,kbassi,kbassi,11/Aug/26 5:10 PM,10/Sep/26 3:34 PM,18/Sep/26 3:22 PM,,,,Gate 4 Comment Adjudication,,,,,,Alert Manager,,,,0,"As a ,

I want/need ,

so .

{*}+Description+{*}:
 *  

{+}*Acceptance Criteria*{+}:

GIVEN ,

WHEN ,

THEN .

{+}*UI/UX Notes*{+}:
 *  

{+}*Technical Notes*{+}:
 *  

{color:#de350b}STORY TEMPLATE ABOVE; DELETE IF CREATING AN EPIC{color}

{color:#de350b}EPIC TEMPLATE BELOW; DELETE IF CREATING A STORY{color}

{+}*Summary*{+}:

[Paragraph form]

{+}*Project Impact*{+}:
 * {*}What problem does this solve{*}:
 **  
 * {*}How does this fit into the larger project{*}:
 **  

{+}*Implementation Overview*{+}:
 * {*}High Level Overview{*}:
 **  
 * {*}Key Components/Docs/Specs{*}:
 **  

 ",,kbassi,,,,,,,,,0,,,,0,,,,,,,,,,,,,,,,,,,,,,,,,,,,,,,,,,,,,,,,,,,,,,,,,,ghx-label-12,,Incorporate comments from Gate 4 Review into AMGUI,To Do,,,,,,,Sprint,,,,,,,No comments by current user.,,,,,,,,SSWGUI-381,,,,,,,,,,,,,,"1|i07xbl:qfi",,,,,,,,,,,,,,,,Medium,,,,,,,,,,,,,,,,0%,19/Jun/29 12:00 AM,20/Mar/29 12:00 AM,,,,,,,,,,,,,,0.0,0.0,,0.0,,,0.0,,0.0,0.0,0.0,,,,
Incorporate comments from Gate 2 Review into HSGUI,SSWGUI-393,107701,Epic,To Do,SSWGUI,SSWGUI,software,kbassi,,,Medium,,,kbassi,kbassi,11/Aug/26 5:10 PM,10/Sep/26 3:34 PM,18/Sep/26 3:22 PM,,,,Gate 2 Comment Adjudication,,,,,,Health,,,,0,"As a ,

I want/need ,

so .

{*}+Description+{*}:
 *  

{+}*Acceptance Criteria*{+}:

GIVEN ,

WHEN ,

THEN .

{+}*UI/UX Notes*{+}:
 *  

{+}*Technical Notes*{+}:
 *  

{color:#de350b}STORY TEMPLATE ABOVE; DELETE IF CREATING AN EPIC{color}

{color:#de350b}EPIC TEMPLATE BELOW; DELETE IF CREATING A STORY{color}

{+}*Summary*{+}:

[Paragraph form]

{+}*Project Impact*{+}:
 * {*}What problem does this solve{*}:
 **  
 * {*}How does this fit into the larger project{*}:
 **  

{+}*Implementation Overview*{+}:
 * {*}High Level Overview{*}:
 **  
 * {*}Key Components/Docs/Specs{*}:
 **  

 ",,kbassi,,,,,,,,,0,,,,0,,,,,,,,,,,,,,,,,,,,,,,,,,,,,,,,,,,,,,,,,,,,,,,,,,ghx-label-9,,Incorporate comments from Gate 2 Review into HSGUI,To Do,,,,,,,Sprint,,,,,,,No comments by current user.,,,,,,,,SSWGUI-383,,,,,,,,,,,,,,"1|i07xbl:qgi",,,,,,,,,,,,,,,,Medium,,,,,,,,,,,,,,,,0%,17/Oct/28 12:00 AM,18/Jul/28 12:00 AM,,,,,,,,,,,,,,0.0,0.0,,0.0,,,0.0,,0.0,0.0,0.0,,,,
Incorporate comments from Gate 3 Review into HSGUI,SSWGUI-392,107700,Epic,To Do,SSWGUI,SSWGUI,software,kbassi,,,Medium,,,kbassi,kbassi,11/Aug/26 5:10 PM,10/Sep/26 3:34 PM,18/Sep/26 3:22 PM,,,,Gate 3 Comment Adjudication,,,,,,Health,,,,0,"As a ,

I want/need ,

so .

{*}+Description+{*}:
 *  

{+}*Acceptance Criteria*{+}:

GIVEN ,

WHEN ,

THEN .

{+}*UI/UX Notes*{+}:
 *  

{+}*Technical Notes*{+}:
 *  

{color:#de350b}STORY TEMPLATE ABOVE; DELETE IF CREATING AN EPIC{color}

{color:#de350b}EPIC TEMPLATE BELOW; DELETE IF CREATING A STORY{color}

{+}*Summary*{+}:

[Paragraph form]

{+}*Project Impact*{+}:
 * {*}What problem does this solve{*}:
 **  
 * {*}How does this fit into the larger project{*}:
 **  

{+}*Implementation Overview*{+}:
 * {*}High Level Overview{*}:
 **  
 * {*}Key Components/Docs/Specs{*}:
 **  

 ",,kbassi,,,,,,,,,0,,,,0,,,,,,,,,,,,,,,,,,,,,,,,,,,,,,,,,,,,,,,,,,,,,,,,,,ghx-label-6,,Incorporate comments from Gate 3 Review into HSGUI,To Do,,,,,,,Sprint,,,,,,,No comments by current user.,,,,,,,,SSWGUI-382,,,,,,,,,,,,,,"1|i07xbl:qhi",,,,,,,,,,,,,,,,Medium,,,,,,,,,,,,,,,,0%,21/Feb/29 12:00 AM,22/Nov/28 12:00 AM,,,,,,,,,,,,,,0.0,0.0,,0.0,,,0.0,,0.0,0.0,0.0,,,,
Incorporate comments from Gate 4 Review into HSGUI,SSWGUI-391,107699,Epic,To Do,SSWGUI,SSWGUI,software,kbassi,,,Medium,,,kbassi,kbassi,11/Aug/26 5:10 PM,10/Sep/26 3:34 PM,18/Sep/26 3:22 PM,,,,Gate 4 Comment Adjudication,,,,,,Health,,,,0,"As a ,

I want/need ,

so .

{*}+Description+{*}:
 *  

{+}*Acceptance Criteria*{+}:

GIVEN ,

WHEN ,

THEN .

{+}*UI/UX Notes*{+}:
 *  

{+}*Technical Notes*{+}:
 *  

{color:#de350b}STORY TEMPLATE ABOVE; DELETE IF CREATING AN EPIC{color}

{color:#de350b}EPIC TEMPLATE BELOW; DELETE IF CREATING A STORY{color}

{+}*Summary*{+}:

[Paragraph form]

{+}*Project Impact*{+}:
 * {*}What problem does this solve{*}:
 **  
 * {*}How does this fit into the larger project{*}:
 **  

{+}*Implementation Overview*{+}:
 * {*}High Level Overview{*}:
 **  
 * {*}Key Components/Docs/Specs{*}:
 **  

 ",,kbassi,,,,,,,,,0,,,,0,,,,,,,,,,,,,,,,,,,,,,,,,,,,,,,,,,,,,,,,,,,,,,,,,,ghx-label-3,,Incorporate comments from Gate 4 Review into HSGUI,To Do,,,,,,,Sprint,,,,,,,No comments by current user.,,,,,,,,SSWGUI-381,,,,,,,,,,,,,,"1|i07xbl:qi",,,,,,,,,,,,,,,,Medium,,,,,,,,,,,,,,,,0%,20/Jun/29 12:00 AM,21/Mar/29 12:00 AM,,,,,,,,,,,,,,0.0,0.0,,0.0,,,0.0,,0.0,0.0,0.0,,,,
Incorporate comments from Gate 2 Review into TCAP GUI,SSWGUI-390,107698,Epic,To Do,SSWGUI,SSWGUI,software,kbassi,,,Medium,,,kbassi,kbassi,11/Aug/26 5:10 PM,10/Sep/26 3:34 PM,18/Sep/26 3:22 PM,,,,Gate 2 Comment Adjudication,,,,,,TCS,,,,0,"As a ,

I want/need ,

so .

{*}+Description+{*}:
 *  

{+}*Acceptance Criteria*{+}:

GIVEN ,

WHEN ,

THEN .

{+}*UI/UX Notes*{+}:
 *  

{+}*Technical Notes*{+}:
 *  

{color:#de350b}STORY TEMPLATE ABOVE; DELETE IF CREATING AN EPIC{color}

{color:#de350b}EPIC TEMPLATE BELOW; DELETE IF CREATING A STORY{color}

{+}*Summary*{+}:

[Paragraph form]

{+}*Project Impact*{+}:
 * {*}What problem does this solve{*}:
 **  
 * {*}How does this fit into the larger project{*}:
 **  

{+}*Implementation Overview*{+}:
 * {*}High Level Overview{*}:
 **  
 * {*}Key Components/Docs/Specs{*}:
 **  

 ",,kbassi,,,,,,,,,0,,,,0,,,,,,,,,,,,,,,,,,,,,,,,,,,,,,,,,,,,,,,,,,,,,,,,,,ghx-label-14,,Incorporate comments from Gate 2 Review into TCAP GUI,To Do,,,,,,,Sprint,,,,,,,No comments by current user.,,,,,,,,SSWGUI-383,,,,,,,,,,,,,,"1|i07xbl:qu",,,,,,,,,,,,,,,,Medium,,,,,,,,,,,,,,,,0%,20/Oct/28 12:00 AM,21/Jul/28 12:00 AM,,,,,,,,,,,,,,0.0,0.0,,0.0,,,0.0,,0.0,0.0,0.0,,,,
Incorporate comments from Gate 3 Review into ESTAP GUI,SSWGUI-389,107697,Epic,To Do,SSWGUI,SSWGUI,software,kbassi,,,Medium,,,kbassi,kbassi,11/Aug/26 5:10 PM,10/Sep/26 3:34 PM,18/Sep/26 3:22 PM,,,,Gate 3 Comment Adjudication,,,,,,EST,,,,0,"As a ,

I want/need ,

so .

{*}+Description+{*}:
 *  

{+}*Acceptance Criteria*{+}:

GIVEN ,

WHEN ,

THEN .

{+}*UI/UX Notes*{+}:
 *  

{+}*Technical Notes*{+}:
 *  

{color:#de350b}STORY TEMPLATE ABOVE; DELETE IF CREATING AN EPIC{color}

{color:#de350b}EPIC TEMPLATE BELOW; DELETE IF CREATING A STORY{color}

{+}*Summary*{+}:

[Paragraph form]

{+}*Project Impact*{+}:
 * {*}What problem does this solve{*}:
 **  
 * {*}How does this fit into the larger project{*}:
 **  

{+}*Implementation Overview*{+}:
 * {*}High Level Overview{*}:
 **  
 * {*}Key Components/Docs/Specs{*}:
 **  

 ",,kbassi,,,,,,,,,0,,,,0,,,,,,,,,,,,,,,,,,,,,,,,,,,,,,,,,,,,,,,,,,,,,,,,,,ghx-label-11,,Incorporate comments from Gate 3 Review into ESTAP GUI,To Do,,,,,,,Sprint,,,,,,,No comments by current user.,,,,,,,,SSWGUI-382,,,,,,,,,,,,,,"1|i07xbl:r2",,,,,,,,,,,,,,,,Medium,,,,,,,,,,,,,,,,0%,23/Feb/29 12:00 AM,24/Nov/28 12:00 AM,,,,,,,,,,,,,,0.0,0.0,,0.0,,,0.0,,0.0,0.0,0.0,,,,
Incorporate comments from Gate 3 Review into TCAP GUI,SSWGUI-388,107696,Epic,To Do,SSWGUI,SSWGUI,software,kbassi,,,Medium,,,kbassi,kbassi,11/Aug/26 5:10 PM,10/Sep/26 3:34 PM,18/Sep/26 3:22 PM,,,,Gate 3 Comment Adjudication,,,,,,TCS,,,,0,"As a ,

I want/need ,

so .

{*}+Description+{*}:
 *  

{+}*Acceptance Criteria*{+}:

GIVEN ,

WHEN ,

THEN .

{+}*UI/UX Notes*{+}:
 *  

{+}*Technical Notes*{+}:
 *  

{color:#de350b}STORY TEMPLATE ABOVE; DELETE IF CREATING AN EPIC{color}

{color:#de350b}EPIC TEMPLATE BELOW; DELETE IF CREATING A STORY{color}

{+}*Summary*{+}:

[Paragraph form]

{+}*Project Impact*{+}:
 * {*}What problem does this solve{*}:
 **  
 * {*}How does this fit into the larger project{*}:
 **  

{+}*Implementation Overview*{+}:
 * {*}High Level Overview{*}:
 **  
 * {*}Key Components/Docs/Specs{*}:
 **  

 ",,kbassi,,,,,,,,,0,,,,0,,,,,,,,,,,,,,,,,,,,,,,,,,,,,,,,,,,,,,,,,,,,,,,,,,ghx-label-8,,Incorporate comments from Gate 3 Review into TCAP GUI,To Do,,,,,,,Sprint,,,,,,,No comments by current user.,,,,,,,,SSWGUI-382,,,,,,,,,,,,,,"1|i07xbl:r5",,,,,,,,,,,,,,,,Medium,,,,,,,,,,,,,,,,0%,20/Feb/29 12:00 AM,21/Nov/28 12:00 AM,,,,,,,,,,,,,,0.0,0.0,,0.0,,,0.0,,0.0,0.0,0.0,,,,
Incorporate comments from Gate 4 Review into TCAP GUI,SSWGUI-387,107695,Epic,To Do,SSWGUI,SSWGUI,software,kbassi,,,Medium,,,kbassi,kbassi,11/Aug/26 5:10 PM,10/Sep/26 3:34 PM,18/Sep/26 3:22 PM,,,,Gate 4 Comment Adjudication,,,,,,TCS,,,,0,"As a ,

I want/need ,

so .

{*}+Description+{*}:
 *  

{+}*Acceptance Criteria*{+}:

GIVEN ,

WHEN ,

THEN .

{+}*UI/UX Notes*{+}:
 *  

{+}*Technical Notes*{+}:
 *  

{color:#de350b}STORY TEMPLATE ABOVE; DELETE IF CREATING AN EPIC{color}

{color:#de350b}EPIC TEMPLATE BELOW; DELETE IF CREATING A STORY{color}

{+}*Summary*{+}:

[Paragraph form]

{+}*Project Impact*{+}:
 * {*}What problem does this solve{*}:
 **  
 * {*}How does this fit into the larger project{*}:
 **  

{+}*Implementation Overview*{+}:
 * {*}High Level Overview{*}:
 **  
 * {*}Key Components/Docs/Specs{*}:
 **  

 ",,kbassi,,,,,,,,,0,,,,0,,,,,,,,,,,,,,,,,,,,,,,,,,,,,,,,,,,,,,,,,,,,,,,,,,ghx-label-5,,Incorporate comments from Gate 4 Review into TCAP GUI,To Do,,,,,,,Sprint,,,,,,,No comments by current user.,,,,,,,,SSWGUI-381,,,,,,,,,,,,,,"1|i07xbl:r8",,,,,,,,,,,,,,,,Medium,,,,,,,,,,,,,,,,0%,20/Jun/29 12:00 AM,21/Mar/29 12:00 AM,,,,,,,,,,,,,,0.0,0.0,,0.0,,,0.0,,0.0,0.0,0.0,,,,
Incorporate comments from Gate 4 Review into ESTAP GUI,SSWGUI-386,107694,Epic,To Do,SSWGUI,SSWGUI,software,kbassi,,,Medium,,,kbassi,kbassi,11/Aug/26 5:10 PM,10/Sep/26 3:34 PM,18/Sep/26 3:22 PM,,,,Gate 4 Comment Adjudication,,,,,,EST,,,,0,"As a ,

I want/need ,

so .

{*}+Description+{*}:
 *  

{+}*Acceptance Criteria*{+}:

GIVEN ,

WHEN ,

THEN .

{+}*UI/UX Notes*{+}:
 *  

{+}*Technical Notes*{+}:
 *  

{color:#de350b}STORY TEMPLATE ABOVE; DELETE IF CREATING AN EPIC{color}

{color:#de350b}EPIC TEMPLATE BELOW; DELETE IF CREATING A STORY{color}

{+}*Summary*{+}:

[Paragraph form]

{+}*Project Impact*{+}:
 * {*}What problem does this solve{*}:
 **  
 * {*}How does this fit into the larger project{*}:
 **  

{+}*Implementation Overview*{+}:
 * {*}High Level Overview{*}:
 **  
 * {*}Key Components/Docs/Specs{*}:
 **  

 ",,kbassi,,,,,,,,,0,,,,0,,,,,,,,,,,,,,,,,,,,,,,,,,,,,,,,,,,,,,,,,,,,,,,,,,ghx-label-2,,Incorporate comments from Gate 4 Review into ESTAP GUI,To Do,,,,,,,Sprint,,,,,,,No comments by current user.,,,,,,,,SSWGUI-381,,,,,,,,,,,,,,"1|i07xbl:r6i",,,,,,,,,,,,,,,,Medium,,,,,,,,,,,,,,,,0%,20/Jun/29 12:00 AM,21/Mar/29 12:00 AM,,,,,,,,,,,,,,0.0,0.0,,0.0,,,0.0,,0.0,0.0,0.0,,,,
Incorporate comments from Gate 3 Review into AMGUI,SSWGUI-385,107693,Epic,To Do,SSWGUI,SSWGUI,software,kbassi,,,Medium,,,kbassi,kbassi,11/Aug/26 5:10 PM,10/Sep/26 3:34 PM,18/Sep/26 3:22 PM,,,,Gate 3 Comment Adjudication,,,,,,Alert Manager,,,,0,"As a ,

I want/need ,

so .

{*}+Description+{*}:
 *  

{+}*Acceptance Criteria*{+}:

GIVEN ,

WHEN ,

THEN .

{+}*UI/UX Notes*{+}:
 *  

{+}*Technical Notes*{+}:
 *  

{color:#de350b}STORY TEMPLATE ABOVE; DELETE IF CREATING AN EPIC{color}

{color:#de350b}EPIC TEMPLATE BELOW; DELETE IF CREATING A STORY{color}

{+}*Summary*{+}:

[Paragraph form]

{+}*Project Impact*{+}:
 * {*}What problem does this solve{*}:
 **  
 * {*}How does this fit into the larger project{*}:
 **  

{+}*Implementation Overview*{+}:
 * {*}High Level Overview{*}:
 **  
 * {*}Key Components/Docs/Specs{*}:
 **  

 ",,kbassi,,,,,,,,,0,,,,0,,,,,,,,,,,,,,,,,,,,,,,,,,,,,,,,,,,,,,,,,,,,,,,,,,ghx-label-13,,Incorporate comments from Gate 3 Review into AMGUI,To Do,,,,,,,Sprint,,,,,,,No comments by current user.,,,,,,,,SSWGUI-382,,,,,,,,,,,,,,"1|i07xbl:qd",,,,,,,,,,,,,,,,Medium,,,,,,,,,,,,,,,,0%,22/Feb/29 12:00 AM,23/Nov/28 12:00 AM,,,,,,,,,,,,,,0.0,0.0,,0.0,,,0.0,,0.0,0.0,0.0,,,,
Incorporate comments from Gate 2 Review into ESTAP GUI,SSWGUI-384,107692,Epic,To Do,SSWGUI,SSWGUI,software,kbassi,,,Medium,,,kbassi,kbassi,11/Aug/26 5:09 PM,10/Sep/26 3:34 PM,18/Sep/26 3:22 PM,,,,Gate 2 Comment Adjudication,,,,,,EST,,,,0,"As a ,

I want/need ,

so .

{*}+Description+{*}:
 *  

{+}*Acceptance Criteria*{+}:

GIVEN ,

WHEN ,

THEN .

{+}*UI/UX Notes*{+}:
 *  

{+}*Technical Notes*{+}:
 *  

{color:#de350b}STORY TEMPLATE ABOVE; DELETE IF CREATING AN EPIC{color}

{color:#de350b}EPIC TEMPLATE BELOW; DELETE IF CREATING A STORY{color}

{+}*Summary*{+}:

[Paragraph form]

{+}*Project Impact*{+}:
 * {*}What problem does this solve{*}:
 **  
 * {*}How does this fit into the larger project{*}:
 **  

{+}*Implementation Overview*{+}:
 * {*}High Level Overview{*}:
 **  
 * {*}Key Components/Docs/Specs{*}:
 **  

 ",,kbassi,,,,,,,,,0,,,,0,,,,,,,,,,,,,,,,,,,,,,,,,,,,,,,,,,,,,,,,,,,,,,,,,,ghx-label-10,,Incorporate comments from Gate 2 Review into ESTAP GUI,To Do,,,,,,,Sprint,,,,,,,No comments by current user.,,,,,,,,SSWGUI-383,,,,,,,,,,,,,,"1|i07xbl:ql",,,,,,,,,,,,,,,,Medium,,,,,,,,,,,,,,,,0%,14/Oct/28 12:00 AM,15/Jul/28 12:00 AM,,,,,,,,,,,,,,0.0,0.0,,0.0,,,0.0,,0.0,0.0,0.0,,,,
Gate 2 Review Comment Adj,SSWGUI-383,107691,Initiative,To Do,SSWGUI,SSWGUI,software,kbassi,,,Medium,,,kbassi,kbassi,11/Aug/26 5:09 PM,11/Aug/26 5:26 PM,18/Sep/26 3:22 PM,,,,,,,,,,,,,,0,,,kbassi,,,,,,,,,0,,,,0,,,,,,,,,,,,,,,,,,,,,,,,,,,,,,,,,,,,,,,,,,,,,,,,,,,,,,,,,,,,Sprint,,,,,,,No comments by current user.,,,,,,,,,,,,,,,,,,,,,,"1|i0aeqo:",,,,,,,,,,,,,,,,Medium,,,,,,,,,,,,,,,,0%,15/Nov/28 12:00 AM,15/Jul/28 12:00 AM,,,,,,,,,,,,,,0.0,0.0,,0.0,,,0.0,,0.0,0.0,0.0,,,,
Gate 3 Review Comment Adj,SSWGUI-382,107690,Initiative,To Do,SSWGUI,SSWGUI,software,kbassi,,,Medium,,,kbassi,kbassi,11/Aug/26 5:09 PM,11/Aug/26 5:26 PM,18/Sep/26 3:22 PM,,,,,,,,,,,,,,0,,,kbassi,,,,,,,,,0,,,,0,,,,,,,,,,,,,,,,,,,,,,,,,,,,,,,,,,,,,,,,,,,,,,,,,,,,,,,,,,,,Sprint,,,,,,,No comments by current user.,,,,,,,,,,,,,,,,,,,,,,"1|i0aer4:",,,,,,,,,,,,,,,,Medium,,,,,,,,,,,,,,,,0%,16/Mar/29 12:00 AM,21/Nov/28 12:00 AM,,,,,,,,,,,,,,0.0,0.0,,0.0,,,0.0,,0.0,0.0,0.0,,,,
Gate 4 Review Comment Adj,SSWGUI-381,107689,Initiative,To Do,SSWGUI,SSWGUI,software,kbassi,,,Medium,,,kbassi,kbassi,11/Aug/26 5:09 PM,11/Aug/26 5:26 PM,18/Sep/26 3:22 PM,,,,,,,,,,,,,,0,,,kbassi,,,,,,,,,0,,,,0,,,,,,,,,,,,,,,,,,,,,,,,,,,,,,,,,,,,,,,,,,,,,,,,,,,,,,,,,,,,Sprint,,,,,,,No comments by current user.,,,,,,,,,,,,,,,,,,,,,,"1|i0aerc:",,,,,,,,,,,,,,,,Medium,,,,,,,,,,,,,,,,0%,26/Jul/29 12:00 AM,20/Mar/29 12:00 AM,,,,,,,,,,,,,,0.0,0.0,,0.0,,,0.0,,0.0,0.0,0.0,,,,
Make status indicator reflect Overridden false better,SSWGUI-380,107688,Story,To Do,SSWGUI,SSWGUI,software,kbassi,,,Medium,,,kbassi,kbassi,11/Aug/26 4:38 PM,10/Sep/26 3:49 PM,18/Sep/26 3:22 PM,,,,,,,,,,Common,,,,0,"As a ,

I want/need ,

so .

{*}+Description+{*}:
 *  

{+}*Acceptance Criteria*{+}:

GIVEN ,

WHEN ,

THEN .

{+}*UI/UX Notes*{+}:
 *  

{+}*Technical Notes*{+}:
 *  

{color:#de350b}STORY TEMPLATE ABOVE; DELETE IF CREATING AN EPIC{color}

{color:#de350b}EPIC TEMPLATE BELOW; DELETE IF CREATING A STORY{color}

{+}*Summary*{+}:

[Paragraph form]

{+}*Project Impact*{+}:
 * {*}What problem does this solve{*}:
 **  
 * {*}How does this fit into the larger project{*}:
 **  

{+}*Implementation Overview*{+}:
 * {*}High Level Overview{*}:
 **  
 * {*}Key Components/Docs/Specs{*}:
 **  

 ",,kbassi,,,,,,,,,0,,,,0,,,,,,,,,,,,,,,,,,,,,,,,,,,,,,,,,,,,,,,,,,,,,,,,,,,SSWGUI-379,,,To Do,,,,,,,,,,,,,No comments by current user.,,,,,,,,,,,,,,,,,,,,,,"1|i07xbl:rr",,,,,,,,,,,,,,,,,,,,,,,,,,,,,,,,,,,,,,,,,,,,,,,,0.0,0.0,,0.0,,,0.0,,,,,,,,
BUGS,SSWGUI-379,107687,Epic,To Do,SSWGUI,SSWGUI,software,kbassi,,,Medium,,,kbassi,kbassi,11/Aug/26 4:38 PM,13/Aug/26 2:21 PM,18/Sep/26 3:22 PM,,,,,,,,,,,,,,0,"As a ,

I want/need ,

so .

{*}+Description+{*}:
 *  

{+}*Acceptance Criteria*{+}:

GIVEN ,

WHEN ,

THEN .

{+}*UI/UX Notes*{+}:
 *  

{+}*Technical Notes*{+}:
 *  

{color:#de350b}STORY TEMPLATE ABOVE; DELETE IF CREATING AN EPIC{color}

{color:#de350b}EPIC TEMPLATE BELOW; DELETE IF CREATING A STORY{color}

{+}*Summary*{+}:

[Paragraph form]

{+}*Project Impact*{+}:
 * {*}What problem does this solve{*}:
 **  
 * {*}How does this fit into the larger project{*}:
 **  

{+}*Implementation Overview*{+}:
 * {*}High Level Overview{*}:
 **  
 * {*}Key Components/Docs/Specs{*}:
 **  

 ",,kbassi,,,,,,,,,0,,,,0,,,,,,,,,,,,,,,,,,,,,,,,,,,,,,,,,,,,,,,,,,,,,,,,,,ghx-label-7,,BUGS,To Do,,,,,,,Sprint,,,,,,,No comments by current user.,,,,,,,,,,,,,,,,,,,,,,"1|i07xbl:r9",,,,,,,,,,,,,,,,Medium,,,,,,,,,,,,,,,,0%,04/Dec/27 12:00 AM,04/Sep/27 12:00 AM,,,,,,,,,,,,,,0.0,0.0,,0.0,,,0.0,,0.0,0.0,0.0,,,,
Implement Download config ,SSWGUI-373,106881,Story,To Do,SSWGUI,SSWGUI,software,kbassi,,,Medium,,,kbassi,kbassi,30/Jul/26 7:06 PM,10/Sep/26 3:37 PM,18/Sep/26 3:22 PM,,,,Layout Manager,,,,,,Experimental,,,,0,An optional feature would be to download the config that is displayed on the wall ,,kbassi,,,,,,,,,0,,,,0,,,,,,,,,,,,,,,,,,,,,,,,,,,,,,,,,,,,,,,,,,,,,,,,,,,SSWGUI-364,,,To Do,,,,,,,,,,,,,No comments by current user.,,,,,,,,,,,,,,,,,,,,,,"1|i0aank:",,,,,,,,,,,,,,,,,,,,,,,,,,,,,,,,,,,,,,,,,,,,,,,,0.0,0.0,,0.0,,,0.0,,,,,,,,
Create content selection screen ,SSWGUI-372,106880,Story,To Do,SSWGUI,SSWGUI,software,kbassi,,,Medium,,,kbassi,kbassi,30/Jul/26 7:03 PM,10/Sep/26 3:37 PM,18/Sep/26 3:22 PM,,,,Layout Manager,,,,,,Experimental,,,,0,,,kbassi,,,,,,,,,0,,,,0,,,,,,,,,,,,,,,,,,,,,,,,,,,,,,,,,,,,,,"'- Make the UI 
- Make the backend to have the webserver push temp changes yet retain last known state. ",,,,,,,,,,,,,SSWGUI-364,,,To Do,,,,,,,,,,,,,No comments by current user.,,,,,,,,,,,,,,,,,,,,,,"1|i0aanc:",,,,,,,,,,,,,,,,,,,,,,,,,,,,,,,,,,,,,,,,,,,,,,,,0.0,0.0,,0.0,,,0.0,,,,,,,,
Create Home Page ,SSWGUI-368,106876,Story,To Do,SSWGUI,SSWGUI,software,kbassi,,,Medium,,kbassi,kbassi,kbassi,30/Jul/26 7:02 PM,10/Sep/26 3:37 PM,18/Sep/26 3:22 PM,,,,Layout Manager,,,,,,Experimental,,,,0,"Create home page that allows you to navigate to the correct page based on location. 

It should have you select if it is a aft or port wall screen. 

It should have you select what screen it is. ",,kbassi,,,,,,,,,0,,,,0,,,,,,,,,,,,,,,,,,,,,,,,,,,,,,,,,,,,,,,,,,,,,,,,,,,SSWGUI-364,,,To Do,,,,,,,,,,,,,No comments by current user.,,,,,,,,,,,,,,,,,,,,,,"1|i0aamg:",,,,,,,,,,,,,,,,,,,,,,,,,,,,,,,,,,,,,,,,,,,,,,,,0.0,0.0,,0.0,,,0.0,,,,,,,,
Create the ROV WS Display Screen,SSWGUI-365,106873,Story,To Do,SSWGUI,SSWGUI,software,kbassi,,,Medium,,,kbassi,kbassi,30/Jul/26 6:57 PM,10/Sep/26 3:37 PM,18/Sep/26 3:22 PM,,,,Layout Manager,,,,,,Experimental,,,,0,"{*}+Description+{*}:
 * Display the content the backend tells it to. 

{+}*Acceptance Criteria*{+}:

GIVEN ,

WHEN ,

THEN .

{+}*UI/UX Notes*{+}:
 *  

{+}*Technical Notes*{+}:
 * When the page loads, it should be querying the backend to figure out what the content should be on the screen. It should receive a message that tells it whether to render a image, iframe or loading. The backend should just contain some dummy configuration. 
 * Visuals can be found here 
 * [https://192.168.3.34/cnfl1/spaces/SSWGUI/pages/178816414/Display+Manager+Sim+Application.]
 * The URL needs to have a placeholder to encode a displayID ",,kbassi,,,,,,,,,0,,,,0,,,,,,,,,,,,,,,,,,,,,,,,,,,,,,,,,,,,,,,,,,,,,,,,,,,SSWGUI-364,,,To Do,,,,,,,,,,,,,No comments by current user.,,,,,,,,,,,,,,,,,,,,,,"1|i0aals:",,,,,,,,,,,,,,,,,,,,,,,,,,,,,,,,,,,,,,,,,,,,,,,,0.0,0.0,,0.0,,,0.0,,,,,,,,
Create Display Manager Sim,SSWGUI-364,106863,Epic,To Do,SSWGUI,SSWGUI,software,kbassi,,,Medium,,,kbassi,kbassi,30/Jul/26 12:04 PM,10/Sep/26 3:37 PM,18/Sep/26 3:22 PM,,,,Layout Manager,,,,,,Experimental,,,,0,"{+}*Summary*{+}:

As a part of the development of our GUI, we need an easy way to configure the layout of content on our screens. We can develop a non tactical application in order to support that. We should not wait for LM to produce something to be used.  

{+}*Project Impact*{+}:
 * {*}What problem does this solve{*}:
 ** Easily launch different screens from the touch screen
 * {*}How does this fit into the larger project{*}:
 ** Enables operators to easily change content on each screens in a manner similar to what would be done on the boat. 

{+}*Implementation Overview*{+}:
 * {*}High Level Overview{*}:
 ** The touch screen implemented in a way that enables launching various GUIs across multiple screens.
 ** This can be used to support demos in the future. 
 ** We can save desired configurations. 
 * {*}Key Components/Docs/Specs{*}:
 **  

 ",,kbassi,,,,,,,,,0,,,,0,,,,,,,,,,,,,,,,,,,,,,,,,,,,,,,,,,,,,,,,,,,,,,,,,,ghx-label-11,,Create Display Manager Sim,To Do,,,,,,,Sprint,,,,,,,No comments by current user.,,,,,,,,,,,,,,,,,,,,,,"1|i0aak0:",,,,,,,,,,,,,,,,Medium,,,,,,,,,,,,,,,,,,,,,,,,,,,,,,,,0.0,0.0,,0.0,,,0.0,,0.0,0.0,0.0,,,,
Update GUI CI/CD Pipeline based on Implementation,SSWGUI-362,106300,Task,To Do,SSWGUI,SSWGUI,software,kbassi,,,Medium,,,kbassi,kbassi,21/Jul/26 7:48 AM,10/Sep/26 3:47 PM,18/Sep/26 3:22 PM,,,,PI 20,,,,,,,,,,0,,,kbassi,,,,,,,,,0,,,,0,,,SSWGUI-244,,,,,,,,,,,,,,,,,,,,,,,,,,,,,,,,,,,,,,,,,,,,,,,,SSWGUI-240,,,In Progress,,,,,,Sprint,,,,,,,No comments by current user.,,,,,,,,,,,,,,,,,,,,,,"1|i0a7ts:",,,,,,,,,,,,,,,,Medium,,,,,,,,,,,,,,,,0%,11/Dec/26 12:00 AM,28/Nov/26 12:00 AM,,,,,,,,,,,,,,0.0,0.0,,0.0,,,0.0,,,,,,,,
Inject a faultly sensor scenario into the cross-segment CONOPs controls demo,SSWGUI-361,106132,Task,Done,SSWGUI,SSWGUI,software,kbassi,,,Lowest,Done,cmcverry,cmcverry,cmcverry,15/Jul/26 1:33 PM,24/Aug/26 6:00 PM,18/Sep/26 3:22 PM,24/Aug/26 6:00 PM,,,,,,,,,Experimental,HMI IPT,,,0,"Add logic to the Rapid GUI Prototype's fake ESTAP controller to produce a faulted component event that requires the GUI operator to use an off-nominal override. In particular the intention is for the operator to override either the state of FAD Motor Brakes or FAD Motor Blocking Valves to correct for a misbehaving sensor.

This will be shown in the PI 18 Review demo. 

Additionally, any lingering issues adversely affecting usability of the touchscreen controls should be addressed if possible. ",,cmcverry,,,,,,,,,0,,,,0,,,,,,,,,,,,,,,,,,,,,,,,,,,,,,,,,,,,,,"Logic added that injects a faulty sensor scenario while actively commanding the fake ESTAP controller in the GUI prototype. 

Off-nominal override controls should reliably correct the fault and allow for the CONOPs mission steps to progress. 

If leads have time, this should be demoed to them before the PI 18 Review dryrun",,,,,,,,,,,,,SSWGUI-69,,,Done,,,,,,Sprint,,,,,,,No comments by current user.,,,,,,,,,,,,,,,,,,,,,,"1|i0a75k:",,,,,,,,,,,,,,,,Medium,,,,,,,,,,,,,,,,,,,,,,,,,,,,,,,,0.0,0.0,,0.0,,,0.0,,,,,,,,
(For Connor Sheridan) - Provide an Updated TCS Requirments for Appendix F of the HMI Spec,SSWGUI-360,106091,Task,To Do,SSWGUI,SSWGUI,software,kbassi,,,Medium,,,zpryor,zpryor,14/Jul/26 5:56 PM,14/Jul/26 5:56 PM,18/Sep/26 3:22 PM,,,,,,,,,,HMI IPT,TCS,,,0,Owner of the GUI Spec will need to provide updated TCS requirements for appendix F for the HMI spec as the last review of HMI GUI Spec V1.5 determined that many of the TCS requirments in appendix F were out of date,,zpryor,,,,,,,,,0,,,,0,,,,,,,,,,,,,,,,,,,,,,,,,,,,,,,,,,,,,,,,,,,,,,,,,,,,,,,,,,,,Sprint,,,,,,,No comments by current user.,,,,,,,,,,,,,,,,,,,,,,"1|i0a6xs:",,,,,,,,,,,,,,,,Medium,,,,,,,,,,,,,,,,,,,,,,,,,,,,,,,,0.0,0.0,,0.0,,,0.0,,,,,,,,
sxc Test Create Epic,SSWGUI-357,105370,Epic,Cancelled,SSWGUI,SSWGUI,software,kbassi,,,Lowest,Won't Do,scodd,scodd,scodd,02/Jul/26 12:47 PM,18/Jul/26 3:06 PM,18/Sep/26 3:22 PM,18/Jul/26 3:06 PM,,,,,,,,,,,,,0,"As a ,

I want/need ,

so .

{*}+Description+{*}:
 *  

{+}*Acceptance Criteria*{+}:

GIVEN ,

WHEN ,

THEN .

{+}*UI/UX Notes*{+}:
 *  

{+}*Technical Notes*{+}:
 *  

{color:#de350b}STORY TEMPLATE ABOVE; DELETE IF CREATING AN EPIC{color}

{color:#de350b}EPIC TEMPLATE BELOW; DELETE IF CREATING A STORY{color}

{+}*Summary*{+}:

[Paragraph form]

{+}*Project Impact*{+}:
 * {*}What problem does this solve{*}:
 **  
 * {*}How does this fit into the larger project{*}:
 **  

{+}*Implementation Overview*{+}:
 * {*}High Level Overview{*}:
 **  
 * {*}Key Components/Docs/Specs{*}:
 **  

 ",,scodd,,,,,,,,0,0,,0%,0,0,,,,,,,,,,,,,,,,,,,,,,,,,,,,,,,,,,,,,,,,,,,,,,scodd,,,,ghx-label-11,,sxc Test Create Epic,Done,,,,,,,Sprint,,,,,,,No comments by current user.,,,,,,,,,,,,,,,,,,,,,,"1|i0a3ek:",,,,,,,,,,,,,,,,Medium,,,,,,,,,,,,0.0,,,,,,,,,,,,,,,,,,,,0.0,0.0,,0.0,,,0.0,,0.0,0.0,0.0,,,,
Cross-Segment Conops workflow Rapid prototype rev 2,SSWGUI-355,105361,Epic,To Do,SSWGUI,SSWGUI,software,kbassi,,,Medium,,,kbassi,kbassi,02/Jul/26 10:13 AM,10/Sep/26 3:29 PM,18/Sep/26 3:22 PM,,,,,,,,,,Experimental,,,,0,"{+}*Summary*{+}:

[Paragraph form]

{+}*Project Impact*{+}:
 * {*}What problem does this solve{*}:
 **  
 * {*}How does this fit into the larger project{*}:
 **  

{+}*Implementation Overview*{+}:
 * {*}High Level Overview{*}:
 **  
 * {*}Key Components/Docs/Specs{*}:
 **  

 ",,kbassi,,,,,,,,,0,,,,0,,,,,,,,,,,,,,,,,,,,,,,,,,,,,,,,,,,,,,,,,,,,,,,,,,ghx-label-7,,Cross-Segment Conops workflow Rapid prototype rev 2,To Do,,,,,,,Sprint,,,,,,,No comments by current user.,,,,,,,,,,,,,,,,,,,,,,"1|i0a3d0:",,,,,,,,,,,,,,,,Medium,,,,,,,,,,,,,,,,,,,,,,,,,,,,,,,,0.0,0.0,,0.0,,,0.0,,0.0,0.0,0.0,,,,
[BUG] Common Component Library fails to be imported ,SSWGUI-350,104004,Task,Done,SSWGUI,SSWGUI,software,kbassi,,,Medium,Done,kbassi,kbassi,kbassi,23/Jun/26 12:48 PM,18/Jul/26 1:15 PM,24/Aug/26 9:30 AM,18/Jul/26 1:15 PM,,,,,,,,,Common,,,,0,"After implementing the common component library, it seems that people trying to do playwright and storybook stuff are unable to. There seems to be issues with the usage in the estap gui repo. 

There appear to be issues using the StatusIndicator from the common component library. Attempting to use in LLMotorState in ESTAPGUI. This is a storybook issue:  !image-2026-06-23-12-55-00-636.png|width=779,height=225!

 

Separately, seems like TrayAnimationArea is also having a problem, but not sure what common component it is using:

!image-2026-06-23-12-55-58-747.png|width=821,height=271!",,kbassi,,,,,,,,0,0,,0%,0,0,,,,,,,,,,,,,,,,,,,,,,,,,,,"23/Jun/26 12:55 PM;schatter;image-2026-06-23-12-55-00-636.png;https://192.168.3.34/jira1/secure/attachment/20920/image-2026-06-23-12-55-00-636.png","23/Jun/26 12:55 PM;schatter;image-2026-06-23-12-55-58-747.png;https://192.168.3.34/jira1/secure/attachment/20921/image-2026-06-23-12-55-58-747.png",,,,,,,,,,,,,,,,,,kbassi,,,,,,,,,,,,,,Sprint,,,,,,,No comments by current user.,,,,,,,,,,,,,,,,,,,,,,"1|i09wvo:",,,,,,,,,,,,,,,,Medium,,,,,,,,,,,,,,,,,,,,,,,,,,,,,,,,0.0,0.0,,0.0,,,0.0,,,,,,,,
[BUG] Fix SSE for Demo GUI,SSWGUI-324,102282,Task,To Do,SSWGUI,SSWGUI,software,kbassi,,,Medium,,kbassi,kbassi,kbassi,27/May/26 10:49 AM,10/Sep/26 5:00 PM,24/Aug/26 9:27 AM,,,,,,,,,,Experimental,,,,0,,,kbassi,,,,,,,,,0,,,,0,,,,,,,,,,,,,,,,,,,,,,,,,,,,,,,,,,,,,,make sse work properly,,,,,,,,kbassi,,,,,,,,,,,,,,Sprint,,,,,,,No comments by current user.,,,,,,,,,,,,,,,,,,,,,,"1|i09nqk:",,,,,,,,,,,,,,,,Medium,,,,,,,,,,,,,,,,,,,,,,,,,,,,,,,,0.0,0.0,,0.0,,,0.0,,,,,,,,
Test Demo in PaaS,SSWGUI-323,102281,Task,Cancelled,SSWGUI,SSWGUI,software,kbassi,,,Medium,Won't Do,schatter,schatter,schatter,27/May/26 10:30 AM,27/May/26 1:36 PM,18/Sep/26 3:22 PM,27/May/26 11:20 AM,,,,,,,,,,,,,0,"Run Demo GUI in the PaaS and make changes to cookbook, prod.yaml, and other things as necessary",,kbassi,schatter,,,";27/May/26 11:20 AM;schatter;28800",,,,28800,0,28800,100%,28800,0,28800,,,,,,,,,,,,,,,,,,,,,,,,,,,,,,,,,,,,,,,,,,,,,,,,,,SSWGUI-69,,,Done,,,,,,Sprint,,,,"Posted on: Wed May 27 13:36:38 EDT 2026
Cancelled because demo will no longer be held in LM. We can run it on our own setup",,,No comments by current user.,,,,,,,,,,,,,,,,,,,,,,"1|i09nqc:",,,,,,,,,,,,,,,,Medium,,,,,,,,,,,,1.0,,,,,,,,,,,,,,,,,,,,0.0,0.0,,0.0,,,0.0,,,,,"27/May/26 1:36 PM;kbassi;Cancelled because demo will no longer be held in LM. We can run it on our own setup;;;",,,
OBE,SSWGUI-322,102212,Story,To Do,SSWGUI,SSWGUI,software,kbassi,,,Medium,,,schatter,schatter,22/May/26 10:16 AM,22/May/26 10:20 AM,18/Sep/26 3:22 PM,,,,,,,,,,,,,,0,"Follow plan defined in SSWGUI-321, and implement. Merge the feature branch into development once acceptance tests are shown to be passing.",,schatter,,,,,,,,,0,,,,0,,,SSWGUI-321,,,,,,,,,,,,,,,,,,,,,,,,,,,,,,,,,,,,,,,,,,,,,,,,SSWSW-11550,,,To Do,,,,,,,,,,,,,No comments by current user.,,,,,,,,,,,,,,,,,,,,,,"1|i09nck:",,,,,,,,,,,,,,,,,,,,,,,,,,,,,,,,,,,,,,,,,,,,,,,,0.0,0.0,,0.0,,,0.0,,,,,,,,
OBE,SSWGUI-321,102211,Story,To Do,SSWGUI,SSWGUI,software,kbassi,,,Medium,,,schatter,schatter,22/May/26 10:15 AM,22/May/26 10:19 AM,18/Sep/26 3:22 PM,,,,,,,,,,,,,,0,Create an acceptance test plan for the common overrides component(s). Follow the template for Acceptance tests in Confluence.,,schatter,,,,,,,,,0,,,,0,,,,,,,,,,,SSWGUI-322,,,,,,,,,,,,,,,,,,,,,,,,,,,,,,,,,,,,,,,,SSWSW-11500,,,To Do,,,,,,,,,,,,,No comments by current user.,,,,,,,,,,,,,,,,,,,,,,"1|i09ncc:",,,,,,,,,,,,,,,,,,,,,,,,,,,,,,,,,,,,,,,,,,,,,,,,0.0,0.0,,0.0,,,0.0,,,,,,,,
OBE,SSWGUI-320,102210,Story,To Do,SSWGUI,SSWGUI,software,kbassi,,,Medium,,,schatter,schatter,22/May/26 10:14 AM,22/May/26 10:21 AM,18/Sep/26 3:22 PM,,,,,,,,,,,,,,0,We need to derive GUI SRS requirements. Use the SSS to derive requirements related to overrides and add to the SRS document (this may just be a page in confluence),,schatter,,,,,,,,,0,,,,0,,,,,,,,,,,,,,,,,,,,,,,,,,,,,,,,,,,,,,,,,,,,,,,,,,,SSWSW-11500,,,To Do,,,,,,,,,,,,,No comments by current user.,,,,,,,,,,,,,,,,,,,,,,"1|i09nc4:",,,,,,,,,,,,,,,,,,,,,,,,,,,,,,,,,,,,,,,,,,,,,,,,0.0,0.0,,0.0,,,0.0,,,,,,,,
Create job for SDD generation,SSWGUI-316,102122,Task,To Do,SSWGUI,SSWGUI,software,kbassi,,,Medium,,,kbassi,kbassi,21/May/26 11:23 AM,06/Jul/26 2:41 PM,18/Sep/26 3:22 PM,,,,PI 20,,,,,,,,,,0,assumes that we have the gitlab vm back. Talk to Matt to find out,,kbassi,,,,,,,,,0,,,,0,,,,,,,,,,,,,,,,,,,,,,,,,,,,,,,,,,,,,,,,,,,,,,,,,,,SSWGUI-240,,,In Progress,,,,,,Sprint,,,,,,,No comments by current user.,,,,,,,,,,,,,,,,,,,,,,"1|i09mv8:",,,,,,,,,,,,,,,,Medium,,,,,,,,,,,,,,,,0%,27/Nov/26 12:00 AM,14/Nov/26 12:00 AM,,,,,,,,,,,,,,0.0,0.0,,0.0,,,0.0,,,,,,,,
Implement artifact stage ,SSWGUI-315,102121,Task,To Do,SSWGUI,SSWGUI,software,kbassi,,,Medium,,,kbassi,kbassi,21/May/26 11:22 AM,10/Sep/26 5:05 PM,18/Sep/26 3:22 PM,,,,PI 20,,,,,,,,,,0,"* Using SBOM Container image
 * use existing fragment
 * Omega-Doors Report
 * Release Notes ",,kbassi,,,,,,,,,0,,,,0,,,,,,,,,,,,,,,,,,,,,,,,,,,,,,,,,,,,,,,,,,,,,,,,,,,SSWGUI-240,,,In Progress,,,,,,Sprint,,,,,,,No comments by current user.,,,,,,,,,,,,,,,,,,,,,,"1|i09mv0:",,,,,,,,,,,,,,,,Medium,,,,,,,,,,,,5.0,,,,0%,03/Oct/26 12:00 AM,20/Sep/26 12:00 AM,,,,,,,,,,,,,,0.0,0.0,,0.0,,,0.0,,,,,,,,
Create 3D Catenary Display,SSWGUI-311,101745,Story,To Do,SSWGUI,SSWGUI,software,kbassi,,,Medium,,,kbassi,kbassi,14/May/26 1:41 PM,10/Sep/26 3:54 PM,18/Sep/26 3:22 PM,,PI 19,,,,,,,,Experimental,,,,0,"As an operator of the SSW GUI,

I would like to visualize the ROV catenary in a rendered 3D animation on the MAM page/screen of the the SSW GUI,

so I can have supported situational awareness of the the predictive real-time state of the ROV catenary in the water column.

{*}+Description+{*}:
 * This story involves creating a standalone front-end component that will render the real-time 3D representation of the state of the ROV catenary. 
 ** The resulting component will be incorporated into the MAM page

{+}*Acceptance Criteria*{+}:

GIVEN I have the MAM screen open on the ROV workstation,

WHEN there is a change in the position of the deployed ROV,

THEN I will see a change in the 3D visualization of of the ROV catenary.

{+}*UI/UX Notes*{+}:
 * library for creating the 3D render needs to be determined in this story or preceding task/spike under this story's Epic
 ** determine whether there is a separate application with rendering created by another EB team that already exists for catenary
 ** if only receiving data for the catenary, investigate different solutions for the 3D render (i.e., evaluate libraries like three.js) 

{+}*Technical Notes*{+}:
 * Testing this component will require that we have a reliable mock application or library for providing data for updating the 3D animation
 ** If this is a separate application and not a model provided via library, we will need a network interface for receiving data 
 * We do not know what the received data will look like, but we should anticipate that some non-trivial mathematics will be involved to create an accurate  3D rendering of the ROV catenary",,kbassi,,,,,,,,,0,,,,0,,,,,,,,,,,,,,,,,,,,,,,,,,,,,,,,,,,,,,,,,,,,,,,,,,,SSWGUI-73,,,To Do,,,,,,,,,,,,,No comments by current user.,,,,,,,,,,,,,,,,,,,,,,"1|i09lcg:",,,,,,,,,,,,,,,,,,,,,,,,,,,,,,,,0%,17/Sep/28 12:00 AM,09/Aug/28 12:00 AM,,,,,,,,,,,,,,0.0,0.0,,0.0,,,0.0,,,,,,,,
Implement the application,SSWGUI-310,101744,Task,To Do,SSWGUI,SSWGUI,software,kbassi,,,Medium,,,kbassi,kbassi,14/May/26 1:40 PM,10/Sep/26 3:54 PM,18/Sep/26 3:22 PM,,PI 19,,,,,,,,Experimental,,,,0,"Determine best approach for running the model alongside the GUI backend.

If the model is provided by library API, then it might be feasible to have invocation of the API's functions in the the GUI backend. If it is delivered in the form of an executable, then we may need an application wrapper that exposes a network interface.",,kbassi,,,,,,,,0,0,,0%,0,0,,,,,,,,,,,,,,,,,,,,,,,,,,,,,,,,,,,,,,"Implement the backend application to interacts with the model. 
Demonstrate that the model runs correctly.",,,,,,,,,,,,,SSWGUI-73,,,To Do,,,,,,Sprint,,,,,,,No comments by current user.,,,,,,,,,,,,,,,,,,,,,,"1|i09lc8:",,,,,,,,,,,,,,,,Medium,,,,,,,,,,,,,,,,0%,09/Aug/28 12:00 AM,10/Jul/28 12:00 AM,,,,,,,,,,,,,,0.0,0.0,,0.0,,,0.0,,,,,,,,
Integrate with Model ,SSWGUI-309,101743,Task,To Do,SSWGUI,SSWGUI,software,kbassi,,,Medium,,,kbassi,kbassi,14/May/26 1:39 PM,10/Sep/26 3:54 PM,18/Sep/26 3:22 PM,,PI 19,,,,,,,,Experimental,,,,0,"Reached out to Richard Laukaitis and Matthew Kyle D'Agnostino to get a hold of model and details (talk to Kamleen)

Integrate with the backend of GUI such that data crucial to the 3D render of ROV catenary is being exposed and continually received for as long as the model is running. This will require a good understanding of the received data's format and representation. Implement a reliable means for caching/storing data (a non-persistent file-based DB is fine in the scope of the prototype GUI) and sharing it with the GUI frontend. ",,kbassi,,,,,,,,0,0,,0%,0,0,,,,,,,,,,,,,,,,,,,,,,,,,,,,,,,,,,,,,,"Integrate with the backend of GUI such that data crucial to the 3D render of ROV catenary is being exposed and continually received for as long as the model is running.
Implement a reliable means for caching/storing data and sharing it with the GUI frontend. ",,,,,,,,,,,,,SSWGUI-73,,,To Do,,,,,,Sprint,,,,,,,No comments by current user.,,,,,,,,,,,,,,,,,,,,,,"1|i09lc0:",,,,,,,,,,,,,,,,Medium,,,,,,,,,,,,,,,,0%,09/Aug/28 12:00 AM,26/Jul/28 12:00 AM,,,,,,,,,,,,,,0.0,0.0,,0.0,,,0.0,,,,,,,,
Do an informal Design of the 3D Catenary Display MVP ,SSWGUI-308,101742,Task,To Do,SSWGUI,SSWGUI,software,kbassi,,,Medium,,,kbassi,kbassi,14/May/26 1:37 PM,18/Jul/26 3:38 PM,18/Sep/26 3:22 PM,,PI 19,,,,,,,,Experimental,,,,0,"Following SSWGUI-239, produce an informal MVP design that incorporates the various software pieces that will need to be acquired, implemented, and or integrated to support the implementation of the 3D Catenary Display.

With this being an MVP, it is okay for there to be some lingering open-questions that will not answered until after implementation begins; however, a general understanding of the software pieces and how it is anticipated they will need to implemented and interface with each other is expected. 

capture a long term vision for the Catenary Display

Define what the MVP would include and exclude 

Think about the overall design for this GUI",,kbassi,,,,,,,,,0,,,,0,,,,,,,,,,,,,,,,,,,,,,,,,,,,,,,,,,,,,,"Produce an informal design for the 3D Catenary Display MVP 
Have the design reviewed by leads ",,,,,,,,,,,,,SSWGUI-73,,,To Do,,,,,,Sprint,,,,,,,No comments by current user.,,,,,,,,,,,,,,,,,,,,,,"1|i09lbs:",,,,,,,,,,,,,,,,Medium,,,,,,,,,,,,,,,,0%,07/Jul/28 12:00 AM,03/Jul/28 12:00 AM,,,,,,,,,,,,,,0.0,0.0,,0.0,,,0.0,,,,,,,,
OBE,SSWGUI-285,101698,Story,To Do,SSWGUI,SSWGUI,software,kbassi,,,Medium,,,schatter,schatter,14/May/26 9:47 AM,08/Jun/26 10:32 AM,18/Sep/26 3:22 PM,,,,,,,,,,,,,,0,"Use common component elements created in SSWGUI-275

Create a UI design for the ESTAP page based on CONOPS that will be used for overrides and get approval from systems",,schatter,,,,,,,,,0,,,,0,,,,,,,,,,,,,,,,,,,,,,,,,,,,,,,,,,,,,,,,,,,,,,,,,,,,,,,,,,,,,,,,,,,No comments by current user.,,,,,,,,,,,,,,,,,,,,,,"1|i09l3k:",,,,,,,,,,,,,,,,,,,,,,,,,,,,,,,,,,,,,,,,,,,,,,,,0.0,0.0,,0.0,,,0.0,,,,,,,,
Monitor Screen,SSWGUI-260,101646,Story,To Do,SSWGUI,SSWGUI,software,kbassi,,,Medium,,,kbassi,kbassi,13/May/26 1:48 PM,10/Sep/26 3:44 PM,18/Sep/26 3:22 PM,,,,ESTAP GUI 1.0.0-rc,FST,,,,,EST,,,,0,"As an operator,

I need to be able to have operational awareness of the Tray in Automatic Mode via monitor mode,

so I can be informed of the status of the system during operations.

{*}+Description+{*}:
 *  The operator shall have awareness of the Tray in Automatic mode via monitor mode on the display. Add all modifications from prior tasking to the monitor screen. 

{+}*Acceptance Criteria*{+}:

GIVEN the operator is in Automatic Mode for the Tray,

WHEN the operator is in ,

THEN the operator will be able to monitor the Tray with the display.

{+}*UI/UX Notes*{+}:
 *  Ensure the layout of the buttons match the current specification

{+}*Technical Notes*{+}:
 *  none",,kbassi,,,,,,,,,0,,,,0,,,,,,,,,,,,,,,,,,,,,,,,,,,,,,,,,,,,,,"Output:
- Approved UI Design
- Design Pages for all visual components
- All components defined in High level overview are created. Tested with unit and functional tests",,,,,,,,,,,,,SSWGUI-138,,,To Do,,,,,,,,,,,,,No comments by current user.,,,,,,,,,,,,,,,,,,,,,,"1|i09ajr:7r",,,,,,,,,,,,,,,,,,,,,,,,,,,,,,,,,,,,,,,,,,,,,,,,0.0,0.0,,0.0,,,0.0,,,,,,,,
Touch Controls ,SSWGUI-259,101645,Story,To Do,SSWGUI,SSWGUI,software,kbassi,,,Medium,,,kbassi,kbassi,13/May/26 1:48 PM,10/Sep/26 3:43 PM,18/Sep/26 3:22 PM,,,,ESTAP GUI 1.0.0-rc,FST,,,,,EST,,,,0,"As an operator,

I need to be able to operate the Tray in Automatic Mode via the touchscreen,

so I can perform all actions during a mission.

{*}+Description+{*}:
 *  The operator shall be able to operate the Tray in Automatic mode via the touchscreen. All modifications added to the monitor screen that have commands must be controllable through the touchscreen. 

{+}*Acceptance Criteria*{+}:

GIVEN the associated statuses/display is on the monitor screen,

WHEN the operator uses the touchscreen,

THEN the operator will be able to control the system with the touchscreen.

{+}*UI/UX Notes*{+}:
 *  Ensure the layout of the buttons match the current specification

{+}*Technical Notes*{+}:
 *  none",,kbassi,,,,,,,,,0,,,,0,,,,,,,,,,,,,,,,,,,,,,,,,,,,,,,,,,,,,,"Output:
- Approved UI Design
- Design Pages for all visual components
- All components defined in High level overview are created. Tested with unit and functional tests",,,,,,,,,,,,,SSWGUI-138,,,To Do,,,,,,,,,,,,,No comments by current user.,,,,,,,,,,,,,,,,,,,,,,"1|i09ajr:74",,,,,,,,,,,,,,,,,,,,,,,,,,,,,,,,,,,,,,,,,,,,,,,,0.0,0.0,,0.0,,,0.0,,,,,,,,
Touch Controls,SSWGUI-258,101644,Story,To Do,SSWGUI,SSWGUI,software,kbassi,,,Medium,,,kbassi,kbassi,13/May/26 1:48 PM,10/Sep/26 3:43 PM,18/Sep/26 3:22 PM,,,,ESTAP GUI 1.0.0-rc,FST,,,,,EST,,,,0,"As an operator,

I need to be able control newly designed and implemented features,

so I can be control the system during operations.

{*}+Description+{*}:
 *  The operator shall have control of the Tray in servo-sub mode via the touchscreen. Add all modifications to the touchscreen. 

{+}*Acceptance Criteria*{+}:

GIVEN the operator is in Servo Sub-mode for the Tray,

WHEN the operator needs to move the Tray or modify the system in some way,

THEN the operator will be able to control the tray with the touchscreen.

{+}*UI/UX Notes*{+}:
 *  Ensure the implemented touch screen follows the design
* Speak with systems regularly on design decisions

{+}*Technical Notes*{+}:
 *  none ",,kbassi,,,,,,,,,0,,,,0,,,,,,,,,,,,,,,,,,,,,,,,,,,,,,,,,,,,,,"Output:
- Approved UI Design
- Design Pages for all visual components
- All components defined in High level overview are created. Tested with unit and functional tests",,,,,,,,,,,,,SSWGUI-139,,,To Do,,,,,,,,,,,,,No comments by current user.,,,,,,,,,,,,,,,,,,,,,,"1|i09ajr:5o",,,,,,,,,,,,,,,,,,,,,,,,,,,,,,,,0%,05/May/27 12:00 AM,27/Jan/27 12:00 AM,,,,,,,,,,,,,,0.0,0.0,,0.0,,,0.0,,,,,,,,
Monitor Screen,SSWGUI-257,101643,Story,To Do,SSWGUI,SSWGUI,software,kbassi,,,Medium,,,kbassi,kbassi,13/May/26 1:48 PM,10/Sep/26 3:43 PM,18/Sep/26 3:22 PM,,,,ESTAP GUI 1.0.0-rc,FST,,,,,EST,,,,0,"As an operator,

I need to be able to have operational awareness of the Tray in Servo sub-mode via monitor mode,

so I can be informed of the status of the system during operations.

{*}+Description+{*}:
 *  The operator shall have awareness of the Tray in servo-sub mode via monitor mode on the display. Add all modifications from prior tasking to the monitor screen. 

{+}*Acceptance Criteria*{+}:

GIVEN the operator is in Servo Sub-mode for the Tray,

WHEN the operator needs to monitor the system ,

THEN the operator will be able to monitor the Tray with the display.

{+}*UI/UX Notes*{+}:
 *  Ensure the layout of the buttons match the current specification

{+}*Technical Notes*{+}:
 *  none",,kbassi,,,,,,,,,0,,,0,0,,,,,,,,,,,,,,,,,,,,,,,,,,,,,,,,,,,,,,"Output:
- Approved UI Design
- Design Pages for all visual components
- All components defined in High level overview are created. Tested with unit and functional tests",,,,,,,,,,,,,SSWGUI-139,,,To Do,,,,,,,,,,,,,No comments by current user.,,,,,,,,,,,,,,,,,,,,,,"1|i09ajr:69",,,,,,,,,,,,,,,,,,,,,,,,,,,,,,,,0%,27/Feb/27 12:00 AM,30/Nov/26 12:00 AM,,,,,,,,,,,,,,0.0,0.0,,0.0,,,0.0,,,,,,,,
Health Widgets,SSWGUI-255,101580,Epic,To Do,SSWGUI,SSWGUI,software,kbassi,,,Medium,,,kbassi,kbassi,13/May/26 8:48 AM,10/Sep/26 4:12 PM,18/Sep/26 3:22 PM,,,,FST,,,,,,Health,,,,0,"As a ,

I want/need ,

so .

{*}+Description+{*}:
 *  

{+}*Acceptance Criteria*{+}:

GIVEN ,

WHEN ,

THEN .

{+}*UI/UX Notes*{+}:
 *  

{+}*Technical Notes*{+}:
 *  

{color:#de350b}STORY TEMPLATE ABOVE; DELETE IF CREATING AN EPIC{color}

{color:#de350b}EPIC TEMPLATE BELOW; DELETE IF CREATING A STORY{color}

{+}*Summary*{+}:

[Paragraph form]

{+}*Project Impact*{+}:
 * {*}What problem does this solve{*}:
 **  
 * {*}How does this fit into the larger project{*}:
 **  

{+}*Implementation Overview*{+}:
 * {*}High Level Overview{*}:
 **  
 * {*}Key Components/Docs/Specs{*}:
 **  

 ",,kbassi,,,,,,,,,0,,,,0,,,,,,,,,,,SSWSYS-3672,,,,,,,,,,,,,,,,,,,,,,,,,,,,,,,,,,,,,,,ghx-label-8,,Health Widgets,To Do,,,,,,,Sprint,,,,,,,No comments by current user.,,,,,,,,SSWGUI-397,,,,,,,,,,,,,,"1|i09itn:",,,,,,,,,,,,,,,,Medium,,,,,,,,,,,,,,,,0%,04/Dec/27 12:00 AM,22/Aug/27 12:00 AM,,,,,,,,,,,,,,0.0,0.0,,0.0,,,0.0,,0.0,0.0,0.0,,,,
Update ECB based on new design,SSWGUI-254,101579,Story,To Do,SSWGUI,SSWGUI,software,kbassi,,,Medium,,,kbassi,kbassi,13/May/26 8:44 AM,13/May/26 8:45 AM,18/Sep/26 3:22 PM,,,,,,,,,,,,,,0,"As a ,

I want/need ,

so .

{*}+Description+{*}:
 *  

{+}*Acceptance Criteria*{+}:

GIVEN ,

WHEN ,

THEN .

{+}*UI/UX Notes*{+}:
 *  

{+}*Technical Notes*{+}:
 *  

{color:#de350b}STORY TEMPLATE ABOVE; DELETE IF CREATING AN EPIC{color}

{color:#de350b}EPIC TEMPLATE BELOW; DELETE IF CREATING A STORY{color}

{+}*Summary*{+}:

[Paragraph form]

{+}*Project Impact*{+}:
 * {*}What problem does this solve{*}:
 **  
 * {*}How does this fit into the larger project{*}:
 **  

{+}*Implementation Overview*{+}:
 * {*}High Level Overview{*}:
 **  
 * {*}Key Components/Docs/Specs{*}:
 **  

 ",,kbassi,,,,,,,,,0,,,,0,,,SSWSYS-3514,,,,,,,,,,,,,,,,,,,,,,,,,,,,,,,,,,,,,,,,,,,,,,,,,,,,,,,,,,,,,,,,No comments by current user.,,,,,,,,,,,,,,,,,,,,,,"1|i09j5q:",,,,,,,,,,,,,,,,,,,,,,,,,,,,,,,,0%,25/Mar/27 12:00 AM,24/Dec/26 12:00 AM,,,,,,,,,,,,,,0.0,0.0,,0.0,,,0.0,,,,,,,,
Visualize all Tray states in GUI,SSWGUI-253,101564,Story,To Do,SSWGUI,SSWGUI,software,kbassi,,,Medium,,,kbassi,kbassi,12/May/26 7:42 PM,10/Sep/26 3:56 PM,18/Sep/26 3:22 PM,,,,,,,,,,,,,,0,"As an operator ,

I want to be able to know which state the tray is in,

so I do not need to reference a magic number to understand the state of the tray subsystem.

{*}+Description+{*}:
 * The Tray Animation area should make it clear when the Tray is considered in the following positions: ""STOWED"" , ""LOWERED"", ""T9"", ""T10"".
 * The Tray Animation area should visually indicate when the tray is tilted outside of an acceptable range to continue Ops in Automatic Mode. 

{+}*Acceptance Criteria*{+}:

GIVEN ,

WHEN ,

THEN .

{+}*UI/UX Notes*{+}:
 *  

{+}*Technical Notes*{+}:

 ",,kbassi,,,,,,,,,0,,,,0,,,,,,,,,,,,,,,,,,,,,,,,,,,,,,,,,,,,,,,,,,,,,,,,,,,SSWGUI-252,,,To Do,,,,,,,,,,,,,No comments by current user.,,,,,,,,,,,,,,,,,,,,,,"1|i09itr:",,,,,,,,,,,,,,,,,,,,,,,,,,,,,,,,,,,,,,,,,,,,,,,,0.0,0.0,,0.0,,,0.0,,,,,,,,
Tray Animation Area,SSWGUI-252,101563,Epic,To Do,SSWGUI,SSWGUI,software,kbassi,,,Medium,,,kbassi,kbassi,12/May/26 7:42 PM,10/Sep/26 3:56 PM,18/Sep/26 3:22 PM,,,,,,,,,,EST,,,,0,"As a ,

I want/need ,

so .

{*}+Description+{*}:
 *  

{+}*Acceptance Criteria*{+}:

GIVEN ,

WHEN ,

THEN .

{+}*UI/UX Notes*{+}:
 *  

{+}*Technical Notes*{+}:
 *  

{color:#de350b}STORY TEMPLATE ABOVE; DELETE IF CREATING AN EPIC{color}

{color:#de350b}EPIC TEMPLATE BELOW; DELETE IF CREATING A STORY{color}

{+}*Summary*{+}:

[Paragraph form]

{+}*Project Impact*{+}:
 * {*}What problem does this solve{*}:
 **  
 * {*}How does this fit into the larger project{*}:
 **  

{+}*Implementation Overview*{+}:
 * {*}High Level Overview{*}:
 **  
 * {*}Key Components/Docs/Specs{*}:
 **  

 ",,kbassi,,,,,,,,,0,,,,0,,,,,,,,,,,,,,,,,,,,,,,,,,,,,,,,,,,,,,,,,,,,,,,,,,ghx-label-2,,Tray Animation Area,To Do,,,,,,,Sprint,,,,,,,No comments by current user.,,,,,,,,,,,,,,,,,,,,,,"1|i09itp:",,,,,,,,,,,,,,,,Medium,,,,,,,,,,,,,,,,,,,,,,,,,,,,,,,,0.0,0.0,,0.0,,,0.0,,0.0,0.0,0.0,,,,
Document/design new pipeline architecture,SSWGUI-249,89903,Task,Done,SSWGUI,SSWGUI,software,kbassi,,,Medium,Done,jziobron,kbassi,kbassi,08/Dec/25 3:11 PM,21/Jul/26 7:58 AM,24/Aug/26 9:30 AM,21/Jul/26 7:58 AM,PI 19,,PI 19,PI 20,,,,,EST,TCS,,,0,"Documentation must be created that describes how the new CI/CD pipeline architecture is designed.

[https://192.168.3.34/cnfl1/pages/viewpage.action?pageId=106300131]

[https://192.168.3.34/cnfl1/display/DS/NIO+Pipeline+Architecture+Design] 

use same color scheme as ^",,kbassi,mwagner7,,,";24/Jun/26 6:16 AM;jziobron;14400",";24/Jun/26 1:55 PM;jziobron;18000",";25/Jun/26 9:54 AM;jziobron;7200",";29/Jun/26 1:45 PM;jziobron;18000",86400,28800,57600,66%,86400,28800,57600,,,,,,,,,,SSWGUI-247,SSWGUI-244,SSWGUI-248,SSWGUI-242,SSWGUI-243,SSWGUI-241,SSWGUI-245,,,,,,,,,,,,,,,,,,,,,"Confluence page created detailing new pipeline design
Must describe:
 - Pipeline stages and associated artifacts (existing)
 - diagram
 - Common jobs and where they fit in - CI library not mentioned
 - How to determine where repo-specific jobs fit in
 - How the dynamic pipeline creation works
 - Approved by build managers
- add cyber artifacts
- We want to be able to view storybook in the pipeline and the fact that we want to have latest storybook docs available in a pod in a cluster for common 
""Document/design new pipeline architecture"" cc completed",,,,,,,,,,,,,SSWGUI-240,,,In Progress,,,,,,Sprint,,,,"Posted on: Wed Feb 25 08:19:38 EST 2026
(flag) Flag added

replan",,,No comments by current user.,,,,,,,,,cquinby,,,,,,,,,,,,,"1|i07zr6:",,,,,,,,,,,,,,,,Medium,,,,,,,SSWSW Sprint 18.7,kbassi,,,,3.0,,,,100%,12/Jul/26 12:00 AM,29/Jun/26 12:00 AM,243,,,,,,,,,,,,,0.0,0.0,,0.0,,,0.0,,,,,"25/Feb/26 8:19 AM;mwagner7;(flag) Flag added

replan;;;",,,
Implement Build Stage ,SSWGUI-248,89905,Task,Done,SSWGUI,SSWGUI,software,kbassi,,,Medium,Done,kbassi,kbassi,kbassi,08/Dec/25 3:16 PM,18/Sep/26 9:21 AM,18/Sep/26 3:22 PM,18/Sep/26 9:21 AM,PI 19,,PI 19,PI 20,,,,,Common,EST,TCS,,0,"Make ci component & test self in ci component repo.

Apply to the estap and tcap gui repositories in feature branch.
 * npm run build 
 * make image
 * npm run build-storybook 
 * npm run build-storybook image",,jdrouill,jziobron,kbassi,,";29/Jun/26 1:46 PM;jziobron;7200",";30/Jun/26 12:21 PM;jziobron;18000",,,28800,3600,25200,87%,28800,3600,25200,,SSWGUI-247,SSWGUI-249,SSWSW-10534,,,,,,SSWGUI-244,SSWGUI-242,,,,,,,SSWGUI-247,,,,,,,,,,,,,,,,,,," - Listed stage passes in dynamic pipeline
 - All required artifacts are collected
- merge and tag in the ci repo
 - Merge to feature branch in the GUI repos",,,,,,,,,,,,,SSWGUI-240,,,In Progress,,,,,,,,,,"Posted on: Mon Aug 03 09:34:06 EDT 2026
Build two images
One is a release image (barebones, see release image buildfile)
One is an image for storybook that publishes for viewing on the server

No need to expose ports; this can be done via k8s instead
The build files in the /build dir is cp'd 1 level above the /project dir to give script full context
Build artifacts/cache for running the gui
Create a manual job for executing the artifact
",,,No comments by current user.,,,,,,,,,kbassi,mwagner7,,,,,,,,,,,,"1|i07zwo:i",,,,,,,,,,,,,,,,,,,,,,,SSWSW Sprint 19.4,,,,,1.0,,,,100%,26/Aug/26 12:00 AM,13/Jul/26 12:00 AM,243,,,,,,,,,,,,,,,,,,,,,,,,"29/Jul/26 1:48 PM;kbassi;approved;;;","03/Aug/26 9:34 AM;jziobron;Build two images
One is a release image (barebones, see release image buildfile)
One is an image for storybook that publishes for viewing on the server

No need to expose ports; this can be done via k8s instead
The build files in the /build dir is cp'd 1 level above the /project dir to give script full context
Build artifacts/cache for running the gui
Create a manual job for executing the artifact
;;;",,
Implement Validate Stage,SSWGUI-247,89904,Task,Done,SSWGUI,SSWGUI,software,kbassi,,,Medium,Done,jziobron,kbassi,kbassi,08/Dec/25 3:13 PM,26/Aug/26 10:27 AM,24/Aug/26 9:32 AM,06/Aug/26 5:30 PM,PI 19,,PI 19,PI 20,,,,,Common,EST,TCS,,0,"Create/import the jobs for the validate stage and verify they work in a feature branch

Make component & test self in ci component repo if applicable.

Apply to the estap, tcap gui, and common repositories in feature branch.
 * check sml / tidy-sml
 * implement check mr versions 
 * package.json and package-lock.json checker

Compare package.json to sml 
Verify the sml first with the already built CI Component
sml version = cat ../common.sml | grep Version | awk -F' ' '{print $2}'

package_version = jq '.version' package.json
 * This will retrieve the sml version from .sml and the package version from package.json. Compare and done
",,jdrouill,jziobron,kbassi,mwagner7,";02/Jul/26 7:41 AM;jziobron;10800",";14/Jul/26 5:48 AM;jziobron;28800",,,28800,0,39600,137%,28800,0,39600,,SSWGUI-249,,,,,,,,SSWGUI-248,SSWGUI-245,,,,,,,,SSWGUI-248,SSWGUI-246,SSWGUI-243,SSWGUI-242,SSWGUI-241,,,,,,,,,,,,,," - Listed stage passes in dynamic pipeline
- All required artifacts are collected
- merge and tag in the ci repo
 - Merge to feature branch in the GUI repos",,,,,,,,,,,,,SSWGUI-240,,,In Progress,,,,,,Sprint,,,,"Posted on: Thu Jul 02 15:34:56 EDT 2026
In a PI19 Sprint at the beginning of the PI.",,,No comments by current user.,,,,,,,,,,,,,,,,,,,,,,"1|i07zra:",,,,,,,,,,,,,,,,Medium,,,,,,,SSWSW Sprint 19.2,,,,,1.0,,,,100%,16/Jul/26 12:00 AM,03/Jul/26 12:00 AM,243,,,,,,,,,,,,,0.0,0.0,,0.0,,,0.0,,,,,"25/Feb/26 8:21 AM;mwagner7;(flag) Flag added

replan;;;","01/Jul/26 1:49 PM;kbassi;approved;;;","02/Jul/26 10:19 AM;jziobron;https://192.168.3.19/ssw-phc-developers/ssw-guis/tactical/common/-/pipelines/64380
The check_match job in this pipeline is a slightly outdated (only a rename) version of this package. It is running and passing in the common repository.;;;",
Implement Acceptance Stage,SSWGUI-246,89908,Task,In Progress,SSWGUI,SSWGUI,software,kbassi,,,Medium,,jziobron,kbassi,kbassi,08/Dec/25 3:16 PM,14/Sep/26 1:07 PM,18/Sep/26 3:22 PM,,PI 19,,PI 19,PI 20,,,,,Common,EST,TCS,,0,"Create/import the jobs for the acceptance stage and verify they work in a feature branch

Make component & test self in ci component repo.

Apply to the estap and tcap gui repositories in feature branch.
 * You can do npx playwright test and specify tags
 * So it would be npx playwright test --grep ""SOME TAGS"" where some tags can be a regex. 
 * you should make the input a list so that this can run as a parallel matrix job. ",,jdrouill,jziobron,kbassi,,,,,,86400,86400,,0%,86400,86400,,,,,,,,,,,SSWGUI-245,,,,,,,,SSWGUI-247,,,,,,,,,,,,,,,,,,," - Listed stage passes in dynamic pipeline
 - All required artifacts are collected
- merge and tag in the ci repo
 - Merge to feature branch in the GUI repos",,,,,,,,,,,,,SSWGUI-240,,,In Progress,,,,,,,,,,"Posted on: Mon Sep 14 13:07:35 EDT 2026
Use SWIT https://192.168.3.19/ssw-phc-developers/ci-components/testing/swit",,,No comments by current user.,,,,,,,,,,,,,,,,,,,,,,"1|i07zrt:",,,,,,,,,,,,,,,,,,,,,,,SSWSW Sprint 19.3,,,,,3.0,,,,100%,09/Sep/26 12:00 AM,12/Aug/26 12:00 AM,243,,,,,,,,,,,,,,,,,,,,,,,,"01/Jul/26 2:02 PM;kbassi;approved. ;;;","14/Sep/26 1:07 PM;jziobron;Use SWIT https://192.168.3.19/ssw-phc-developers/ci-components/testing/swit;;;",,
TBD Fix Bugs ,SSWGUI-245,89912,Task,To Do,SSWGUI,SSWGUI,software,kbassi,,,Medium,,kbassi,kbassi,kbassi,08/Dec/25 3:20 PM,06/Jul/26 2:41 PM,18/Sep/26 3:22 PM,,PI 19,,PI 20,,,,,,,,,,0,,,kbassi,,,,,,,,86400,86400,,0%,86400,86400,,,SSWGUI-249,SSWGUI-247,SSWGUI-242,SSWGUI-243,SSWGUI-250,SSWGUI-241,SSWGUI-246,SSWGUI-244,,,,,,,,,,,,,,,,,,,,,,,,,,,,,,,,,,,,,,,,,SSWGUI-240,,,In Progress,,,,,,Sprint,,,,,,,No comments by current user.,,,,,,,,,,,,,,,,,,,,,,"1|i07zw8:",,,,,,,,,,,,,,,,Medium,,,,,,,SSWSW Sprint 20.1,,,,,3.0,,,,0%,14/Nov/26 12:00 AM,01/Nov/26 12:00 AM,243,,,,,,,,,,,,,0.0,0.0,,0.0,,,0.0,,,,,,,,
Transition dev to new pipeline,SSWGUI-244,89949,Task,To Do,SSWGUI,SSWGUI,software,kbassi,,,Medium,,kbassi,kbassi,kbassi,09/Dec/25 2:04 PM,21/Jul/26 7:48 AM,18/Sep/26 3:22 PM,,PI 19,,PI 20,,,,,,EST,TCS,,,0,"Merge the feature branch and complete one integration merge, fixing any bugs identified on the way.",,kbassi,,,,,,,,57600,57600,,0%,57600,57600,,,SSWGUI-249,SSWGUI-242,SSWGUI-248,SSWGUI-243,,,,,SSWGUI-362,SSWGUI-245,,,,,,,,,,,,,,,,,,,,,,,,,," - Merge the feature branch into dev
 - Complete 1 integration merge
 - Fix things that prevent you from merging into dev ",,,,,,,,,,,,,SSWGUI-240,,,In Progress,,,,,,Sprint,,,,,,,No comments by current user.,,,,,,,,,,,,,,,,,,,,,,"1|i07zwc:",,,,,,,,,,,,,,,,Medium,,,,,,,SSWSW Sprint 20.1,,,,,2.0,,,,0%,31/Oct/26 12:00 AM,18/Oct/26 12:00 AM,243,,,,,,,,,,,,,0.0,0.0,,0.0,,,0.0,,,,,,,,
Implement All Post Merge Stages ,SSWGUI-243,89909,Task,To Do,SSWGUI,SSWGUI,software,kbassi,,,Medium,,kbassi,kbassi,kbassi,08/Dec/25 3:16 PM,21/Jul/26 8:10 AM,18/Sep/26 3:22 PM,,PI 19,,PI 20,,,,,,EST,TCS,,,0,"Create/import the jobs for the post merge stage and verify they work in a feature branch

Make ci component & test self in ci component repo.

Apply to the estap and tcap gui repositories in feature branch.

you can verify it works by doing a ""fake"" merge . You can merge into a non-protected branch to verify. ",,jdrouill,kbassi,,,,,,,57600,57600,,0%,57600,57600,,,SSWGUI-249,,,,,,,,SSWGUI-245,SSWGUI-244,,,,,,,SSWGUI-247,,,,,,,,,,,,,,,,,,," - Listed stage passes in dynamic pipeline
 - All required artifacts are collected
- merge and tag in the ci repo
 - Merge to feature branch in the GUI repos",,,,,,,,,,,,,SSWGUI-240,,,In Progress,,,,,,,,,,"Posted on: Thu Jul 02 15:34:38 EDT 2026
In a PI19 Sprint at the beginning of the PI.",,,No comments by current user.,,,,,,,,,,,,,,,,,,,,,,"1|i07zt6:",,,,,,,,,,,,,,,,,,,,,,,SSWSW Sprint 19.6,,,,,2.0,,,,0%,17/Oct/26 12:00 AM,04/Oct/26 12:00 AM,243,,,,,,,,,,,,,,,,,,,,,,,,,,,
Implement Setup & Unit-Functional Stage,SSWGUI-242,89906,Task,Done,SSWGUI,SSWGUI,software,kbassi,,,Medium,Done,jziobron,kbassi,kbassi,08/Dec/25 3:16 PM,10/Sep/26 5:05 PM,24/Aug/26 9:01 AM,26/Aug/26 9:08 AM,PI 19,,PI 19,,,,,,Common,EST,TCS,,0,"Create/import the jobs for the unit-functional stage and verify they work in a feature branch

Make ci component & test self in ci component repo.

Apply to the estap and tcap gui repositories in feature branch.

Assumption: tests work
 * npm run unit:test 
 * compile protos",,jdrouill,kbassi,,,,,,,28800,28800,,0%,28800,28800,,,SSWGUI-249,SSWGUI-248,,,,,,,SSWGUI-245,SSWGUI-244,,,,,,,SSWGUI-247,,,,,,,,,,,,,,,,,,," - Listed stage passes in dynamic pipeline
 - All required artifacts are collected
- merge and tag in the ci repo
 - Merge to feature branch in the GUI repos",,,,,,,,,,,,,SSWGUI-240,,,In Progress,,,,,,,,,,"Posted on: Wed Jul 29 13:47:50 EDT 2026
approved",,,No comments by current user.,,,,,,,,,,,,,,,,,,,,,,"1|i07zwx:",,,,,,,,,,,,,,,,,,,,,,,SSWSW Sprint 19.5,,,,,1.0,,,,100%,12/Aug/26 12:00 AM,30/Jul/26 12:00 AM,243,,,,,,,,,,,,,,,,,,,,,,,,"29/Jul/26 1:47 PM;kbassi;approved;;;",,,
Implement Code Coverage Stage,SSWGUI-241,89907,Task,In Progress,SSWGUI,SSWGUI,software,kbassi,,,Medium,,jziobron,kbassi,kbassi,08/Dec/25 3:16 PM,18/Sep/26 9:22 AM,18/Sep/26 3:22 PM,,PI 19,,PI 19,PI 20,,,,,Common,EST,TCS,,0,"Create/import the jobs for the code coverage stage and verify they work in a feature branch

Make component & test self in ci component repo.

Apply to the estap and tcap gui repositories in feature branch.

Combine all coverage xml reports for playwright, storybook, and jest into one final coverage report

Use either a merge rule or new job to prevent merge if the code coverage of the merge branch is less than the development branch",,jdrouill,kbassi,,,,,,,57600,57600,,0%,57600,57600,,,SSWGUI-250,SSWGUI-249,,,,,,,SSWGUI-245,,,,,,,,SSWGUI-247,,,,,,,,,,,,,,,,,,," - Listed stage passes in dynamic pipeline
 - All required artifacts are collected
- merge and tag in the ci repo
 - Merge to feature branch in the GUI repos",,,,,,,,,,,,,SSWGUI-240,,,In Progress,,,,,,,,,,"Posted on: Thu Jul 02 15:35:10 EDT 2026
In a PI19 Sprint at the beginning of the PI.",,,No comments by current user.,,,,,,,,,,,,,,,,,,,,,,"1|hzwrwk:",,,,,,,,,,,,,,,,,,,,,,,SSWSW Sprint 19.3,,,,,2.0,,,,66%,23/Sep/26 12:00 AM,10/Sep/26 12:00 AM,243,,,,,,,,,,,,,,,,,,,,,,,,,,,
CI/CD for GUI Pipelines,SSWGUI-240,89902,Epic,In Progress,SSWGUI,SSWGUI,software,kbassi,,,Medium,,jziobron,kbassi,kbassi,08/Dec/25 3:01 PM,03/Sep/26 9:40 AM,18/Sep/26 3:22 PM,,PI 19,,PI 20,,,,,,Common,EST,TCS,,0,"*Summary:*

Our current CI/CD process is not staged (i.e.: all lints/tests are ran on every development merge). Moving forward, we would like to speed up the iteration process for developers by separating out levels of testing and mapping them to different branches. This means that acceptance tests will run on merges to integration, and errors will be kicked back in the form of new tasks. Developers will only need to verify to the unit/functional level (can manually run acceptance tests if updating/implementing them). Staging will also allow us to implement a pre-release versioning scheme that maps to the larger project CI/CD process.

*Project Impact:*
What Problem Does this Solve:
 * Slow merge process into development

How does this fit into the larger project:
 * Updates our versioning scheme and mapped level of confidence to be aligned with the larger project

*Implementation Overview:*
High Level Overview:
 * Create prototype CI/CD design
 * Implement each stage in a feature branch
 * Merge the feature branch, go through the process, and fix bugs

Key Components/Docs/Specs:
 * meets LM needs for deliverables

*Risks and Considerations*
 * None

Output: 
 * Document/design new pipeline architecture
 * Validate Stage Exists in pipeline
 * Build Stage Exists in pipeline
 * Unit-functional Stage Exists  in pipeline
 * Code-Coverage Stage Exists in pipeline
 * Post Merge Stage Exists in pipeline
 * Acceptance Stage Exists in pipeline

Additional Notes: 
Reference the pipeline jobs created in the controller repos https://192.168.3.34/jira1/browse/SSWSW-10565",,kbassi,,,,,,,,0,0,,0%,0,0,,,,,,,,,,,,,,,,,,,,,,,,,,,,,,,,,,,,,,,,,,,,,,,,,,ghx-label-11,,CI/CD for GUI Pipelines,In Progress,,,,,,,Sprint,,,,"Posted on: Wed Jul 01 14:02:12 EDT 2026
approved. ",,,No comments by current user.,,,,,,,,,,,,,,,,,,,,,,"1|i07xej:",,,,,,,,,,,,,,,,Medium,,,,,,,,,,,,,,,,49%,11/Dec/26 12:00 AM,28/Jun/26 12:00 AM,243,,,,,,,,,,,,20.0,5.0,4.0,,,20.0,21.3,25.0,20.0,160.0,126.0,34.0,"01/Jul/26 2:02 PM;kbassi;approved. ;;;",,,
Integrate with MES Display Routing Service,SSWGUI-236,101366,Story,Done,SSWGUI,SSWGUI,software,kbassi,,,Medium,Done,cmcverry,kbassi,kbassi,06/May/26 1:55 PM,01/Jul/26 5:48 AM,18/Sep/26 3:22 PM,01/Jul/26 5:48 AM,,,FST,PI 18,,,,,EST,Integration,TCS,,0,"As a ,

I want/need ,

so .

{*}+Description+{*}:
 *  

{+}*Acceptance Criteria*{+}:

GIVEN ,

WHEN ,

THEN .

{+}*UI/UX Notes*{+}:
 *  

{+}*Technical Notes*{+}:
 *  

{color:#de350b}STORY TEMPLATE ABOVE; DELETE IF CREATING AN EPIC{color}

{color:#de350b}EPIC TEMPLATE BELOW; DELETE IF CREATING A STORY{color}

{+}*Summary*{+}:

[Paragraph form]

{+}*Project Impact*{+}:
 * {*}What problem does this solve{*}:
 **  
 * {*}How does this fit into the larger project{*}:
 **  

{+}*Implementation Overview*{+}:
 * {*}High Level Overview{*}:
 **  
 * {*}Key Components/Docs/Specs{*}:
 **  

 ",,kbassi,,,,,,,,0,0,,0%,0,0,,,,,,,,,,,,,,,,,,,,,,,,,,,,,,,,,,,,,,,,,,,,,,cmcverry,,,,,SSWGUI-205,,,To Do,,,,,,,,,,,,,No comments by current user.,,,,,,,,,,,,,,,,,,,,,,"1|i09j71:",,,,,,,,,,,,,,,,,,,,,,,,,,,,,,,,100%,01/Jul/26 12:00 AM,04/Jun/26 12:00 AM,,,,,,,,,,,,,,0.0,0.0,,0.0,,,0.0,,,,,,,,
"As a operator, I want TCAP GUI to use the same Override UI elements as the rest of the system so I can minimize my mental load.",SSWGUI-228,101353,Story,To Do,SSWGUI,SSWGUI,software,kbassi,,,Medium,,,amessier,amessier,06/May/26 12:55 PM,10/Sep/26 3:49 PM,18/Sep/26 3:22 PM,,,,FST,TCAP GUI 1.0.0-rc,,,,,TCS,,,,0,"{*}Description{*}:

Why is this needed?
 * The operator needs to know and control the live Overrides status to make informed decisions.

Where does this fit in the system?
 * Without live Overrides updates and control, the operator cannot make informed decisions.

Any relevant business or technical context? Anything out of scope?

{*}Acceptance Criteria{*}:
GIVEN the Override component is loaded,

WHEN I observe rendered page,

THEN each override displays it's live status.

–

GIVEN the underlying data changes,

WHEN the component is live,

THEN all override statuses update to reflect the new state without a page reload.

–

GIVEN the component is implemented,

WHEN acceptance tests are run,

THEN all test cases pass against the defined status behaviors and live data requirements.

–
{*}Completion Criteria{*}:
 * Implement Overrides Page
 * Acceptance Test Plan: Overrides Page
 * Acceptance Test: Overrides Page
 * Write Overrides Page Requirements in doors

{*}UI/UX Notes{*}:
 * Create design page to GUI space and link design page here

{*}Technical Notes{*}:
 * Link to Non SSW SDDs and SRSs <\\us-ct-eb01\EBDepts\Eng.454\PROJECTS\Virginia_SSW\5_Team_Working_Area\G_Oneill\Non_SSW_Documents>
 * Link to Engineering GUI Spec - exists in doors.
 * Link to Engineering GUI Spec reference docs <\\us-ct-eb01\EBDepts\Eng.440\Projects-VA\VA SSW\Systems Engineering\Specifications\Engineering GUI SPEC\Reference Documents>
 * Link to GMDS style guide - <X:\Eng.440\Projects-VA\VA SSW\CWS Working Group\SSW HMI GUI>
 * Link to updated CONOPS TBD",,amessier,,,,,,,,,0,,,,0,,,,,,,,,,,,,,,,,,,,,,,,,,,,,,,,,,,,,,,,,,,,,,,,,,,SSWGUI-102,,,To Do,,,,,,,,,,,,,No comments by current user.,,,,,,,,,,,,,,,,,,,,,,"1|i09ja0:",,,,,,,,,,,,,,,,,,,,,,,,,,,,,,,,0%,06/Sep/27 12:00 AM,26/Jul/27 12:00 AM,,,,,,,,,,,,,,0.0,0.0,,0.0,,,0.0,,,,,,,,
"As an operator, I want ESTAP GUI to use the same Override UI elements as the rest of the system so I can minimize my mental load.",SSWGUI-215,101340,Story,To Do,SSWGUI,SSWGUI,software,kbassi,,,Medium,,,amessier,amessier,06/May/26 12:39 PM,10/Sep/26 3:48 PM,18/Sep/26 3:22 PM,,,,ESTAP GUI 1.0.0-rc,FST,,,,,EST,,,,0,"*Description:* 

Why is this needed?
 * The operator needs to know and control the live override status to make informed decisions.

Where does this fit in the system?
 * Without live override updates and control, the operator cannot make informed decisions.

Any relevant business or technical context? Anything out of scope?

{*}Acceptance Criteria{*}:

GIVEN the Override component is loaded,

WHEN I observe rendered page,

THEN each override displays it's live status.

–

GIVEN the underlying data changes,

WHEN the component is live,

THEN all override statuses update to reflect the new state without a page reload.

–

GIVEN the component is implemented,

WHEN acceptance tests are run,

THEN all test cases pass against the defined status behaviors and live data requirements.

–

{*}UI/UX Notes{*}:
 * Create design page to GUI space and link design page here

{*}Technical Notes{*}:
 * Link to Non SSW SDDs and SRSs <\\us-ct-eb01\EBDepts\Eng.454\PROJECTS\Virginia_SSW\5_Team_Working_Area\G_Oneill\Non_SSW_Documents>
 * Link to Engineering GUI Spec - exists in doors.
 * Link to Engineering GUI Spec reference docs <\\us-ct-eb01\EBDepts\Eng.440\Projects-VA\VA SSW\Systems Engineering\Specifications\Engineering GUI SPEC\Reference Documents>
 * Link to GMDS style guide - <X:\Eng.440\Projects-VA\VA SSW\CWS Working Group\SSW HMI GUI>
 * Link to updated CONOPS TBD",,amessier,,,,,,,,,0,,,,0,,,,,,,,,,,,,,,,,,,,,,,,,,,,,,,,,,,,,,,,,,,,,,,,,,,SSWGUI-102,,,To Do,,,,,,,,,,,,,No comments by current user.,,,,,,,,,,,,,,,,,,,,,,"1|i09j74:",,,,,,,,,,,,,,,,,,,,,,,,,,,,,,,,0%,26/Jul/27 12:00 AM,10/Jun/27 12:00 AM,,,,,,,,,,,,,,0.0,0.0,,0.0,,,0.0,,,,,,,,
T9 Animation Area Components,SSWGUI-214,101339,Epic,To Do,SSWGUI,SSWGUI,software,kbassi,,,Medium,,,jziobron,jziobron,06/May/26 12:30 PM,10/Sep/26 3:51 PM,18/Sep/26 3:22 PM,,,,TCAP GUI 1.0.0-rc,,,,,,TCS,,,,0,"As a ,

I want/need ,

so .

{*}+Description+{*}:
 *  

{+}*Acceptance Criteria*{+}:

GIVEN ,

WHEN ,

THEN .

{+}*UI/UX Notes*{+}:
 *  

{+}*Technical Notes*{+}:
 *  

{color:#de350b}STORY TEMPLATE ABOVE; DELETE IF CREATING AN EPIC{color}

{color:#de350b}EPIC TEMPLATE BELOW; DELETE IF CREATING A STORY{color}

{+}*Summary*{+}:

[Paragraph form]

{+}*Project Impact*{+}:
 * {*}What problem does this solve{*}:
 **  
 * {*}How does this fit into the larger project{*}:
 **  

{+}*Implementation Overview*{+}:
 * {*}High Level Overview{*}:
 **  
 * {*}Key Components/Docs/Specs{*}:
 **  

 ",,jziobron,,,,,,,,,0,,,,0,,,SSWGUI-93,,,,,,,,,,,,,,,,,,,,,,,,,,,,,,,,,,,,,,,,,,,,,,,ghx-label-2,,T9 Animation Area Components,To Do,,,,,,,Sprint,,,,,,,No comments by current user.,,,,,,,,SSWGUI-397,,,,,,,,,,,,,,"1|i09ajr:3",,,,,,,,,,,,,,,,Medium,,,,,,,,,,,,,,,,0%,18/Jul/28 12:00 AM,29/Apr/28 12:00 AM,,,,,,,,,,,,,,0.0,0.0,,0.0,,,0.0,,0.0,0.0,0.0,,,,
Integrate with Web gRPC Routing Service Development ,SSWGUI-213,101338,Story,To Do,SSWGUI,SSWGUI,software,kbassi,,,Medium,,,cmcverry,cmcverry,06/May/26 12:23 PM,11/Jun/26 2:35 PM,18/Sep/26 3:22 PM,,,,FST,,,,,,Integration,,,,0,"As a ,

I want/need ,

so .

{*}+Description+{*}:
 *  

{+}*Acceptance Criteria*{+}:

GIVEN ,

WHEN ,

THEN .

{+}*UI/UX Notes*{+}:
 *  

{+}*Technical Notes*{+}:
 *  

 ",,cmcverry,,,,,,,,,0,,,,0,,,,,,,,,,,,,,,,,,,,,,,,,,,,,,,,,,,,,,,,,,,,,,,,,,,SSWGUI-205,,,To Do,,,,,,,,,,,,,No comments by current user.,,,,,,,,,,,,,,,,,,,,,,"1|i09j6w:",,,,,,,,,,,,,,,,,,,,,,,,,,,,,,,,0%,21/Apr/27 12:00 AM,24/Dec/26 12:00 AM,,,,,,,,,,,,,,0.0,0.0,,0.0,,,0.0,,,,,,,,
Integrate with MES Common Header Menu Router Development,SSWGUI-212,101337,Story,To Do,SSWGUI,SSWGUI,software,kbassi,,,Medium,,,cmcverry,cmcverry,06/May/26 12:22 PM,11/Jun/26 2:35 PM,18/Sep/26 3:22 PM,,,,FST,,,,,,Integration,,,,0,"As a ,

I want/need ,

so .

{*}+Description+{*}:
 *  

{+}*Acceptance Criteria*{+}:

GIVEN ,

WHEN ,

THEN .

{+}*UI/UX Notes*{+}:
 *  

{+}*Technical Notes*{+}:
 *  

 ",,cmcverry,,,,,,,,,0,,,,0,,,,,,,,,,,,,,,,,,,,,,,,,,,,,,,,,,,,,,,,,,,,,,,,,,,SSWGUI-205,,,To Do,,,,,,,,,,,,,No comments by current user.,,,,,,,,,,,,,,,,,,,,,,"1|i09j6o:",,,,,,,,,,,,,,,,,,,,,,,,,,,,,,,,0%,17/Aug/27 12:00 AM,20/Apr/27 12:00 AM,,,,,,,,,,,,,,0.0,0.0,,0.0,,,0.0,,,,,,,,
TODO,SSWGUI-211,101336,Story,To Do,SSWGUI,SSWGUI,software,kbassi,,,Medium,,,cmcverry,cmcverry,06/May/26 12:22 PM,11/May/26 10:56 AM,18/Sep/26 3:22 PM,,,,,,,,,,Integration,,,,0,"As a ,

I want/need ,

so .

{*}+Description+{*}:
 *  

{+}*Acceptance Criteria*{+}:

GIVEN ,

WHEN ,

THEN .

{+}*UI/UX Notes*{+}:
 *  

{+}*Technical Notes*{+}:
 *  ",,cmcverry,,,,,,,,,0,,,,0,,,,,,,,,,,,,,,,,,,,,,,,,,,,,,,,,,,,,,,,,,,,,,,,,,,,,,,,,,,,,,,,,,,No comments by current user.,,,,,,,,,,,,,,,,,,,,,,"1|i09j6g:",,,,,,,,,,,,,,,,,,,,,,,,,,,,,,,,,,,,,,,,,,,,,,,,0.0,0.0,,0.0,,,0.0,,,,,,,,
Integrate with MES Common Header GUI Development ,SSWGUI-210,101335,Story,To Do,SSWGUI,SSWGUI,software,kbassi,,,Medium,,,cmcverry,cmcverry,06/May/26 12:22 PM,11/Jun/26 2:20 PM,18/Sep/26 3:22 PM,,,,FST,,,,,,Integration,,,,0,"As a ,

I want/need ,

so .

{*}+Description+{*}:
 *  

{+}*Acceptance Criteria*{+}:

GIVEN ,

WHEN ,

THEN .

{+}*UI/UX Notes*{+}:
 *  

{+}*Technical Notes*{+}:

 

 ",,cmcverry,,,,,,,,,0,,,,0,,,,,,,,,,,,,,,,,,,,,,,,,,,,,,,,,,,,,,,,,,,,,,,,,,,SSWGUI-205,,,To Do,,,,,,,,,,,,,No comments by current user.,,,,,,,,,,,,,,,,,,,,,,"1|i09j68:",,,,,,,,,,,,,,,,,,,,,,,,,,,,,,,,,,,,,,,,,,,,,,,,0.0,0.0,,0.0,,,0.0,,,,,,,,
Integrate with MES Audio Service Development,SSWGUI-209,101334,Story,To Do,SSWGUI,SSWGUI,software,kbassi,,,Medium,,,cmcverry,cmcverry,06/May/26 12:21 PM,11/Jun/26 2:35 PM,18/Sep/26 3:22 PM,,,,,,,,,,Integration,,,,0,"As a ,

I want/need ,

so .

{*}+Description+{*}:
 *  

{+}*Acceptance Criteria*{+}:

GIVEN ,

WHEN ,

THEN .

{+}*UI/UX Notes*{+}:
 *  

{+}*Technical Notes*{+}:
 *  

 ",,cmcverry,,,,,,,,,0,,,,0,,,,,,,,,,,,,,,,,,,,,,,,,,,,,,,,,,,,,,,,,,,,,,,,,,,SSWGUI-205,,,To Do,,,,,,,,,,,,,No comments by current user.,,,,,,,,,,,,,,,,,,,,,,"1|i09j60:",,,,,,,,,,,,,,,,,,,,,,,,,,,,,,,,0%,13/Dec/27 12:00 AM,16/Aug/27 12:00 AM,,,,,,,,,,,,,,0.0,0.0,,0.0,,,0.0,,,,,,,,
Integrate with MES Display Provider Service,SSWGUI-208,101333,Story,To Do,SSWGUI,SSWGUI,software,kbassi,,,Medium,,,cmcverry,cmcverry,06/May/26 12:21 PM,11/Jun/26 2:20 PM,18/Sep/26 3:22 PM,,,,FST,,,,,,Integration,,,,0,"As a ,

I want/need ,

so .

{*}+Description+{*}:
 *  

{+}*Acceptance Criteria*{+}:

GIVEN ,

WHEN ,

THEN .

{+}*UI/UX Notes*{+}:
 *  

{+}*Technical Notes*{+}:
 *  ",,cmcverry,,,,,,,,,0,,,,0,,,,,,,,,,,,,,,,,,,,,,,,,,,,,,,,,,,,,,,,,,,,,,,,,,,SSWGUI-205,,,To Do,,,,,,,,,,,,,No comments by current user.,,,,,,,,,,,,,,,,,,,,,,"1|i09j5s:",,,,,,,,,,,,,,,,,,,,,,,,,,,,,,,,,,,,,,,,,,,,,,,,0.0,0.0,,0.0,,,0.0,,,,,,,,
Integrate with MES Video Service,SSWGUI-207,101332,Story,To Do,SSWGUI,SSWGUI,software,kbassi,,,Medium,,,cmcverry,cmcverry,06/May/26 12:20 PM,06/May/26 4:48 PM,18/Sep/26 3:22 PM,,,,,,,,,,Integration,,,,0,"As a ,

I want/need ,

so .

{*}+Description+{*}:
 *  

{+}*Acceptance Criteria*{+}:

GIVEN ,

WHEN ,

THEN .

{+}*UI/UX Notes*{+}:
 *  

{+}*Technical Notes*{+}:
 *  

 

 ",,cmcverry,,,,,,,,,0,,,,0,,,,,,,,,,,,,,,,,,,,,,,,,,,,,,,,,,,,,,,,,,,,,,,,,,,SSWGUI-205,,,To Do,,,,,,,,,,,,,No comments by current user.,,,,,,,,,,,,,,,,,,,,,,"1|i09j5k:",,,,,,,,,,,,,,,,,,,,,,,,,,,,,,,,0%,02/Jul/28 12:00 AM,31/Dec/27 12:00 AM,,,,,,,,,,,,,,0.0,0.0,,0.0,,,0.0,,,,,,,,
MES Services Integration,SSWGUI-205,101330,Epic,To Do,SSWGUI,SSWGUI,software,kbassi,,,Medium,,,cmcverry,cmcverry,06/May/26 12:19 PM,11/May/26 10:22 AM,18/Sep/26 3:22 PM,,,,,,,,,,Integration,,,,0,"{+}*Summary*{+}:

[Paragraph form]

{+}*Project Impact*{+}:
 * {*}What problem does this solve{*}:
 **  
 * {*}How does this fit into the larger project{*}:
 **  

{+}*Implementation Overview*{+}:
 * {*}High Level Overview{*}:
 **  
 * {*}Key Components/Docs/Specs{*}:
 **  

 ",,cmcverry,,,,,,,,,0,,,,0,,,,,,,,,,,,,,,,,,,,,,,,,,,,,,,,,,,,,,,,,,,,,,,,,,ghx-label-13,,MES Services Integration,To Do,,,,,,,Sprint,,,,,,,No comments by current user.,,,,,,,,,,,,,,,,,,,,,,"1|i09j54:",,,,,,,,,,,,,,,,Medium,,,,,,,,,,,,,,,,,,,,,,,,,,,,,,,,0.0,0.0,,0.0,,,0.0,,0.0,0.0,0.0,,,,
"As an operator, I would like controls and status of Overrides to be common flow accross all subsystems to reduce my mental load in mission",SSWGUI-199,101322,Story,To Do,SSWGUI,SSWGUI,software,kbassi,,,Medium,,schatter,amessier,amessier,06/May/26 12:09 PM,10/Sep/26 3:47 PM,18/Sep/26 3:22 PM,,,,ESTAP GUI 1.0.0-rc,FST,TCAP GUI 1.0.0-rc,,,,Common,,,,0,"Description: 

Why is this needed?
 * These GUI components should be used declaratively in other GUI code.

Where does this fit in the system?
 * Maintaining a standardized look and feel for things in the GUI

Any relevant business or technical context? Anything out of scope?

N/A

Acceptance Criteria: N/A

UI/UX Notes:
 * TODO - move design page to GUI space and link design page here

Technical Notes:
 * Link to Non SSW SDDs and SRSs <\\us-ct-eb01\EBDepts\Eng.454\PROJECTS\Virginia_SSW\5_Team_Working_Area\G_Oneill\Non_SSW_Documents>
 * Link to Engineering GUI Spec - exists in doors.
 * Link to Engineering GUI Spec reference docs <\\us-ct-eb01\EBDepts\Eng.440\Projects-VA\VA SSW\Systems Engineering\Specifications\Engineering GUI SPEC\Reference Documents>
 * Link to GMDS style guide - <X:\Eng.440\Projects-VA\VA SSW\CWS Working Group\SSW HMI GUI>
 * Link to updated CONOPS TBD",,amessier,,,,,,,,,0,,,,0,,,,,,,,,,,,,,,,,,,,,,,,,,,,,,,,,,,,,,"Output:
- Approved UI Design
- Design Pages for all visual components
- All components defined in High level overview are created. Tested with unit and functional tests",,,,,,,,,,,,,SSWGUI-102,,,To Do,,,,,,,,,,,,,No comments by current user.,,,,,,,,,,,,,,,,,,,,,,"1|i09j3c:",,,,,,,,,,,,,,,,,,,,,,,,,,,,,,,,0%,10/Jun/27 12:00 AM,01/May/27 12:00 AM,,,,,,,,,,,,,,0.0,0.0,,0.0,,,0.0,,,,,,,,
OBE,SSWGUI-198,101321,Task,Cancelled,SSWGUI,SSWGUI,software,kbassi,,,Medium,Won't Do,,amessier,amessier,06/May/26 12:00 PM,06/May/26 3:22 PM,18/Sep/26 3:22 PM,06/May/26 1:16 PM,,,,,,,,,,,,,0,,,amessier,,,,,,,,0,0,,0%,0,0,,,,,,,,,,,,,,,,,,,,,,,,,,,,,,,,,,,,,,,,,,,,,,,,,,,,,,,,,,,,Sprint,,,,,,,No comments by current user.,,,,,,,,,,,,,,,,,,,,,,"1|i09j34:",,,,,,,,,,,,,,,,Medium,,,,,,,,,,,,0.0,,,,,,,,,,,,,,,,,,,,0.0,0.0,,0.0,,,0.0,,,,,,,,
Alert Manager ,SSWGUI-190,101311,Epic,To Do,SSWGUI,SSWGUI,software,kbassi,,,Medium,,,kbassi,kbassi,06/May/26 11:45 AM,10/Sep/26 4:12 PM,18/Sep/26 3:22 PM,,,,FST,,,,,,Alert Manager,,,,0,"As a ,

I want/need ,

so .

{*}+Description+{*}:
 *  

{+}*Acceptance Criteria*{+}:

GIVEN ,

WHEN ,

THEN .

{+}*UI/UX Notes*{+}:
 *  

{+}*Technical Notes*{+}:
 *  

{color:#de350b}STORY TEMPLATE ABOVE; DELETE IF CREATING AN EPIC{color}

{color:#de350b}EPIC TEMPLATE BELOW; DELETE IF CREATING A STORY{color}

{+}*Summary*{+}:

[Paragraph form]

{+}*Project Impact*{+}:
 * {*}What problem does this solve{*}:
 **  
 * {*}How does this fit into the larger project{*}:
 **  

{+}*Implementation Overview*{+}:
 * {*}High Level Overview{*}:
 **  
 * {*}Key Components/Docs/Specs{*}:
 **  

 ",,kbassi,,,,,,,,,0,,,,0,,,,,,,,,,,SSWSYS-3672,,,,,,,,,,,,,,,,,,,,,,,,,,,,,,,,,,,,,,,ghx-label-8,,Alert Manager ,To Do,,,,,,,Sprint,,,,,,,No comments by current user.,,,,,,,,SSWGUI-397,,,,,,,,,,,,,,"1|i09ajr:8",,,,,,,,,,,,,,,,Medium,,,,,,,,,,,,,,,,0%,22/Feb/28 12:00 AM,09/Nov/27 12:00 AM,,,,,,,,,,,,,,0.0,0.0,,0.0,,,0.0,,0.0,0.0,0.0,,,,
Create Design Page for the TCS Status Sidebar - Drop Down Menu for Page Selection,SSWGUI-159,101280,Task,Cancelled,SSWGUI,SSWGUI,software,kbassi,,,Medium,Won't Do,,jziobron,jziobron,06/May/26 11:44 AM,06/May/26 12:00 PM,24/Aug/26 9:29 AM,06/May/26 11:59 AM,,,,,,,,,,,,,0,,,jziobron,,,,,,,,0,0,,0%,0,0,,,,,,,,,,,,,,,,,,,,,,,,,,,,,,,,,,,,,,,,,,,,,,,,,,,,,,,,,,,,Sprint,,,,,,,No comments by current user.,,,,,,,,,,,,,,,,,,,,,,"1|i09ajs:5amx",,,,,,,,,,,,,,,,Medium,,,,,,,,,,,,0.0,,,,,,,,,,,,,,,,,,,,0.0,0.0,,0.0,,,0.0,,,,,,,,
Adjudicate Comments for Design Page for the TCS Status Sidebar - Drop Down Menu for Page Selection,SSWGUI-157,101278,Task,Cancelled,SSWGUI,SSWGUI,software,kbassi,,,Medium,Won't Do,,jziobron,jziobron,06/May/26 11:44 AM,06/May/26 12:00 PM,24/Aug/26 9:29 AM,06/May/26 11:59 AM,,,,,,,,,,,,,0,,,jziobron,,,,,,,,0,0,,0%,0,0,,,,,,,,,,,,,,,,,,,,,,,,,,,,,,,,,,,,,,,,,,,,,,,,,,,,,,,,,,,,Sprint,,,,,,,No comments by current user.,,,,,,,,,,,,,,,,,,,,,,"1|i09ajs:5amzc",,,,,,,,,,,,,,,,Medium,,,,,,,,,,,,0.0,,,,,,,,,,,,,,,,,,,,0.0,0.0,,0.0,,,0.0,,,,,,,,
Implement TCS Status Sidebar - Drop Down Menu for Page Selection,SSWGUI-155,101276,Task,Cancelled,SSWGUI,SSWGUI,software,kbassi,,,Medium,Won't Do,,jziobron,jziobron,06/May/26 11:44 AM,06/May/26 12:00 PM,24/Aug/26 9:29 AM,06/May/26 11:56 AM,,,,,,,,,,,,,0,,,jziobron,,,,,,,,0,0,,0%,0,0,,,,,,,,,,,,,,,,,,,,,,,,,,,,,,,,,,,,,,,,,,,,,,,,,,,,,,,,,,,,Sprint,,,,,,,No comments by current user.,,,,,,,,,,,,,,,,,,,,,,"1|i09ajs:5amzw",,,,,,,,,,,,,,,,Medium,,,,,,,,,,,,0.0,,,,,,,,,,,,,,,,,,,,0.0,0.0,,0.0,,,0.0,,,,,,,,
Tube 10 Commands Touch Screen MVP,SSWGUI-152,101273,Story,SW Dev,SSWGUI,SSWGUI,software,kbassi,,,Medium,,amessier,jziobron,jziobron,06/May/26 11:44 AM,11/Sep/26 6:05 PM,18/Sep/26 3:22 PM,,,,FST,PI 19,TCAP GUI 1.0.0-rc,,,,TCS,,,,0,"As an operator,

I want to have F/D and Bottom Hatch controls available,

so I can perform all the actions I need to during a mission.

{*}+Description+{*}:
 * The operator requires data points and controls that do not easily fit within the animation area. This story covers the need for certain controls to be made available during the T10 ops. 

{+}*Acceptance Criteria*{+}:

GIVEN the appropriate T10 Statuses are available on the display,

WHEN the operator navigates to the T10 control screen,

THEN operator will find all relevant commands to perform F/D and Bottom Hatch Commands.

{+}*UI/UX Notes*{+}:
 * Keep in mind the source of different pieces of data 
 * Need to represent signal lost, all valid states, unknown, etc. 

{+}*Technical Notes*{+}:
 * n/a

 ",,jziobron,,,,,,,,,0,,,0,0,,,,,,,,,,,SSWGUI-143,,,,,,,,,,,,,,,,,,,,,,,,,,,"Pre-design completed
UI design completed that covers all edge cases
SSS and SRS requirements exist
Component implemented, unit tested, and acceptance tested",,,,,,,,amessier,,,,,SSWGUI-92,,,In Progress,,,,,,,,,,,,,No comments by current user.,,,,,,,,,,,,,,,,,,,,,,"1|i09ajs:2",,,,,,,,,,,,,,,,,,,,,,,,,,,,,,,,82%,12/Oct/26 12:00 AM,04/Jun/26 12:00 AM,,,,,,,,,,,,,,0.0,0.0,,0.0,,,0.0,,,,,,,,
TCS Status Sidebar  - Pressure Indications,SSWGUI-151,101272,Story,SW Dev,SSWGUI,SSWGUI,software,kbassi,,,Medium,,akee,jziobron,jziobron,06/May/26 11:43 AM,11/Sep/26 6:05 PM,18/Sep/26 3:22 PM,,,,FST,PI 19,PI 20,TCAP GUI 1.0.0-rc,,,TCS,,,,0,"As an operator,

I want to have pressure indications available in a easy-to-read manner,

so I can easily grasp the relevant system state while performing an action .

{*}+Description+{*}:
 * The pressure relative to the sea and to the boat is relevant to the operator when they are trying to perform hatch and F/D commands. The pressure may impact whether or not certain commands are allowable.

{+}*Acceptance Criteria*{+}:

GIVEN the operator wants to open the bottom hatch,

WHEN the operator views the pressure indication,

THEN the content is formatted in a easy to understand manner and conveys at a glance if the hatch could be opened.

{+}*UI/UX Notes*{+}:
 * Need to represent signal lost, all valid states, unknown, etc. 

{+}*Technical Notes*{+}:
 * n/a",,jziobron,,,,,,,,,0,,,0,0,,,,,,,,,,,SSWGUI-143,,,,,,,,,,,,,,,,"27/Aug/26 11:36 AM;kbassi;image-2026-08-27-11-36-16-712.png;https://192.168.3.34/jira1/secure/attachment/21116/image-2026-08-27-11-36-16-712.png",,,,,,,,,,,,,,,,,,,akee,,,,,SSWGUI-92,,,In Progress,,,,,,,,,,,,,No comments by current user.,,,,,,,,,,,,,,,,,,,,,,"1|i09ajs:4i",,,,,,,,,,,,,,,,,,,,,,,,,,,,,,,,14%,17/Dec/26 12:00 AM,03/Sep/26 12:00 AM,,,,,,,,,,,,,,0.0,0.0,,0.0,,,0.0,,,,,,,,
OBE,SSWGUI-150,101271,Story,To Do,SSWGUI,SSWGUI,software,kbassi,,,Medium,,,jziobron,jziobron,06/May/26 11:43 AM,10/Sep/26 4:08 PM,18/Sep/26 3:22 PM,,,,,,,,,,,,,,0,"As a ,

I want/need ,

so .

{*}+Description+{*}:
 *  

{+}*Acceptance Criteria*{+}:

GIVEN ,

WHEN ,

THEN .

{+}*UI/UX Notes*{+}:
 *  

{+}*Technical Notes*{+}:
 *  

{color:#de350b}STORY TEMPLATE ABOVE; DELETE IF CREATING AN EPIC{color}

{color:#de350b}EPIC TEMPLATE BELOW; DELETE IF CREATING A STORY{color}

{+}*Summary*{+}:

[Paragraph form]

{+}*Project Impact*{+}:
 * {*}What problem does this solve{*}:
 **  
 * {*}How does this fit into the larger project{*}:
 **  

{+}*Implementation Overview*{+}:
 * {*}High Level Overview{*}:
 **  
 * {*}Key Components/Docs/Specs{*}:
 **  

 ",,jziobron,,,,,,,,,0,,,,0,,,,,,,,,,,,,,,,,,,,,,,,,,,,,,,,,,,,,,,,,,,,,,,,,,,,,,,,,,,,,,,,,,,No comments by current user.,,,,,,,,,,,,,,,,,,,,,,"1|i09ajs:54",,,,,,,,,,,,,,,,,,,,,,,,,,,,,,,,,,,,,,,,,,,,,,,,0.0,0.0,,0.0,,,0.0,,,,,,,,
Put together T10 Animation Area Component,SSWGUI-149,101270,Story,To Do,SSWGUI,SSWGUI,software,kbassi,,,Medium,,schatter,jziobron,jziobron,06/May/26 11:43 AM,08/Sep/26 9:31 AM,18/Sep/26 3:22 PM,,FST,PI 20,FST,PI 21,TCAP GUI 1.0.0-rc,,,,TCS,,,,0,"As an operator,

I want/need a control screen that allows me to control the TCS Tube 10 valves and see a visual representation of the state of Tube 10,

so that I can successfully and safely perform TCS valve operations for Tube 10.

{*}+Description+{*}:

This component will be the operator's primary means of visually indicating the state of Tube 10 and exposing automatic valve controls.

Included in this screen will be:
 * Controls for:
 ** opening/shutting TD valves
 * Indications for:
 ** tube equalized to sea state
 ** top hatch open/shut-locked state
 *** pin-lock disengaged state
 ** bottom hatch open/shut-locked state
 ** TD valve positions
 ** water flow in piping/valves
 ** fill level in IBT (only graphical)
 ** tube liquid level
 *** graphical representation (water fill)
 *** % full
 *** inches in Allocated Baseline (ABL)
 ** upper electrode wetted state
 ** E-Stop state

{+}*Acceptance Criteria*{+}:

GIVEN there exists a TCAP T10 Animation Area component,

WHEN I navigate to a GUI page containing this component,

THEN I should be able to see up-to-date indications of Tube 10's state.

 

GIVEN there exists a TCAP T10 Animation Area component,

WHEN I navigate to a GUI page containing this component,

THEN I should be able to interact with TD valve controls in the animation area to order valves to be open/closed.

{+}*UI/UX Notes*{+}:
 * There needs to be deliberation on how we visually communicate the reason that some valve control might inoperable.
 * There needs to be deliberation on how we represent unknown state in the Tube 10 Animation Area

{+}*Technical Notes*{+}:
 * Electronically operated valves will have button controls within the Tube 10 Animation area itself
 ** Determine how to clearly differentiate between valves that can only be manually operated (if any) in the animation area
 * Representing water flow rate via animation will require some additional deliberation (see spike [https://192.168.3.34/jira1/browse/SSWGUI-153])

 ",,jziobron,,,,,,,,0,0,,0%,0,0,,,SSWGUI-402,SSWGUI-405,SSWGUI-406,SSWGUI-407,SSWGUI-400,SSWGUI-153,SSWGUI-408,SSWGUI-404,,,,,,,,,,,,,,,,,,,,,,,,,,,,,,,,,,,,,,,,,SSWGUI-93,,,In Progress,,,,,,,,,,,,,No comments by current user.,,,,,,,,,,,,,,,,,,,,,,"1|i09ajs:59i",,,,,,,,,,,,,,,,,,,,,,,,,,,,,,,,0%,10/Mar/27 12:00 AM,04/Feb/27 12:00 AM,,,,,,,,,,,,,,0.0,0.0,,0.0,,,0.0,,,,,,,,
OBE,SSWGUI-148,101269,Story,To Do,SSWGUI,SSWGUI,software,kbassi,,,Medium,,,jziobron,jziobron,06/May/26 11:43 AM,10/Sep/26 4:08 PM,18/Sep/26 3:22 PM,,,,,,,,,,,,,,0,"As a ,

I want/need ,

so .

{*}+Description+{*}:
 *  

{+}*Acceptance Criteria*{+}:

GIVEN ,

WHEN ,

THEN .

{+}*UI/UX Notes*{+}:
 *  

{+}*Technical Notes*{+}:
 *  

{color:#de350b}STORY TEMPLATE ABOVE; DELETE IF CREATING AN EPIC{color}

{color:#de350b}EPIC TEMPLATE BELOW; DELETE IF CREATING A STORY{color}

{+}*Summary*{+}:

[Paragraph form]

{+}*Project Impact*{+}:
 * {*}What problem does this solve{*}:
 **  
 * {*}How does this fit into the larger project{*}:
 **  

{+}*Implementation Overview*{+}:
 * {*}High Level Overview{*}:
 **  
 * {*}Key Components/Docs/Specs{*}:
 **  

 ",,jziobron,,,,,,,,,0,,,,0,,,,,,,,,,,,,,,,,,,,,,,,,,,,,,,,,,,,,,,,,,,,,,,,,,,,,,,,,,,,,,,,,,,No comments by current user.,,,,,,,,,,,,,,,,,,,,,,"1|i09ajs:5aj9",,,,,,,,,,,,,,,,,,,,,,,,,,,,,,,,,,,,,,,,,,,,,,,,0.0,0.0,,0.0,,,0.0,,,,,,,,
OBE,SSWGUI-147,101268,Story,To Do,SSWGUI,SSWGUI,software,kbassi,,,Medium,,,jziobron,jziobron,06/May/26 11:43 AM,10/Sep/26 4:08 PM,18/Sep/26 3:22 PM,,,,,,,,,,,,,,0,"As a ,

I want/need ,

so .

{*}+Description+{*}:
 *  

{+}*Acceptance Criteria*{+}:

GIVEN ,

WHEN ,

THEN .

{+}*UI/UX Notes*{+}:
 *  

{+}*Technical Notes*{+}:
 *  

{color:#de350b}STORY TEMPLATE ABOVE; DELETE IF CREATING AN EPIC{color}

{color:#de350b}EPIC TEMPLATE BELOW; DELETE IF CREATING A STORY{color}

{+}*Summary*{+}:

[Paragraph form]

{+}*Project Impact*{+}:
 * {*}What problem does this solve{*}:
 **  
 * {*}How does this fit into the larger project{*}:
 **  

{+}*Implementation Overview*{+}:
 * {*}High Level Overview{*}:
 **  
 * {*}Key Components/Docs/Specs{*}:
 **  

 ",,jziobron,,,,,,,,,0,,,,0,,,,,,,,,,,,,,,,,,,,,,,,,,,,,,,,,,,,,,,,,,,,,,,,,,,,,,,,,,,,,,,,,,,No comments by current user.,,,,,,,,,,,,,,,,,,,,,,"1|i09ajs:5al",,,,,,,,,,,,,,,,,,,,,,,,,,,,,,,,,,,,,,,,,,,,,,,,0.0,0.0,,0.0,,,0.0,,,,,,,,
T10 Control Screen Design Page,SSWGUI-146,101267,Story,Cancelled,SSWGUI,SSWGUI,software,kbassi,,,Medium,Won't Do,,jziobron,jziobron,06/May/26 11:43 AM,02/Sep/26 7:57 AM,18/Sep/26 3:22 PM,27/Aug/26 11:53 AM,,,,,,,,,TCS,,,,0,"As an operator ,

I want to have one spot for me to view all relevant statuses associated with my current set of T10 operations,

so I can maintain situational awareness.

{*}+Description+{*}:
 * The operator requires data points and controls that do not easily fit within the animation area. This story covers the need for certain controls to be made available during the T10 ops. 

{+}*Acceptance Criteria*{+}:

GIVEN the appropriate T10 Statuses are available on the display,

WHEN the operator navigates to the T10 control screen,

THEN operator will find all relevant commands to perform F/D and Bottom Hatch Commands.

{+}*UI/UX Notes*{+}:
 * Keep in mind the source of different pieces of data 
 * Need to represent signal lost, all valid states, unknown, etc. 

{+}*Technical Notes*{+}:
 * n/a",,jziobron,kbassi,,,,,,,0,0,,0%,0,0,,,,,,,,,,,,,,,,,,,,,,,,,,,,,,,,,,,,,,'- put together page with animation area placeholder,,,,,,,,,,,,,,,,,,,,,,,,,,"Posted on: Wed Aug 26 10:48:35 EDT 2026
duplicate of SSWGUI-143",,,No comments by current user.,,,,,,,,,,,,,,,,,,,,,,"1|i09ajs:5a9",,,,,,,,,,,,,,,,,,,,,,,,,,,,0.0,,,,99%,19/Sep/26 12:00 AM,01/Jul/26 12:00 AM,,,,,,,,,,,,,,0.0,0.0,,0.0,,,0.0,,,,,"26/Aug/26 10:48 AM;kbassi;duplicate of SSWGUI-143;;;",,,
OBE,SSWGUI-145,101266,Story,To Do,SSWGUI,SSWGUI,software,kbassi,,,Medium,,,jziobron,jziobron,06/May/26 11:43 AM,10/Sep/26 4:08 PM,18/Sep/26 3:22 PM,,,,,,,,,,,,,,0,"As a ,

I want/need ,

so .

{*}+Description+{*}:
 *  

{+}*Acceptance Criteria*{+}:

GIVEN ,

WHEN ,

THEN .

{+}*UI/UX Notes*{+}:
 *  

{+}*Technical Notes*{+}:
 *  

{color:#de350b}STORY TEMPLATE ABOVE; DELETE IF CREATING AN EPIC{color}

{color:#de350b}EPIC TEMPLATE BELOW; DELETE IF CREATING A STORY{color}

{+}*Summary*{+}:

[Paragraph form]

{+}*Project Impact*{+}:
 * {*}What problem does this solve{*}:
 **  
 * {*}How does this fit into the larger project{*}:
 **  

{+}*Implementation Overview*{+}:
 * {*}High Level Overview{*}:
 **  
 * {*}Key Components/Docs/Specs{*}:
 **  

 ",,jziobron,,,,,,,,,0,,,,0,,,,,,,,,,,,,,,,,,,,,,,,,,,,,,,,,,,,,,,,,,,,,,,,,,,,,,,,,,,,,,,,,,,No comments by current user.,,,,,,,,,,,,,,,,,,,,,,"1|i09ajs:5am9",,,,,,,,,,,,,,,,,,,,,,,,,,,,,,,,,,,,,,,,,,,,,,,,0.0,0.0,,0.0,,,0.0,,,,,,,,
Common Command Submit Error,SSWGUI-144,101265,Story,To Do,SSWGUI,SSWGUI,software,kbassi,,,Medium,,,jziobron,jziobron,06/May/26 11:43 AM,30/Jun/26 4:32 PM,18/Sep/26 3:22 PM,,,,,,,,,,,,,,0,"As an Operator,

I want a consistent piece of feedback upon failure to submit a command,

so I can understand that my action registered and failed due to a known reason.

{*}+Description+{*}:
 * Create a common component that represents a failure message when submitting a command fails

{+}*Acceptance Criteria*{+}:

GIVEN a command is submitted,

WHEN it fails,

THEN a consistent error message is shown.

{+}*UI/UX Notes*{+}:
 * N/A

{+}*Technical Notes*{+}:
 * Consider if some disconnect state is real, if it should be mutated in this component or not",,jziobron,,,,,,,,,0,,,,0,,,,,,,,,,,,,,,,,,,,,,,,,,,,,,,,,,,,,,,,,,,,,,,,,,,,,,,,,,,,,,,,,,,No comments by current user.,,,,,,,,,,,,,,,,,,,,,,"1|i09ajs:5aii",,,,,,,,,,,,,,,,,,,,,,,,,,,,,,,,,,,,,,,,,,,,,,,,0.0,0.0,,0.0,,,0.0,,,,,,,,
T10 Monitor Screen,SSWGUI-143,101264,Story,To Do,SSWGUI,SSWGUI,software,kbassi,,,Medium,,amessier,jziobron,jziobron,06/May/26 11:43 AM,10/Sep/26 3:39 PM,18/Sep/26 3:22 PM,,,,FST,TCAP GUI 1.0.0-rc,,,,,TCS,,,,0,"As a ,

I want/need ,

so .

{*}+Description+{*}:
 *  

{+}*Acceptance Criteria*{+}:

GIVEN ,

WHEN ,

THEN .

{+}*UI/UX Notes*{+}:
 *  

{+}*Technical Notes*{+}:
 *  

{color:#de350b}STORY TEMPLATE ABOVE; DELETE IF CREATING AN EPIC{color}

{color:#de350b}EPIC TEMPLATE BELOW; DELETE IF CREATING A STORY{color}

{+}*Summary*{+}:

[Paragraph form]

{+}*Project Impact*{+}:
 * {*}What problem does this solve{*}:
 **  
 * {*}How does this fit into the larger project{*}:
 **  

{+}*Implementation Overview*{+}:
 * {*}High Level Overview{*}:
 **  
 * {*}Key Components/Docs/Specs{*}:
 **  

 ",,jziobron,kbassi,,,,,,,0,0,,0%,0,0,,,SSWGUI-151,SSWGUI-152,SSWGUI-142,,,,,,,,,,,,,,,,,,,,,,,,,,,,,,,,,,,,,,,,,,,,,,SSWGUI-92,,,In Progress,,,,,,,,,,,,,No comments by current user.,,,,,,,,,,,,,,,,,,,,,,"1|i09ajs:5amk",,,,,,,,,,,,,,,,,,,,,,,,,,,,0.0,,,,0%,26/Apr/27 12:00 AM,25/Mar/27 12:00 AM,,,,,,,,,,,,,,0.0,0.0,,0.0,,,0.0,,,,,,,,
TCS Status Sidebar Component,SSWGUI-142,101263,Story,To Do,SSWGUI,SSWGUI,software,kbassi,,,Medium,,amessier,jziobron,jziobron,06/May/26 11:43 AM,10/Sep/26 3:39 PM,18/Sep/26 3:22 PM,,FST,PI 21,FST,PI 21,TCAP GUI 1.0.0-rc,,,,TCS,,,,0,"As an operator,

I want to additional status data available relevant to opening and closing the hatch that does not cleanly fit into the animation area,

so I can perform all the actions I need to during a mission.

{*}+Description+{*}:
 * The operator needs to keep an eye on additional pieces of data like access door, bottom hatch, locking ring states, etc. to ensure that they only attempt to open / the bottom hatch when the doors are closed. If the command is not available to them, they need to within a glance of the screen be able to start checking off which conditions could present them from performing actions. 

{+}*Acceptance Criteria*{+}:

GIVEN the operator has both the controls screen and status screen up,

WHEN the operator finds the commands to not be available,

THEN the operator will be able to check which conditions are not met.

{+}*UI/UX Notes*{+}:
 * Need to represent signal lost, all valid states, unknown, etc. 

{+}*Technical Notes*{+}:
 * n/a

 ",,jziobron,,,,,,,,,0,,,,0,,,,,,,,,,,SSWGUI-143,,,,,,,,,,,,,,,,,,,,,,,,,,,,,,,,,,,,,,,,SSWGUI-92,,,In Progress,,,,,,,,,,,,,No comments by current user.,,,,,,,,,,,,,,,,,,,,,,"1|i09ajs:5amm",,,,,,,,,,,,,,,,,,,,,,,,,,,,,,,,0%,16/Mar/27 12:00 AM,26/Nov/26 12:00 AM,,,,,,,,,,,,,,0.0,0.0,,0.0,,,0.0,,,,,,,,
Screen Selection Menu Component,SSWGUI-141,101262,Story,Cancelled,SSWGUI,SSWGUI,software,kbassi,,,Medium,Won't Do,,jziobron,jziobron,06/May/26 11:43 AM,10/Sep/26 4:02 PM,18/Sep/26 3:22 PM,26/Aug/26 10:50 AM,,,FST,PI 20,TCAP GUI 1.0.0-rc,,,,Common,TCS,,,0,"As a ,

I want/need ,

so .

{*}+Description+{*}:
 *  

{+}*Acceptance Criteria*{+}:

GIVEN ,

WHEN ,

THEN .

{+}*UI/UX Notes*{+}:
 *  

{+}*Technical Notes*{+}:
 *  

{color:#de350b}STORY TEMPLATE ABOVE; DELETE IF CREATING AN EPIC{color}

{color:#de350b}EPIC TEMPLATE BELOW; DELETE IF CREATING A STORY{color}

{+}*Summary*{+}:

[Paragraph form]

{+}*Project Impact*{+}:
 * {*}What problem does this solve{*}:
 **  
 * {*}How does this fit into the larger project{*}:
 **  

{+}*Implementation Overview*{+}:
 * {*}High Level Overview{*}:
 **  
 * {*}Key Components/Docs/Specs{*}:
 **  

 ",,jziobron,kbassi,,,,,,,0,0,,0%,0,0,,,,,,,,,,,,,,,,,,,,,,,,,,,,,,,,,,,,,,,,,,,,,,,,,,,SSWGUI-92,,,In Progress,,,,,,,,,,"Posted on: Wed Aug 26 10:50:35 EDT 2026
compohnent is no longer part of the design",,,No comments by current user.,,,,,,,,,,,,,,,,,,,,,,"1|i09ajs:5amp",,,,,,,,,,,,,,,,,,,,,,,,,,,,0.0,,,,0%,03/Dec/26 12:00 AM,04/Nov/26 12:00 AM,,,,,,,,,,,,,,0.0,0.0,,0.0,,,0.0,,,,,"26/Aug/26 10:50 AM;kbassi;compohnent is no longer part of the design;;;",,,
TCAP T9 Ops Components (without animation area),SSWGUI-140,101261,Epic,To Do,SSWGUI,SSWGUI,software,kbassi,,,Medium,,,jziobron,jziobron,06/May/26 11:43 AM,10/Sep/26 3:51 PM,18/Sep/26 3:22 PM,,,,TCAP GUI 1.0.0-rc,,,,,,TCS,,,,0,"As a ,

I want/need ,

so .

{*}+Description+{*}:
 *  

{+}*Acceptance Criteria*{+}:

GIVEN ,

WHEN ,

THEN .

{+}*UI/UX Notes*{+}:
 *  

{+}*Technical Notes*{+}:
 *  

{color:#de350b}STORY TEMPLATE ABOVE; DELETE IF CREATING AN EPIC{color}

{color:#de350b}EPIC TEMPLATE BELOW; DELETE IF CREATING A STORY{color}

{+}*Summary*{+}:

[Paragraph form]

{+}*Project Impact*{+}:
 * {*}What problem does this solve{*}:
 **  
 * {*}How does this fit into the larger project{*}:
 **  

{+}*Implementation Overview*{+}:
 * {*}High Level Overview{*}:
 **  
 * {*}Key Components/Docs/Specs{*}:
 **  

 ",,jziobron,,,,,,,,,0,,,,0,,,,,,,,,,,,,,,,,,,,,,,,,,,,,,,,,,,,,,,,,,,,,,,,,,ghx-label-5,,TCAP T9 Ops Components (without animation area),To Do,,,,,,,Sprint,,,,,,,No comments by current user.,,,,,,,,SSWGUI-397,,,,,,,,,,,,,,"1|i09aju:",,,,,,,,,,,,,,,,Medium,,,,,,,,,,,,,,,,0%,11/Jul/28 12:00 AM,03/Feb/28 12:00 AM,,,,,,,,,,,,,,0.0,0.0,,0.0,,,0.0,,0.0,0.0,0.0,,,,
ESTAP GUI Servo Sub Mode Components,SSWGUI-139,101260,Epic,To Do,SSWGUI,SSWGUI,software,kbassi,,,Medium,,,jziobron,jziobron,06/May/26 11:43 AM,10/Sep/26 4:11 PM,18/Sep/26 3:22 PM,,,,ESTAP GUI 1.0.0-rc,FST,,,,,EST,,,,0,"{+}*Summary*{+}:
Modifications need to be made to the servo sub-mode to create an optimal operator experience. Based on feedback, a few modifications need to be made. One is to make controls to prevent the live slewing of the commands in servo sub-mode.
* Do not allow the operator from biasing the Servo Sub mode in one direction, and immediately swap to the complete opposite direction
Create a mode for configurable servo commands
* The baseline should be a mode where the operator can just command the servo to reel-in or pay-out so that cable loading operations can occur
** A test mode for the actual servo valve belongs under a different screen, under a different set of rules
** Look into providing sinusoidal wave commands to the servo valve (not sure if this is possible)

*NOTE: DO MONITOR DISPLAY BEFORE TOUCHSCREEN*

{+}*Project Impact*{+}:
 * {*}What problem does this solve{*}:
 **  Operator awareness
 *** The operator needs to be able to look at the GUI (whether quickly or focused) and rapidly intake information that is presented in the most efficient way possible. The design needs to be inuitive for an operator. 
 ** Configurability
 *** Operators may need to change the layout of the screen to better match the current situation
 * {*}How does this fit into the larger project{*}:
 **  All pages of the GUI must be optimized for the requirements of the intended functionality. By incorporating engineering and ex-operator feedback this project can better align the GUI to the needs of the future operators.
 ** FST

{+}*Implementation Overview*{+}:
 * {*}High Level Overview{*}:
 ** Create/Update design for the touchscreen
 ** Create/Update design for the monitor screen
 ** Implement updates for each screen in software
 ** Update requirements
 
 * {*}Key Components/Docs/Specs{*}:
 ** Link to Non SSW SDDs and SRSs <\\us-ct-eb01\EBDepts\Eng.454\PROJECTS\Virginia_SSW\5_Team_Working_Area\G_Oneill\Non_SSW_Documents>
 ** Link to Engineering GUI Spec - exists in doors.
 ** Link to Engineering GUI Spec reference docs <\\us-ct-eb01\EBDepts\Eng.440\Projects-VA\VA SSW\Systems Engineering\Specifications\Engineering GUI SPEC\Reference Documents>
 ** Link to GMDS style guide - <X:\Eng.440\Projects-VA\VA SSW\CWS Working Group\SSW HMI GUI>
 ** Link to updated CONOPS *TBD*
 ** *REFER TO THIS - ""\\us-ct-eb01\EBDepts\Eng.440\Projects-VA\VA SSW\CWS Working Group\SSW HMI GUI\Gate Reviews\25% Gate Review\Day 1 Combine Read Ahead Slides\SSN 812 25% GUI Gate Review_Day1_Combined Read-Aheads_with backups_small.pdf""*


",,jziobron,,,,,,,,,0,,,,0,,,,,,,,,,,SSWSYS-3672,,,,,,,,,,,,,,,,,,,,,,,,,,,,,,,,,,,,,,,ghx-label-2,,ESTAP GUI Servo Sub Mode Components,To Do,,,,,,,Sprint,,,,,,,No comments by current user.,,,,,,,,SSWGUI-397,,,,,,,,,,,,,,"1|i09ajr:5",,,,,,,,,,,,,,,,Medium,,,,,,,,,,,,,,,,0%,07/May/27 12:00 AM,30/Nov/26 12:00 AM,,,,,,,,,,,,,,0.0,0.0,,0.0,,,0.0,,0.0,0.0,0.0,,,,
ESTAP GUI Automatic Mode Components,SSWGUI-138,101259,Epic,To Do,SSWGUI,SSWGUI,software,kbassi,,,Medium,,,jziobron,jziobron,06/May/26 11:43 AM,10/Sep/26 4:11 PM,18/Sep/26 3:22 PM,,,,ESTAP GUI 1.0.0-rc,FST,,,,,EST,,,,0,"{+}*Summary*{+}:
Modifications need to be made to the automatic sub-mode to create an optimal operator experience. To improve configurability for the operator an option to have a user save a desired position to their profile will enable the tray to automatically command the tray to a destination position the operator finds to be useful. Secondly a small modification will be made to the package configuration to show the centerline of the Tube 10 ROV to enable a birds-eye view of the tray package. Additionally the operator will be able to rename and define package positions. Finally, some kind of Estimated Time of Arrival of automatic moves will be added somewhere on the GUI for operator awareness.

*NOTE: DO MONITOR DISPLAY BEFORE TOUCHSCREEN*

{+}*Project Impact*{+}:
 * {*}What problem does this solve{*}:
 **  Operator awareness
 *** The operator needs to be able to look at the GUI (whether quickly or focused) and rapidly intake information that is presented in the most efficient way possible. The design needs to be intuitive for an operator. 
 ** Configurability
 *** Operators may need to change the layout of the screen to better match reality
 * {*}How does this fit into the larger project{*}:
 **  All pages of the GUI must be optimized for the requirements of the intended functionality. By incorporating engineering and ex-operator feedback this project can better align the GUI to the needs of the future operators.
 ** FST

{+}*Implementation Overview*{+}:
 * {*}High Level Overview{*}:
 ** Create/Update design for the touchscreen
 ** Create/Update design for the monitor screen
 ** Implement updates for each screen in software
 ** Update requirements
 
 * {*}Key Components/Docs/Specs{*}:
 ** Link to Non SSW SDDs and SRSs <\\us-ct-eb01\EBDepts\Eng.454\PROJECTS\Virginia_SSW\5_Team_Working_Area\G_Oneill\Non_SSW_Documents>
 ** Link to Engineering GUI Spec - exists in doors.
 ** Link to Engineering GUI Spec reference docs <\\us-ct-eb01\EBDepts\Eng.440\Projects-VA\VA SSW\Systems Engineering\Specifications\Engineering GUI SPEC\Reference Documents>
 ** Link to GMDS style guide - <X:\Eng.440\Projects-VA\VA SSW\CWS Working Group\SSW HMI GUI>
 ** Link to updated CONOPS *TBD*
 ** *REFER TO THIS - ""\\us-ct-eb01\EBDepts\Eng.440\Projects-VA\VA SSW\CWS Working Group\SSW HMI GUI\Gate Reviews\25% Gate Review\Day 1 Combine Read Ahead Slides\SSN 812 25% GUI Gate Review_Day1_Combined Read-Aheads_with backups_small.pdf""*


",,jziobron,,,,,,,,,0,,,,0,,,,,,,,,,,SSWSYS-3672,,,,,,,,,,,,,,,,,,,,,,,,,,,,,,,,,,,,,,,ghx-label-13,,ESTAP GUI Automatic Mode Components,To Do,,,,,,,Sprint,,,,,,,No comments by current user.,,,,,,,,SSWGUI-397,,,,,,,,,,,,,,"1|i09ajr:6i",,,,,,,,,,,,,,,,Medium,,,,,,,,,,,,,,,,0%,22/Jul/27 12:00 AM,23/Apr/27 12:00 AM,,,,,,,,,,,,,,0.0,0.0,,0.0,,,0.0,,0.0,0.0,0.0,,,,
Define and Create Common Calibration Workflow,SSWGUI-112,101231,Story,To Do,SSWGUI,SSWGUI,software,kbassi,,,Medium,,cmcverry,cmcverry,cmcverry,06/May/26 10:57 AM,10/Sep/26 3:45 PM,18/Sep/26 3:22 PM,,,,ESTAP GUI 1.0.0-rc,FST,TCAP GUI 1.0.0-rc,,,,Common,,,,0,"As an operator ,

I want/need the front-end design of the tabs for the groups for calibration controls to be visually and behaviorally consistent across the different SSW subsystem GUIS,

so that overall mental load is reduced and I can readily understand how the calibration controls work across different GUIs.

{*}+Description+{*}:
 * Design, implement, unit and acceptance test the common Tabs Calibration Component.
 * Finalize and write corresponding ESTAP GUI SRS and TCAP GUI SRS requirements.

{+}*Acceptance Criteria*{+}:

GIVEN the Common Tabs Calibration Component is implemented,

WHEN an operator interacts with the component,

THEN they will be able to freely switch between calibration component tabs and interact with calibration buttons.

{+}*UI/UX Notes*{+}:
 * The component needs to be designed with parameters that allow for practically any number of calibration control groups (tabs) and controls to populate the rendered component.

{+}*Technical Notes*{+}:
 * Dependent on the Common Pop-up Confirmation Component

 ",,cmcverry,,,,,,,,0,0,,0%,0,0,,,SSWGUI-109,,,,,,,,SSWGUI-111,SSWGUI-110,,,,,,,,,,,,,,,"14/May/26 3:48 PM;amessier;calibration main menu.PNG;https://192.168.3.34/jira1/secure/attachment/20765/calibration+main+menu.PNG","14/May/26 3:50 PM;amessier;calibration pop up.PNG;https://192.168.3.34/jira1/secure/attachment/20766/calibration+pop+up.PNG",,,,,,,,,,,,,,,,,,,,,,,SSWGUI-101,,,To Do,,,,,,,,,,,,,No comments by current user.,,,,,,,,,,,,,,,,,,,,,,"1|i09ix4:",,,,,,,,,,,,,,,,,,,,,,,,,,,,,,,,0%,17/Aug/27 12:00 AM,07/Jul/27 12:00 AM,,,,,,,,,,,,,,0.0,0.0,,0.0,,,0.0,,,,,,,,
TCAP Calibration Page,SSWGUI-111,101230,Story,To Do,SSWGUI,SSWGUI,software,kbassi,,,Medium,,cmcverry,cmcverry,cmcverry,06/May/26 10:55 AM,10/Sep/26 3:46 PM,18/Sep/26 3:22 PM,,,,FST,TCAP GUI 1.0.0-rc,,,,,TCS,,,,0,"As an operator,

I want/need a central page on the TCAP GUI for ordering calibration of sensors,

so that while running the GUI on the tactical system I can adjust calibration values to support SSW operations.

{*}+Description+{*}:
 * Design, implement, unit and acceptance test the TCAP GUI's calibration page.
 * Finalize and write corresponding TCAP GUI SRS requirements.

{+}*Acceptance Criteria*{+}:

GIVEN the TCAP calibration page is implemented,

WHEN I attempt to navigate to the TCAP calibration page,

THEN the GUI successfully renders the page with a layout based on the front-end design.

{+}*UI/UX Notes*{+}:
 * N/A

{+}*Technical Notes*{+}:
 * 
 ** Dependent on the GUI common components for the confirmation pop-up and the calibration tabs being implemented.

 

 ",,cmcverry,,,,,,,,0,0,,0%,0,0,,,SSWGUI-109,SSWGUI-112,,,,,,,,,,,,,,,,,,,,,,,"18/May/26 12:06 PM;amessier;Ambient Pressure.PNG;https://192.168.3.34/jira1/secure/attachment/20792/Ambient+Pressure.PNG","18/May/26 12:05 PM;amessier;calibration main menu.PNG;https://192.168.3.34/jira1/secure/attachment/20790/calibration+main+menu.PNG","18/May/26 12:05 PM;amessier;calibration pop up.PNG;https://192.168.3.34/jira1/secure/attachment/20791/calibration+pop+up.PNG","18/May/26 12:06 PM;amessier;Tube 10 config.PNG;https://192.168.3.34/jira1/secure/attachment/20796/Tube+10+config.PNG","18/May/26 12:06 PM;amessier;Tube 9 config.PNG;https://192.168.3.34/jira1/secure/attachment/20793/Tube+9+config.PNG","18/May/26 12:06 PM;amessier;Tube 9 LPT.PNG;https://192.168.3.34/jira1/secure/attachment/20794/Tube+9+LPT.PNG","18/May/26 12:06 PM;amessier;tube 9 SAPTs.PNG;https://192.168.3.34/jira1/secure/attachment/20795/tube+9+SAPTs.PNG",,,,,,,,,,,,,,,,,,SSWGUI-101,,,To Do,,,,,,,,,,,,,No comments by current user.,,,,,,,,,,,,,,,,,,,,,,"1|i09iww:",,,,,,,,,,,,,,,,,,,,,,,,,,,,,,,,0%,28/Sep/27 12:00 AM,08/Sep/27 12:00 AM,,,,,,,,,,,,,,0.0,0.0,,0.0,,,0.0,,,,,,,,
ESTAP Calibration Page,SSWGUI-110,101229,Story,To Do,SSWGUI,SSWGUI,software,kbassi,,,Medium,,cmcverry,cmcverry,cmcverry,06/May/26 10:54 AM,10/Sep/26 3:45 PM,18/Sep/26 3:22 PM,,,,ESTAP GUI 1.0.0-rc,FST,,,,,EST,,,,0,"As an operator,

I want/need a central page on the ESTAP GUI for ordering calibration of sensors,

so that while running the GUI on the tactical system I can adjust calibration values to support SSW operations.

{*}+Description+{*}:
 * Design, implement, unit and acceptance test the ESTAP GUI's calibration page.
 * Finalize and write corresponding ESTAP GUI SRS requirements.

{+}*Acceptance Criteria*{+}:

GIVEN the ESTAP calibration page is implemented,

WHEN I attempt to navigate to the ESTAP calibration page,

THEN the GUI successfully renders the page with a layout based on the front-end design.

{+}*UI/UX Notes*{+}:
 * N/A

{+}*Technical Notes*{+}:
 * Dependent on the GUI common components for the confirmation pop-up and the calibration tabs being implemented.

 

 ",,cmcverry,,,,,,,,0,0,,0%,0,0,,,SSWGUI-109,SSWGUI-112,,,,,,,,,,,,,,,,,,,,,,,,,,,,,,,,,,,,,,,,,,,,,,,SSWGUI-101,,,To Do,,,,,,,,,,,,,No comments by current user.,,,,,,,,,,,,,,,,,,,,,,"1|i09iwo:",,,,,,,,,,,,,,,,,,,,,,,,,,,,,,,,0%,07/Sep/27 12:00 AM,18/Aug/27 12:00 AM,,,,,,,,,,,,,,0.0,0.0,,0.0,,,0.0,,,,,,,,
OBE,SSWGUI-109,101228,Story,To Do,SSWGUI,SSWGUI,software,kbassi,,,Medium,,cmcverry,cmcverry,cmcverry,06/May/26 10:53 AM,13/May/26 8:55 AM,18/Sep/26 3:22 PM,,,,,,,,,,,,,,0,"As an operator,

I want/need a confirmation pop-up to be rendered when I issue a calibration order,

so that I do not unintentionally order calibration for a control system sensor.

{*}+Description+{*}:
 * Design, implement, unit and acceptance test a common pop-up confirmation component that will be rendered whenever the operator interacts with a calibration button on the calibration component/page.

{+}*Acceptance Criteria*{+}:

GIVEN the confirmation pop-up is implemented,

WHEN I input a calibration value and order calibration of a control system component,

THEN a confirmation pop-up is rendered that requires my input to confirm my intention.

{+}*UI/UX Notes*{+}:
 * Pop-up and internal button styling should be consistent with the GDMS style guide, HMI Spec, etc.
 * The operator MUST interact with the pop-up confirmation before continuing with system operations.

{+}*Technical Notes*{+}:
 * Pop-up component should be implemented to be generic such that it can be used in any SSW subsystem GUI.

 

 ",,cmcverry,,,,,,,,,0,,,,0,,,,,,,,,,,SSWGUI-110,SSWGUI-111,SSWGUI-112,,,,,,,,,,,,,,,,,,,,,,,,,,,,,,,,,,,,,,,,,,,,,,,,,,,,,,No comments by current user.,,,,,,,,,,,,,,,,,,,,,,"1|i09iwg:",,,,,,,,,,,,,,,,,,,,,,,,,,,,,,,,,,,,,,,,,,,,,,,,0.0,0.0,,0.0,,,0.0,,,,,,,,
Write TCAP GUI SRS Requirements,SSWGUI-104,101222,Story,Done,SSWGUI,SSWGUI,software,kbassi,,,Medium,Done,schatter,schatter,schatter,06/May/26 10:40 AM,30/Jun/26 4:46 PM,18/Sep/26 3:22 PM,30/Jun/26 4:46 PM,,,FST,PI 19,TCAP GUI 1.0.0-rc,TCAP GUI SRS CDR Release,,,,,,,0,"* {+}*Summary*{+}:

We have finally gotten the go ahead to make a separate GUI SRS for each tactical GUI. We need to start creating GUI SRSs. 

{+}*Project Impact*{+}:

 ** {*}What problem does this solve{*}:
 *** This creates the GUI SRSs which is what drives development work.
 ** {*}How does this fit into the larger project{*}:
 *** The SRSs define the requirements for the GUIs. 
 *** The development of SRSs will also ensure that the software fulfills system needs.
{+}*Implementation Overview*{+}:

 ** {*}High Level Overview{*}:
 *** A base SRS will be created for each tactical GUI.
 ** {*}Key Components/Docs/Specs{*}:
 *** TCAP GUI SRS
TCS SSS
 ** *Dependencies:*
 ** 
 *** DOORs project being created
+*Completion Criteria:*+

Outputs

 ** An updated TCAP GUI SRS
Specs

 ** The SRS is free of spelling and grammatical errors.
 ** The SRS has no errors exporting from DOORs.
 ** The SRS has links to all SSS requirements.
 ** The SRS has requirements for all software relevant requirements in the SSS.",,schatter,,,,,,,,0,0,,0%,0,0,18000,,,,,,,,,,,,,,,,,,,,,,,,,,,,,,,,,,,,,"ESTAP GUI SRS has been added to DOORS
All section headers exist in DOORS
SRS has been populated with front matter
Document has been reviewed and approved",,,,,,,,schatter,,,,,SSWGUI-95,,,Done,,,,,,,,,,"Posted on: Tue Jun 30 08:56:06 EDT 2026
Document added to DOORS and populated with section headers and front matter.",,,No comments by current user.,,,,,,,,,,,,,,,,,,,,,,"1|i09iv4:",,,,,,,,,,,,,,,,,,,,,,,,,,,,,,,,100%,30/Jun/26 12:00 AM,15/Jun/26 12:00 AM,,,,,,,,,,,,,,0.0,0.0,,0.0,,,0.0,,,,,"30/Jun/26 8:56 AM;schatter;Document added to DOORS and populated with section headers and front matter.;;;",,,
Write ESTAP GUI SRS Requirements,SSWGUI-103,101221,Story,Done,SSWGUI,SSWGUI,software,kbassi,,,Medium,Done,schatter,schatter,schatter,06/May/26 10:39 AM,30/Jun/26 4:46 PM,18/Sep/26 3:22 PM,30/Jun/26 4:46 PM,,,ESTAP GUI 1.0.0-rc,ESTAP GUI SRS CDR Release,FST,PI 19,,,EST,,,,0,"{+}*Summary*{+}:

We have finally gotten the go ahead to make a separate GUI SRS for each tactical GUI. We need to start creating GUI SRSs. 

{+}*Project Impact*{+}:
 * {*}What problem does this solve{*}:
 ** This creates the GUI SRSs which is what drives development work.
 * {*}How does this fit into the larger project{*}:
 ** The SRSs define the requirements for the GUIs. 
 ** The development of SRSs will also ensure that the software fulfills system needs.

{+}*Implementation Overview*{+}:
 * {*}High Level Overview{*}:
 ** A base SRS will be created for the tactical GUI.
 * {*}Key Components/Docs/Specs{*}:
 ** ESTAP GUI SRS
 ** EST SSS
 * *Dependencies:*

 * 
 ** DOORs project being created

+*Completion Criteria:*+

Outputs
 * An updated ESTAP GUI SRS 

Specs
 * The SRS is free of spelling and grammatical errors.
 * The SRS has no errors exporting from DOORs.
 * The SRS has links to all SSS requirements.
 * The SRS has requirements for all software relevant requirements in the SSS.",,kbassi,schatter,,,,,,,0,0,,0%,0,0,46800,,,,,,,,,,,,,,,,,,,,,,,,,,,,,,,,,,,,,"ESTAP GUI SRS has been added to DOORS
All section headers exist in DOORS
SRS has been populated with front matter
Document has been reviewed and approved",,,,,,,,schatter,,,,,SSWGUI-95,,,Done,,,,,,,,,,"Posted on: Tue Jun 30 08:55:59 EDT 2026
Document added to DOORS and populated with section headers and front matter",,,No comments by current user.,,,,,,,,,,,,,,,,,,,,,,"1|i09iuw:",,,,,,,,,,,,,,,,,,,,,,,,,,,,,,,,100%,14/Jun/26 12:00 AM,31/May/26 12:00 AM,,,,,,,,,,,,,,0.0,0.0,,0.0,,,0.0,,,,,"26/Jun/26 6:43 PM;kbassi;I created a Default Dev Work View in Doors for ESTGUI if that helps. 
||ESTGUI||Comment||
|24|I have been told I need to have exactly what was written in the RTR-IRS document for this line. I suggest handling the TBD by adding the document to the references section. I would add it in place of 2.2.1b|
|28|Spell out MES first instance |
|25|Idk if doing spell out of ESTAP GUI and then saying (ESTAP GUI) means you get both ESTAP defined and GUI defined. IDK how to explain.  Basically i think you need to define the acroynym separately for estap and gui |
|12|You need to spell out an acronym the first time before using it everywhere. So gRPC Remote Procedure Call (gRPC)|
|31|They made the doors id ESTGUI instead of ESTAPGUI. Please update|
|11 and 12 |1.2.1 System Overview
1.2.1.1 ESTAP GUI Components 
1.2.1.1.1 ESTAP gRPC Interface
The above is the desired structure. Unless I am tripping
 |
|General |All object types are not text. Please update|
|General|Section 5 and 6 are missing. Please add.|
|General|All defined acronyms need to go to Table 6.1 |;;;","26/Jun/26 6:59 PM;kbassi;Also the DOORS ID for TCAP will be TCSGUI_ and not CPA_. I will ask for it to be fixed. ;;;","29/Jun/26 2:04 PM;schatter;Comments resolved;;;","30/Jun/26 8:55 AM;schatter;Document added to DOORS and populated with section headers and front matter;;;"
Overrides Components,SSWGUI-102,101220,Epic,To Do,SSWGUI,SSWGUI,software,kbassi,,,Medium,,schatter,kbassi,kbassi,06/May/26 10:39 AM,15/Sep/26 12:10 PM,18/Sep/26 3:22 PM,,,,FST,,,,,,EST,TCS,,,0,"Summary:

The purpose of this milestone is to document the design, implement and test the Overrides unit of ESTAP, and TCAP GUIs.

Each page that is displayed will be considered a unit. We will need sub-unit pages to capture specific/key variations of a given unit page. Should be re-evaluated before tasks are added into the PI.

*Project Impact:*
What Problem Does this Solve
 * Design documentation for common code used in the TCAP and ESTAP GUIs CSCI.
 * Provides clarity for safety teams, stakeholders and developers
 * Work towards engineering and tactical GUI development. 

How does this fit into the larger project
 * This documentation will be included in the TCAP and ESTAP GUIs SDD. 
 * This enables us to start developing our engineering GUIs. 

Implementation Overview:
High Level Overview
 * The design page will document the design of the common Overrides Page.
 * Pop up when leaving page if not confirmed/cancelled

Key Components/Docs
 * Link to Non SSW SDDs and SRSs <\\us-ct-eb01\EBDepts\Eng.454\PROJECTS\Virginia_SSW\5_Team_Working_Area\G_Oneill\Non_SSW_Documents>
 * Link to Engineering GUI Spec - exists in doors.
 * Link to Engineering GUI Spec reference docs <\\us-ct-eb01\EBDepts\Eng.440\Projects-VA\VA SSW\Systems Engineering\Specifications\Engineering GUI SPEC\Reference Documents>
 * Link to GMDS style guide - <X:\Eng.440\Projects-VA\VA SSW\CWS Working Group\SSW HMI GUI>
 * Link to updated CONOPS *TBD*
 * *REFER TO THIS - ""\\us-ct-eb01\EBDepts\Eng.440\Projects-VA\VA SSW\CWS Working Group\SSW HMI GUI\Gate Reviews\25% Gate Review\Day 1 Combine Read Ahead Slides\SSN 812 25% GUI Gate Review_Day1_Combined Read-Aheads_with backups_small.pdf""*

*Risks/Considerations/Dependencies*
 * Lack of Developer Knowledge of GUI design and structure
 * Lack of Understanding on how to design / organize GUI design pages.

*Completion Criteria:*

Specs
 * Created using the approved [Design Page Guidelines|https://192.168.3.34/cnfl1/display/DS/Design+Doc+Guidelines]
 ** Examples of completed design pages in include [Card I/O Manager Design Page|https://192.168.3.34/cnfl1/pages/viewpage.action?pageId=106300846] and [PM/FL Design Page|https://192.168.3.34/cnfl1/pages/viewpage.action?pageId=106303616]  

 * EACH NOT -MAIN PG is it's own Design page!!

Output 
 * Overrides Page Exists 
 * All custom components defined in High level overview are created are created. Tested with unit and functional tests.",,kbassi,,,,,,,,0,0,,0%,0,0,,,,,,,,,,,SSWSYS-3672,,,,,,,,,,,,,,,,,,,,,,,,,,,,,,,,,,,,,,,ghx-label-7,,Overrides Components,To Do,,,,,,,Sprint,,,,,,,No comments by current user.,,,,,,,,SSWGUI-397,,,,,,,,,,,,,,"1|i09ajr:c",,,,,,,,,,,,,,,,Medium,,,,,,,,,,,,,,,,0%,06/Sep/27 12:00 AM,01/May/27 12:00 AM,,,,,,,,,,,,,,0.0,0.0,,0.0,,,0.0,,0.0,0.0,0.0,,,,
Calibration Components,SSWGUI-101,101219,Epic,To Do,SSWGUI,SSWGUI,software,kbassi,,,Medium,,,kbassi,kbassi,06/May/26 10:37 AM,10/Sep/26 4:12 PM,18/Sep/26 3:22 PM,,,,FST,,,,,,EST,TCS,,,0,"{+}*Summary*{+}:

Summary:

The ESTAP is comprised of the ESTAP controller and ESTAP Graphical User Interface (GUI). The ESTAP GUI is what the operator uses to control the movement of the tray. It is responsible for providing the visuals needed to for operators to conduct SSW mission operations. The ESTAP GUI allows operators to view the live status of the External Stowage Tray System (ESTS). The purpose of this milestone is to document the design, implement and test the Calibration unit of the ESTAP GUI.

Each page that is displayed will be considered a unit. We will need sub-unit pages to capture specific/key variations of a given unit page. Should be re-evaluated before tasks are added into the PI.

{+}*Project Impact*{+}:

{*}What problem does this solve{*}:
 * Design documentation for common code used in the ESTAP GUI CSCI.
 * Provides clarity for safety teams, stakeholders and developers
 * Work towards engineering and tactical GUI development. **

{*}How does this fit into the larger project{*}:
 * This documentation will be included in the ESTAP GUI SDD. 
 * This enables us to start developing our engineering GUIs. 

{+}*Implementation Overview*{+}:

{*}High Level Overview{*}:
 * The ESTAP design pages will document the design of the ESTAP GUI Calibration Page.
 * Pop up when leaving page if not confirmed/cancelled TODO: edit this

{*}Key Components/Docs/Specs{*}:
 * Link to Non SSW SDDs and SRSs <\\us-ct-eb01\EBDepts\Eng.454\PROJECTS\Virginia_SSW\5_Team_Working_Area\G_Oneill\Non_SSW_Documents>
 * Link to Engineering GUI Spec - exists in doors.
 * Link to Engineering GUI Spec reference docs <\\us-ct-eb01\EBDepts\Eng.440\Projects-VA\VA SSW\Systems Engineering\Specifications\Engineering GUI SPEC\Reference Documents>
 * Link to GMDS style guide - <X:\Eng.440\Projects-VA\VA SSW\CWS Working Group\SSW HMI GUI>
 * Link to updated CONOPS *TBD*
 * *REFER TO THIS - ""\\us-ct-eb01\EBDepts\Eng.440\Projects-VA\VA SSW\CWS Working Group\SSW HMI GUI\Gate Reviews\25% Gate Review\Day 1 Combine Read Ahead Slides\SSN 812 25% GUI Gate Review_Day1_Combined Read-Aheads_with backups_small.pdf""*

 ",,kbassi,,,,,,,,,0,,,,0,,,,,,,,,,,SSWSYS-3672,,,,,,,,,,,,,,,,"18/May/26 2:15 PM;amessier;Ambient Pressure.PNG;https://192.168.3.34/jira1/secure/attachment/20808/Ambient+Pressure.PNG","18/May/26 2:15 PM;amessier;calibration main menu.PNG;https://192.168.3.34/jira1/secure/attachment/20809/calibration+main+menu.PNG","18/May/26 2:15 PM;amessier;calibration pop up.PNG;https://192.168.3.34/jira1/secure/attachment/20810/calibration+pop+up.PNG","18/May/26 2:15 PM;amessier;Tube 10 config.PNG;https://192.168.3.34/jira1/secure/attachment/20814/Tube+10+config.PNG","18/May/26 2:15 PM;amessier;Tube 9 config.PNG;https://192.168.3.34/jira1/secure/attachment/20811/Tube+9+config.PNG","18/May/26 2:15 PM;amessier;Tube 9 LPT.PNG;https://192.168.3.34/jira1/secure/attachment/20812/Tube+9+LPT.PNG","18/May/26 2:15 PM;amessier;tube 9 SAPTs.PNG;https://192.168.3.34/jira1/secure/attachment/20813/tube+9+SAPTs.PNG",,,,,"Specs
Created using the approved Design Page Guidelines
Examples of completed design pages in include Card I/O Manager        Design Page and PM/FL Design Page  
EACH NOT -MAIN PG is it's own Design page!!

Output 
ESTAP Calibration Page Exists 
All custom components defined in High level overview are created are created. Tested with unit and functional tests.
",,,,,,,,,,,,ghx-label-4,,Calibration Components,To Do,,,,,,,Sprint,,,,,,,No comments by current user.,,,,,,,,SSWGUI-397,,,,,,,,,,,,,,"1|i09ajr:i",,,,,,,,,,,,,,,,Medium,,,,,,,,,,,,,,,,0%,18/Jan/28 12:00 AM,06/Jul/27 12:00 AM,,,,,,,,,,,,,,0.0,0.0,,0.0,,,0.0,,0.0,0.0,0.0,,,,
Write Base GUI SRS Requirements,SSWGUI-95,101213,Epic,Done,SSWGUI,SSWGUI,software,kbassi,,,Medium,Done,schatter,schatter,schatter,06/May/26 10:31 AM,02/Jul/26 9:23 AM,18/Sep/26 3:22 PM,02/Jul/26 9:23 AM,,,ESTAP GUI 1.0.0-rc,ESTAP GUI SRS CDR Release,PI 18,PI 19,TCAP GUI 1.0.0-rc,TCAP GUI SRS CDR Release,EST,TCS,,,0,"{+}*Summary*{+}:

We have finally gotten the go ahead to make a separate GUI SRS for each tactical GUI. We need to start creating GUI SRSs. 

{+}*Project Impact*{+}:
 * {*}What problem does this solve{*}:
 ** This creates the GUI SRSs which is what drives development work.
 * {*}How does this fit into the larger project{*}:
 ** The SRSs define the requirements for the GUIs. 
 ** The development of SRSs will also ensure that the software fulfills system needs.

{+}*Implementation Overview*{+}:
 * {*}High Level Overview{*}:
 ** A base SRS will be created for each tactical GUI.
 * {*}Key Components/Docs/Specs{*}:
 ** ESTAP GUI SRS
 ** EST SSS
 ** TCAP GUI SRS
TCS SSS
 * *Dependencies:*

 * 
 ** DOORs project being created

+*Completion Criteria:*+

Outputs
 * An updated ESTAP GUI SRS 
 * An updated TCAP GUI SRS

Specs
 * The SRS is free of spelling and grammatical errors.
 * The SRS has no errors exporting from DOORs.
 * The SRS has links to all SSS requirements.
 * The SRS has requirements for all software relevant requirements in the SSS.",,schatter,,,,,,,,0,0,,0%,0,0,,,SSWSW-11201,,,,,,,,,,,,,,,,,,,,,,,,,,,,,,,,,,,"ESTAP GUI SRS and TCAP GUI SRS have been added to DOORS
All section headers exist in DOORS
Documents have been populated with front matter
Documents has been reviewed and approved",,,,,,,,,,,,ghx-label-1,,Write Base GUI SRS Requirements,Done,,,,,,,Sprint,,,,,,,No comments by current user.,,,,,,,,,,,,,,,,,,,,,,"1|i09itk:",,,,,,,,,,,,,,,,Medium,,,,,,,,,,,,,,,,100%,30/Jun/26 12:00 AM,31/May/26 12:00 AM,,,,,,,,,,,,,,0.0,0.0,,0.0,,,0.0,,0.0,0.0,0.0,,,,
Deliver GUI integrated with MES Display Routing Service,SSWGUI-94,101212,Story,SW Dev,SSWGUI,SSWGUI,software,kbassi,,,High,,schatter,cmcverry,cmcverry,06/May/26 10:30 AM,10/Sep/26 3:42 PM,24/Aug/26 9:28 AM,,FST,PI 19,FST,PI 19,,,,,Integration,,,,0," 

As an operator,

I want/need the GUIs to be registered with the MES Display Routing Service,

so that I can access them when running the tactical system.

{*}+Description+{*}:
 * In the tactical system, we will need to register our GUIs to the MES Display Routing Service to make them available to the operator. This milestone contains tasking to integrate with the MES display routing service to support that functionality.
 * Impact: Early integration demos are opportunities to uncover bugs and show progress to the customer
 * Scope: The MES Display Routing service is used to make the GUIs available with to the operator in the tactical system. The integration effort will show that the MES display routing service functions and can be used during FST to display the Tube and Tray GUIs.

{+}*Acceptance Criteria*{+}:

GIVEN the GUIs have been registered with the MES Display Routing Service,

WHEN I run the tactical system,

THEN I will be able to access the SSW subsystem GUIs.

{+}*UI/UX Notes*{+}:
 * ESTAP GUI is viewable in the MES PaaS
 * TCAP GUI is viewable in the MES PaaS

{+}*Technical Notes*{+}:

High level implementation overview:
 * Update the SRS in DOORs w/ any new requirements
 * Create Design Page
 ** Fully Approved according to process
 * Release to LM
 * Support integration efforts

+*Key Resources:*+ 
 * TBD Link to the MES Display Service SDD 
 * TBD Design Confluence Page",,cmcverry,kbassi,,,,,,,0,0,,0%,0,0,475200,,,,,,,,,,,,,,,,,,,,,,,,,,,,,,,,,,,,,"'- ESTAP GUI should be viewable in MES PaaS
 - TCAP GUI should be viewable in MES PaaS
 - Updated design page fully approved
 - SRS requirements 
 - New TCAP GUI and ESTAP GUI version created and released to MES
 - Ensure that EB/LM SW Integration is successful at GDEB
",,,,,,,,schatter,,,,,SSWGUI-205,,,To Do,,,,,,,,,,"Posted on: Thu Jul 30 08:56:51 EDT 2026
approved. ",,,No comments by current user.,,,,,,,,,,,,,,,,,,,,,,"1|i09d2c:",,,,,,,,,,,,,,,,,,,,,,,,,,,,0.0,,,,100%,11/Sep/26 12:00 AM,18/Aug/26 12:00 AM,,,,,,,,,,,,,,0.0,0.0,,0.0,,,0.0,,,,,"30/Jul/26 8:56 AM;kbassi;approved. ;;;",,,
TCAP T10 Animation Area Components,SSWGUI-93,101211,Epic,In Progress,SSWGUI,SSWGUI,software,kbassi,,,Medium,,schatter,jziobron,jziobron,06/May/26 10:26 AM,10/Sep/26 4:12 PM,18/Sep/26 3:22 PM,,FST,PI 20,FST,PI 21,TCAP GUI 1.0.0-rc,,,,TCS,,,,0,"{+}*Summary*{+}:

{color:#000000}The Tube Control Application Program ([T|https://192.168.3.34/cnfl1/display/DS/ESTAP+Main+Application?src=contextnavpagetreemode]{color}{color:#000000}[CAP|https://192.168.3.34/cnfl1/display/DS/TCAP+Main+Application]) {color}{color:#000000} is comprised of the TCAP controller and TCAP Graphical User Interface (GUI). The TCAP GUI is what the operator uses to control the movement of the tube 9 and tube 10 hatches{color}. It is responsible for providing the visuals needed to for operators to conduct SSW mission operations. The TCAP GUI allows operators to view the live status of the Tube Control System (TCS). It also allows operators to send commands open/close tube hatches, open/close valves, and override sensor values. The purpose of this milestone is to document the design for all the units of TCAP GUI.

{color:#ff0000}Each page that is displayed will be considered a unit. We will need sub-unit pages to capture specific/key variations of a given unit page. Should be re-evaluated before tasks are added into the PI.{color}

{+}*Project Impact*{+}:

{color:#000000}What Problem Does this Solve{color}
 * {color:#000000}Design documentation for common code used in the TCAP CSCI.{color}
 * {color:#000000}Provides clarity for safety teams, stakeholders and developers{color}

{color:#000000}How does this fit into the larger project{color}
 * {color:#000000}This documentation will be included in the TCAP SDD. {color}

{+}*Implementation Overview*{+}:

{color:#000000}High Level Overview{color}
 * {color:#000000}The TCAP design pages will document the design of the Tube 10 Control Page and all the React Components within.{color}
 ** {color:#000000}Tube Visual Component {color}
 *** {color:#000000}Automatic Valve Command Button/Status Indicator {color}
 *** {color:#000000}Manual Valve Status Indicator {color}
 *** {color:#000000}Tube Liquid Level Indicator {color}
 *** {color:#000000}Hatch Locked Indicator {color}
 *** {color:#000000}E-Stop indicator {color}
 ** {color:#000000}Valve Command Modal  {color}
 ** {color:#000000}TCS Status Sidebar{color}
 ** {color:#000000}Commands Sideba{color}{color:#000000}r{color}
 ** {color:#000000}Navigation Menu (Bottom){color}

{color:#000000}Key Components/Docs{color}
 * {color:#000000}TCAP GUI Component{color}

 * 
 ** Front End Unit
 *** Tubes
 **** Tube 10

 * Link to Non SSW SDDs and SRSs <\\us-ct-eb01\EBDepts\Eng.454\PROJECTS\Virginia_SSW\5_Team_Working_Area\G_Oneill\Non_SSW_Documents>
 * Link to Engineering GUI Spec - exists in doors.
 * Link to Engineering GUI Spec reference docs <\\us-ct-eb01\EBDepts\Eng.440\Projects-VA\VA SSW\Systems Engineering\Specifications\Engineering GUI SPEC\Reference Documents>
 * Link to GMDS style guide - <X:\Eng.440\Projects-VA\VA SSW\CWS Working Group\SSW HMI GUI>
 * Link to updated CONOPS *TBD*
 * *Current Draft of 25% Gate Slides - \\us-ct-eb01\EBDepts\Eng.440\Projects-VA\VA SSW\CWS Working Group\SSW HMI GUI\Gate Reviews\25% Gate Review\EB*

{color:#000000}*Risks/Considerations/Dependencies*{color}
 * {color:#000000}Lack of Developer Knowledge of GUI design and structure{color}
 * {color:#000000}Lack of Understanding on how to design / organize GUI design pages.{color}

{color:#000000}*Completion Criteria:*{color}

{color:#000000}Specs{color}
 * {color:#000000}Created using the approved {color}{color:#000000}[Design Page Guidelines|https://192.168.3.34/cnfl1/display/DS/Design+Doc+Guidelines]{color}{color:#000000} {color}
 ** {color:#000000}Examples of completed design pages in include {color}[Card I/O Manager Design Page|https://192.168.3.34/cnfl1/pages/viewpage.action?pageId=106300846] and [PM/FL Design Page|https://192.168.3.34/cnfl1/pages/viewpage.action?pageId=106303616]  

 * {color:#000000}EACH NOT -MAIN PG is it's own Design page!!{color}",,jziobron,,,,,,,,0,0,,0%,0,0,,,,,,,,,,,SSWGUI-214,SSWSYS-3672,,,,,,,,,,,,,,,"13/May/26 11:15 AM;kbassi;screenshot-1.png;https://192.168.3.34/jira1/secure/attachment/20762/screenshot-1.png",,,,,,,,,,,,,,,,,,,,,,,ghx-label-12,,TCAP T10 Animation Area Components,In Progress,,,,,,,Sprint,,,,,,,No comments by current user.,,,,,,,,SSWGUI-397,,,,,,,,,,,,,,"1|i09ajs:i",,,,,,,,,,,,,,,,Medium,,,,,,,,,,,,,,,,4%,15/Apr/27 12:00 AM,09/Sep/26 12:00 AM,,,,,,,,,,,,,,0.0,0.0,,0.0,,,0.0,,0.0,0.0,0.0,,,,
TCAP T10 Ops Components (without Animation Area),SSWGUI-92,101210,Epic,In Progress,SSWGUI,SSWGUI,software,kbassi,,,Medium,,amessier,jziobron,jziobron,06/May/26 10:26 AM,10/Sep/26 5:29 PM,18/Sep/26 3:22 PM,,,,FST,PI 22,TCAP GUI 1.0.0-rc,,,,TCS,,,,0,"{+}*Summary*{+}:

{color:#000000}The TCAP {color}{color:#000000}is comprised of the TCAP controller and TCAP Graphical User Interface (GUI). The TCAP GUI is what the operator uses to control the movement of the tube 9 and tube 10 hatches{color}. It is responsible for providing the visuals needed to for operators to conduct SSW mission operations. It also allows operators to override sensor values. The purpose of this milestone is to document the design for all the units of TCAP GUI as well as initial implementation and testing for all units.

This milestone specifically encompasses all units comprising the T10 Nominal Ops Screens.

{color:#de350b}NOTE:  Design and implementation is based on the most recently available and reviewed GUI mockups from the TCS GUI Penpot project. Visual mockups are subject to change and we expect to identity edge cases as we produce software designs and begin implementation.{color}

{color:#ff0000}Each page that is displayed will be considered a unit. We will need sub-unit pages to capture specific/key variations of a given unit page. Should be re-evaluated before tasks are added into the PI.{color}

{+}*Project Impact*{+}:
 * {*}What problem does this solve{*}:
 ** Design documentation for common code used in the TCAP GUI.
 ** Provides clarity for safety teams, stakeholders and developers
 ** Work towards engineering and tactical GUI development. 
 * {*}How does this fit into the larger project{*}:
 ** This documentation will be included in the TCAP GUI SDD. 
 ** This enables us to start developing our tactical GUIs. 
 ** These GUIs will be used during FST

{+}*Implementation Overview*{+}:
 * {*}High Level Overview{*}:
 ** Create / update UI design to consider dynamization 
 ** Identify if there are any Layout Manager related requirements that need to be derived
 ** The TCAP component design pages will document the design of the TCAP T10 Controls.
 ** It will be made up of various widgets needed to perform maintenance operations. 
 * {*}Key Components/Docs/Specs{*}:
 ** Link to Non SSW SDDs and SRSs <\\us-ct-eb01\EBDepts\Eng.454\PROJECTS\Virginia_SSW\5_Team_Working_Area\G_Oneill\Non_SSW_Documents>
 ** Link to Engineering GUI Spec - exists in doors.
 ** Link to Engineering GUI Spec reference docs <\\us-ct-eb01\EBDepts\Eng.440\Projects-VA\VA SSW\Systems Engineering\Specifications\Engineering GUI SPEC\Reference Documents>
 ** Link to GMDS style guide - <X:\Eng.440\Projects-VA\VA SSW\CWS Working Group\SSW HMI GUI>
 ** Link to updated CONOPS *TBD*
 ** *REFER TO THIS - ""\\us-ct-eb01\EBDepts\Eng.440\Projects-VA\VA SSW\CWS Working Group\SSW HMI GUI\Gate Reviews\25% Gate Review\Day 1 Combine Read Ahead Slides\SSN 812 25% GUI Gate Review_Day1_Combined Read-Aheads_with backups_small.pdf""*

*Risks/Considerations/Dependencies*
 * Lack of Developer Knowledge on creating dynamic widgets 

*Completion Criteria:*

Specs
 * Created using the approved [Design Page Guidelines|https://192.168.3.34/cnfl1/display/DS/Design+Doc+Guidelines]
 ** Examples of completed design pages in include [Card I/O Manager Design Page|https://192.168.3.34/cnfl1/pages/viewpage.action?pageId=106300846] and [PM/FL Design Page|https://192.168.3.34/cnfl1/pages/viewpage.action?pageId=106303616]  

 * EACH NOT -MAIN PG is it's own Design page!!

Output 
 * All relevant components for the TCAP T10 ""page"" Exists 
 * All custom components defined in High level overview are created are created. Tested with unit and functional tests.

Requirements:
 * Ensure all requirements exist in the SRS/SSS level.
 * Derive any Layout Manager related requirements. 

Outputs
 * A fully approved Design Page for each unit linked above",,jziobron,,,,,,,,0,0,,0%,0,0,,,,,,,,,,,SSWSYS-3672,,,,,,,,,,,,,,,,"07/Sep/26 10:55 AM;akee;screenshot-1.png;https://192.168.3.34/jira1/secure/attachment/21119/screenshot-1.png",,,,,,,,,,,,,,,,,,,,,,,ghx-label-9,,TCAP T10 Ops Components (without Animation Area),In Progress,,,,,,,Sprint,,,,,,,No comments by current user.,,,,,,,,SSWGUI-397,,,,,,,,,,,,,,"1|i09ajr:r",,,,,,,,,,,,,,,,Medium,,,,,,,,,,,,,,,,33%,20/Apr/27 12:00 AM,04/Jun/26 12:00 AM,,,,,,,,,,,,,,0.0,0.0,,0.0,,,0.0,,0.0,0.0,0.0,,,,
"As an operator, I want the Hatches in the MAM GUI to be Color Coded",SSWGUI-91,101209,Story,To Do,SSWGUI,SSWGUI,software,kbassi,,,Medium,,,amessier,amessier,06/May/26 10:25 AM,10/Sep/26 4:08 PM,18/Sep/26 3:22 PM,,,,,,,,,,,,,,0,"As a ,

I want/need ,

so .

{*}+Description+{*}:
 *  

{+}*Acceptance Criteria*{+}:

GIVEN ,

WHEN ,

THEN .

{+}*UI/UX Notes*{+}:
 *  

{+}*Technical Notes*{+}:
 * ",,amessier,,,,,,,,,0,,,,0,,,,,,,,,,,,,,,,,,,,,,,,,,,,,,,,,,,,,,,,,,,,,,,,,,,,,,,,,,,,,,,,,,,No comments by current user.,,,,,,,,,,,,,,,,,,,,,,"1|i09it4:",,,,,,,,,,,,,,,,,,,,,,,,,,,,,,,,,,,,,,,,,,,,,,,,0.0,0.0,,0.0,,,0.0,,,,,,,,
Create 3D Health Screen,SSWGUI-90,101208,Story,To Do,SSWGUI,SSWGUI,software,kbassi,,,Medium,,kbassi,kbassi,kbassi,06/May/26 10:12 AM,08/Jun/26 10:47 AM,18/Sep/26 3:22 PM,,,,,,,,,,Experimental,,,,0,"Can we use unreal to import the NX model into the MAM GUI and then when there is a caution or warning that we click on, it 3D zooms to the errored component on the ship and the operator can zoom in and out to see where the failed item is. 

 

Possible yes, feasible in our timeline. Maybe",,kbassi,,,,,,,,,0,,,,0,,,,,,,,,,,,,,,,,,,,,,,,,,,,,,,,,,,,,,,,,,,,,,,,,,,,,,,,,,,,,,,,,,,No comments by current user.,,,,,,,,,,,,,,,,,,,,,,"1|i09isw:",,,,,,,,,,,,,,,,,,,,,,,,,,,,,,,,,,,,,,,,,,,,,,,,0.0,0.0,,0.0,,,0.0,,,,,,,,
Create Cookbook for development,SSWGUI-89,101160,Story,Done,SSWGUI,SSWGUI,software,kbassi,,,Medium,Done,kbassi,kbassi,kbassi,05/May/26 7:48 PM,11/May/26 11:01 AM,18/Sep/26 3:22 PM,11/May/26 11:01 AM,,,,,,,,,EST,,,,0,"Use new sswctl to run mock_nio, controller application, and the npm run dev command. an example exists in: [https://192.168.3.19/ssw-phc-developers/ssw-guis/tactical/tcap-gui/-/tree/development/tools/cookbooks?ref_type=heads] of adding a gui into the cookbook. 

 

Version of sswctl should be latest. due to changes in the way sswctl understands dependencies, the sml format in dependency repos may not be accurate. Jank-ness may be required. If so, have matt co update in mr to be canon. 

 

keep same env vars that alyssa had in her mr. 

 

TBD add MR link",,kbassi,,,,";07/May/26 8:03 PM;kbassi;14400",,,,0,0,14400,"9,223,372,036,854,775,807%",0,0,14400,,,,,,,,,,,,,,,,,,,,,,,,,,"07/May/26 7:15 PM;kbassi;image-2026-05-07-19-15-26-620.png;https://192.168.3.34/jira1/secure/attachment/20730/image-2026-05-07-19-15-26-620.png","07/May/26 7:15 PM;kbassi;image-2026-05-07-19-15-44-677.png;https://192.168.3.34/jira1/secure/attachment/20731/image-2026-05-07-19-15-44-677.png",,,,,,,,,,"'- live demo showing that it works
",,,,,,,,kbassi,,,,,SSWSW-10460,,,To Do,,,,,,,,,,"Posted on: Thu May 07 19:15:53 EDT 2026
!image-2026-05-07-19-15-26-620.png!!image-2026-05-07-19-15-44-677.png!",,,No comments by current user.,,,,,,,,,,,,,,,,,,,,,,"1|i09ioo:",,,,,,,,,,,,,,,,,,,,,,,,,,,,,,,,,,,,,,,,,,,,,,,,0.0,0.0,,0.0,,,0.0,,,,,"07/May/26 7:15 PM;kbassi;!image-2026-05-07-19-15-26-620.png!!image-2026-05-07-19-15-44-677.png!;;;",,,
Use Live video feed from unreal in DEMO GUI,SSWGUI-86,100476,Story,Done,SSWGUI,SSWGUI,software,kbassi,,,Highest,Done,kbassi,kbassi,kbassi,28/Apr/26 4:15 PM,06/May/26 4:11 PM,18/Sep/26 3:22 PM,06/May/26 4:11 PM,,,,,,,,,Experimental,,,,0,"As a ,

I want/need ,

so .

{*}+Description+{*}:
 *  

{+}*Acceptance Criteria*{+}:

GIVEN ,

WHEN ,

THEN .

{+}*UI/UX Notes*{+}:
 *  

{+}*Technical Notes*{+}:
 *  ",,kbassi,,,,,,,,0,0,,0%,0,0,,,,,,,,,,,,,,,,,,,,,,,,,,,,,,,,,,,,,,,,,,,,,,,,,,,,,,,,,,,,,,,,,,,No comments by current user.,,,,,,,,,,,,,,,,,,,,,,"1|i09d2y:",,,,,,,,,,,,,,,,,,,,,,,,,,,,,,,,,30/Apr/26 12:00 AM,,,,,,,,,,,,,,,0.0,0.0,,0.0,,,0.0,,,,,,,,
Use ROV endpoint from unreal to update visuals in Unreal Demo,SSWGUI-85,100474,Story,Done,SSWGUI,SSWGUI,software,kbassi,,,Medium,Done,kbassi,kbassi,kbassi,28/Apr/26 3:10 PM,07/May/26 8:02 PM,18/Sep/26 3:22 PM,07/May/26 6:50 PM,,,,,,,,,Experimental,,,,0,"As an operator ,

I need the ROV status indicated in the Tray Animation Area,

so I can maintain situational awareness.

As an operator ,

I need the ROV status indicated in the Catenary Display,

so I can maintain situational awareness.

{*}+Description+{*}:
 * For the Unreal Demo we would like to show integration with the Unreal Produced data

{+}*Acceptance Criteria*{+}:

GIVEN the Tray Monitor Screen is open,

WHEN the ROV is not docked and the Tube 10 bottom hatch is open,

THEN the ROV will be indicated as not docked.

GIVEN the Catenary Display is open,

WHEN the ROV is being launched or recovered,

THEN the ROV relative position to the bottom of the ship will be represented.

{+}*UI/UX Notes*{+}:
 *  

{+}*Technical Notes*{+}:
 *  ",,kbassi,,,,";28/Apr/26 3:15 PM;kbassi;10800",";07/May/26 8:02 PM;kbassi;7200",,,0,0,18000,"9,223,372,036,854,775,807%",0,0,18000,,,,,,,,,,,,,,,,,,,,,,,,,,,,,,,,,,,,,,,,,,,,,,,,,,,,,,,,,,,,,,,,,,No comments by current user.,,,,,,,,,,,,,,,,,,,,,,"1|i09d2z:",,,,,,,,,,,,,,,,,,,,,,,,,,,,,,,,100%,30/Apr/26 12:00 AM,22/Apr/26 12:00 AM,,,,,,,,,,,,,,0.0,0.0,,0.0,,,0.0,,,,,,,,
"As an operator, I would like to navigate outside of the CONOPs walkthrough flow to perform an action needed for off-nominal conditions. ",SSWGUI-84,100379,Story,Done,SSWGUI,SSWGUI,software,kbassi,,,High,Done,schatter,kbassi,kbassi,27/Apr/26 5:29 PM,11/May/26 10:58 AM,18/Sep/26 3:22 PM,08/May/26 1:17 PM,,,PI 18,,,,,,Experimental,HMI IPT,,,0,,,kbassi,,,,"Implement Menu Component subtask;08/May/26 9:18 AM;schatter;115200",,,,0,0,115200,"9,223,372,036,854,775,807%",0,0,230400,,,,,,,,,,,,,,,,,,,,,,,,,,,,,,,,,,,,,,,,,,,,,,,,,,SSWGUI-69,,,Done,,,,,,,,,,"Posted on: Fri May 08 13:17:01 EDT 2026
all follow on work will be under - SSWGUI-79",,,No comments by current user.,,,,,,,,,,,,,,,,,,,,,,"1|i09en0:",,,,,,,,,,,,,,,,,,,,,,,,,,,,,,,,100%,13/May/26 12:00 AM,28/Apr/26 12:00 AM,,,,,,,,,,,,,,0.0,0.0,,0.0,,,0.0,,,,,"08/May/26 1:17 PM;kbassi;all follow on work will be under - SSWGUI-79;;;",,,
"As an operator, I would like to have a uniform menu to across segments to apply or remove overrides, so that I can limit cognitive load.",SSWGUI-83,100377,Story,Done,SSWGUI,SSWGUI,software,kbassi,,,Medium,Done,kbassi,kbassi,kbassi,27/Apr/26 4:35 PM,02/Jul/26 10:21 AM,24/Aug/26 9:30 AM,02/Jul/26 10:21 AM,,,PI 18,,,,,,Experimental,HMI IPT,,,0,"There currently exists a UI design for Overrides dropdown. 

Rethink UI design to make it more touch screen compatible. 

NOTE: This could be similar to how it is already done. This task can be used to think about it and do in PenPot. 

 ",,kbassi,,,,,,,,0,0,,0%,0,0,,,,,,,,,,,,,,,,,,,,,,,,,,,,,,,,,,,,,,,,,,,,,,kbassi,,,,,SSWGUI-69,,,Done,,,,,,,,,,,,,No comments by current user.,,,,,,,,,,,,,,,,,,,,,,"1|i09en2:",,,,,,,,,,,,,,,,,,,,,,,,,,,,,,,,100%,13/May/26 12:00 AM,28/Apr/26 12:00 AM,,,,,,,,,,,,,,0.0,0.0,,0.0,,,0.0,,,,,,,,
Story and epic description templates,SSWGUI-80,100374,Task,Done,SSWGUI,SSWGUI,software,kbassi,,,Medium,Done,jdrouill,jdrouill,jdrouill,27/Apr/26 4:11 PM,28/Apr/26 3:38 PM,18/Sep/26 3:22 PM,28/Apr/26 3:38 PM,,,,,,,,,,,,,0,"As a team member,

I would like our templated description format to pre-populate when I create a new story or epic,

so that I don't need to copy/paste every time I create a story or epic.",,jdrouill,,,,,,,,0,0,,0%,0,0,,,,,,,,,,,,,,,,,,,,,,,,,,,,,,,,,,,,,,Creating a new story populates the description with the common template,,,,,,,,jdrouill,,,29/Apr/26 12:00 AM,,,,,,,,,,,Sprint,,,,"Posted on: Tue Apr 28 09:58:14 EDT 2026
Updated summary and description to include epic",,,No comments by current user.,,,,,,,,,kbassi,,,,,,,,,,,,,"1|i09emw:",,,,,,,,,,,,,,,,Medium,,,,,,,,,,,,0.0,,,,,,28/Apr/26 12:00 AM,,,,,,,,,,,,,,0.0,0.0,,0.0,,,0.0,,,,,"28/Apr/26 9:58 AM;jdrouill;Updated summary and description to include epic;;;",,,
Create common navigation to navigate between different subsystems based on CONOPs flow ,SSWGUI-79,100373,Story,Done,SSWGUI,SSWGUI,software,kbassi,,,Lowest,Done,cmcverry,kbassi,kbassi,27/Apr/26 4:07 PM,08/Sep/26 9:22 AM,24/Aug/26 8:52 AM,08/Sep/26 9:22 AM,,,PI 18,,,,,,Experimental,HMI IPT,,,0,"We want to add unimplemented screens to show what the pilot / co-pilot interplay looks like

Pre-Design Page: https://192.168.3.34/cnfl1/spaces/SSWGUI/pages/165971456/Pre-Design+Page+Common+Touchscreen+Controls",,kbassi,,,,";05/May/26 8:04 AM;jziobron;28800",,,,0,0,28800,"9,223,372,036,854,775,807%",0,0,28800,,,,,,,,,,,,,,,,,,,,,,,,,,,,,,,,,,,,,MVP demo ready,,,,,,,,cmcverry,,,,,SSWGUI-69,,,Done,,,,,,,,,,,,,No comments by current user.,,,,,,,,,,,,,,,,,,,,,,"1|i09ajz:y",,,,,,,,,,,,,,,,,,,,,,,,,,,,,,,,100%,13/May/26 12:00 AM,28/Apr/26 12:00 AM,,,,,,,,,,,,,,0.0,0.0,,0.0,,,0.0,,,,,,,,
"As an operator, I would like to be able to select the screen/system I want to control via my touch screen, so that I can easily control my preferred system without changing the entire WS layout",SSWGUI-78,100372,Story,To Do,SSWGUI,SSWGUI,software,kbassi,,,Medium,,,kbassi,kbassi,27/Apr/26 3:43 PM,02/Sep/26 9:30 AM,18/Sep/26 3:22 PM,,,,,,,,,,Experimental,HMI IPT,,,0,,,kbassi,,,,,,,,,0,,,,0,,,,,,,,,,,,,,,,,,,,,,,,,,,,,,,,,,,,,,,,,,,,,,,,,,,SSWGUI-355,,,To Do,,,,,,,,,,,,,No comments by current user.,,,,,,,,,,,,,,,,,,,,,,"1|i09ajv:",,,,,,,,,,,,,,,,,,,,,,,,,,,,,,,,,,,,,,,,,,,,,,,,0.0,0.0,,0.0,,,0.0,,,,,,,,
"As an operator, I would like to have Alert Management Controls available on my touch screen based on the subsystem I am currently commanding so that I can easily acknowledge alerts related to the commanded subsystem",SSWGUI-77,100371,Story,To Do,SSWGUI,SSWGUI,software,kbassi,,,Medium,,,kbassi,kbassi,27/Apr/26 3:43 PM,02/Sep/26 9:30 AM,18/Sep/26 3:22 PM,,,,,,,,,,Experimental,HMI IPT,,,0,,,kbassi,,,,,,,,,0,,,,0,,,,,,,,,,,,,,,,,,,,,,,,,,,,,,,,,,,,,,,,,,,,,,,,,,,SSWGUI-355,,,To Do,,,,,,,,,,,,,No comments by current user.,,,,,,,,,,,,,,,,,,,,,,"1|i09ajz:c",,,,,,,,,,,,,,,,,,,,,,,,,,,,,,,,,,,,,,,,,,,,,,,,0.0,0.0,,0.0,,,0.0,,,,,,,,
Create Generic NIOU Health Widgets,SSWGUI-76,100370,Story,To Do,SSWGUI,SSWGUI,software,kbassi,,,High,,,kbassi,kbassi,27/Apr/26 3:43 PM,11/Jun/26 2:37 PM,18/Sep/26 3:22 PM,,,,FST,,,,,,Health,,,,0,,,kbassi,,,,,,,,,0,,,,0,,,,,,,,,,,,,,,,,,,,,,,,,,,,,,,,,,,,,,,,,,,,,,,,,,,SSWGUI-255,,,To Do,,,,,,,,,,,,,No comments by current user.,,,,,,,,,,,,,,,,,,,,,,"1|i09ajx:i",,,,,,,,,,,,,,,,,,,,,,,,,,,,,,,,,,,,,,,,,,,,,,,,0.0,0.0,,0.0,,,0.0,,,,,,,,
Create initial set of widgets for the PHC Alert Manager,SSWGUI-75,100369,Story,To Do,SSWGUI,SSWGUI,software,kbassi,,,Medium,,aly,kbassi,kbassi,27/Apr/26 3:43 PM,11/Jun/26 2:37 PM,18/Sep/26 3:22 PM,,,,FST,,,,,,Alert Manager,,,,0,,,kbassi,,,,,,,,,0,,,,0,,,,,,,,,,,,,,,,,,,,,,,,,,,,,,,,,,,,,,,,,,,,,,,,,,,SSWGUI-190,,,To Do,,,,,,,,,,,,,No comments by current user.,,,,,,,,,,,,,,,,,,,,,,"1|i09ajy:i",,,,,,,,,,,,,,,,,,,,,,,,,,,,,,,,,,,,,,,,,,,,,,,,0.0,0.0,,0.0,,,0.0,,,,,,,,
"As an operator, I would like to have a uniform menu to navigate between various types of controls of my selected subsystem, so that I can limit cognitive load.",SSWGUI-74,100368,Story,To Do,SSWGUI,SSWGUI,software,kbassi,,,Medium,,,kbassi,kbassi,27/Apr/26 3:43 PM,02/Sep/26 9:30 AM,18/Sep/26 3:22 PM,,,,,,,,,,Experimental,HMI IPT,,,0,,,kbassi,,,,,,,,,0,,,,0,,,,,,,,,,,,,,,,,,,,,,,,,,,,,,,,,,,,,,,,,,,,,,,,,,,SSWGUI-355,,,To Do,,,,,,,,,,,,,No comments by current user.,,,,,,,,,,,,,,,,,,,,,,"1|i09ajz:r",,,,,,,,,,,,,,,,,,,,,,,,,,,,,,,,,,,,,,,,,,,,,,,,0.0,0.0,,0.0,,,0.0,,,,,,,,
Use model to make Catenary Display GUI,SSWGUI-73,100367,Epic,To Do,SSWGUI,SSWGUI,software,kbassi,,,High,,cmcverry,kbassi,kbassi,27/Apr/26 3:43 PM,10/Sep/26 3:34 PM,18/Sep/26 3:22 PM,,PI 19,,,,,,,,Experimental,,,,0,"*Summary:*
Management has requested for us to start investigating the creation of 3D representation of the ROV in the water column. This effort will help fuel EB gaining more work. We need to investigate the ROV model and provide it inputs to make the visual. 

*Project Impact:*

What Problem Does this Solve:
 * Helps operators obtain situational awareness. 

How does this fit into the larger project:
 * Helps operators obtain situational awareness.

*Implementation Overview:*
High Level Overview:
 * We want to get the model from TODO so that we can create a 3D model. 

Key Components/Docs/Specs:
 * LINKS HERE

*Risks/Considerations/Dependencies*
 * Incomplete understanding of the model
 * Dependent on receiving the model
 * Currently there are no forma requirements for this, so where do these requirements go? What do we derive these requirements from? 

*Completion Criteria:*

Outputs
 * A working demo of an MVP application 
 * Plan for future work if accepted by operators

Demo:
 * Documentation Reflecting what the content of this demo is. Define what is in and out of scope
 * Define who will be presenting which portions of the demo.
 * TODO - add link here to guidelines. 

CI/CD
 * Jobs similar to other GUI pipelines 

Documentation
 * Documentation explaining how the Model integrated application works
 * Documentation explaining how ROV catenary works

Requirements:
 * Proposed SRS requirements written 

Specs
 * TODO",,kbassi,,,,,,,,,0,,,,0,,,,,,,,,,,,,,,,,,,,,,,,,,,,,,,,,,,,,,,,,,,,,,,,,,ghx-label-2,,Use model to make Catenary Display GUI,To Do,,,,,,,Sprint,,,,,,,No comments by current user.,,,,,,,,,,,,,,,,,,,,,,"1|i07xbl:q",,,,,,,,,,,,,,,,Medium,,,,,,,,,,,,,,,,0%,17/Sep/28 12:00 AM,26/Jun/28 12:00 AM,,,,,,,,,,,,,,0.0,0.0,,0.0,,,0.0,,0.0,0.0,0.0,,,,
Create Initial Iteration of the MAM GUI,SSWGUI-72,100366,Epic,To Do,SSWGUI,SSWGUI,software,kbassi,,,Medium,,,kbassi,kbassi,27/Apr/26 3:43 PM,10/Sep/26 3:34 PM,18/Sep/26 3:22 PM,,,,,,,,,,MAM GUI,,,,0,"*Title*

*Summary:*
TODO

*Project Impact:*

What Problem Does this Solve:
 * TODO

How does this fit into the larger project:
 * TODO

*Implementation Overview:*
High Level Overview:
 * TODO

Key Components/Docs/Specs:
 * LINKS HERE

*Risks/Considerations/Dependencies*
 * TODO

*Completion Criteria:*

Outputs
 * TODO

Demo:
 * Documentation Reflecting what the content of this demo is. Define what is in and out of scope
 * Define who will be presenting which portions of the demo.
 * TODO - add link here to guidelines. 

CI/CD
 * TODO

Documentation
 * TODO

Requirements:
 * SRS / SSS requirements exist for this feature.

Specs
 * TODO",,kbassi,,,,,,,,,0,,,,0,,,,,,,,,,,,,,,,,,,,,,,,,,,,,,,,,,,,,,,,,,,,,,,,,,ghx-label-13,,Create Initial Iteration of the MAM GUI,To Do,,,,,,,Sprint,,,,,,,No comments by current user.,,,,,,,,,,,,,,,,,,,,,,"1|i07xbl:s",,,,,,,,,,,,,,,,Medium,,,,,,,,,,,,,,,,,,,,,,,,,,,,,,,,0.0,0.0,,0.0,,,0.0,,0.0,0.0,0.0,,,,
Make ESTAP and TCAP GUI use Layout Manager,SSWGUI-70,100360,Epic,Cancelled,SSWGUI,SSWGUI,software,kbassi,,,Medium,Won't Do,,kbassi,kbassi,27/Apr/26 2:56 PM,10/Sep/26 3:20 PM,18/Sep/26 3:22 PM,10/Sep/26 3:20 PM,,,,,,,,,EST,TCS,,,0,"*Summary:* 

Based on the HMI IPT Gate Review, we received comments to make our GUIs more flexible and configurable for future operators of the MSOS. In order to address these comments, a prototyped layout manager application was developed. We have received approval from management to continue down this path for our GUI. For the tactical system, we need to design and implement a solution that can be used in cross-organizational system. 

*Project Impact:*

What Problem Does this Solve:
 * Design and develop how different segments on the system will provide widgets to the layout manager. 

How does this fit into the larger project:
 * The larger HMI group and tactical system need to align on the approach to take when creating the dynamic GUI. 

*Implementation Overview:*
High Level Overview:
 * Research and Design the infrastructure used to have ESTAP, TCAP, alert manager, and HS GUI all provide widgets to the layout manager in a dynamic fashion.

Key Components/Docs/Specs:
 * Layout Manager Code: [https://192.168.3.19/ssw-phc-developers/ssw-guis/common/-/commits/mrg/SSWSW-10926/prototype-layout-manager]
 * Potential Approaches:
 ** [https://developer.mozilla.org/en-US/docs/Web/API/Broadcast_Channel_API]
 ** Using Iframes vs accessing a component library

*Risks/Considerations/Dependencies*
 * Limited experience creating this type of application 
 * Needs to be a design external stakeholders would be willing to take
 ** We need to play within the rules set by LM Ex: All intersegment comms shall be gRPC

*Completion Criteria:*

CI/CD
 * Design implemented in ESTAP GUI and code merged into 'development' branch
 ** unit tested 
 * Design implemented in TCAP GUI and code merged into 'development' branch
 ** unit tested

Documentation
 * SDD Confluence Design Page created and approved. 

Requirements: 
 * SRS and SRS requirements exist

Specs
 * TODO

Outputs
 * A working example of LM using ESTAP and TCAP GUI repo changes in widget library based on the design above. ",,kbassi,,,,,,,,0,0,,0%,0,0,,,,,,,,,,,,,,,,,,,,,,,,,,,,,,,,,,,,,,,,,,,,,,,,,,ghx-label-10,,Make ESTAP and TCAP GUI use Layout Manager,Done,,,,,,,Sprint,,,,,,,No comments by current user.,,,,,,,,,,,,,,,,,,,,,,"1|i07xbl:o",,,,,,,,,,,,,,,,Medium,,,,,,,,,,,,0.0,,,,,,,,,,,,,,,,,,,,0.0,0.0,,0.0,,,0.0,,0.0,0.0,0.0,,,,
Cross-Segment CONOPs workflow Rapid Prototype,SSWGUI-69,100359,Epic,Done,SSWGUI,SSWGUI,software,kbassi,,,Medium,Done,,kbassi,kbassi,27/Apr/26 2:37 PM,10/Sep/26 3:53 PM,18/Sep/26 3:22 PM,08/Sep/26 9:34 AM,,,PI 18,,,,,,Experimental,HMI IPT,,,0,"*Summary:*
As an output of the HMI IPT Splinter meeting, the govt has asked us to brainstorm a CONOPs flow via the touch screens. 

*Project Impact:*

What Problem Does this Solve:
 * Operators may prefer an entirely UI focused workflow

How does this fit into the larger project:
 * The operators will use the touchscreens to complete the missions

*Implementation Overview:*
High Level Overview:
 * TODO

Key Components/Docs/Specs:
 * TODO LINKS HERE

*Risks/Considerations/Dependencies*
 * TODO

*Completion Criteria:*

Outputs
 * TODO

Demo:
 * Documentation Reflecting what the content of this demo is. Define what is in and out of scope
 * Define who will be presenting which portions of the demo.
 * TODO - add link here to guidelines. 

CI/CD
 * TODO

Documentation
 * TODO

Requirements:
 * SRS / SSS requirements exist for this feature.

Specs
 * TODO",,kbassi,,,,,,,,0,0,,0%,0,0,,,,,,,,,,,,,,,,,,,,,,,,,,,,,,,,,,,,,,,,,,,,,,,,,,ghx-label-7,,Cross-Segment CONOPs workflow Rapid Prototype,Done,,,,,,,Sprint,,,,,,,No comments by current user.,,,,,,,,,,,,,,,,,,,,,,"1|i09ajr:",,,,,,,,,,,,,,,,Medium,,,,,,,,,,,,,,,,100%,01/Jun/26 12:00 AM,28/Apr/26 12:00 AM,,,,,,,,,,,,,,0.0,0.0,,0.0,,,0.0,,0.0,0.0,0.0,,,,
Omega Doors accept queries with empty app version,SSWGUI-68,100315,Task,Cancelled,SSWGUI,SSWGUI,software,kbassi,,,Medium,Won't Do,cquinby,cquinby,cquinby,27/Apr/26 9:01 AM,27/Apr/26 9:01 AM,18/Sep/26 3:22 PM,27/Apr/26 9:01 AM,,,,,,,,,,,,,0,Omega Doors accept queries with empty app version,,cquinby,,,,,,,,0,0,,0%,0,0,,,,,,,,,,,,,,,,,,,,,,,,,,,,,,,,,,,,,,Omega Doors accept queries with empty app version,,,,,,,,,,,,,,,,,,,,,,Kanban,,,,,,,No comments by current user.,,,,,,,,,,,,,,,,,,,,,,"1|i09ehc:",,,,,,,,,,,,,,,,Medium,,,,,,,,,,,,0.0,,,,,,,,,,,,,,,,,,,,0.0,0.0,,0.0,,,0.0,,,,,,,,
"As a maintainer or tester, I need to verify that the ESTAP GUI Manual Mode page satisfies all SRS requirements ",SSWGUI-67,100136,Story,Ready for SW Dev,SSWGUI,SSWGUI,software,kbassi,,,Medium,,kbassi,cmcverry,cmcverry,23/Apr/26 4:34 PM,11/Sep/26 5:47 PM,09/Sep/26 10:36 AM,,,,ESTAP GUI 1.0.0-rc,FST,PI 18,,,,EST,,,,0,"Why is this needed? There needs to be verifiable evidence that the implementation of the ESTAP GUI Manual Mode control page and all of its components satisfy all associated software requirement specifications.

Where does this fit in the system? 

N/A

Any relevant business or technical context?
 * Software acceptance testing 
 * Requirements traceability 

Anything out of scope?
 *  

Acceptance Criteria:
 * All SRS requirements for the ESTAP GUI in the scope of the Manual Mode page and its components are traced to the implementation, tested, and verified. 

Technical Notes: 
 * Link to Non SSW SDDs and SRSs <\\us-ct-eb01\EBDepts\Eng.454\PROJECTS\Virginia_SSW\5_Team_Working_Area\G_Oneill\Non_SSW_Documents>
 * Link to Engineering GUI Spec - exists in doors.
 * Link to Engineering GUI Spec reference docs <\\us-ct-eb01\EBDepts\Eng.440\Projects-VA\VA SSW\Systems Engineering\Specifications\Engineering GUI SPEC\Reference Documents>
 * Link to GMDS style guide - <X:\Eng.440\Projects-VA\VA SSW\CWS Working Group\SSW HMI GUI>
 * Link to updated CONOPS *TBD*",,cmcverry,kbassi,,,,,,,,0,,,0,0,255600,,,,,,,,,,,,,,,,,,,,,,,,,,,,,,,,,,,,,"An updated ESTAP GUI SRS 
Acceptance testing of all new requirements",,,,,,,,kbassi,,,,,SSWGUI-54,,,In Progress,,,,,,,,,,"Posted on: Mon Aug 24 18:08:48 EDT 2026
the dev branch will be merged into the feature branch. 

[~cquinby]  will be senior reviewer on the mr 

[~kbassi]  to fix storybook ",,,No comments by current user.,,,,,,,,,amessier,,,,,,,,,,,,,"1|i09dw8:",,,,,,,,,,,,,,,,,,,,,,,,cquinby,,,,,,,,100%,10/Aug/26 12:00 AM,07/Jun/26 12:00 AM,,,,,,,,,,,,,,0.0,0.0,,0.0,,,0.0,,,,,"01/Jul/26 2:18 PM;kbassi;approved tasking ;;;","24/Aug/26 6:08 PM;kbassi;the dev branch will be merged into the feature branch. 

[~cquinby]  will be senior reviewer on the mr 

[~kbassi]  to fix storybook ;;;",,
"As an operator, I need a GUI page that contains everything I need for using ESTAP Manual Mode controls",SSWGUI-66,100135,Story,Done,SSWGUI,SSWGUI,software,kbassi,,,Medium,Done,nboateng,cmcverry,cmcverry,23/Apr/26 4:24 PM,01/Jul/26 2:27 PM,18/Sep/26 3:22 PM,01/Jul/26 2:27 PM,,,FST,PI 18,,,,,EST,,,,0,"Why is this needed? The operator needs a single, comprehensive GUI page that contains all components necessary for performing ESTCS Manual Mode operations. 

Where does this fit in the system?  This is the central point on the GUI that provides an operator will the interactivity and information necessary for performing ESTCS Manual Mode operations. Components of this page will potentially be implemented as standalone widgets, but ultimately there will still need to be this central point for the operator to navigate to and use regardless of customization.  

Any relevant business or technical context?
 *  

Anything out of scope?
 *  

Acceptance Criteria:

GIVEN I load the ESTAP GUI Manual Mode control page.

WHEN I am intending to order Manual Mode movement operations and or need to see the current state of ESTCS concerning system components relevant to Manual Mode. 

THEN via controls on the page, I order the ESTAP to issue Manual Mode commands to the system's hardware. As result, I should be able to observe changes in ESTCS state.

UI/UX Notes: 
 * The page will potentially end up implemented as a highly customizable layout of widgets instead of something with a more or less static layout

Technical Notes: 
 * Link to Non SSW SDDs and SRSs <\\us-ct-eb01\EBDepts\Eng.454\PROJECTS\Virginia_SSW\5_Team_Working_Area\G_Oneill\Non_SSW_Documents>
 * Link to Engineering GUI Spec - exists in doors.
 * Link to Engineering GUI Spec reference docs <\\us-ct-eb01\EBDepts\Eng.440\Projects-VA\VA SSW\Systems Engineering\Specifications\Engineering GUI SPEC\Reference Documents>
 * Link to GMDS style guide - <X:\Eng.440\Projects-VA\VA SSW\CWS Working Group\SSW HMI GUI>
 * Link to updated CONOPS *TBD*",,cmcverry,,,,,,,,0,0,,0%,0,0,100800,,SSWGUI-55,SSWGUI-58,SSWGUI-59,,,,,,,,,,,,,,,,,,,,,,,,,,,,,,,,,"Specs
-  Created using the approved Design Page Guidelines 
    - Examples of completed design pages in include Card I/O Manager Design Page and PM/FL Design Page  
    -  EACH unit (page component) has a design page, not just the  MAIN PG!

Outputs:
    - ESTAP Manual Mode Component(s) Exists 
    - Tested with unit and functional tests.
    - A fully approved Design Page for each unit (GUI component) 

Excludes acceptance test part of different story ",,,,,,,,nboateng,,,,,SSWGUI-54,,,In Progress,,,,,,,,,,,,,No comments by current user.,,,,,,,,,,,,,,,,,,,,,,"1|i09dw0:",,,,,,,,,,,,,,,,,,,,,,,,,,,,,,,,100%,02/Jul/26 12:00 AM,30/May/26 12:00 AM,,,,,,,,,,,,,,0.0,0.0,,0.0,,,0.0,,,,,,,,
"As developer or maintainer, I need all SRS requirements for the ESTAP Manual Mode page/components",SSWGUI-65,100134,Story,Finalize,SSWGUI,SSWGUI,software,kbassi,,,Medium,,schatter,cmcverry,cmcverry,23/Apr/26 4:07 PM,10/Sep/26 3:38 PM,24/Aug/26 8:54 AM,,,,ESTAP GUI 1.0.0-rc,FST,PI 18,,,,EST,,,,0,"Comb through the EST-SSS and EST-SRS and locate all relevant requirements. 

Identify and compile a list of missing requirements. 

Write the initial requirements for relevant sections of the GUI SRS. If the SRS does not formally exist, write the requirements to a table on a Confluence that aligns to the expected layout of the pending SRS document. ",,cmcverry,,,,,,,,28800,28800,,0%,28800,28800,57600,,,,,,,,,,,,,,,,,,,,,,,,,,,,,,,,,,,,,"'- Requirements written to DOORS SRS (if ready, otherwise temporary page on Confluence)
- Update ESTAP GUI Manual Mode Page storybook documentation to trace back to requirements",,,,,,,,cmcverry,,,,,SSWGUI-54,,,In Progress,,,,,,,,,,"Posted on: Tue May 05 14:13:12 EDT 2026
Linked prelim reqs in Confluence page",,,No comments by current user.,,,,,,,,,jziobron,kbassi,,,,,,,,,,,,"1|i09dvs:",,,,,,,,,,,,,,,,,,,,,,,,kbassi,,,,,,,,100%,13/Aug/26 12:00 AM,09/Apr/26 12:00 AM,,,,,,,,,,,,,,0.0,0.0,,0.0,,,0.0,,,,,"05/May/26 2:13 PM;cmcverry;Linked prelim reqs in Confluence page;;;",,,
[OBE DELETE],SSWGUI-64,100132,Task,Cancelled,SSWGUI,SSWGUI,software,kbassi,,,Medium,Won't Do,,cmcverry,cmcverry,23/Apr/26 3:56 PM,28/Apr/26 3:37 PM,18/Sep/26 3:22 PM,23/Apr/26 5:45 PM,,,,,,,,,,,,,0,,,cmcverry,,,,,,,,0,0,,0%,0,0,,,,,,,,,,,,,,,,,,,,,,,,,,,,,,,,,,,,,,,,,,,,,,,,,,,,,,,,,,,,Kanban,,,,,,,No comments by current user.,,,,,,,,,,,,,,,,,,,,,,"1|i09dvc:",,,,,,,,,,,,,,,,Medium,,,,,,,,,,,,0.0,,,,,,,,,,,,,,,,,,,,0.0,0.0,,0.0,,,0.0,,,,,,,,
"As an operator, I need access to the ESTAP Manual Mode controls, specifically movement controls, and I want all of the button controls to be organized in an intuitive, functional layout",SSWGUI-59,100127,Story,Done,SSWGUI,SSWGUI,software,kbassi,,,Medium,Done,nboateng,cmcverry,cmcverry,23/Apr/26 3:37 PM,01/Jul/26 2:27 PM,18/Sep/26 3:22 PM,01/Jul/26 2:27 PM,,,FST,PI 18,,,,,EST,,,,0,"Why is this needed? While performing Manual Mode *movement* operations, the operator wants all buttons to reside in the same component and organized in a intuitive, functional grid button layout. For the sake of usability, it will be easier for the operator to understand the controls if all movement controls concerning lifting the EST are on the same row. Likewise for the controls that lower the EST.   

Where does this fit in the system?  This is one of two ESTAP GUI components (the other for Manual Mode non-tray-movement controls) that provide interactivity with the ESTCS in the scope of Manual Mode operations. Using this component, an operator will be able to order the tray to move vertically and horizontally in the ESTCS deployment scope. Additionally, should cable deployment for the L/L motors fall out-of-sync, the operator will be able to control the L/L Forward or Aft motors separately. 

Any relevant business or technical context?
 * ESTCS deployment scope 
 * alignment of L/L cable deployment

Anything out of scope?
 *  

Acceptance Criteria:

GIVEN I load the ESTAP GUI Manual Mode control page, or I load a custom page layout where this component is used as a widget , 

WHEN I am intending to order Manual Mode operations that will move the tray vertically or horizontally. My intention might be rooted in a need to correct a critical fault (L/L cable deployment being out-of-sync) or to support operation of other subsystems. 

THEN operations are ordered and I should should see clear indication about whether an order succeeded or failed. 

UI/UX Notes: 
 * Decisions need to be made about some behavioral aspects concerning the ""Enable Commands"" button currently featured in the design and whether buttons should be enabled in correspondence with the state other Manual Mode controls component (i.e., if Lift/Lower Synchronous is the selected tab, should only Lift/Lower movement controls be enabled in the other component).

Technical Notes: 
 * Link to Non SSW SDDs and SRSs <\\us-ct-eb01\EBDepts\Eng.454\PROJECTS\Virginia_SSW\5_Team_Working_Area\G_Oneill\Non_SSW_Documents>
 * Link to Engineering GUI Spec - exists in doors.
 * Link to Engineering GUI Spec reference docs <\\us-ct-eb01\EBDepts\Eng.440\Projects-VA\VA SSW\Systems Engineering\Specifications\Engineering GUI SPEC\Reference Documents>
 * Link to GMDS style guide - <X:\Eng.440\Projects-VA\VA SSW\CWS Working Group\SSW HMI GUI>
 * Link to updated CONOPS *TBD*",,cmcverry,,,,,,,,0,0,,0%,0,0,,,,,,,,,,,SSWGUI-66,,,,,,,,,,,,,,,,"11/May/26 10:15 AM;aly;FAD controls, manual.png;https://192.168.3.34/jira1/secure/attachment/20747/FAD+controls%2C+manual.png","11/May/26 10:19 AM;aly;LL Controls, Manual Asynchronous.png;https://192.168.3.34/jira1/secure/attachment/20751/LL+Controls%2C+Manual+Asynchronous.png","11/May/26 10:17 AM;aly;LL Controls, Manual Synchronous.png;https://192.168.3.34/jira1/secure/attachment/20748/LL+Controls%2C+Manual+Synchronous.png","11/May/26 10:21 AM;aly;Status Screen, Manual Mode.png;https://192.168.3.34/jira1/secure/attachment/20752/Status+Screen%2C+Manual+Mode.png",,,,,,,,"Specs
-  Created using the approved Design Page Guidelines 
    - Examples of completed design pages in include Card I/O Manager Design Page and PM/FL Design Page  
    -  EACH unit (page component) has a design page, not just the  MAIN PG!

Outputs:
    - ESTAP Manual Mode Component(s) Exists 
    - Tested with unit and functional tests.
    - A fully approved Design Page for each unit (GUI component) 

Excludes acceptance test part of different story ",,,,,,,,nboateng,,,,,SSWGUI-54,,,In Progress,,,,,,,,,,,,,No comments by current user.,,,,,,,,,,,,,,,,,,,,,,"1|i09du8:",,,,,,,,,,,,,,,,,,,,,,,,,,,,,,,,100%,02/Jul/26 12:00 AM,19/May/26 12:00 AM,,,,,,,,,,,,,,0.0,0.0,,0.0,,,0.0,,,,,,,,
"As an operator, I need access to the ESTAP Manual Mode controls, and I want the non-movement controls to be separate from movement controls and visually organized into separate groups for the different ESTCS motors",SSWGUI-58,100126,Story,Done,SSWGUI,SSWGUI,software,kbassi,,,Medium,Done,nboateng,cmcverry,cmcverry,23/Apr/26 3:21 PM,01/Jul/26 2:26 PM,18/Sep/26 3:22 PM,01/Jul/26 2:26 PM,,,FST,PI 18,,,,,EST,,,,0,"Why is this needed? While performing Manual Mode non-tray-movement operations, the operator wants a layout for the controls that has a clear separation for each ESTCS motor.  

Where does this fit in the system?  This is one of two ESTAP GUI components (the other for Manual Mode movement controls) that provide interactivity with the ESTCS in the scope of Manual Mode operations. Using this component, an operator will be able to order targeted unblocking or blocking of ESTCS motor blocking valves, releasing or applying of L/L (synchronously) and FAD motor brakes, and unlocking/locking of ESTCS tray locks (synchronously). 

Any relevant business or technical context?
 * ESTCS Lift/Lower and FAD Motors 
 * ESTCS tray locks 

Anything out of scope?
 * Certain Manual Mode controls in how they fit into tabbed groupings in the current Penpot design might need to be reevaluated 

Acceptance Criteria:

GIVEN I load the ESTAP GUI Manual Mode control page, or I load a custom page layout where this component is used as a widget , 

WHEN I am intending to order Manual Mode operations that will either secure or unsecure the tray for subsequent Manual Mode movement. 

THEN operations are ordered and I should should see clear indication about whether an order succeeded or failed. 

UI/UX Notes: 
 *  

Technical Notes: 
 * Link to Non SSW SDDs and SRSs <\\us-ct-eb01\EBDepts\Eng.454\PROJECTS\Virginia_SSW\5_Team_Working_Area\G_Oneill\Non_SSW_Documents>
 * Link to Engineering GUI Spec - exists in doors.
 * Link to Engineering GUI Spec reference docs <\\us-ct-eb01\EBDepts\Eng.440\Projects-VA\VA SSW\Systems Engineering\Specifications\Engineering GUI SPEC\Reference Documents>
 * Link to GMDS style guide - <X:\Eng.440\Projects-VA\VA SSW\CWS Working Group\SSW HMI GUI>
 * Link to updated CONOPS *TBD*",,cmcverry,,,,,,,,0,0,,0%,0,0,,,,,,,,,,,SSWGUI-66,,,,,,,,,,,,,,,,"11/May/26 10:14 AM;aly;FAD controls, Manual.png;https://192.168.3.34/jira1/secure/attachment/20746/FAD+controls%2C+Manual.png","11/May/26 10:19 AM;aly;LL Controls, Manual Asynchronous.png;https://192.168.3.34/jira1/secure/attachment/20750/LL+Controls%2C+Manual+Asynchronous.png","11/May/26 10:18 AM;aly;LL Controls, Manual Synchronous.png;https://192.168.3.34/jira1/secure/attachment/20749/LL+Controls%2C+Manual+Synchronous.png","11/May/26 10:21 AM;aly;Status Screen, Manual Mode.png;https://192.168.3.34/jira1/secure/attachment/20753/Status+Screen%2C+Manual+Mode.png",,,,,,,,"Specs
-  Created using the approved Design Page Guidelines 
    - Examples of completed design pages in include Card I/O Manager Design Page and PM/FL Design Page  
    -  EACH unit (page component) has a design page, not just the  MAIN PG!

Outputs:
    - ESTAP Manual Mode Component(s) Exists 
    - Tested with unit and functional tests.
    - A fully approved Design Page for each unit (GUI component) 

Excludes acceptance test part of different story ",,,,,,,,,,,,,SSWGUI-54,,,In Progress,,,,,,,,,,,,,No comments by current user.,,,,,,,,,,,,,,,,,,,,,,"1|i09du0:",,,,,,,,,,,,,,,,,,,,,,,,,,,,,,,,100%,02/Jul/26 12:00 AM,11/May/26 12:00 AM,,,,,,,,,,,,,,0.0,0.0,,0.0,,,0.0,,,,,,,,
Transfer Motor Pressure Indicator and Range Indicator Confluence Pages to Storybook,SSWGUI-57,100125,Task,Done,SSWGUI,SSWGUI,software,kbassi,,,Medium,Done,nboateng,kbassi,kbassi,23/Apr/26 3:07 PM,08/May/26 1:14 PM,18/Sep/26 3:22 PM,08/May/26 1:14 PM,,,,,,,,,Common,,,,0,"Move motor pressure indication confluence page to Storybook

How to guide: [https://192.168.3.34/cnfl1/spaces/DS/pages/155358657/How+to+Add+Component+Documentation+to+Storybook]

Pages: [https://192.168.3.34/cnfl1/spaces/DS/pages/159254912/Motor+Pressure+Indicator+-+Manual+Mode+Page]
[https://192.168.3.34/cnfl1/spaces/DS/pages/159254912/Motor+Pressure+Indicator+-+Manual+Mode+Page]

Work off of this branch: [https://192.168.3.19/ssw-phc-developers/ssw-guis/tactical/estap-gui/-/tree/mrg/SSWSW-10469/manual_mode_page_components]
mrg/SSWSW-10469/manual_mode_page_components",,kbassi,nboateng,,,,,,,0,0,,0%,0,0,,,,,,,,,,,,,,,,,,,,,,,,,,,,,,,,,,,,,,"'- Selected GUI pages also exist in storybook
- Merge into feature branch
- Archive Conf pages",,,,,,,,,,,,,SSWGUI-53,,,Done,,,,,,Sprint,,,,"Posted on: Tue May 05 09:43:44 EDT 2026
[https://192.168.3.19/ssw-phc-developers/ssw-guis/tactical/estap-gui/-/merge_requests/88]

 ",,,No comments by current user.,,,,,,,,,jziobron,,,,,,,,,,,,,"1|i09dts:",,,,,,,,,,,,,,,,Medium,,,,,,,,cmcverry,,,,,,,,100%,05/May/26 12:00 AM,22/Apr/26 12:00 AM,,,,,,,,,,,,,,0.0,0.0,,0.0,,,0.0,,,,,"05/May/26 9:43 AM;nboateng;[https://192.168.3.19/ssw-phc-developers/ssw-guis/tactical/estap-gui/-/merge_requests/88]

 ;;;",,,
Transfer Sensor Data Area Confluence Page to Storybook,SSWGUI-56,100124,Task,Done,SSWGUI,SSWGUI,software,kbassi,,,Medium,Done,nboateng,kbassi,kbassi,23/Apr/26 3:06 PM,08/May/26 1:16 PM,18/Sep/26 3:22 PM,08/May/26 1:16 PM,,,,,,,,,Common,,,,0,"Transfer this design page to Storybook

How to guide: [https://192.168.3.34/cnfl1/spaces/DS/pages/155358657/How+to+Add+Component+Documentation+to+Storybook]

Pages: [https://192.168.3.34/cnfl1/spaces/DS/pages/155355072/Sensor+Data+Area+-+Manual+Mode+Page]

Work off of this branch: [https://192.168.3.19/ssw-phc-developers/ssw-guis/tactical/estap-gui/-/tree/mrg/SSWSW-10469/manual_mode_page_components]
mrg/SSWSW-10469/manual_mode_page_components",,kbassi,nboateng,,,,,,,0,0,,0%,0,0,,,,,,,,,,,,,,,,,,,,,,,,,,,,,,,,,,,,,,"'- Selected GUI pages also exist in storybook
- Merge into feature branch
- Archive Conf pages",,,,,,,,nboateng,,,,,SSWGUI-53,,,Done,,,,,,Sprint,,,,"Posted on: Thu Apr 30 15:34:24 EDT 2026
https://192.168.3.19/ssw-phc-developers/ssw-guis/tactical/estap-gui/-/merge_requests/87",,,No comments by current user.,,,,,,,,,jziobron,,,,,,,,,,,,,"1|i09dtk:",,,,,,,,,,,,,,,,Medium,,,,,,,,cmcverry,,,,,,,,100%,05/May/26 12:00 AM,22/Apr/26 12:00 AM,,,,,,,,,,,,,,0.0,0.0,,0.0,,,0.0,,,,,"30/Apr/26 3:34 PM;nboateng;https://192.168.3.19/ssw-phc-developers/ssw-guis/tactical/estap-gui/-/merge_requests/87;;;",,,
"As an operator, while ordering Manual Mode movement operations I want a visual component that indicates the tray's vertical and horizontal deployment scope as well as the differential pressure state for the Lift/Lower Motors",SSWGUI-55,100122,Story,Finalize,SSWGUI,SSWGUI,software,kbassi,,,Medium,,schatter,cmcverry,cmcverry,23/Apr/26 2:59 PM,10/Sep/26 3:38 PM,18/Sep/26 3:22 PM,,,,ESTAP GUI 1.0.0-rc,FST,PI 18,,,,EST,,,,0,"Why is this needed? While performing Manual Mode operations, the operator needs to be aware of the EST's position in the Lift/Lower and FAD deployment scope. Additionally, within the same visual, frontend component, the operator needs to made aware of the differential motor pressure for the Lift/Lower motors (including whether these motors are in Reduced or Relived Stall tension state). 

Where does this fit in the system?  Without this data being available while performing Manual Mode movement operations, the operator cannot make informed decisions. 

Any relevant business or technical context?
 * Lift/Lower motors differential pressure
 * EST L/L motor Reduced and Stalled tension threshold
 * EST deployment scope

Anything out of scope?
 * Current component design may not take into account that the differential pressures for the L/L motors could be out-of-sync

Acceptance Criteria:

GIVEN I load the ESTAP GUI Manual Mode control page, or I load a custom page layout where this component is used as a widget , 

WHEN I am intending to order Manual Mode movement operations and or need to see the current deployment for the EST and stall tension for the L/L motors, 

THEN operations are ordered (via a different component) and in real-time I should see updates to EST's deployment and stall tension for the L/L motors.

UI/UX Notes: 
 *  

Technical Notes: 
 * Link to Non SSW SDDs and SRSs <\\us-ct-eb01\EBDepts\Eng.454\PROJECTS\Virginia_SSW\5_Team_Working_Area\G_Oneill\Non_SSW_Documents>
 * Link to Engineering GUI Spec - exists in doors.
 * Link to Engineering GUI Spec reference docs <\\us-ct-eb01\EBDepts\Eng.440\Projects-VA\VA SSW\Systems Engineering\Specifications\Engineering GUI SPEC\Reference Documents>
 * Link to GMDS style guide - <X:\Eng.440\Projects-VA\VA SSW\CWS Working Group\SSW HMI GUI>
 * Link to updated CONOPS *TBD*",,cmcverry,schatter,,,,,,,,0,,,0,0,302400,,,,,,,,,,SSWGUI-66,,,,,,,,,,,,,,,,,,,,,,,,,,,"Design Page Template created using the approved guidelines 
EACH unit (page component) has a design page, not just the  MAIN PG!
ESTAP Tray Deployment and LL Motor State Component Exists 
All components defined in the high level overview are implemented. Tested with unit and functional tests.
A fully approved Storybook for each unit (GUI page component) linked above",,,,,,,,schatter,,,,,SSWGUI-54,,,In Progress,,,,,,,,,,"Posted on: Tue Jun 30 08:56:48 EDT 2026
Component designed, implemented and tested. Design captured in pre-design template and Storybook.",,,No comments by current user.,,,,,,,,,,,,,,,,,,,,,,"1|i09dt4:",,,,,,,,,,,,,,,,,,,,,,,,,,,,,,,,100%,13/Aug/26 12:00 AM,26/May/26 12:00 AM,,,,,,,,,,,,,,0.0,0.0,,0.0,,,0.0,,,,,"30/Jun/26 8:56 AM;schatter;Component designed, implemented and tested. Design captured in pre-design template and Storybook.;;;",,,
ESTAP GUI Manual Mode Components including Tray Animation Area,SSWGUI-54,100119,Epic,In Progress,SSWGUI,SSWGUI,software,kbassi,,,Medium,,cmcverry,cmcverry,cmcverry,23/Apr/26 2:31 PM,10/Sep/26 4:11 PM,18/Sep/26 3:22 PM,,,,ESTAP GUI 1.0.0-rc,FST,PI 18,,,,EST,,,,0,"{color:#000000}*Summary:*{color}

{color:#000000}The ESTAP {color}{color:#000000}is comprised of the ESTAP controller and ESTAP Graphical User Interface (GUI). The ESTAP GUI is what the operator uses to control the movement of the tube 9 and tube 10 hatches{color}. It is responsible for providing the visuals needed to for operators to conduct SSW mission operations. The ESTAP GUI allows operators to view the live status of the External Stowage Tray System (ESTS). It also allows operators to move the tray and override sensor values. The purpose of this milestone is to document the design for all the units of ESTAP GUI as well as initial implementation and testing for all units.

This milestone specifically encompasses all units comprising the Manual Mode Page. {color:#172b4d}NOTE:  Design and implementation is based on the most recently available and reviewed GUI mockups from the EST GUI Penpot project. Visual mockups are subject to change and we expect to identity edge cases as we produce software designs and begin implementation.{color}

{color:#ff0000}Each page that is displayed will be considered a unit. We will need sub-unit pages to capture specific/key variations of a given unit page. Should be re-evaluated before tasks are added into the PI.{color}

*Project Impact:*
{color:#000000}What Problem Does this Solve{color}
 * {color:#000000}Produces design documentation for common and ESTAP GUI code used in the ESTAP CSCI.{color}
 * {color:#000000}Provides clarity for safety teams, stakeholders and developers{color}
 * Work towards engineering and tactical GUI development; tested implementation for the ESTAP GUI Manual Mode Page

{color:#000000}How does this fit into the larger project{color}
 * {color:#000000}This documentation will be included in the ESTAP SDD. {color}
 * This enables us to start developing our engineering GUIs. 

{color:#000000}*Implementation Overview:*{color}
{color:#000000}High Level Overview{color}
 * {color:#000000}The ESTAP design pages will document the design of the Tube 10 Control Page and all the React Components within.{color}
 ** {color:#000000}Tray Animation Area{color}

 * 
 ** 
 *** {color:#000000}TCS tube bottom hatches {color}
 *** {color:#000000}the ROV{color}
 *** {color:#000000}the tray {color}
 ** {color:#000000}Sensor Data Area - left hand side{color}
 ** {color:#000000}Tray Package Configuration  - bottom middle{color}
 ** {color:#000000}Tray Commands - bottom right  {color}
 ** {color:#000000}Tray Two state commands - top right {color}
 *** {color:#000000}LL Synchronous{color}
 *** {color:#000000}LL Asynchronous{color}
 *** {color:#000000}Fore/Aft{color}
 *** {color:#000000}Mode of Operations{color}

{color:#000000}Key Components/Docs{color}
 * Link to Non SSW SDDs and SRSs <\\us-ct-eb01\EBDepts\Eng.454\PROJECTS\Virginia_SSW\5_Team_Working_Area\G_Oneill\Non_SSW_Documents>
 * Link to Engineering GUI Spec - exists in doors.
 * Link to Engineering GUI Spec reference docs <\\us-ct-eb01\EBDepts\Eng.440\Projects-VA\VA SSW\Systems Engineering\Specifications\Engineering GUI SPEC\Reference Documents>
 * Link to GMDS style guide - <X:\Eng.440\Projects-VA\VA SSW\CWS Working Group\SSW HMI GUI>
 * Link to updated CONOPS *TBD*

{color:#000000}*Risks/Considerations/Dependencies*{color}
 * {color:#000000}Lack of Developer Knowledge of GUI design and structure{color}
 * {color:#000000}Lack of Understanding on how to design / organize GUI design pages.{color}

{color:#000000}*Completion Criteria:*{color}

{color:#000000}Specs{color}
 * {color:#000000}Pre-designs pages created for all components using the approved {color}{color:#000000}[Design Page Guidelines|https://192.168.3.34/cnfl1/display/DS/Design+Doc+Guidelines]{color}{color:#000000} {color}
 ** {color:#000000}Examples of completed design pages in include {color}[Card I/O Manager Design Page|https://192.168.3.34/cnfl1/pages/viewpage.action?pageId=106300846] and [PM/FL Design Page|https://192.168.3.34/cnfl1/pages/viewpage.action?pageId=106303616]  

 * {color:#000000}EACH unit (page component) has a design page, not just the  MAIN PG!{color}

{color:#000000}Outputs{color}
 * ESTAP Manual Mode page implemented with all components
 * All components defined in the high level overview are implemented. Tested with unit, functional, and acceptance tests.
 * {color:#000000}A fully approved Design Page for each unit (GUI page component) linked above{color}",,cmcverry,,,,,,,,0,0,,0%,0,0,,,,,,,,,,,SSWSYS-3672,,,,,,,,,,,,,,,,,,,,,,,,,,,,,,,,,,,,,,,ghx-label-2,,ESTAP GUI Manual Mode Components including Tray Animation Area,In Progress,,,,,,,Sprint,,,,,,,No comments by current user.,,,,,,,,,,,,,,,,,,,,,,"1|i07xbl:v",,,,,,,,,,,,,,,,Medium,,,,,,,,,,,,,,,,,21/Sep/26 12:00 AM,,,,,,,,,,,,,,,0.0,0.0,,0.0,,,0.0,,0.0,0.0,0.0,,,,
Prototype Usage of Storybook to generate docs,SSWGUI-53,93786,Epic,Done,SSWGUI,SSWGUI,software,kbassi,,,Medium,Done,kbassi,mcollett,mcollett,06/Feb/26 9:19 AM,01/Jul/26 1:18 PM,18/Sep/26 3:22 PM,11/May/26 10:54 AM,,,PI 18,,,,,,Common,,,,0,"{color:#000000}*Summary:*{color}

{color:#000000}Both the TCAP and ESTAP GUI need an SDD document. We have identified that the current SDD process is not fully compatible with how we have been doing it for other CSCIs. {color}

*Project Impact:*
{color:#000000}What Problem Does this Solve{color}
 * {color:#000000}Design documentation for common code used in the ESTAP & TCAP CSCI cleanly.{color}
 * {color:#000000}Provides clarity for safety teams, stakeholders and developers{color}

{color:#000000}How does this fit into the larger project{color}
 * {color:#000000}This will be used to generate documentation that will be included in the TCAP & ESTAP SDD. {color}

{color:#000000}*Implementation Overview:*{color}
{color:#000000}High Level Overview{color}
 * Prototype and use storybook to create sdd documentation. 

{color:#000000}Key Components/Docs{color}
 * Link to Non SSW SDDs and SRSs <\\us-ct-eb01\EBDepts\Eng.454\PROJECTS\Virginia_SSW\5_Team_Working_Area\G_Oneill\Non_SSW_Documents>
 * Link to Engineering GUI Spec - exists in doors.
 * Link to Engineering GUI Spec reference docs <\\us-ct-eb01\EBDepts\Eng.440\Projects-VA\VA SSW\Systems Engineering\Specifications\Engineering GUI SPEC\Reference Documents>
 * Link to GMDS style guide - <X:\Eng.440\Projects-VA\VA SSW\CWS Working Group\SSW HMI GUI>
 * Link to updated CONOPS *TBD*
 * *Current Draft of 25% Gate Slides - \\us-ct-eb01\EBDepts\Eng.440\Projects-VA\VA SSW\CWS Working Group\SSW HMI GUI\Gate Reviews\25% Gate Review\EB*

{color:#000000}*Risks/Considerations/Dependencies*{color}
 * {color:#000000}Lack of Developer Knowledge of GUI design and structure{color}
 * {color:#000000}Lack of Understanding on how to design / organize GUI design pages.{color}

{color:#000000}*Completion Criteria:*{color}

{color:#000000}Specs{color}
 * {color:#000000}Created using the approved {color}{color:#000000}[Design Page Guidelines|https://192.168.3.34/cnfl1/display/DS/Design+Doc+Guidelines]{color}{color:#000000} {color}
 ** {color:#000000}Examples of completed design pages in include {color}[Card I/O Manager Design Page|https://192.168.3.34/cnfl1/pages/viewpage.action?pageId=106300846] and [PM/FL Design Page|https://192.168.3.34/cnfl1/pages/viewpage.action?pageId=106303616]  

 * {color:#000000}EACH NOT -MAIN PG is it's own Design page!!{color}

 

{color:#000000}Specs: {color}
 * {color:#000000}A fully approved Design Page for each unit linked above{color}

{color:#000000}Outputs{color}
 * All existing design pages transferred into Gitlab to be generated using storybook. 
 * storybook in gl package registry",,mcollett,,,,,,,,0,0,,0%,0,0,,,,,,,,,,,,,,,,,,,,,,,,,,SSWSW-10481,,,,,,,,,,,,,,,,,,,,,,,,ghx-label-1,,Prototype Usage of Storybook to generate docs,Done,,,,,,,Sprint,,,,,,,No comments by current user.,,,,,,,,SSWSW-10531,,,,,,,,,,,,,,"1|i07xbl:w",,,,,,,,,,,,,,,,Medium,,,,,,,,,,,,,,,,100%,05/May/26 12:00 AM,11/Mar/26 12:00 AM,243,,,,,,,,,,,,100.0,11.0,0.0,,,100.0,72.8,11.0,0.0,88.0,24.0,64.0,,,,
Create Deliverable Dockerfile,SSWGUI-52,100118,Story,Done,SSWGUI,SSWGUI,software,kbassi,,,Medium,Done,kbassi,kbassi,kbassi,23/Apr/26 2:22 PM,07/May/26 8:02 PM,18/Sep/26 3:22 PM,07/May/26 6:50 PM,,,FST,,,,,,EST,,,,0,"Create a dockerfile that does not need the node modules and source code to run. Should be able to run from the build only. 

Should be minimal.
 * Dnf install node 
 * copy in compiled project contents (.next) dir (without the node_modules directory)
 * npm install without installing all the dev dependencies (there is a command for that)
 * npm run build and npm run preview need to be ran at some point to get the compiled gui project 

[https://192.168.3.19/ssw-phc-developers/ssw-guis/non-tactical/nio-debug-gui/-/blob/dev/SSWSW-10377/operational-status-page/README.md] contains steps on running the prod server. 

 

 ",,kbassi,,,,";30/Apr/26 8:01 PM;kbassi;3600",";05/May/26 7:48 PM;kbassi;3600",";07/May/26 8:02 PM;kbassi;600",,0,0,7800,"9,223,372,036,854,775,807%",0,0,7800,,,,,,,,,,,,,,,,,,,,,,,,,,,,,,,,,,,,,,,,,,,,,kbassi,,,,,SSWSW-10460,,,To Do,,,,,,,,,,,,,No comments by current user.,,,,,,,,,,,,,,,,,,,,,,"1|i09bt6:",,,,,,,,,,,,,,,,,,,,,,,,,,,,,,,,100%,05/May/26 12:00 AM,22/Apr/26 12:00 AM,,,,,,,,,,,,,,0.0,0.0,,0.0,,,0.0,,,,,,,,
OBE,SSWGUI-37,100002,Story,Cancelled,SSWGUI,SSWGUI,software,kbassi,,,Medium,Won't Do,amessier,amessier,amessier,22/Apr/26 2:22 PM,11/May/26 4:25 PM,18/Sep/26 3:22 PM,11/May/26 4:21 PM,,,,,,,,,,,,,0,"On click, grpc request event occurs.

On status change indications update

CC:
 - demonstrate the fact that the GUI will live update when changes occur.
 - show your reviewer",,amessier,,,,,,,,0,0,,0%,0,0,,,,,,,,,,,,,,,,,,,,,,,,,,,,,,,,,,,,,,,,,,,,,,,,,,,,,,,,,,,,,,,,,,,No comments by current user.,,,,,,,,,,,,,,,,,,,,,,"1|i09d48:",,,,,,,,,,,,,,,,,,,,,,,,,,,,0.0,,,,0%,07/Oct/26 12:00 AM,24/Sep/26 12:00 AM,,,,,,,,,,,,,,0.0,0.0,,0.0,,,0.0,,,,,,,,
"As a developer, I would like there to be a easy way for all control systems to use the same set of common elements to reduce the amount of redundant code implementation",SSWGUI-36,99994,Story,Done,SSWGUI,SSWGUI,software,kbassi,,,Medium,Done,jziobron,kbassi,kbassi,22/Apr/26 1:04 PM,30/Jun/26 3:28 PM,18/Sep/26 3:22 PM,30/Jun/26 3:28 PM,,,FST,PI 18,,,,,Common,,,,0,"This is needed to commonify things between both controller applications. 

Common visuals and elements should go in here. ",,kbassi,,,,";29/Apr/26 4:09 PM;jziobron;10800",,,,0,0,10800,"9,223,372,036,854,775,807%",158400,18000,183600,,,,,,,,,,,,,,,,,,,,,,,,,,,,,,,,,,,,,"'- Design Page Made
- Comments Adjudicated
- One item made common 
- All existing common elements moved to common library",,,,,,,,,,,,,SSWGUI-35,,,Done,,,,,,,,,,,,,No comments by current user.,,,,,,,,,,,,,,,,,,,,,,"1|i09bt8:",,,,,,,,,,,,,,,,,,,,,,,,,,,,,,,,100%,30/Jun/26 12:00 AM,06/May/26 12:00 AM,,,,,,,,,,,,,,0.0,0.0,,0.0,,,0.0,,,,,,,,
Common GUI Component Library,SSWGUI-35,96985,Epic,Done,SSWGUI,SSWGUI,software,kbassi,,,Medium,Done,kbassi,schatter,schatter,13/Mar/26 10:10 AM,02/Jul/26 9:23 AM,18/Sep/26 3:22 PM,02/Jul/26 9:23 AM,,,FST,PI 18,,,,,Common,,,,0,"*Summary:*

Between all the GUIs to be developed, there are components that have been defined that can be made generic. We can develop and use a Common Component Library to easily reuse common components in our system.

*Project Impact:*
What Problem Does this Solve:
 * Duplicate/obsolete components specified in controller GUIs.
 * Reduces the amount of rework when a component changes. 

How does this fit into the larger project:
 * {color:#172b4d}The Common Component Library will be used to build out tactical GUIs.{color}

*Implementation Overview:*
High Level Overview:
 * Create design for CL 
 * Transfer pure components to common library and test
 * Import components into controller GUIs and update tests
 * Edit design pages as necessary.

Key Components/Docs/Specs:
 * [https://192.168.3.34/cnfl1/spaces/DS/pages/150177020/TCAP+GUI+Design]
 * [https://192.168.3.34/cnfl1/spaces/DS/pages/155354136/ESTAP+GUI+Design] 

*Risks and Considerations*
 * {color:#172b4d}Lack of developer experience creating a component library{color}

*Completion Criteria*

CI/CD
 * Unit tests pass in pipeline

Documentation
 * Common Components Library Design Page produced

Specs
 * TBD

Outputs
 * Design Documentation
 * A CL that can be npm installed. ",,schatter,,,,,,,,0,0,,0%,0,0,,,,,,,,,,,,,,,,,,,,,,,,,,,,,,,,,,,,,,,,,,,,,,,,,,ghx-label-3,,Common GUI Component Library,Done,,,,,,,Sprint,,,,,,,No comments by current user.,,,,,,,,,,,,,,,,,,,,,,"1|i08xf4:",,,,,,,,,,,,,,,,Medium,,,,,,,,,,,,,,,,100%,30/Jun/26 12:00 AM,06/May/26 12:00 AM,243,,,,,,,,,,,,,0.0,0.0,,,0.0,0.0,15.5,15.5,124.0,124.0,0.0,,,,
"As an operator, I would like tripping and closing ECBs to be common flow accross all subsystems to reduce my mental load in mission",SSWGUI-34,99993,Story,Done,SSWGUI,SSWGUI,software,kbassi,,,Medium,Done,amessier,kbassi,kbassi,22/Apr/26 12:53 PM,02/Sep/26 11:11 AM,24/Aug/26 9:06 AM,08/Jul/26 1:57 PM,,,FST,PI 19,,,,,Common,EST,TCS,,0,"Define common components for ECB pages across the system.

Why is this needed?
 * These GUI components should be used declaratively in other GUI code.
 * Keeps the flow common across all systems.

Where does this fit in the system?
 * Used within ESTAP and TCAP GUI for ECBs

Any relevant business or technical context? Anything out of scope?
 * ECBs provide protection for sensitive hardware.
 * This can be used to drain the power to the sensors to help clear ""false positive"" codes 

Acceptance Criteria:

GIVEN the operator is on a page with ECB controls, 

WHEN the operator does to confirm the order and the operator attempts to navigate away, 

THEN the operator will be prompted to confirm or cancel the order.

 

GIVEN the operator is on the page with ECB controls, 

WHEN the operator orders a ECB command, 

THEN the command gets sent to the controller.

 

GIVEN I load ECB page, 

WHEN I observe and change the rendered components,

THEN they reflect the live data.

 

UI/UX Notes:
 * Two step confirmation required. 
 * Reset option per section
 * Reset all ECBs 

Technical Notes:
 * Link to Non SSW SDDs and SRSs <\\us-ct-eb01\EBDepts\Eng.454\PROJECTS\Virginia_SSW\5_Team_Working_Area\G_Oneill\Non_SSW_Documents>
 * Link to Engineering GUI Spec - exists in doors.
 * Link to Engineering GUI Spec reference docs <\\us-ct-eb01\EBDepts\Eng.440\Projects-VA\VA SSW\Systems Engineering\Specifications\Engineering GUI SPEC\Reference Documents>
 * Link to GMDS style guide - <X:\Eng.440\Projects-VA\VA SSW\CWS Working Group\SSW HMI GUI>
 * Link to updated CONOPS TBD",,cquinby,kbassi,,,,,,,0,0,,0%,0,0,,,SSWGUI-45,,,,,,,,SSWGUI-32,,,,,,,,,,,,,,,,,,,,,,,,,,,"'- Put everything into common component library
  - ECB row made common
  - ECB group made common
  - ECB tab made common
- Everything moved to CCL should be removed from ESTAP GUI repo. 
- All SDD pages exist for components made and storybook. 
- ESTAP GUI Page still works after moving
- unit testing",,,,,,,,amessier,,,,,SSWGUI-5,,,In Progress,,,,,,,,,,"Posted on: Wed Jul 01 14:42:09 EDT 2026
approved tasking",,,No comments by current user.,,,,,,,,,,,,,,,,,,,,,,"1|i09d2w:",,,,,,,,,,,,,,,,,,,,,,,,,,,,,,,,100%,15/Jul/26 12:00 AM,02/Jul/26 12:00 AM,,,,,,,,,,,,,,0.0,0.0,,0.0,,,0.0,,,,,"01/Jul/26 2:03 PM;kbassi;approved tasking;;;","01/Jul/26 2:42 PM;cquinby;approved tasking;;;",,
"As a operator, I want ESTAP GUI to use the same ECB UI elements as the rest of the system so I can minimize my mental load.",SSWGUI-33,99990,Story,Done,SSWGUI,SSWGUI,software,kbassi,,,Medium,Done,amessier,kbassi,kbassi,22/Apr/26 12:31 PM,10/Sep/26 3:58 PM,24/Aug/26 9:06 AM,18/Jul/26 3:40 PM,PI 18,,ESTAP GUI 1.0.0-rc,FST,PI 18,,,,EST,,,,0,"Description: 

Why is this needed?
* The operator needs to know and control the live ECB status to make informed decisions.

Where does this fit in the system?
* Without live ECB updates and control, the operator cannot make informed decisions.

Any relevant business or technical context? Anything out of scope?

 
Acceptance Criteria:

GIVEN I load ECB page, 

WHEN I observe and change the rendered components,

THEN they reflect the live data.

Completion Criteria: 
* Implement ECB Page
* Acceptance Test Plan: ECB Page
* Acceptance Test: ECB Page
* Manually Test this component
* Write ECB Page Requirements in doors

UI/UX Notes: 
* TODO - move design page to GUI space and link design page here

Technical Notes: 
* Link to Non SSW SDDs and SRSs <\\us-ct-eb01\EBDepts\Eng.454\PROJECTS\Virginia_SSW\5_Team_Working_Area\G_Oneill\Non_SSW_Documents>
* Link to Engineering GUI Spec - exists in doors.
* Link to Engineering GUI Spec reference docs <\\us-ct-eb01\EBDepts\Eng.440\Projects-VA\VA SSW\Systems Engineering\Specifications\Engineering GUI SPEC\Reference Documents>
* Link to GMDS style guide - <X:\Eng.440\Projects-VA\VA SSW\CWS Working Group\SSW HMI GUI>
* Link to updated CONOPS TBD",,kbassi,,,,,,,,0,0,,0%,0,0,669600,,SSWSW-11166,SSWSW-11214,SSWSW-11318,,,,,,,,,,,,,,,,,,,,,,,,,,,,,,,,,"'- All SDD pages exist for components made and storybook. 
- Page exists and uses updated gRPC interface for status and command. 
- unit testing 
- acceptance testing
- requirements created & any liabilities tracked in DOORs ",,,,,,,,amessier,,,,,SSWGUI-5,,,In Progress,,,,,,,,,,,,,No comments by current user.,,,,,,,,,,,,,,,,,,,,,,"1|i09d2g:",,,,,,,,,,,,,,,,,,,,,,,,,,,,,,,,100%,30/Jun/26 12:00 AM,22/Apr/26 12:00 AM,,,,,,,,,,,,,,0.0,0.0,,0.0,,,0.0,,,,,,,,
"As a operator, I want TCAP GUI to use the same ECB UI elements as the rest of the system so I can minimize my mental load.",SSWGUI-32,99989,Story,Finalize,SSWGUI,SSWGUI,software,kbassi,,,Medium,,amessier,kbassi,kbassi,22/Apr/26 12:30 PM,17/Sep/26 3:01 PM,26/Aug/26 7:46 AM,,,,FST,PI 19,TCAP GUI 1.0.0-rc,,,,TCS,,,,0,"Description: 

Define common components for ECB pages across the system.

Why is this needed?
 * These GUI components should be used declaratively in other GUI code.
 * Keeps the flow common across all systems.

Where does this fit in the system?
 * Used within ESTAP and TCAP GUI for ECBs

Any relevant business or technical context? Anything out of scope?
 * ECBs provide protection for sensitive hardware.
 * This can be used to drain the power to the sensors to help clear ""false positive"" codes 

Acceptance Criteria:

GIVEN the operator is on a page with ECB controls, 

WHEN the operator does to confirm the order and the operator attempts to navigate away, 

THEN the operator will be prompted to confirm or cancel the order.
 

GIVEN the operator is on the page with ECB controls, 

WHEN the operator orders a ECB command, 

THEN the command gets sent to the controller.


GIVEN I load ECB page, 

WHEN I observe and change the rendered components,

THEN they reflect the live data.

Completion Criteria:

Implement ECB Page
Acceptance Test Plan: ECB Page
Acceptance Test: ECB Page
Write ECB Page SSS and SRS in doors

UI/UX Notes:
 * Two step confirmation required. 
 * Reset option per section
 * Reset all ECBs 

Technical Notes:
 * Link to Non SSW SDDs and SRSs <\\us-ct-eb01\EBDepts\Eng.454\PROJECTS\Virginia_SSW\5_Team_Working_Area\G_Oneill\Non_SSW_Documents>
 * Link to Engineering GUI Spec - exists in doors.
 * Link to Engineering GUI Spec reference docs <\\us-ct-eb01\EBDepts\Eng.440\Projects-VA\VA SSW\Systems Engineering\Specifications\Engineering GUI SPEC\Reference Documents>
 * Link to GMDS style guide - <X:\Eng.440\Projects-VA\VA SSW\CWS Working Group\SSW HMI GUI>
 * Link to updated CONOPS TBD",,amessier,cquinby,kbassi,,,,,,0,0,,0%,0,0,,,SSWSW-11214,SSWSW-11318,SSWSW-11166,SSWGUI-34,,,,,,,,,,,,,,,,,,,,,,,,,,,,,,,,"'- All SDD pages exist for components made and storybook. 
- Page exists and uses updated gRPC interface for status and command. 
- unit testing 
- acceptance tested 
- requirements created & any liabilities tracked in DOORs ",,,,,,,,amessier,,,,,SSWGUI-5,,,In Progress,,,,,,,,,,"Posted on: Tue Aug 04 16:30:17 EDT 2026
Waiting for protos",,,No comments by current user.,,,,,,,,,,,,,,,,,,,,,,"1|i09d28:",,,,,,,,,,,,,,,,,,,,,,,,,,,,,,,,89%,23/Sep/26 12:00 AM,13/Aug/26 12:00 AM,,,,,,,,,,,,,,0.0,0.0,,0.0,,,0.0,,,,,"01/Jul/26 2:04 PM;kbassi;approved tasking;;;","01/Jul/26 2:42 PM;cquinby;approved tasking;;;","04/Aug/26 4:30 PM;amessier;Waiting for protos;;;",
"As an operator, I want real-time TCAP data displayed in the UI so that I can make informed decisions",SSWGUI-26,99983,Story,Done,SSWGUI,SSWGUI,software,kbassi,,,Medium,Done,schatter,kbassi,kbassi,22/Apr/26 12:05 PM,28/May/26 6:06 PM,18/Sep/26 3:22 PM,28/May/26 6:06 PM,,,FST,PI 18,,,,,TCS,,,,0,"Description: 

Why is this needed? The operator needs to know the live system status to make informed decisions. 

Where does this fit in the system?  Without live data, the operator cannot make informed decisions. 

Any relevant business or technical context?
 * Use zustand store so components can be selectively subscribe to relevant portions of data 

Anything out of scope?
 * frontend, issues with the existing UI Designs. 

Acceptance Criteria:

GIVEN I load any page, 

WHEN I observe the rendered components, 

THEN they reflect the live data.

UI/UX Notes: 
 * *TODO* - move design page to GUI space and link design page here

Technical Notes: 
 * Link to Non SSW SDDs and SRSs <\\us-ct-eb01\EBDepts\Eng.454\PROJECTS\Virginia_SSW\5_Team_Working_Area\G_Oneill\Non_SSW_Documents>
 * Link to Engineering GUI Spec - exists in doors.
 * Link to Engineering GUI Spec reference docs <\\us-ct-eb01\EBDepts\Eng.440\Projects-VA\VA SSW\Systems Engineering\Specifications\Engineering GUI SPEC\Reference Documents>
 * Link to GMDS style guide - <X:\Eng.440\Projects-VA\VA SSW\CWS Working Group\SSW HMI GUI>
 * Link to updated CONOPS *TBD*",,kbassi,,,,,,,,0,0,,0%,0,0,129600,,,,,,,,,,,,,,,,,,,,,,,,,,,,,,,,,,,,,"'- helm charts updated
- design page created 
- comments on design page adjudicated 
- global store implemented 
- all the UI elements are getting status from this store",,,,,,,,schatter,,,,,SSWGUI-25,,,Done,,,,,,,,,,,,,No comments by current user.,,,,,,,,,,,,,,,,,,,,,,"1|i09en3:i",,,,,,,,,,,,,,,,,,,,,,,,,,,,,,,,100%,23/Jun/26 12:00 AM,12/May/26 12:00 AM,,,,,,,,,,,,,,0.0,0.0,,0.0,,,0.0,,,,,,,,
Create Zustand Store for Status Data,SSWGUI-25,99982,Epic,Done,SSWGUI,SSWGUI,software,kbassi,,,Medium,Done,kbassi,kbassi,kbassi,22/Apr/26 12:03 PM,28/May/26 6:06 PM,18/Sep/26 3:22 PM,28/May/26 6:06 PM,,,FST,,,,,,EST,TCS,,,0,"{color:#000000}*Summary:*{color}

{color:#000000}The TCAP {color}{color:#000000}is comprised of the TCAP controller and TCAP Graphical User Interface (GUI). The TCAP GUI is what the operator uses to control the movement of the tube 9 and tube 10 hatches{color}. It is responsible for providing the visuals needed to for operators to conduct SSW mission operations. The {color:#000000}TCAP {color}GUI allows operators to view the live status of the TCS. It also allows operators to move the tray and override sensor values. The purpose of this milestone is to document the design for all the units of {color:#000000}TCAP {color}GUI.

{color:#ff0000}Each page that is displayed will be considered a unit. We will need sub-unit pages to capture specific/key variations of a given unit page. Should be re-evaluated before tasks are added into the PI.{color}

*Project Impact:*
{color:#000000}What Problem Does this Solve{color}
 * {color:#000000}Design documentation for common code used in the TCAP and ESTAP GUI CSCI.{color}
 * {color:#000000}Provides clarity for safety teams, stakeholders and developers{color}
 * Work towards engineering and tactical GUI development. 

{color:#000000}How does this fit into the larger project{color}
 * {color:#000000}This documentation will be included in the TCAP and ESTAP GUI SDD. {color}
 * This enables us to start developing our engineering GUIs. 

{color:#000000}*Implementation Overview:*{color}
{color:#000000}High Level Overview{color}
 * {color:#000000}Create a global zustand store for all incoming statuses.{color}
 * {color:#000000}Show an example of a subscription happening successfully.  {color}

{color:#000000}Key Components/Docs{color}
 * Link to Non SSW SDDs and SRSs <\\us-ct-eb01\EBDepts\Eng.454\PROJECTS\Virginia_SSW\5_Team_Working_Area\G_Oneill\Non_SSW_Documents>
 * Link to Engineering GUI Spec - exists in doors.
 * Link to Engineering GUI Spec reference docs <\\us-ct-eb01\EBDepts\Eng.440\Projects-VA\VA SSW\Systems Engineering\Specifications\Engineering GUI SPEC\Reference Documents>
 * Link to GMDS style guide - <X:\Eng.440\Projects-VA\VA SSW\CWS Working Group\SSW HMI GUI>
 * Link to updated CONOPS *TBD*

{color:#000000}*Risks/Considerations/Dependencies*{color}
 * {color:#000000}Lack of Developer Knowledge of GUI design and structure{color}

{color:#000000}*Completion Criteria:*{color}

{color:#000000}Specs{color}
 * {color:#000000}Created using the approved {color}{color:#000000}[Design Page Guidelines|https://192.168.3.34/cnfl1/display/DS/Design+Doc+Guidelines]{color}{color:#000000} {color}
 ** {color:#000000}Examples of completed design pages in include {color}[Card I/O Manager Design Page|https://192.168.3.34/cnfl1/pages/viewpage.action?pageId=106300846] and [PM/FL Design Page|https://192.168.3.34/cnfl1/pages/viewpage.action?pageId=106303616]  

 * {color:#000000}EACH NOT - MAIN PG is it's own Design page!!{color}

{color:#000000}Output {color}
 * Example of Zustand Store working  
 * All components defined in High level overview are created. Tested with unit and functional tests.

 

{color:#000000}Outputs{color}
 * {color:#000000}A fully approved Design Page for each unit linked above{color}",,kbassi,,,,,,,,0,0,,0%,0,0,,,,,,,,,,,,,,,,,,,,,,,,,,,,,,,,,,,,,,,,,,,,,,,,,,ghx-label-5,,Create Zustand Store for Status Data,Done,,,,,,,Sprint,,,,,,,No comments by current user.,,,,,,,,,,,,,,,,,,,,,,"1|i09d0o:",,,,,,,,,,,,,,,,Medium,,,,,,,,,,,,,,,,100%,23/Jun/26 12:00 AM,22/Apr/26 12:00 AM,,,,,,,,,,,,,,0.0,0.0,,0.0,,,0.0,,0.0,0.0,0.0,,,,
Create Zustand Store for Status Data,SSWGUI-24,95919,Task,Cancelled,SSWGUI,SSWGUI,software,kbassi,,,Medium,Won't Do,kbassi,kbassi,kbassi,25/Feb/26 3:18 PM,01/Jul/26 1:18 PM,24/Aug/26 9:29 AM,27/Apr/26 3:27 PM,,,,,,,,,,,,,0,"{color:#000000}*Summary:*{color}

{color:#000000}The TCAP {color}{color:#000000}is comprised of the TCAP controller and TCAP Graphical User Interface (GUI). The TCAP GUI is what the operator uses to control the movement of the tube 9 and tube 10 hatches{color}. It is responsible for providing the visuals needed to for operators to conduct SSW mission operations. The {color:#000000}TCAP {color}GUI allows operators to view the live status of the TCS. It also allows operators to move the tray and override sensor values. The purpose of this milestone is to document the design for all the units of {color:#000000}TCAP {color}GUI.

{color:#ff0000}Each page that is displayed will be considered a unit. We will need sub-unit pages to capture specific/key variations of a given unit page. Should be re-evaluated before tasks are added into the PI.{color}

*Project Impact:*
{color:#000000}What Problem Does this Solve{color}
 * {color:#000000}Design documentation for common code used in the TCAP GUI CSCI.{color}
 * {color:#000000}Provides clarity for safety teams, stakeholders and developers{color}
 * Work towards engineering and tactical GUI development. 

{color:#000000}How does this fit into the larger project{color}
 * {color:#000000}This documentation will be included in the TCAP GUI SDD. {color}
 * This enables us to start developing our engineering GUIs. 

{color:#000000}*Implementation Overview:*{color}
{color:#000000}High Level Overview{color}
 * {color:#000000}Create a global zustand store for all incoming statuses.{color}
 * {color:#000000}Show an example of a subscription happening successfully.  {color}

{color:#000000}Key Components/Docs{color}
 * Link to Non SSW SDDs and SRSs <\\us-ct-eb01\EBDepts\Eng.454\PROJECTS\Virginia_SSW\5_Team_Working_Area\G_Oneill\Non_SSW_Documents>
 * Link to Engineering GUI Spec - exists in doors.
 * Link to Engineering GUI Spec reference docs <\\us-ct-eb01\EBDepts\Eng.440\Projects-VA\VA SSW\Systems Engineering\Specifications\Engineering GUI SPEC\Reference Documents>
 * Link to GMDS style guide - <X:\Eng.440\Projects-VA\VA SSW\CWS Working Group\SSW HMI GUI>
 * Link to updated CONOPS *TBD*

{color:#000000}*Risks/Considerations/Dependencies*{color}
 * {color:#000000}Lack of Developer Knowledge of GUI design and structure{color}

{color:#000000}*Completion Criteria:*{color}

{color:#000000}Specs{color}
 * {color:#000000}Created using the approved {color}{color:#000000}[Design Page Guidelines|https://192.168.3.34/cnfl1/display/DS/Design+Doc+Guidelines]{color}{color:#000000} {color}
 ** {color:#000000}Examples of completed design pages in include {color}[Card I/O Manager Design Page|https://192.168.3.34/cnfl1/pages/viewpage.action?pageId=106300846] and [PM/FL Design Page|https://192.168.3.34/cnfl1/pages/viewpage.action?pageId=106303616]  

 * {color:#000000}EACH NOT - MAIN PG is it's own Design page!!{color}

{color:#000000}Output {color}
 * Example of Zustand Store working  
 * All components defined in High level overview are created. Tested with unit and functional tests.

 

{color:#000000}Outputs{color}
 * {color:#000000}A fully approved Design Page for each unit linked above{color}",,kbassi,,,,,,,,0,0,,0%,0,0,,,,,,,,,,,,,,,,,,SSWSW-11168,,,,,,,,,,,,,,,,,,,,,,,,,,,,,,,,,,,,,,,,,,Sprint,,,,,,,No comments by current user.,,,,,,,,SSWSW-10455,,,,,,,,,,,,,,"1|i08rnk:",,,,,,,,,,,,,,,,Medium,,,,,,,,,,,,0.0,,,,100%,30/Jun/26 12:00 AM,06/May/26 12:00 AM,243,,,,,,,,,,,,0.0,0.0,0.0,,,0.0,0.0,0.0,0.0,0.0,0.0,0.0,,,,
OBE ,SSWGUI-15,99781,Story,Cancelled,SSWGUI,SSWGUI,software,kbassi,,,Medium,Won't Do,,kbassi,kbassi,21/Apr/26 11:15 AM,27/Apr/26 3:11 PM,18/Sep/26 3:22 PM,27/Apr/26 3:00 PM,,,,,,,,,,,,,0,,,kbassi,,,,,,,,0,0,,0%,0,0,,,,,,,,,,,,,,,,,,,,,,,,,,,,,,,,,,,,,,,,,,,,,,,,,,,,,,,,,,,,,,,,,,,No comments by current user.,,,,,,,,,,,,,,,,,,,,,,"1|i09c68:",,,,,,,,,,,,,,,,,,,,,,,,,,,,0.0,,,,,,,,,,,,,,,,,,,,0.0,0.0,,0.0,,,0.0,,,,,,,,
"As an operator, I want real-time ESTAP data displayed in the UI so that I can make informed decisions",SSWGUI-11,99715,Story,Done,SSWGUI,SSWGUI,software,kbassi,,,High,Done,schatter,kbassi,kbassi,21/Apr/26 8:32 AM,21/May/26 2:40 PM,18/Sep/26 3:22 PM,21/May/26 2:40 PM,,,FST,,,,,,EST,,,,0,"Description: 

Why is this needed? The operator needs to know the live system status to make informed decisions. 

Where does this fit in the system?  Without live data, the operator cannot make informed decisions. 

Any relevant business or technical context?
 * Use zustand store so components can be selectively subscribe to relevant portions of data 

Anything out of scope?
 * frontend, issues with the existing UI Designs. 

Acceptance Criteria:

GIVEN I load any page, 

WHEN I observe the rendered components, 

THEN they reflect the live data.

UI/UX Notes: 
 * *TODO* - move design page to GUI space and link design page here

Technical Notes: 
 * Link to Non SSW SDDs and SRSs <\\us-ct-eb01\EBDepts\Eng.454\PROJECTS\Virginia_SSW\5_Team_Working_Area\G_Oneill\Non_SSW_Documents>
 * Link to Engineering GUI Spec - exists in doors.
 * Link to Engineering GUI Spec reference docs <\\us-ct-eb01\EBDepts\Eng.440\Projects-VA\VA SSW\Systems Engineering\Specifications\Engineering GUI SPEC\Reference Documents>
 * Link to GMDS style guide - <X:\Eng.440\Projects-VA\VA SSW\CWS Working Group\SSW HMI GUI>
 * Link to updated CONOPS *TBD*",,kbassi,schatter,,,";06/May/26 9:31 AM;schatter;144000",,,,0,0,144000,"9,223,372,036,854,775,807%",0,0,417600,,,,,,,,,,,,,,,,,,,,,,,,,,,,,,,,,,,,,"Specs
- Created using the approved Design Page Guidelines 
Output 
- Example of Zustand Store working  
- All components defined in High level overview are created. Tested with unit and functional tests.
Outputs
- A fully approved Design Page for each unit linked above",,,,,,,,,,,,,SSWGUI-25,,,Done,,,,,,,,,,"Posted on: Thu May 21 14:38:35 EDT 2026
Design Page for the Status Data Provider Component, which wraps the Zustand Store for the use of other GUI components.",,,No comments by current user.,,,,,,,,,,,,,,,,,,,,,,"1|i09bt4:",,,,,,,,,,,,,,,,,,,,,,,,,,,,,,,,100%,12/May/26 12:00 AM,22/Apr/26 12:00 AM,,,,,,,,,,,,,,0.0,0.0,,0.0,,,0.0,,,,,"21/May/26 2:38 PM;schatter;Design Page for the Status Data Provider Component, which wraps the Zustand Store for the use of other GUI components.;;;",,,
"As an system, I want to provide operators with the ability to place manual commands on either touch screen or wall so they can configure their set up to their individual preferences. ",SSWGUI-8,99489,Story,Done,SSWGUI,SSWGUI,software,kbassi,,,Medium,Done,aly,kbassi,kbassi,16/Apr/26 11:56 AM,10/Sep/26 3:59 PM,24/Aug/26 10:00 AM,10/Sep/26 3:59 PM,,,ESTAP GUI 1.0.0-rc,,,,,,EST,,,,0,"Description: 
 * Why is this needed?: We received feedback from operators suggesting they would like the option to have controls on the touch screen.
 * Where does this fit in the system? We are working towards developing SW / ecosystem which seamlessly supports given functionality. 
 * Any relevant business or technical context?: NO
 * Anything out of scope?: Statuses related to manual mode controls. Separate user story will be created for that. 

Acceptance Criteria:

GIVEN the Manual Controls widget is placed on the touchscreen and all statuses visible, 

WHEN the operator asserts manual mode and orders a command, 

THEN the tray will move accordingly.

UI/UX Notes: 
 * Design should consider UI friendliness for touch screens and displays. 
 * Changing the size of the widget should not obstruct key information

Technical Notes: 
 * Content should not spill out of the widget. 
 * This widget should not allow for overlap. 

 ",,kbassi,,,,,,,,0,0,,0%,0,0,,,,,,,,,,,,,,,,,,,,,,,,,,,,,,,,,,,,,,,,,,,,,,aly,,,,,SSWGUI-69,,,Done,,,,,,,,,,,,,No comments by current user.,,,,,,,,,,,,,,,,,,,,,,"1|i099b0:",,,,,,,,,,,,,,,,,,,,,,,,,,,,,,,,,,,,,,,,,,,,,,,,0.0,0.0,,0.0,,,0.0,,,,,,,,
Tray Touch Screen Widgets,SSWGUI-7,99487,Epic,To Do,SSWGUI,SSWGUI,software,kbassi,,,Medium,,kbassi,kbassi,kbassi,16/Apr/26 11:44 AM,15/Sep/26 12:14 PM,18/Sep/26 3:22 PM,,,,ESTAP GUI 1.0.0-rc,PI 20,,,,,EST,,,,0,"{color:#000000}*Summary:*{color}

{color:#000000}The ESTAP {color}{color:#000000}is comprised of the ESTAP controller and ESTAP Graphical User Interface (GUI). The ESTAP GUI is what the operator uses to control the movement of the tray{color}. It is responsible for providing the visuals needed to for operators to conduct SSW mission operations. The ESTAP GUI allows operators to view the live status of the External Stowage Tray System (ESTS). It also allows operators to move the tray and override sensor values. The purpose of this milestone is to document the design for all the units of ESTAP GUI as well as initial implementation and testing for all units.

This milestone specifically encompasses all widgets needed for Manual Mode. 

{color:#ff0000}Each page that is displayed will be considered a unit. We will need sub-unit pages to capture specific/key variations of a given unit page. Should be re-evaluated before tasks are added into the PI.{color}

*Project Impact:*
{color:#000000}What Problem Does this Solve{color}
 * {color:#000000}Produces design documentation for common and ESTAP GUI code used in the ESTAP CSCI.{color}
 * {color:#000000}Provides clarity for safety teams, stakeholders and developers{color}
 * Work towards engineering and tactical GUI development; tested implementation for the ESTAP Manual Mode widgets.

{color:#000000}How does this fit into the larger project{color}
 * {color:#000000}This documentation will be included in the ESTAP SDD. {color}
 * This work goes toward the development of our tactical screens

{color:#000000}*Implementation Overview:*{color}
{color:#000000}High Level Overview{color}
 * {color:#000000}The ESTAP design pages will document the design of the ESTAP Manual Mode widgets and all the React Components within.{color}

{color:#000000}Key Components/Docs{color}
 * Link to Non SSW SDDs and SRSs <\\us-ct-eb01\EBDepts\Eng.454\PROJECTS\Virginia_SSW\5_Team_Working_Area\G_Oneill\Non_SSW_Documents>
 * Link to Engineering GUI Spec - exists in doors.
 * Link to Engineering GUI Spec reference docs <\\us-ct-eb01\EBDepts\Eng.440\Projects-VA\VA SSW\Systems Engineering\Specifications\Engineering GUI SPEC\Reference Documents>
 * Link to GMDS style guide - <X:\Eng.440\Projects-VA\VA SSW\CWS Working Group\SSW HMI GUI>
 * Link to updated CONOPS *TBD*

{color:#000000}*Risks/Considerations/Dependencies*{color}
 * {color:#000000}Lack of Developer Knowledge of GUI design and structure{color}
 * {color:#000000}Lack of Understanding on how to design / organize GUI design pages.{color}

{color:#000000}*Completion Criteria:*{color}

CI/CD
 * Unit/Acceptance Testing Completed

Documentation
 * {color:#000000}A fully approved Design Page for each unit (GUI page component) linked above{color}

Requirements:
 * SRS / SSS requirements exist for this feature.

{color:#000000}Specs{color}
 * {color:#000000}Created using the approved {color}{color:#000000}[Design Page Guidelines|https://192.168.3.34/cnfl1/display/DS/Design+Doc+Guidelines]{color}{color:#000000} {color}
 ** {color:#000000}Examples of completed design pages in include {color}[Card I/O Manager Design Page|https://192.168.3.34/cnfl1/pages/viewpage.action?pageId=106300846] and [PM/FL Design Page|https://192.168.3.34/cnfl1/pages/viewpage.action?pageId=106303616]  

 * {color:#000000}EACH unit (page component) has a design page, not just the  MAIN PG!{color}

{color:#000000}Outputs{color}
 * ESTAP Manual Mode Screen Exists 
 * All components defined in the high level overview are implemented.
 * All ESTAP Manual Mode related widgets exist in ""development"" branch
 * Tested with unit and functional tests.",,kbassi,,,,,,,,,0,,,,0,,,,,,,,,,,,,,,,,,,,,,,,,,,,,,,,,,,,,,,,,,,,,,,,,,ghx-label-8,,Tray Touch Screen Widgets,To Do,,,,,,,Sprint,,,,,,,No comments by current user.,,,,,,,,,,,,,,,,,,,,,,"1|i07xbl:u",,,,,,,,,,,,,,,,Medium,,,,,,,,,,,,,,,,0%,13/May/28 12:00 AM,13/Feb/28 12:00 AM,,,,,,,,,,,,,,0.0,0.0,,0.0,,,0.0,,0.0,0.0,0.0,,,,
"As a operator, I want ESTAP GUI to use the same ECB UI elements as the rest of the system so I can minimize my mental load.",SSWGUI-6,99480,Task,Cancelled,SSWGUI,SSWGUI,software,kbassi,,,Medium,Won't Do,,kbassi,kbassi,16/Apr/26 11:29 AM,23/Apr/26 2:24 PM,18/Sep/26 3:22 PM,22/Apr/26 12:33 PM,,,,,,,,,,,,,0,,,kbassi,,,,,,,,0,0,,0%,0,0,,,,,,,,,,,,,,,,,,,,,,,,,,,,,,,,,,,,,,,,,,,,,,,,,,,,,,,,,,,,Sprint,,,,,,,No comments by current user.,,,,,,,,,,,,,,,,,,,,,,"1|i09bt0:",,,,,,,,,,,,,,,,Medium,,,,,,,,,,,,0.0,,,,,,,,,,,,,,,,,,,,0.0,0.0,,0.0,,,0.0,,,,,,,,
Create Initial Electronic Circuit Breakers Components,SSWGUI-5,99479,Epic,In Progress,SSWGUI,SSWGUI,software,kbassi,,,Medium,,kbassi,kbassi,kbassi,16/Apr/26 11:20 AM,10/Sep/26 4:11 PM,18/Sep/26 3:22 PM,,,,FST,PI 19,,,,,EST,TCS,,,0,"Summary:

The ESTAP GUI is what the operator uses to control the movement of the tray. It is responsible for providing the visuals needed to for operators to conduct SSW mission operations. The ESTAP GUI allows operators to view the live status of the External Stowage Tray (EST). 

The TCAP GUI is what the operator uses to control the movement of the tube 9 and tube 10 hatches. It is responsible for providing the visuals needed to for operators to conduct SSW mission operations. The TCAP GUI allows operators to view the live status of the Tube Control System (TCS). It also allows operators to move the tube hatches and override sensor values. The purpose of this milestone is to document the design, implement and test the Electronic Circuit Breakers unit of TCAP GUI.

Each page that is displayed will be considered a unit. We will need sub-unit pages to capture specific/key variations of a given unit page. Should be re-evaluated before tasks are added into the PI.

*Project Impact:*
What Problem Does this Solve
 * Design documentation for common code used in the ESTAP and TCAP GUI.
 * Provides clarity for safety teams, stakeholders and developers
 * Work towards engineering and tactical GUI development. 

How does this fit into the larger project
 * This documentation will be included in the ESTAP GUI and TCAP GUI SDD. 
 * This enables us to start developing our engineering GUIs. 

*Implementation Overview:
High Level Overview
 * Create / update UI design to consider dynamization 
 * Identify if there are any Layout Manager related requirements that need to be derived
 * The ESTAP component design pages will document the design of the ESTAP GUI Electronic Circuit Breaker Page.
 * The TCAP component design pages will document the design of the TCAP GUI Electronic Circuit Breaker Page.
 * The ESTAP ECB Page will be made up of various widgets needed to perform maintenance operations. 
 * The TCAP ECB Page will be made up of various widgets needed to perform maintenance operations. 

Key Components/Docs
 * Link to Non SSW SDDs and SRSs <\\us-ct-eb01\EBDepts\Eng.454\PROJECTS\Virginia_SSW\5_Team_Working_Area\G_Oneill\Non_SSW_Documents>
 * Link to Engineering GUI Spec - exists in doors.
 * Link to Engineering GUI Spec reference docs <\\us-ct-eb01\EBDepts\Eng.440\Projects-VA\VA SSW\Systems Engineering\Specifications\Engineering GUI SPEC\Reference Documents>
 * Link to GMDS style guide - <X:\Eng.440\Projects-VA\VA SSW\CWS Working Group\SSW HMI GUI>
 * Link to updated CONOPS *TBD*
 * *REFER TO THIS - ""\\us-ct-eb01\EBDepts\Eng.440\Projects-VA\VA SSW\CWS Working Group\SSW HMI GUI\Gate Reviews\25% Gate Review\Day 1 Combine Read Ahead Slides\SSN 812 25% GUI Gate Review_Day1_Combined Read-Aheads_with backups_small.pdf""*

*Risks/Considerations/Dependencies*
 * Lack of Developer Knowledge on creating dynamic widgets 

*Completion Criteria:*

Specs
 * Created using the approved [Design Page Guidelines|https://192.168.3.34/cnfl1/display/DS/Design+Doc+Guidelines]
 ** Examples of completed design pages in include [Card I/O Manager Design Page|https://192.168.3.34/cnfl1/pages/viewpage.action?pageId=106300846] and [PM/FL Design Page|https://192.168.3.34/cnfl1/pages/viewpage.action?pageId=106303616]  

 * EACH NOT -MAIN PG is it's own Design page!!

Output 
 * All relevant components for the ESTAP Electronic Circuit Breaker ""page"" Exists 
 * All relevant components for the TCAP Electronic Circuit Breaker ""page"" Exists 
 * All custom components defined in High level overview are created are created. Tested with unit and functional tests.

Requirements:
 * Ensure all requirements exist in the SRS/SSS level.
 * Derive any Layout Manager related requirements. 

Outputs
 * A fully approved Design Page for each unit linked above",,kbassi,,,,,,,,0,0,,0%,0,0,,,,,,,,,,,SSWSYS-3672,,,,,,,,,,,,,,,,,,,,,,,,,,,,,,,,,,,,,,,ghx-label-7,,Create Initial Electronic Circuit Breakers Components,In Progress,,,,,,,Sprint,,,,,,,No comments by current user.,,,,,,,,SSWGUI-397,,,,,,,,,,,,,,"1|i09ajk:",,,,,,,,,,,,,,,,Medium,,,,,,,,,,,,,,,,100%,12/Sep/26 12:00 AM,22/Apr/26 12:00 AM,,,,,,,,,,,,,,0.0,0.0,,0.0,,,0.0,,0.0,0.0,0.0,,,,
internal high,SSWGUI-4,99276,Story,Cancelled,SSWGUI,SSWGUI,software,kbassi,,,Highest,Won't Do,mwagner7,mwagner7,mwagner7,14/Apr/26 8:17 AM,23/Apr/26 6:24 AM,24/Aug/26 9:29 AM,23/Apr/26 6:24 AM,,,,,,,,,test,,,,0,,,mwagner7,,,,,,,,0,0,,0%,0,0,,,,,,,,,,,,,,,,,,,,,,,,,,,,,,,,,,,,,,,,,,,,,,,,,,,,,,,,,,,,,,,,,,,No comments by current user.,,,,,,,,,,,,,,,,,,,,,,"1|i099b6:",,,,,,,,,,,,,,,,,,,,,,,,,,,,0.0,,,,,,,,,,,,,,,,,,,,0.0,0.0,,0.0,,,0.0,,,,,,,,
test,SSWGUI-3,99274,Story,Cancelled,SSWGUI,SSWGUI,software,kbassi,,,Highest,Won't Do,mwagner7,mwagner7,mwagner7,14/Apr/26 8:11 AM,23/Apr/26 6:24 AM,24/Aug/26 9:33 AM,23/Apr/26 6:24 AM,,,,,,,,,HMI IPT,test,,,0,,,mwagner7,,,,,,,,0,0,,0%,0,0,,,,,,,,,,,,,,,,,,,,,,,,,,,,,,,,,,,,,,,,,,,,,,,,,,,,,,,,,,,,,,,,,,,No comments by current user.,,,,,,,,,,,,,,,,,,,,,,"1|i099aw:",,,,,,,,,,,,,,,,,,,,,,,,,,,,0.0,,,,,,,,,,,,,,,,,,,,0.0,0.0,,0.0,,,0.0,,,,,,,,
